OBJECTID,INCKEY,COLDETKEY,REPORTNO,STATUS,ADDRTYPE,INTKEY,LOCATION,EXCEPTRSNC,EXCEPTRSND,SEVERITYCO,SEVERITYDE,COLLISIONT,PERSONCOUN,PEDCOUNT,PEDCYLCOUN,VEHCOUNT,INJURIES,SERIOUSINJ,FATALITIES,INCDATE,INCDTTM,JUNCTIONTY,SDOT_COLCO,SDOT_COLDE,INATTENTIO,UNDERINFL,WEATHER,ROADCOND,LIGHTCOND,PEDROWNOTG,SDOTCOLNUM,SPEEDING,ST_COLCODE,ST_COLDESC,SEGLANEKEY,CROSSWALKK,HITPARKEDC,geometry,near_str_index,min_length,weather_group,date,time,hour,dayofweek,weekday,rushhour,weather_group2
1015,63600,63600,2188744,Matched,Intersection,35587.0,1ST AVE NW AND NW 143RD ST,,,2,Injury Collision,Cycles,2,0,1,1,1,0,0,2006-05-16T00:00:00.000Z,5/16/2006 6:30:00 AM,At Intersection (intersection related),51,PEDALCYCLIST STRUCK MOTOR VEHICLE FRONT END AT ANGLE,,0,Clear or Partly Cloudy,Dry,Daylight,,6136002.0,,45.0,Vehicle - Pedalcyclist,0,0,N,POINT (1265176.677676335 270845.8969054073),2284.0,0.0,Clear or Partly Cloudy,2006-05-16,06:30:00,6.0,1,1,0.0,Clear or Partly Cloudy
1031,76900,76900,2620912,Matched,Intersection,29072.0,BROADWAY AND E HOWELL ST,,,2,Injury Collision,Cycles,2,0,1,1,1,0,0,2007-02-27T00:00:00.000Z,2/27/2007 10:40:00 AM,At Intersection (intersection related),18,"MOTOR VEHICLE STRUCK PEDALCYCLIST, FRONT END AT ANGLE",,0,Clear or Partly Cloudy,Dry,Daylight,Y,7058004.0,,45.0,Vehicle - Pedalcyclist,6828,0,N,POINT (1273573.179700941 228816.6565423608),11910.0,0.0,Clear or Partly Cloudy,2007-02-27,10:40:00,10.0,1,1,0.0,Clear or Partly Cloudy
1105,66700,66700,2806857,Matched,Intersection,38204.0,68TH AVE S AND RAINIER AVE S,,,2,Injury Collision,Cycles,2,0,1,1,1,0,0,2007-06-02T00:00:00.000Z,6/2/2007,At Intersection (intersection related),18,"MOTOR VEHICLE STRUCK PEDALCYCLIST, FRONT END AT ANGLE",,0,Clear or Partly Cloudy,Dry,Daylight,,7153002.0,,45.0,Vehicle - Pedalcyclist,5012,0,N,POINT (1290743.220806524 189838.2621344477),3727.0,0.0,Clear or Partly Cloudy,2007-06-02,00:00:00,,5,0,,Clear or Partly Cloudy
1219,82300,82300,2894257,Matched,Block,,EAST MARGINAL WAY S BETWEEN S RIVER ST AND S BRIGHTON ST,,,2,Injury Collision,Cycles,2,0,1,1,1,0,0,2008-08-05T00:00:00.000Z,8/5/2008,Mid-Block (but intersection related),21,"MOTOR VEHICLE STRUCK PEDALCYCLIST, REAR END",,0,Clear or Partly Cloudy,Dry,Daylight,,8218038.0,,45.0,Vehicle - Pedalcyclist,20579,0,N,POINT (1271403.979314715 201517.6661784053),15724.0,4.358224806775231e-06,Clear or Partly Cloudy,2008-08-05,00:00:00,,1,1,,Clear or Partly Cloudy
1320,124600,124600,3562409,Matched,Intersection,26818.0,WOODLAND PARK AVE N AND N 43RD N ST,,,2,Injury Collision,Cycles,2,0,1,1,1,0,0,2011-12-07T00:00:00.000Z,12/7/2011 9:57:00 PM,At Intersection (intersection related),18,"MOTOR VEHICLE STRUCK PEDALCYCLIST, FRONT END AT ANGLE",,N,Clear or Partly Cloudy,Dry,Dark - Street Lights On,Y,11341002.0,,45.0,Vehicle - Pedalcyclist,0,0,N,POINT (1268019.223855242 244249.3618381619),3839.0,0.0,Clear or Partly Cloudy,2011-12-07,21:57:00,21.0,2,1,0.0,Clear or Partly Cloudy
1330,126100,126100,3466379,Matched,Intersection,37268.0,13TH AVE NW AND NW 85TH ST,,,2,Injury Collision,Cycles,2,0,1,1,1,0,0,2011-06-07T00:00:00.000Z,6/7/2011,At Intersection (intersection related),18,"MOTOR VEHICLE STRUCK PEDALCYCLIST, FRONT END AT ANGLE",,0,Clear or Partly Cloudy,Dry,Daylight,Y,11158014.0,,45.0,Vehicle - Pedalcyclist,0,0,N,POINT (1261301.802536368 255711.2234819084),9244.0,0.0,Clear or Partly Cloudy,2011-06-07,00:00:00,,1,1,,Clear or Partly Cloudy
1360,126500,126500,3377751,Matched,Intersection,29591.0,3RD AVE AND UNION ST,,,2,Injury Collision,Cycles,2,0,1,1,1,0,0,2011-01-13T00:00:00.000Z,1/13/2011 11:30:00 AM,At Intersection (intersection related),18,"MOTOR VEHICLE STRUCK PEDALCYCLIST, FRONT END AT ANGLE",,N,Overcast,Dry,Daylight,Y,11013009.0,,45.0,Vehicle - Pedalcyclist,0,522180,N,POINT (1269552.961328819 225678.7565071434),2713.0,0.0,Overcast,2011-01-13,11:30:00,11.0,3,1,0.0,Clear or Partly Cloudy
1396,141400,141400,3593588,Matched,Block,,LAKE WASHINGTON BLVD E BETWEEN E MADISON ST AND ARBORETUM DR E,,,2b,Serious Injury Collision,Cycles,5,0,1,1,1,1,0,2012-08-05T00:00:00.000Z,8/5/2012 5:33:00 PM,Mid-Block (not related to intersection),11,"MOTOR VEHICLE STRUCK MOTOR VEHICLE, FRONT END AT ANGLE",,Y,Clear or Partly Cloudy,Dry,Daylight,,12218017.0,,45.0,Vehicle - Pedalcyclist,8944,0,N,POINT (1280506.198972031 232193.5976018161),21803.0,4.019627683587087e-06,Clear or Partly Cloudy,2012-08-05,17:33:00,17.0,6,0,1.0,Clear or Partly Cloudy
1399,140700,140700,3504261,Matched,Intersection,24760.0,20TH AVE NE AND NE 75TH ST,,,2,Injury Collision,Cycles,2,0,1,1,1,0,0,2012-07-24T00:00:00.000Z,7/24/2012 5:34:00 PM,At Intersection (intersection related),51,PEDALCYCLIST STRUCK MOTOR VEHICLE FRONT END AT ANGLE,,N,Clear or Partly Cloudy,Dry,Daylight,Y,12206022.0,,45.0,Vehicle - Pedalcyclist,0,524374,N,POINT (1277518.932280973 252628.4361507446),4228.0,0.0,Clear or Partly Cloudy,2012-07-24,17:34:00,17.0,1,1,1.0,Clear or Partly Cloudy
1452,102500,102500,2899046,Matched,Block,,24TH AVE E BETWEEN E NEWTON S ST AND E NEWTON N ST,,,2,Injury Collision,Cycles,1,0,1,0,1,0,0,2009-07-12T00:00:00.000Z,7/12/2009 9:05:00 AM,Mid-Block (not related to intersection),66,PEDALCYCLIST STRUCK OBJECT IN ROAD,,0,Raining,Wet,Daylight,,9193005.0,Y,45.0,Vehicle - Pedalcyclist,22327,0,N,POINT (1278474.305081949 235988.6681337059),18679.0,3.268255098212485e-05,Raining,2009-07-12,09:05:00,9.0,6,0,1.0,Raining
1476,147200,147220,3606084,Matched,Intersection,29783.0,12TH AVE AND E MARION ST,,,2,Injury Collision,Cycles,2,0,1,1,1,0,0,2013-05-30T00:00:00.000Z,5/30/2013 4:56:00 PM,At Intersection (intersection related),51,PEDALCYCLIST STRUCK MOTOR VEHICLE FRONT END AT ANGLE,,N,Clear or Partly Cloudy,Dry,Daylight,Y,,,45.0,Vehicle - Pedalcyclist,10716,0,N,POINT (1274522.996277913 226180.1760276705),8407.0,0.0,Clear or Partly Cloudy,2013-05-30,16:56:00,16.0,3,1,1.0,Clear or Partly Cloudy
1505,103800,103800,3289763,Matched,Intersection,26916.0,BURKE AVE N AND N NORTHLAKE WAY,,,2,Injury Collision,Cycles,3,0,1,1,1,0,0,2009-03-05T00:00:00.000Z,3/5/2009,At Intersection (intersection related),18,"MOTOR VEHICLE STRUCK PEDALCYCLIST, FRONT END AT ANGLE",,0,Overcast,Wet,Daylight,Y,9064020.0,,45.0,Vehicle - Pedalcyclist,0,522489,N,POINT (1270247.452977523 239571.4920093715),7139.0,0.0,Overcast,2009-03-05,00:00:00,,3,1,,Clear or Partly Cloudy
1520,130400,130400,3545544,Matched,Block,,S BRIGHTON ST BETWEEN 30TH AVE S AND 32ND AVE S,,,2,Injury Collision,Cycles,3,0,1,1,1,0,0,2011-06-29T00:00:00.000Z,6/29/2011 8:00:00 PM,Mid-Block (not related to intersection),18,"MOTOR VEHICLE STRUCK PEDALCYCLIST, FRONT END AT ANGLE",,N,Clear or Partly Cloudy,Dry,Daylight,Y,11180005.0,,45.0,Vehicle - Pedalcyclist,0,0,N,POINT (1280115.965435639 200871.6652177423),22430.0,2.3979307676849305e-05,Clear or Partly Cloudy,2011-06-29,20:00:00,20.0,2,1,0.0,Clear or Partly Cloudy
1577,146200,146220,3505516,Matched,Intersection,31917.0,42ND AVE SW AND SW ALASKA ST,,,2,Injury Collision,Cycles,2,0,1,1,1,0,0,2013-05-15T00:00:00.000Z,5/15/2013 5:06:00 PM,At Intersection (intersection related),18,"MOTOR VEHICLE STRUCK PEDALCYCLIST, FRONT END AT ANGLE",,N,Raining,Wet,Daylight,Y,,,45.0,Vehicle - Pedalcyclist,0,521779,N,POINT (1257222.715428188 208526.5644895881),4639.0,0.0,Raining,2013-05-15,17:06:00,17.0,2,1,1.0,Raining
1680,107400,107400,3559477,Matched,Intersection,29848.0,MELROSE AVE AND E OLIVE PL,,,2,Injury Collision,Cycles,2,0,1,1,1,0,0,2010-12-02T00:00:00.000Z,12/2/2010 8:28:00 AM,At Intersection (intersection related),51,PEDALCYCLIST STRUCK MOTOR VEHICLE FRONT END AT ANGLE,,N,Overcast,Dry,Daylight,Y,10336004.0,,45.0,Vehicle - Pedalcyclist,11522,0,N,POINT (1271833.903923154 228667.5060782135),3661.0,0.0,Overcast,2010-12-02,08:28:00,8.0,3,1,1.0,Clear or Partly Cloudy
1681,134000,134000,3596935,Matched,Intersection,27146.0,BROOKLYN AVE NE AND NE PACIFIC ST,,,2,Injury Collision,Cycles,2,0,1,1,1,0,0,2012-04-15T00:00:00.000Z,4/15/2012 2:50:00 PM,At Intersection (intersection related),11,"MOTOR VEHICLE STRUCK MOTOR VEHICLE, FRONT END AT ANGLE",,N,Clear or Partly Cloudy,Dry,Daylight,,12106008.0,,45.0,Vehicle - Pedalcyclist,31308,0,N,POINT (1275391.259190798 241925.637547791),9193.0,0.0,Clear or Partly Cloudy,2012-04-15,14:50:00,14.0,6,0,0.0,Clear or Partly Cloudy
1740,123900,123900,3466580,Matched,Intersection,25478.0,MERIDIAN AVE N AND N 61ST ST,,,2,Injury Collision,Cycles,2,0,1,1,1,0,0,2011-08-17T00:00:00.000Z,8/17/2011 9:00:00 PM,At Intersection (intersection related),18,"MOTOR VEHICLE STRUCK PEDALCYCLIST, FRONT END AT ANGLE",,Y,Clear or Partly Cloudy,Dry,Dark - Street Lights On,Y,11229018.0,Y,45.0,Vehicle - Pedalcyclist,31796,0,N,POINT (1270830.827826127 249063.9535870999),1275.0,0.0,Clear or Partly Cloudy,2011-08-17,21:00:00,21.0,2,1,0.0,Clear or Partly Cloudy
1743,95700,95700,2792944,Matched,Block,,MARINE VIEW DR SW BETWEEN SW OCEAN VIEW DR AND 35TH AVE SW,,,2b,Serious Injury Collision,Cycles,3,0,1,1,1,1,0,2009-04-04T00:00:00.000Z,4/4/2009,Mid-Block (not related to intersection),51,PEDALCYCLIST STRUCK MOTOR VEHICLE FRONT END AT ANGLE,,0,Clear or Partly Cloudy,Dry,Daylight,Y,9094007.0,,45.0,Vehicle - Pedalcyclist,31380,0,N,POINT (1258658.624549657 186057.9960185736),20590.0,8.057752830120796e-06,Clear or Partly Cloudy,2009-04-04,00:00:00,,5,0,,Clear or Partly Cloudy
1751,136700,136700,3504132,Matched,Intersection,24475.0,ROOSEVELT WAY NE AND NE 69TH ST,,,2,Injury Collision,Cycles,2,0,1,1,1,0,0,2012-04-23T00:00:00.000Z,4/23/2012 5:09:00 PM,At Intersection (intersection related),18,"MOTOR VEHICLE STRUCK PEDALCYCLIST, FRONT END AT ANGLE",,N,Clear or Partly Cloudy,Dry,Daylight,Y,12114007.0,,45.0,Vehicle - Pedalcyclist,9417,0,N,POINT (1274849.841718242 251108.8769811839),937.0,0.0,Clear or Partly Cloudy,2012-04-23,17:09:00,17.0,0,1,1.0,Clear or Partly Cloudy
1788,174300,174320,3505820,Matched,Intersection,28885.0,3RD AVE N AND ROY ST,,,2,Injury Collision,Cycles,2,0,1,1,1,0,0,2014-08-25T00:00:00.000Z,8/25/2014 3:26:00 PM,At Intersection (intersection related),51,PEDALCYCLIST STRUCK MOTOR VEHICLE FRONT END AT ANGLE,,N,Clear or Partly Cloudy,Dry,Daylight,,,,45.0,Vehicle - Pedalcyclist,12407,0,N,POINT (1266073.315117255 231833.0710094571),5453.0,0.0,Clear or Partly Cloudy,2014-08-25,15:26:00,15.0,0,1,1.0,Clear or Partly Cloudy
1795,214000,214260,3704205,Matched,Block,,E PINE ST BETWEEN BROADWAY AND NAGLE PL,,,1,Property Damage Only Collision,Cycles,2,0,1,1,0,0,0,2016-02-20T00:00:00.000Z,2/20/2016 10:37:00 PM,,18,"MOTOR VEHICLE STRUCK PEDALCYCLIST, FRONT END AT ANGLE",Y,N,Clear or Partly Cloudy,Dry,Dark - Street Lights Off,,,,45.0,Vehicle - Pedalcyclist,10402,0,N,POINT (1273661.878837034 227963.7055654824),3934.0,1.6518172502117998e-05,Clear or Partly Cloudy,2016-02-20,22:37:00,22.0,5,0,0.0,Clear or Partly Cloudy
1799,173700,173720,3584043,Matched,Intersection,29913.0,5TH AVE AND UNION ST,,,2,Injury Collision,Cycles,2,0,1,1,1,0,0,2014-08-14T00:00:00.000Z,8/14/2014 12:50:00 PM,At Intersection (intersection related),51,PEDALCYCLIST STRUCK MOTOR VEHICLE FRONT END AT ANGLE,,N,Overcast,Dry,Daylight,,,,45.0,Vehicle - Pedalcyclist,24884,0,N,POINT (1270106.840369388 226006.9446674883),6718.0,0.0,Overcast,2014-08-14,12:50:00,12.0,3,1,0.0,Clear or Partly Cloudy
1814,153200,153204,3612944,Matched,Block,,NW MARKET ST BETWEEN 28TH AVE NW AND NW 54TH ST,,,2,Injury Collision,Rear Ended,4,0,1,2,3,0,0,2013-09-01T00:00:00.000Z,9/1/2013 1:13:00 PM,Mid-Block (not related to intersection),54,PEDALCYCLIST STRUCK MOTOR VEHICLE REAR END,Y,N,Clear or Partly Cloudy,Dry,Daylight,,,,14.0,From same direction - both going straight - one stopped - rear-end,25933,0,N,POINT (1255987.824546933 247800.8483058065),12849.0,7.554727456820502e-09,Clear or Partly Cloudy,2013-09-01,13:13:00,13.0,6,0,0.0,Clear or Partly Cloudy
1841,194800,194900,E423624,Matched,Block,,GREENWOOD AVE N BETWEEN N 76TH ST AND N 77TH ST,,,2,Injury Collision,Cycles,0,0,1,1,1,0,0,2015-05-08T00:00:00.000Z,5/8/2015 1:20:00 PM,,0,NOT ENOUGH INFORMATION / NOT APPLICABLE,,N,Clear or Partly Cloudy,Dry,Daylight,,,,45.0,Vehicle - Pedalcyclist,4477,0,Y,POINT (1265557.252844721 253348.1937834769),15193.0,2.385747273239173e-05,Clear or Partly Cloudy,2015-05-08,13:20:00,13.0,4,1,0.0,Clear or Partly Cloudy
1911,217700,217980,E532429,Matched,Intersection,36261.0,PALATINE AVE N AND N 110TH ST,NEI,"Not Enough Information, or Insufficient Location Information",2,Injury Collision,Angles,1,0,1,1,1,0,0,2016-04-01T00:00:00.000Z,4/1/2016 9:40:00 AM,At Intersection (intersection related),0,NOT ENOUGH INFORMATION / NOT APPLICABLE,,N,Clear or Partly Cloudy,Dry,Daylight,,,,10.0,Entering at angle,0,0,N,POINT (1265359.562028527 262232.1013125777),1195.0,0.0,Clear or Partly Cloudy,2016-04-01,09:40:00,9.0,4,1,1.0,Clear or Partly Cloudy
1961,180200,180260,3626381,Matched,Block,,10TH AVE E BETWEEN E ALOHA ST AND E PROSPECT ST,,,2,Injury Collision,Cycles,2,0,1,1,1,0,0,2014-12-03T00:00:00.000Z,12/3/2014 5:53:00 PM,Mid-Block (not related to intersection),51,PEDALCYCLIST STRUCK MOTOR VEHICLE FRONT END AT ANGLE,Y,N,Clear or Partly Cloudy,Dry,Dark - Street Lights On,,,,45.0,Vehicle - Pedalcyclist,6170,0,N,POINT (1273797.749557167 232525.5717461556),18589.0,0.0,Clear or Partly Cloudy,2014-12-03,17:53:00,17.0,2,1,1.0,Clear or Partly Cloudy
1966,220400,220680,3703708,Matched,Intersection,26465.0,20TH AVE W AND GILMAN AVE W,,,2,Injury Collision,Cycles,2,0,1,1,1,0,0,2016-05-31T00:00:00.000Z,5/31/2016 6:25:00 PM,At Intersection (intersection related),18,"MOTOR VEHICLE STRUCK PEDALCYCLIST, FRONT END AT ANGLE",Y,N,Clear or Partly Cloudy,Dry,Daylight,,,,45.0,Vehicle - Pedalcyclist,15402,0,N,POINT (1258734.049317747 241061.6769708991),17928.0,0.0,Clear or Partly Cloudy,2016-05-31,18:25:00,18.0,1,1,1.0,Clear or Partly Cloudy
1979,219700,219980,E537572,Matched,Block,,2ND AVE BETWEEN PIKE ST AND PINE ST,,,1,Property Damage Only Collision,Cycles,0,0,1,1,0,0,0,2016-04-19T00:00:00.000Z,4/19/2016 8:30:00 AM,Mid-Block (but intersection related),54,PEDALCYCLIST STRUCK MOTOR VEHICLE REAR END,,N,Clear or Partly Cloudy,Dry,Daylight,,,,45.0,Vehicle - Pedalcyclist,12181,0,N,POINT (1268950.511472195 226064.2551955432),9591.0,1.6780158607627556e-05,Clear or Partly Cloudy,2016-04-19,08:30:00,8.0,1,1,1.0,Clear or Partly Cloudy
1983,160100,160120,3646309,Matched,Intersection,27167.0,UNIVERSITY WAY NE AND NE PACIFIC ST,,,2,Injury Collision,Cycles,2,0,1,1,1,0,0,2014-01-09T00:00:00.000Z,1/9/2014 7:55:00 AM,At Intersection (intersection related),18,"MOTOR VEHICLE STRUCK PEDALCYCLIST, FRONT END AT ANGLE",,N,Overcast,Dry,Daylight,,,,45.0,Vehicle - Pedalcyclist,0,522415,N,POINT (1275674.208311081 241847.4433717132),2203.0,0.0,Overcast,2014-01-09,07:55:00,7.0,3,1,1.0,Clear or Partly Cloudy
2000,221100,221380,3738424,Matched,Intersection,29188.0,E JOHN ST AND E OLIVE WAY,,,2,Injury Collision,Cycles,2,0,1,1,1,0,0,2016-05-31T00:00:00.000Z,5/31/2016 10:44:00 AM,At Intersection (intersection related),18,"MOTOR VEHICLE STRUCK PEDALCYCLIST, FRONT END AT ANGLE",,N,Clear or Partly Cloudy,Dry,Daylight,,,,45.0,Vehicle - Pedalcyclist,23258,0,N,POINT (1272743.709492087 229563.6079671234),6913.0,0.0,Clear or Partly Cloudy,2016-05-31,10:44:00,10.0,1,1,0.0,Clear or Partly Cloudy
2023,225600,225937,E575126,Matched,Intersection,25218.0,28TH AVE NW AND NW 58TH ST,,,2,Injury Collision,Cycles,2,0,1,1,1,0,0,2016-08-17T00:00:00.000Z,8/17/2016 6:25:00 AM,At Intersection (intersection related),18,"MOTOR VEHICLE STRUCK PEDALCYCLIST, FRONT END AT ANGLE",,N,Clear or Partly Cloudy,Dry,Daylight,,,,45.0,Vehicle - Pedalcyclist,0,0,N,POINT (1256204.805155158 248624.5516026467),5419.0,0.0,Clear or Partly Cloudy,2016-08-17,06:25:00,6.0,2,1,0.0,Clear or Partly Cloudy
2051,163900,163924,3577580,Matched,Intersection,29913.0,5TH AVE AND UNION ST,NEI,"Not Enough Information, or Insufficient Location Information",1,Property Damage Only Collision,Cycles,5,0,1,1,0,0,0,2014-02-20T00:00:00.000Z,2/20/2014 8:27:00 PM,At Intersection (intersection related),0,NOT ENOUGH INFORMATION / NOT APPLICABLE,,N,Clear or Partly Cloudy,Wet,Dark - Street Lights On,,,,45.0,Vehicle - Pedalcyclist,24889,0,N,POINT (1270106.840369388 226006.9446674883),6718.0,0.0,Clear or Partly Cloudy,2014-02-20,20:27:00,20.0,3,1,0.0,Clear or Partly Cloudy
2055,203200,203340,3707999,Matched,Block,,UNIVERSITY BR BETWEEN FUHRMAN AVE E AND POINT A,,,2,Injury Collision,Cycles,1,0,1,0,1,0,0,2015-09-25T00:00:00.000Z,9/25/2015 7:41:00 AM,Mid-Block (not related to intersection),69,PEDALCYCLIST OVERTURNED IN ROAD,,N,Raining,Wet,Dawn,,,,45.0,Vehicle - Pedalcyclist,15469,0,N,POINT (1273794.575541168 241382.5926832259),995.0,2.2986366870931932e-05,Raining,2015-09-25,07:41:00,7.0,4,1,1.0,Raining
2100,164700,164720,3587239,Matched,Intersection,27167.0,UNIVERSITY WAY NE AND NE PACIFIC ST,,,2,Injury Collision,Cycles,2,0,1,1,1,0,0,2014-03-14T00:00:00.000Z,3/14/2014 2:30:00 PM,At Intersection (intersection related),18,"MOTOR VEHICLE STRUCK PEDALCYCLIST, FRONT END AT ANGLE",,N,Unknown,Unknown,Unknown,Y,,,45.0,Vehicle - Pedalcyclist,0,522415,N,POINT (1275674.208311081 241847.4433717132),2203.0,0.0,,2014-03-14,14:30:00,14.0,4,1,0.0,
2103,185900,185980,3641268,Matched,Intersection,30363.0,ALASKAN WAY S AND S MAIN ST,,,2,Injury Collision,Cycles,2,0,1,1,1,0,0,2015-02-22T00:00:00.000Z,2/22/2015 2:52:00 PM,At Intersection (intersection related),18,"MOTOR VEHICLE STRUCK PEDALCYCLIST, FRONT END AT ANGLE",,N,Clear or Partly Cloudy,Dry,Daylight,,,,45.0,Vehicle - Pedalcyclist,44781,0,N,POINT (1269731.106609002 222497.5246318877),8725.0,0.0,Clear or Partly Cloudy,2015-02-22,14:52:00,14.0,6,0,0.0,Clear or Partly Cloudy
2118,184800,184880,3698937,Matched,Block,,1ST AVE S BETWEEN S STACY ST AND S LANDER ST,,,2,Injury Collision,Cycles,2,0,1,1,1,0,0,2015-01-31T00:00:00.000Z,1/31/2015 1:59:00 PM,Driveway Junction,18,"MOTOR VEHICLE STRUCK PEDALCYCLIST, FRONT END AT ANGLE",,N,Overcast,Dry,Daylight,,,,45.0,Vehicle - Pedalcyclist,0,0,N,POINT (1270016.518385291 215490.2052007169),14553.0,8.768036877084141e-06,Overcast,2015-01-31,13:59:00,13.0,5,0,0.0,Clear or Partly Cloudy
2122,226000,226340,3704779,Matched,Intersection,30418.0,12TH AVE S AND BOREN AVE S,,,2,Injury Collision,Cycles,2,0,1,1,1,0,0,2016-08-13T00:00:00.000Z,8/13/2016 9:15:00 PM,At Intersection (intersection related),51,PEDALCYCLIST STRUCK MOTOR VEHICLE FRONT END AT ANGLE,,N,Clear or Partly Cloudy,Dry,Dark - Street Lights On,,,,45.0,Vehicle - Pedalcyclist,34870,0,N,POINT (1274410.087477788 222701.0610160977),2339.0,0.0,Clear or Partly Cloudy,2016-08-13,21:15:00,21.0,5,0,0.0,Clear or Partly Cloudy
2133,166200,166220,3701388,Matched,Intersection,28428.0,24TH AVE E AND E LYNN ST,,,2,Injury Collision,Cycles,3,0,1,1,2,0,0,2014-04-09T00:00:00.000Z,4/9/2014 1:24:00 PM,At Intersection (intersection related),18,"MOTOR VEHICLE STRUCK PEDALCYCLIST, FRONT END AT ANGLE",,N,Clear or Partly Cloudy,Dry,Daylight,,,,45.0,Vehicle - Pedalcyclist,22316,0,N,POINT (1278350.839609832 236736.1624704748),1115.0,0.0,Clear or Partly Cloudy,2014-04-09,13:24:00,13.0,2,1,0.0,Clear or Partly Cloudy
2211,169200,169220,3701739,Matched,Block,,BROADWAY BETWEEN E PINE ST AND XW E OLIVE ST,,,2,Injury Collision,Cycles,1,0,1,0,1,0,0,2014-06-04T00:00:00.000Z,6/4/2014 8:45:00 AM,Mid-Block (not related to intersection),69,PEDALCYCLIST OVERTURNED IN ROAD,,N,Clear or Partly Cloudy,Dry,Daylight,,,,45.0,Vehicle - Pedalcyclist,6853,0,N,POINT (1273567.713908926 228177.0842537135),8754.0,2.069417312261321e-05,Clear or Partly Cloudy,2014-06-04,08:45:00,8.0,2,1,1.0,Clear or Partly Cloudy
2222,168900,168920,3705199,Matched,Intersection,28917.0,2ND AVE N AND MERCER ST,,,2,Injury Collision,Cycles,2,0,1,1,1,0,0,2014-05-15T00:00:00.000Z,5/15/2014 6:22:00 PM,At Intersection (intersection related),18,"MOTOR VEHICLE STRUCK PEDALCYCLIST, FRONT END AT ANGLE",,N,Clear or Partly Cloudy,Dry,Daylight,,,,45.0,Vehicle - Pedalcyclist,0,523112,N,POINT (1265743.638316914 231524.0134731382),846.0,0.0,Clear or Partly Cloudy,2014-05-15,18:22:00,18.0,3,1,1.0,Clear or Partly Cloudy
2232,151300,151320,3642031,Matched,Intersection,25225.0,NW 54TH ST AND NW MARKET ST,,,2,Injury Collision,Cycles,2,0,1,1,1,0,0,2013-07-25T00:00:00.000Z,7/25/2013 3:01:00 PM,At Intersection (intersection related),18,"MOTOR VEHICLE STRUCK PEDALCYCLIST, FRONT END AT ANGLE",,N,Clear or Partly Cloudy,Dry,Daylight,Y,,,45.0,Vehicle - Pedalcyclist,25965,0,N,POINT (1255784.480802715 247803.7111538053),12849.0,0.0,Clear or Partly Cloudy,2013-07-25,15:01:00,15.0,3,1,1.0,Clear or Partly Cloudy
2270,191200,191280,3738458,Matched,Intersection,27093.0,ROOSEVELT WAY NE AND NE 42ND S ST,,,2,Injury Collision,Cycles,2,0,1,1,1,0,0,2015-04-20T00:00:00.000Z,4/20/2015 7:49:00 AM,At Intersection (intersection related),18,"MOTOR VEHICLE STRUCK PEDALCYCLIST, FRONT END AT ANGLE",,N,Clear or Partly Cloudy,Dry,Daylight,Y,,,45.0,Vehicle - Pedalcyclist,8985,0,N,POINT (1274602.278453991 243369.3024452627),15971.0,0.0,Clear or Partly Cloudy,2015-04-20,07:49:00,7.0,0,1,1.0,Clear or Partly Cloudy
2271,151100,151120,3465394,Matched,Block,,SW GENESEE ST BETWEEN 25TH AVE SW AND 26TH AVE SW,,,1,Property Damage Only Collision,Cycles,2,0,1,1,0,0,0,2013-07-23T00:00:00.000Z,7/23/2013 3:48:00 PM,Mid-Block (not related to intersection),21,"MOTOR VEHICLE STRUCK PEDALCYCLIST, REAR END",,N,Clear or Partly Cloudy,Dry,Daylight,,,,45.0,Vehicle - Pedalcyclist,32765,0,N,POINT (1262320.753961414 209757.6500588506),7995.0,5.964784600971243e-06,Clear or Partly Cloudy,2013-07-23,15:48:00,15.0,1,1,1.0,Clear or Partly Cloudy
2310,151900,151920,3502750,Matched,Intersection,25545.0,STONE WAY N AND N 49TH ST,,,2,Injury Collision,Cycles,4,0,1,1,1,0,0,2013-08-07T00:00:00.000Z,8/7/2013 12:22:00 PM,At Intersection (intersection related),18,"MOTOR VEHICLE STRUCK PEDALCYCLIST, FRONT END AT ANGLE",,N,Clear or Partly Cloudy,Dry,Daylight,Y,,,45.0,Vehicle - Pedalcyclist,0,0,N,POINT (1269011.817264259 245949.9749599099),1263.0,0.0,Clear or Partly Cloudy,2013-08-07,12:22:00,12.0,2,1,0.0,Clear or Partly Cloudy
2410,299000,300180,3812073,Matched,Block,,S DEARBORN ST BETWEEN 7TH AVE S AND 8TH AVE S,,,2,Injury Collision,Cycles,2,0,1,1,1,0,0,2018-07-12T00:00:00.000Z,7/12/2018 3:42:00 PM,Mid-Block (not related to intersection),18,"MOTOR VEHICLE STRUCK PEDALCYCLIST, FRONT END AT ANGLE",Y,N,Clear or Partly Cloudy,Dry,Daylight,Y,,,6.0,Pedalcyclist Strikes Moving Vehicle,0,0,N,POINT (1272858.619828209 220899.3477982581),13978.0,1.948371687125159e-05,Clear or Partly Cloudy,2018-07-12,15:42:00,15.0,3,1,1.0,Clear or Partly Cloudy