OBJECTID,INCKEY,COLDETKEY,REPORTNO,STATUS,ADDRTYPE,INTKEY,LOCATION,EXCEPTRSNC,EXCEPTRSND,SEVERITYCO,SEVERITYDE,COLLISIONT,PERSONCOUN,PEDCOUNT,PEDCYLCOUN,VEHCOUNT,INJURIES,SERIOUSINJ,FATALITIES,INCDATE,INCDTTM,JUNCTIONTY,SDOT_COLCO,SDOT_COLDE,INATTENTIO,UNDERINFL,WEATHER,ROADCOND,LIGHTCOND,PEDROWNOTG,SDOTCOLNUM,SPEEDING,ST_COLCODE,ST_COLDESC,SEGLANEKEY,CROSSWALKK,HITPARKEDC,geometry,near_str_index,min_length,weather_group,date,time,hour,dayofweek,weekday,rushhour,weather_group2
5195,18975,18975,1795005,Matched,Intersection,25184.0,SHILSHOLE AVE NW AND NW 46TH ST,,,2,Injury Collision,Cycles,2,0,1,1,1,0,0,2004-09-22T00:00:00.000Z,9/22/2004 7:58:00 AM,At Intersection (intersection related),51,PEDALCYCLIST STRUCK MOTOR VEHICLE FRONT END AT ANGLE,,0,Overcast,Dry,Daylight,,4266008.0,,45.0,Vehicle - Pedalcyclist,0,0,N,POINT (1259729.65200676 245374.2066393197),957.0,0.0,Overcast,2004-09-22,07:58:00,7.0,2,1,1.0,Clear or Partly Cloudy
5358,18880,18880,1326988,Matched,Intersection,30092.0,32ND AVE AND E ALDER N ST,,,2,Injury Collision,Cycles,2,0,1,1,1,0,0,2004-05-14T00:00:00.000Z,5/14/2004 7:43:00 PM,At Intersection (intersection related),18,"MOTOR VEHICLE STRUCK PEDALCYCLIST, FRONT END AT ANGLE",,0,Clear or Partly Cloudy,Dry,Daylight,,4135042.0,,45.0,Vehicle - Pedalcyclist,0,0,N,POINT (1280693.569084227 223913.6715773493),3852.0,0.0,Clear or Partly Cloudy,2004-05-14,19:43:00,19.0,4,1,1.0,Clear or Partly Cloudy
5529,19207,19207,1482781,Matched,Intersection,26694.0,3RD AVE W AND W BERTONA ST,,,2,Injury Collision,Cycles,2,0,1,1,2,0,0,2004-08-02T00:00:00.000Z,8/2/2004,At Intersection (intersection related),18,"MOTOR VEHICLE STRUCK PEDALCYCLIST, FRONT END AT ANGLE",,0,Clear or Partly Cloudy,Dry,Daylight,Y,4215002.0,,45.0,Vehicle - Pedalcyclist,0,0,N,POINT (1263936.750379071 240988.8518828303),277.0,0.0,Clear or Partly Cloudy,2004-08-02,00:00:00,,0,1,,Clear or Partly Cloudy
5557,18788,18788,1773851,Matched,Intersection,37292.0,COLLEGE WAY N AND N 100TH ST,,,2,Injury Collision,Cycles,2,0,1,1,1,0,0,2004-01-29T00:00:00.000Z,1/29/2004 12:00:00 PM,At Intersection (intersection related),51,PEDALCYCLIST STRUCK MOTOR VEHICLE FRONT END AT ANGLE,,0,Raining,Wet,Daylight,,4029006.0,,45.0,Vehicle - Pedalcyclist,0,0,N,POINT (1270650.132529944 259461.2568937391),3440.0,0.0,Raining,2004-01-29,12:00:00,12.0,3,1,0.0,Raining
5731,19819,19819,1789114,Matched,Intersection,34850.0,DELRIDGE WAY SW AND SW CLOVERDALE ST,,,2,Injury Collision,Cycles,2,0,1,1,1,0,0,2004-05-05T00:00:00.000Z,5/5/2004,At Intersection (intersection related),51,PEDALCYCLIST STRUCK MOTOR VEHICLE FRONT END AT ANGLE,,0,Clear or Partly Cloudy,Dry,Daylight,,4126042.0,,45.0,Vehicle - Pedalcyclist,0,0,N,POINT (1263140.836650252 195790.8204765469),8776.0,0.0,Clear or Partly Cloudy,2004-05-05,00:00:00,,2,1,,Clear or Partly Cloudy
5752,19412,19412,1779892,Matched,Intersection,25227.0,26TH AVE NW AND NW MARKET ST,,,2,Injury Collision,Cycles,2,0,1,1,1,0,0,2004-05-20T00:00:00.000Z,5/20/2004 5:17:00 PM,At Intersection (intersection related),18,"MOTOR VEHICLE STRUCK PEDALCYCLIST, FRONT END AT ANGLE",,0,Clear or Partly Cloudy,Dry,Daylight,Y,4141024.0,,45.0,Vehicle - Pedalcyclist,0,0,N,POINT (1256859.674659818 247789.3958897889),1669.0,0.0,Clear or Partly Cloudy,2004-05-20,17:17:00,17.0,3,1,1.0,Clear or Partly Cloudy
5783,19854,19854,1781878,Matched,Intersection,37486.0,8TH AVE NE AND NE 100TH ST,,,2,Injury Collision,Cycles,2,0,1,1,1,0,0,2004-05-05T00:00:00.000Z,5/5/2004,At Intersection (intersection related),51,PEDALCYCLIST STRUCK MOTOR VEHICLE FRONT END AT ANGLE,,0,Overcast,Dry,Dawn,,4126005.0,,45.0,Vehicle - Pedalcyclist,0,0,N,POINT (1274268.640309647 259352.5508456379),9090.0,0.0,Overcast,2004-05-05,00:00:00,,2,1,,Clear or Partly Cloudy
5862,19834,19834,1771783,Matched,Block,,68TH AVE S BETWEEN S BANGOR CT AND 66TH AVE S,,,2,Injury Collision,Cycles,2,0,1,1,1,0,0,2004-08-31T00:00:00.000Z,8/31/2004 5:36:00 PM,Driveway Junction,18,"MOTOR VEHICLE STRUCK PEDALCYCLIST, FRONT END AT ANGLE",,0,Clear or Partly Cloudy,Dry,Daylight,,4244002.0,,45.0,Vehicle - Pedalcyclist,0,0,N,POINT (1290428.817734197 187195.3946757466),13701.0,2.118715325034297e-05,Clear or Partly Cloudy,2004-08-31,17:36:00,17.0,1,1,1.0,Clear or Partly Cloudy
5950,19727,19727,1774259,Matched,Block,,LAKE CITY WAY NE BETWEEN NE 98TH ST AND NE 100TH ST,,,2b,Serious Injury Collision,Cycles,2,0,1,1,1,1,0,2004-06-25T00:00:00.000Z,6/25/2004 7:50:00 PM,Mid-Block (but intersection related),51,PEDALCYCLIST STRUCK MOTOR VEHICLE FRONT END AT ANGLE,,0,Clear or Partly Cloudy,Dry,Daylight,,4177003.0,,45.0,Vehicle - Pedalcyclist,0,0,N,POINT (1278566.434362054 259056.6595173329),14803.0,2.553852544679983e-09,Clear or Partly Cloudy,2004-06-25,19:50:00,19.0,4,1,1.0,Clear or Partly Cloudy
5961,19464,19464,1788090,Matched,Intersection,30575.0,31ST AVE AND E YESLER WAY,,,2,Injury Collision,Cycles,3,0,1,1,1,0,0,2004-07-05T00:00:00.000Z,7/5/2004,At Intersection (intersection related),18,"MOTOR VEHICLE STRUCK PEDALCYCLIST, FRONT END AT ANGLE",Y,0,Clear or Partly Cloudy,Dry,Daylight,,4187007.0,,45.0,Vehicle - Pedalcyclist,0,0,N,POINT (1280446.052411973 222875.5805682838),2781.0,0.0,Clear or Partly Cloudy,2004-07-05,00:00:00,,0,1,,Clear or Partly Cloudy
5,323465,324965,E936558,Matched,Intersection,29260.0,29TH AVE E AND E HARRISON ST,,,2,Injury Collision,Cycles,2,0,1,1,1,0,0,2019-06-30T00:00:00.000Z,6/30/2019 4:26:00 PM,At Intersection (intersection related),18,"MOTOR VEHICLE STRUCK PEDALCYCLIST, FRONT END AT ANGLE",,N,Clear or Partly Cloudy,Dry,Daylight,,,,5.0,Vehicle Strikes Pedalcyclist,0,0,N,POINT (1280020.673595533 230493.2934720814),254.0,0.0,Clear or Partly Cloudy,2019-06-30,16:26:00,16.0,6,0,1.0,Clear or Partly Cloudy
42,323515,325015,E940592,Matched,Intersection,25489.0,EAST GREEN LAKE WAY N AND WEST GREEN LAKE WAY N,,,2,Injury Collision,Cycles,2,0,1,1,1,0,0,2019-06-18T00:00:00.000Z,6/18/2019 5:39:00 PM,At Intersection (intersection related),18,"MOTOR VEHICLE STRUCK PEDALCYCLIST, FRONT END AT ANGLE",,N,Clear or Partly Cloudy,Dry,Daylight,,,,6.0,Pedalcyclist Strikes Moving Vehicle,42025,0,N,POINT (1269226.197552487 247789.821617797),6840.0,0.0,Clear or Partly Cloudy,2019-06-18,17:39:00,17.0,1,1,1.0,Clear or Partly Cloudy
51,323507,325007,E939179,Matched,Intersection,30084.0,M L KING JR WAY AND E JEFFERSON ST,,,2,Injury Collision,Cycles,3,0,1,1,1,0,0,2019-06-23T00:00:00.000Z,6/23/2019 4:30:00 PM,At Intersection (intersection related),24,MOTOR VEHCILE STRUCK PEDESTRIAN,Y,N,Overcast,Dry,Daylight,,,,5.0,Vehicle Strikes Pedalcyclist,0,0,N,POINT (1279423.872058928 224545.9155459851),1104.0,0.0,Overcast,2019-06-23,16:30:00,16.0,6,0,1.0,Clear or Partly Cloudy
55,323516,325016,E940594,Matched,Intersection,36409.0,FREMONT AVE N AND N 109TH ST,,,2,Injury Collision,Cycles,4,0,1,1,1,0,0,2019-06-29T00:00:00.000Z,6/29/2019 1:19:00 PM,At Intersection (intersection related),51,PEDALCYCLIST STRUCK MOTOR VEHICLE FRONT END AT ANGLE,,N,Clear or Partly Cloudy,Dry,Daylight,,,,6.0,Pedalcyclist Strikes Moving Vehicle,0,0,N,POINT (1266999.021102205 261937.3877122849),6365.0,0.0,Clear or Partly Cloudy,2019-06-29,13:19:00,13.0,5,0,0.0,Clear or Partly Cloudy
212,30200,30200,1776531,Matched,Intersection,25792.0,BROOKLYN AVE NE AND NE 50TH ST,,,2,Injury Collision,Cycles,2,0,1,1,1,0,0,2004-08-09T00:00:00.000Z,8/9/2004,At Intersection (intersection related),18,"MOTOR VEHICLE STRUCK PEDALCYCLIST, FRONT END AT ANGLE",,0,Clear or Partly Cloudy,Dry,Daylight,,4222005.0,,45.0,Vehicle - Pedalcyclist,0,0,N,POINT (1275539.245622948 246048.9179360121),652.0,0.0,Clear or Partly Cloudy,2004-08-09,00:00:00,,0,1,,Clear or Partly Cloudy
271,1064,1064,3550081,Matched,Intersection,31315.0,13TH AVE S AND S STEVENS ST,,,2,Injury Collision,Cycles,2,0,1,1,1,0,0,2013-03-25T00:00:00.000Z,3/25/2013 10:57:00 PM,At Intersection (intersection related),18,"MOTOR VEHICLE STRUCK PEDALCYCLIST, FRONT END AT ANGLE",,N,Clear or Partly Cloudy,Dry,Dark - Street Lights On,,,,45.0,Vehicle - Pedalcyclist,0,0,N,POINT (1274478.466869861 213952.5676951408),8418.0,0.0,Clear or Partly Cloudy,2013-03-25,22:57:00,22.0,0,1,0.0,Clear or Partly Cloudy
275,1063,1063,3503600,Matched,Block,,S DEARBORN ST BETWEEN DEARBORN OFF RP AND DEARBORN ST OFF RP,,,1,Property Damage Only Collision,Cycles,2,0,1,1,0,0,0,2013-03-25T00:00:00.000Z,3/25/2013 1:00:00 PM,Mid-Block (not related to intersection),18,"MOTOR VEHICLE STRUCK PEDALCYCLIST, FRONT END AT ANGLE",,N,Clear or Partly Cloudy,Dry,Daylight,,,,45.0,Vehicle - Pedalcyclist,5867,0,N,POINT (1273553.715380922 220883.9168222398),7667.0,6.236127493812365e-06,Clear or Partly Cloudy,2013-03-25,13:00:00,13.0,0,1,0.0,Clear or Partly Cloudy
326,1290,1290,3581633,Matched,Intersection,29878.0,BOREN AVE AND PIKE ST,,,2,Injury Collision,Cycles,3,0,1,1,1,0,0,2013-03-29T00:00:00.000Z,3/29/2013 11:53:00 AM,At Intersection (intersection related),18,"MOTOR VEHICLE STRUCK PEDALCYCLIST, FRONT END AT ANGLE",,N,Clear or Partly Cloudy,Dry,Unknown,Y,,,45.0,Vehicle - Pedalcyclist,25242,0,N,POINT (1271552.335410863 227358.0148768723),6588.0,0.0,Clear or Partly Cloudy,2013-03-29,11:53:00,11.0,4,1,0.0,Clear or Partly Cloudy
329,1099,1099,3503283,Matched,Intersection,27149.0,15TH AVE NE AND NE PACIFIC ST,,,1,Property Damage Only Collision,Cycles,2,0,1,1,0,0,0,2013-03-28T00:00:00.000Z,3/28/2013 3:30:00 PM,At Intersection (intersection related),18,"MOTOR VEHICLE STRUCK PEDALCYCLIST, FRONT END AT ANGLE",,N,Clear or Partly Cloudy,Dry,Daylight,Y,,,45.0,Vehicle - Pedalcyclist,0,520838,N,POINT (1275885.728567302 241688.8779955506),1534.0,0.0,Clear or Partly Cloudy,2013-03-28,15:30:00,15.0,3,1,1.0,Clear or Partly Cloudy
399,39000,39000,2023608,Matched,Intersection,25949.0,25TH AVE NE AND NE BLAKELEY ST,,,2,Injury Collision,Cycles,2,0,1,1,1,0,0,2005-06-15T00:00:00.000Z,6/15/2005 7:12:00 PM,At Intersection (intersection related),18,"MOTOR VEHICLE STRUCK PEDALCYCLIST, FRONT END AT ANGLE",,0,Clear or Partly Cloudy,Dry,Daylight,,5166021.0,,45.0,Vehicle - Pedalcyclist,0,0,N,POINT (1278900.484922394 246480.058544457),210.0,0.0,Clear or Partly Cloudy,2005-06-15,19:12:00,19.0,2,1,1.0,Clear or Partly Cloudy
413,1138,1138,3605914,Matched,Intersection,29810.0,11TH AVE AND E JEFFERSON ST,,,2,Injury Collision,Cycles,2,0,1,1,1,0,0,2013-03-29T00:00:00.000Z,3/29/2013 6:10:00 PM,At Intersection (intersection related),18,"MOTOR VEHICLE STRUCK PEDALCYCLIST, FRONT END AT ANGLE",,N,Clear or Partly Cloudy,Dry,Daylight,Y,,,45.0,Vehicle - Pedalcyclist,10453,0,N,POINT (1274165.216565549 224658.7667461038),6859.0,0.0,Clear or Partly Cloudy,2013-03-29,18:10:00,18.0,4,1,1.0,Clear or Partly Cloudy
421,22600,22600,1482540,Matched,Block,,1ST AVE BETWEEN BATTERY ST AND WALL ST,,,2,Injury Collision,Cycles,2,0,1,1,1,0,0,2004-07-02T00:00:00.000Z,7/2/2004,Mid-Block (not related to intersection),55,PEDALCYCLIST STRUCK MOTOR VEHICLE RIGHT SIDE SIDESWIPE,,0,Clear or Partly Cloudy,Dry,Daylight,,4184005.0,,45.0,Vehicle - Pedalcyclist,0,0,N,POINT (1266783.304877982 227799.4086693227),4940.0,0.0,Clear or Partly Cloudy,2004-07-02,00:00:00,,4,1,,Clear or Partly Cloudy
428,22000,22000,1079891,Matched,Block,,N 92ND ST BETWEEN DENSMORE AVE N AND WALLINGFORD AVE N,,,2,Injury Collision,Other,1,0,1,0,1,0,0,2004-10-11T00:00:00.000Z,10/11/2004 4:00:00 PM,Mid-Block (but intersection related),69,PEDALCYCLIST OVERTURNED IN ROAD,,0,Clear or Partly Cloudy,Dry,Daylight,,4285019.0,,52.0,Vehicle overturned,0,0,N,POINT (1270132.74276942 257483.5187797248),11298.0,2.401066749540305e-05,Clear or Partly Cloudy,2004-10-11,16:00:00,16.0,0,1,1.0,Clear or Partly Cloudy
449,1309,1309,3507768,Matched,Block,,NE 75TH ST BETWEEN 19TH AVE NE AND 20TH AVE NE,,,2,Injury Collision,Cycles,2,0,1,1,1,0,0,2013-04-01T00:00:00.000Z,4/1/2013 3:30:00 PM,Mid-Block (not related to intersection),23,"MOTOR VEHICLE STRUCK PEDALCYCLIST, LEFT SIDE SIDESWIPE",,N,Clear or Partly Cloudy,Dry,Daylight,,,,45.0,Vehicle - Pedalcyclist,40890,0,N,POINT (1277383.039160833 252630.9942307472),20687.0,2.748982472009525e-06,Clear or Partly Cloudy,2013-04-01,15:30:00,15.0,0,1,1.0,Clear or Partly Cloudy
450,1139,1139,3562732,Matched,Intersection,29512.0,BELL ST AND DENNY WAY,,,1,Property Damage Only Collision,Cycles,2,0,1,1,0,0,0,2013-03-26T00:00:00.000Z,3/26/2013 6:12:00 PM,At Intersection (intersection related),18,"MOTOR VEHICLE STRUCK PEDALCYCLIST, FRONT END AT ANGLE",,N,Clear or Partly Cloudy,Dry,Daylight,Y,,,45.0,Vehicle - Pedalcyclist,14255,0,N,POINT (1268895.825456142 229261.1191348135),3480.0,0.0,Clear or Partly Cloudy,2013-03-26,18:12:00,18.0,1,1,1.0,Clear or Partly Cloudy
536,25000,25000,1777159,Matched,Block,,DEXTER AVE N BETWEEN HARRISON ST AND REPUBLICAN ST,,,2,Injury Collision,Cycles,2,0,1,1,1,0,0,2004-01-23T00:00:00.000Z,1/23/2004 8:45:00 AM,Mid-Block (not related to intersection),56,PEDALCYCLIST STRUCK MOTOR VEHICLE LEFT SIDE SIDESWIPE,,0,Unknown,Unknown,Daylight,,4023036.0,,45.0,Vehicle - Pedalcyclist,0,0,N,POINT (1268300.280687541 230767.9765443653),12567.0,2.557776577818591e-05,,2004-01-23,08:45:00,8.0,4,1,1.0,
564,1350,1350,3380693,Matched,Intersection,35095.0,10TH AVE S AND S CLOVERDALE ST,,,2,Injury Collision,Cycles,5,0,1,1,1,0,0,2013-04-02T00:00:00.000Z,4/2/2013 7:15:00 PM,At Intersection (intersection related),51,PEDALCYCLIST STRUCK MOTOR VEHICLE FRONT END AT ANGLE,Y,N,Overcast,Dry,Dusk,,,,45.0,Vehicle - Pedalcyclist,29054,0,N,POINT (1273067.12504442 195585.1011803299),7642.0,0.0,Overcast,2013-04-02,19:15:00,19.0,1,1,1.0,Clear or Partly Cloudy
587,1355,1355,3546508,Matched,Block,,DEXTER AVE N BETWEEN GARFIELD N ST AND HAYES ST,,,2,Injury Collision,Cycles,2,0,1,1,1,0,0,2013-04-02T00:00:00.000Z,4/2/2013 8:59:00 AM,Mid-Block (not related to intersection),18,"MOTOR VEHICLE STRUCK PEDALCYCLIST, FRONT END AT ANGLE",,N,Clear or Partly Cloudy,Dry,Daylight,Y,,,45.0,Vehicle - Pedalcyclist,12978,0,N,POINT (1268399.828079641 234799.1962604821),6300.0,2.970072014406835e-06,Clear or Partly Cloudy,2013-04-02,08:59:00,8.0,1,1,1.0,Clear or Partly Cloudy
604,1218,1218,3593839,Matched,Intersection,29855.0,BELLEVUE AVE AND E OLIVE ST,,,2,Injury Collision,Cycles,2,0,1,1,1,0,0,2013-03-30T00:00:00.000Z,3/30/2013 8:30:00 PM,At Intersection (intersection related),18,"MOTOR VEHICLE STRUCK PEDALCYCLIST, FRONT END AT ANGLE",,N,Clear or Partly Cloudy,Dry,Dusk,Y,,,45.0,Vehicle - Pedalcyclist,36282,0,N,POINT (1272096.873011425 228396.7085099369),3377.0,0.0,Clear or Partly Cloudy,2013-03-30,20:30:00,20.0,5,0,0.0,Clear or Partly Cloudy
631,1361,1361,3593847,Matched,Intersection,29817.0,BOREN AVE AND JEFFERSON ST,,,2,Injury Collision,Cycles,2,0,1,1,1,0,0,2013-04-02T00:00:00.000Z,4/2/2013 6:42:00 PM,At Intersection (intersection related),18,"MOTOR VEHICLE STRUCK PEDALCYCLIST, FRONT END AT ANGLE",,N,Clear or Partly Cloudy,Dry,Daylight,,,,45.0,Vehicle - Pedalcyclist,25156,0,N,POINT (1273233.142580584 224517.6429059654),3390.0,0.0,Clear or Partly Cloudy,2013-04-02,18:42:00,18.0,1,1,1.0,Clear or Partly Cloudy
655,27600,27600,1772594,Matched,Block,,10TH AVE E BETWEEN E LYNN ST AND E MILLER ST,,,2b,Serious Injury Collision,Cycles,3,0,1,1,1,1,0,2004-06-12T00:00:00.000Z,6/12/2004 12:31:00 PM,Mid-Block (not related to intersection),55,PEDALCYCLIST STRUCK MOTOR VEHICLE RIGHT SIDE SIDESWIPE,,0,Clear or Partly Cloudy,Dry,Daylight,,4164010.0,,45.0,Vehicle - Pedalcyclist,0,0,N,POINT (1273925.49368529 237156.6547589004),2294.0,2.1654952116353888e-05,Clear or Partly Cloudy,2004-06-12,12:31:00,12.0,5,0,0.0,Clear or Partly Cloudy
668,28900,28900,1798856,Matched,Block,,E MADISON ST BETWEEN LAKE WASHINGTON BLVD E AND 32ND AVE E,,,2,Injury Collision,Cycles,2,0,1,1,1,0,0,2004-10-12T00:00:00.000Z,10/12/2004 5:30:00 PM,Driveway Junction,23,"MOTOR VEHICLE STRUCK PEDALCYCLIST, LEFT SIDE SIDESWIPE",,0,Clear or Partly Cloudy,Dry,Daylight,Y,4286031.0,,45.0,Vehicle - Pedalcyclist,0,0,N,POINT (1280822.949180365 231945.5932495743),18101.0,4.1918109452514015e-06,Clear or Partly Cloudy,2004-10-12,17:30:00,17.0,1,1,1.0,Clear or Partly Cloudy
679,1003,1003,3503158,Matched,Block,,AURORA AVE N BETWEEN N 117TH PL AND N 125TH ST,,,2,Injury Collision,Cycles,2,0,1,1,1,0,0,2013-03-14T00:00:00.000Z,3/14/2013 5:30:00 PM,Driveway Junction,18,"MOTOR VEHICLE STRUCK PEDALCYCLIST, FRONT END AT ANGLE",,N,Clear or Partly Cloudy,Dry,Daylight,Y,,,45.0,Vehicle - Pedalcyclist,15057,0,N,POINT (1268353.833967596 265256.6096676737),23335.0,2.4171703300871364e-05,Clear or Partly Cloudy,2013-03-14,17:30:00,17.0,3,1,1.0,Clear or Partly Cloudy
776,44200,44200,1792972,Matched,Block,,STEWART ST BETWEEN MINOR AVE AND YALE AVE,,,1,Property Damage Only Collision,Cycles,2,0,1,1,0,0,0,2005-08-03T00:00:00.000Z,8/3/2005,Driveway Junction,51,PEDALCYCLIST STRUCK MOTOR VEHICLE FRONT END AT ANGLE,,0,Clear or Partly Cloudy,Dry,Daylight,,5215009.0,,45.0,Vehicle - Pedalcyclist,0,0,N,POINT (1270963.685362265 229002.4007985592),9812.0,4.0721188011115294e-05,Clear or Partly Cloudy,2005-08-03,00:00:00,,2,1,,Clear or Partly Cloudy
791,58800,58800,2188851,Matched,Intersection,24363.0,PHINNEY AVE N AND N 65TH ST,,,2b,Serious Injury Collision,Cycles,1,0,1,0,1,1,0,2006-05-07T00:00:00.000Z,5/7/2006,At Intersection (intersection related),51,PEDALCYCLIST STRUCK MOTOR VEHICLE FRONT END AT ANGLE,,0,Overcast,Dry,Daylight,,6127003.0,,45.0,Vehicle - Pedalcyclist,0,0,N,POINT (1265729.658924907 250295.0803723633),3701.0,0.0,Overcast,2006-05-07,00:00:00,,6,0,,Clear or Partly Cloudy
814,57800,57800,2410889,Matched,Block,,21ST AVE W BETWEEN ELLIOTT BAY TRL AND THORNDYKE AVE W,,,2,Injury Collision,Cycles,2,0,1,1,1,0,0,2006-08-09T00:00:00.000Z,8/9/2006,Mid-Block (not related to intersection),18,"MOTOR VEHICLE STRUCK PEDALCYCLIST, FRONT END AT ANGLE",,0,Clear or Partly Cloudy,Dry,Daylight,Y,6221003.0,,45.0,Vehicle - Pedalcyclist,0,0,N,POINT (1258356.434085354 238534.4863123149),5278.0,1.4908614779940506e-05,Clear or Partly Cloudy,2006-08-09,00:00:00,,2,1,,Clear or Partly Cloudy
836,72200,72200,2806490,Matched,Block,,FAIRVIEW AVE N BETWEEN ALOHA ST AND WARD ST,,,2,Injury Collision,Cycles,2,0,1,1,1,0,0,2007-12-06T00:00:00.000Z,12/6/2007,Driveway Junction,18,"MOTOR VEHICLE STRUCK PEDALCYCLIST, FRONT END AT ANGLE",Y,0,Clear or Partly Cloudy,Dry,Dark - Street Lights On,,7340002.0,,45.0,Vehicle - Pedalcyclist,0,0,N,POINT (1270776.09617807 232487.1348821223),21055.0,0.0,Clear or Partly Cloudy,2007-12-06,00:00:00,,3,1,,Clear or Partly Cloudy
845,59500,59500,2060439,Matched,Intersection,33034.0,1ST AVE S AND S LUCILE ST,,,2b,Serious Injury Collision,Cycles,2,0,1,1,1,1,0,2006-04-27T00:00:00.000Z,4/27/2006 11:08:00 AM,At Intersection (intersection related),51,PEDALCYCLIST STRUCK MOTOR VEHICLE FRONT END AT ANGLE,,0,Clear or Partly Cloudy,Dry,Daylight,,6117003.0,,45.0,Vehicle - Pedalcyclist,0,0,N,POINT (1269817.637681097 205487.1865664721),9335.0,0.0,Clear or Partly Cloudy,2006-04-27,11:08:00,11.0,3,1,0.0,Clear or Partly Cloudy
872,47700,47700,2026404,Matched,Intersection,32617.0,48TH AVE S AND S ALASKA ST,,,1,Property Damage Only Collision,Cycles,3,0,1,1,0,0,0,2005-08-10T00:00:00.000Z,8/10/2005 7:47:00 AM,At Intersection (intersection related),51,PEDALCYCLIST STRUCK MOTOR VEHICLE FRONT END AT ANGLE,,0,Overcast,Dry,Daylight,,5222006.0,,45.0,Vehicle - Pedalcyclist,0,0,N,POINT (1284927.025984555 207807.4945368469),5860.0,0.0,Overcast,2005-08-10,07:47:00,7.0,2,1,1.0,Clear or Partly Cloudy
912,61000,61000,2188253,Matched,Intersection,25756.0,ROOSEVELT WAY NE AND NE RAVENNA WB BV,,,2,Injury Collision,Cycles,2,0,1,1,1,0,0,2006-04-18T00:00:00.000Z,4/18/2006 12:45:00 PM,At Intersection (intersection related),18,"MOTOR VEHICLE STRUCK PEDALCYCLIST, FRONT END AT ANGLE",,0,Clear or Partly Cloudy,Dry,Daylight,Y,6108005.0,,45.0,Vehicle - Pedalcyclist,0,0,N,POINT (1274814.161718205 248748.2492667735),936.0,0.0,Clear or Partly Cloudy,2006-04-18,12:45:00,12.0,1,1,0.0,Clear or Partly Cloudy
916,73900,73900,2621531,Matched,Block,,EASTLAKE AVE E BETWEEN E HOWE ST AND E NEWTON ST,,,2,Injury Collision,Cycles,1,0,1,0,1,0,0,2007-01-30T00:00:00.000Z,1/30/2007 7:27:00 AM,Mid-Block (not related to intersection),69,PEDALCYCLIST OVERTURNED IN ROAD,,0,Clear or Partly Cloudy,Ice,Daylight,,7030036.0,,45.0,Vehicle - Pedalcyclist,24776,0,N,POINT (1272495.951539829 235677.6184693873),11079.0,0.0,Clear or Partly Cloudy,2007-01-30,07:27:00,7.0,1,1,1.0,Clear or Partly Cloudy
7008,20568,20568,1778926,Matched,Intersection,26911.0,STONE WAY N AND N NORTHLAKE WAY,,,2,Injury Collision,Cycles,2,0,1,1,1,0,0,2004-04-22T00:00:00.000Z,4/22/2004 5:55:00 PM,At Intersection (intersection related),18,"MOTOR VEHICLE STRUCK PEDALCYCLIST, FRONT END AT ANGLE",,0,Clear or Partly Cloudy,Dry,Daylight,Y,4113004.0,,45.0,Vehicle - Pedalcyclist,0,0,N,POINT (1268377.505327612 240079.1889058948),15602.0,0.0,Clear or Partly Cloudy,2004-04-22,17:55:00,17.0,3,1,1.0,Clear or Partly Cloudy
7102,20952,20952,1780448,Matched,Block,,STONE WAY N BETWEEN N 46TH ST AND N 47TH ST,,,2,Injury Collision,Cycles,2,0,1,1,1,0,0,2004-09-01T00:00:00.000Z,9/1/2004,Mid-Block (not related to intersection),54,PEDALCYCLIST STRUCK MOTOR VEHICLE REAR END,Y,0,Raining,Wet,Dark - Street Lights On,,4245003.0,,45.0,Vehicle - Pedalcyclist,0,0,N,POINT (1268719.197871968 245295.9559512436),8922.0,1.98515369615876e-05,Raining,2004-09-01,00:00:00,,2,1,,Raining
7122,20597,20597,1793814,Matched,Block,,NE 65TH ST BETWEEN 20TH AVE NE AND 21ST W AVE NE,,,2b,Serious Injury Collision,Cycles,2,0,1,1,1,1,0,2004-09-24T00:00:00.000Z,9/24/2004 5:22:00 AM,Mid-Block (not related to intersection),18,"MOTOR VEHICLE STRUCK PEDALCYCLIST, FRONT END AT ANGLE",,0,Clear or Partly Cloudy,Dry,Dark - Street Lights On,,4268005.0,,45.0,Vehicle - Pedalcyclist,0,0,N,POINT (1277639.297849104 249974.1924360245),9915.0,7.296875480015206e-09,Clear or Partly Cloudy,2004-09-24,05:22:00,5.0,4,1,0.0,Clear or Partly Cloudy
7228,20618,20618,1797951,Matched,Intersection,31954.0,48TH AVE SW AND SW SPOKANE ST,,,2,Injury Collision,Cycles,2,0,1,1,1,0,0,2004-08-22T00:00:00.000Z,8/22/2004 8:30:00 PM,At Intersection (intersection related),18,"MOTOR VEHICLE STRUCK PEDALCYCLIST, FRONT END AT ANGLE",,0,Overcast,Wet,Dusk,Y,4235014.0,,45.0,Vehicle - Pedalcyclist,0,0,N,POINT (1255339.46806626 212581.4493577331),3097.0,0.0,Overcast,2004-08-22,20:30:00,20.0,6,0,0.0,Clear or Partly Cloudy
7257,20757,20757,1782774,Matched,Intersection,26218.0,40TH AVE NE AND NE 55TH ST,,,2,Injury Collision,Cycles,2,0,1,1,1,0,0,2004-08-20T00:00:00.000Z,8/20/2004 5:20:00 PM,At Intersection (intersection related),51,PEDALCYCLIST STRUCK MOTOR VEHICLE FRONT END AT ANGLE,,0,Clear or Partly Cloudy,Dry,Daylight,,4233005.0,,45.0,Vehicle - Pedalcyclist,0,0,N,POINT (1282803.917630389 247224.1911532134),411.0,0.0,Clear or Partly Cloudy,2004-08-20,17:20:00,17.0,4,1,1.0,Clear or Partly Cloudy