OBJECTID,INCKEY,COLDETKEY,REPORTNO,STATUS,ADDRTYPE,INTKEY,LOCATION,EXCEPTRSNC,EXCEPTRSND,SEVERITYCO,SEVERITYDE,COLLISIONT,PERSONCOUN,PEDCOUNT,PEDCYLCOUN,VEHCOUNT,INJURIES,SERIOUSINJ,FATALITIES,INCDATE,INCDTTM,JUNCTIONTY,SDOT_COLCO,SDOT_COLDE,INATTENTIO,UNDERINFL,WEATHER,ROADCOND,LIGHTCOND,PEDROWNOTG,SDOTCOLNUM,SPEEDING,ST_COLCODE,ST_COLDESC,SEGLANEKEY,CROSSWALKK,HITPARKEDC,geometry,near_str_index,min_length,weather_group,date,time,hour,dayofweek,weekday,rushhour,weather_group2
7272,20628,20628,1772408,Matched,Intersection,29744.0,HARVARD AVE AND E PIKE ST,,,2,Injury Collision,Cycles,2,0,1,1,1,0,0,2004-10-14T00:00:00.000Z,10/14/2004 7:00:00 PM,At Intersection (intersection related),18,"MOTOR VEHICLE STRUCK PEDALCYCLIST, FRONT END AT ANGLE",,0,Clear or Partly Cloudy,Dry,Dark - Street Lights On,Y,4288023.0,,45.0,Vehicle - Pedalcyclist,0,0,N,POINT (1273234.02603659 227544.4404770583),1144.0,0.0,Clear or Partly Cloudy,2004-10-14,19:00:00,19.0,3,1,1.0,Clear or Partly Cloudy
7287,21180,21180,1220155,Matched,Intersection,23936.0,21ST AVE NW AND NW 67TH ST,,,2,Injury Collision,Cycles,4,0,1,1,1,0,0,2004-08-14T00:00:00.000Z,8/14/2004 7:49:00 PM,At Intersection (intersection related),51,PEDALCYCLIST STRUCK MOTOR VEHICLE FRONT END AT ANGLE,,0,Clear or Partly Cloudy,Dry,Daylight,,4227014.0,,45.0,Vehicle - Pedalcyclist,0,0,N,POINT (1258632.513829634 251051.0112531334),165.0,0.0,Clear or Partly Cloudy,2004-08-14,19:49:00,19.0,5,0,1.0,Clear or Partly Cloudy
7362,21193,21193,1780432,Matched,Block,,NE 45TH ST BETWEEN 17TH NB AVE NE AND 18TH AVE NE,,,2,Injury Collision,Cycles,2,0,1,1,1,0,0,2004-03-14T00:00:00.000Z,3/14/2004 2:50:00 AM,Driveway Junction,18,"MOTOR VEHICLE STRUCK PEDALCYCLIST, FRONT END AT ANGLE",,0,Clear or Partly Cloudy,Dry,Dark - Street Lights On,Y,4074023.0,,45.0,Vehicle - Pedalcyclist,0,0,N,POINT (1276810.394616246 244693.1558226198),1401.0,3.694820799871521e-07,Clear or Partly Cloudy,2004-03-14,02:50:00,2.0,6,0,0.0,Clear or Partly Cloudy
7386,21064,21064,1798167,Matched,Intersection,34008.0,35TH AVE SW AND SW MORGAN ST,,,2,Injury Collision,Cycles,3,0,1,1,1,0,0,2004-07-21T00:00:00.000Z,7/21/2004 12:47:00 PM,At Intersection (intersection related),18,"MOTOR VEHICLE STRUCK PEDALCYCLIST, FRONT END AT ANGLE",,0,Clear or Partly Cloudy,Dry,Daylight,Y,4203036.0,,45.0,Vehicle - Pedalcyclist,0,0,N,POINT (1259327.720230356 202504.7837474197),15934.0,0.0,Clear or Partly Cloudy,2004-07-21,12:47:00,12.0,2,1,0.0,Clear or Partly Cloudy
7405,21204,21204,1777359,Matched,Intersection,29704.0,BELL ST AND WESTERN AVE,,,2,Injury Collision,Cycles,2,0,1,1,1,0,0,2004-01-05T00:00:00.000Z,1/5/2004,At Intersection (intersection related),51,PEDALCYCLIST STRUCK MOTOR VEHICLE FRONT END AT ANGLE,,0,Overcast,Dry,Daylight,,4005004.0,,45.0,Vehicle - Pedalcyclist,0,0,N,POINT (1266994.756398201 227171.5380766839),632.0,0.0,Overcast,2004-01-05,00:00:00,,0,1,,Clear or Partly Cloudy
7485,21538,21538,1785094,Matched,Intersection,29621.0,1ST AVE AND MADISON ST,,,2b,Serious Injury Collision,Cycles,2,0,1,1,1,1,0,2004-11-09T00:00:00.000Z,11/9/2004,At Intersection (intersection related),18,"MOTOR VEHICLE STRUCK PEDALCYCLIST, FRONT END AT ANGLE",,0,Clear or Partly Cloudy,Dry,Dark - Street Lights On,,4314007.0,,45.0,Vehicle - Pedalcyclist,0,0,N,POINT (1269683.396144956 224194.549401626),4939.0,0.0,Clear or Partly Cloudy,2004-11-09,00:00:00,,1,1,,Clear or Partly Cloudy
7586,21390,21390,1772038,Matched,Block,,FAIRVIEW AVE N BETWEEN YALE AVE N AND FAIRVIEW AVE E,,,1,Property Damage Only Collision,Cycles,3,0,1,1,0,0,0,2004-04-09T00:00:00.000Z,4/9/2004,Driveway Junction,18,"MOTOR VEHICLE STRUCK PEDALCYCLIST, FRONT END AT ANGLE",,0,Clear or Partly Cloudy,Dry,Dusk,,4100012.0,,45.0,Vehicle - Pedalcyclist,0,0,N,POINT (1271679.684978992 233497.5190111548),18951.0,2.572876065691608e-05,Clear or Partly Cloudy,2004-04-09,00:00:00,,4,1,,Clear or Partly Cloudy
7635,21520,21520,1776959,Matched,Intersection,30494.0,4TH AVE S AND S WASHINGTON ST,,,2,Injury Collision,Cycles,5,0,1,2,1,0,0,2004-02-28T00:00:00.000Z,2/28/2004 8:50:00 AM,At Intersection (intersection related),18,"MOTOR VEHICLE STRUCK PEDALCYCLIST, FRONT END AT ANGLE",,1,Clear or Partly Cloudy,Dry,Daylight,,4059004.0,,45.0,Vehicle - Pedalcyclist,0,0,N,POINT (1271450.890546769 222766.5872881711),2971.0,0.0,Clear or Partly Cloudy,2004-02-28,08:50:00,8.0,5,0,1.0,Clear or Partly Cloudy
7668,21138,21138,1069908,Matched,Intersection,28762.0,BOREN AVE N AND MERCER SR ST,,,2,Injury Collision,Cycles,2,0,1,1,1,0,0,2004-09-27T00:00:00.000Z,9/27/2004 4:14:00 PM,At Intersection (intersection related),18,"MOTOR VEHICLE STRUCK PEDALCYCLIST, FRONT END AT ANGLE",,0,Clear or Partly Cloudy,Dry,Daylight,,4271023.0,,45.0,Vehicle - Pedalcyclist,0,0,N,POINT (1269926.182961196 231430.9392970353),3663.0,0.0,Clear or Partly Cloudy,2004-09-27,16:14:00,16.0,0,1,1.0,Clear or Partly Cloudy
7786,21303,21303,1217102,Matched,Intersection,28303.0,EASTLAKE AVE E AND E LOUISA ST,,,2,Injury Collision,Cycles,2,0,1,1,1,0,0,2004-07-27T00:00:00.000Z,7/27/2004 9:46:00 AM,At Intersection (intersection related),18,"MOTOR VEHICLE STRUCK PEDALCYCLIST, FRONT END AT ANGLE",,0,Clear or Partly Cloudy,Dry,Daylight,Y,4209024.0,,45.0,Vehicle - Pedalcyclist,0,0,N,POINT (1272500.319795832 237760.9773195237),6316.0,0.0,Clear or Partly Cloudy,2004-07-27,09:46:00,9.0,1,1,1.0,Clear or Partly Cloudy
7895,21763,21763,1198286,Matched,Intersection,29739.0,11TH AVE AND E PINE ST,,,2,Injury Collision,Cycles,2,0,1,1,1,0,0,2004-11-02T00:00:00.000Z,11/2/2004,At Intersection (intersection related),18,"MOTOR VEHICLE STRUCK PEDALCYCLIST, FRONT END AT ANGLE",,0,Raining,Wet,Daylight,,4307038.0,,45.0,Vehicle - Pedalcyclist,0,0,N,POINT (1274216.837429598 227958.9433894902),28.0,0.0,Raining,2004-11-02,00:00:00,,1,1,,Raining
7974,21774,21774,1481224,Matched,Block,,CALIFORNIA AVE SW BETWEEN SW STEVENS ST AND SW HANFORD ST,,,2,Injury Collision,Cycles,2,0,1,1,1,0,0,2004-07-16T00:00:00.000Z,7/16/2004 10:40:00 AM,Driveway Junction,18,"MOTOR VEHICLE STRUCK PEDALCYCLIST, FRONT END AT ANGLE",,0,Clear or Partly Cloudy,Dry,Daylight,Y,4198006.0,,45.0,Vehicle - Pedalcyclist,0,0,N,POINT (1257019.326435983 214090.6673432887),16644.0,1.149740205116848e-05,Clear or Partly Cloudy,2004-07-16,10:40:00,10.0,4,1,0.0,Clear or Partly Cloudy
7988,21914,21914,1080361,Matched,Intersection,27039.0,FREMONT AVE N AND N 34TH ST,,,1,Property Damage Only Collision,Cycles,2,0,1,1,0,0,0,2004-06-29T00:00:00.000Z,6/29/2004 12:30:00 PM,At Intersection (intersection related),18,"MOTOR VEHICLE STRUCK PEDALCYCLIST, FRONT END AT ANGLE",,0,Clear or Partly Cloudy,Dry,Daylight,Y,4181027.0,,45.0,Vehicle - Pedalcyclist,0,0,N,POINT (1266674.116909876 240632.7658664584),1223.0,0.0,Clear or Partly Cloudy,2004-06-29,12:30:00,12.0,1,1,0.0,Clear or Partly Cloudy
6002,19740,19740,1205118,Matched,Block,,NE 50TH ST BETWEEN 15TH AVE NE AND 16TH AVE NE,,,2,Injury Collision,Cycles,2,0,1,1,1,0,0,2004-05-01T00:00:00.000Z,5/1/2004,Driveway Junction,18,"MOTOR VEHICLE STRUCK PEDALCYCLIST, FRONT END AT ANGLE",,0,Clear or Partly Cloudy,Dry,Daylight,Y,4122033.0,,45.0,Vehicle - Pedalcyclist,0,0,N,POINT (1276238.864823669 246028.187439993),7254.0,7.673532852974898e-09,Clear or Partly Cloudy,2004-05-01,00:00:00,,5,0,,Clear or Partly Cloudy
6097,19762,19762,1788177,Matched,Block,,LAKESIDE AVE S BETWEEN S LANE ST AND 35TH AVE S,,,2,Injury Collision,Cycles,2,0,1,1,1,0,0,2004-07-02T00:00:00.000Z,7/2/2004,Driveway Junction,18,"MOTOR VEHICLE STRUCK PEDALCYCLIST, FRONT END AT ANGLE",,0,Overcast,Dry,Daylight,Y,4184003.0,,45.0,Vehicle - Pedalcyclist,0,0,N,POINT (1281611.845437169 220900.1728862524),6460.0,2.135314160167765e-05,Overcast,2004-07-02,00:00:00,,4,1,,Clear or Partly Cloudy
6106,19362,19362,1781530,Matched,Block,,HIGHLAND PARK WAY SW BETWEEN SW OTHELLO ST AND SW HOLDEN N ST,,,2,Injury Collision,Cycles,2,0,1,1,1,0,0,2004-02-19T00:00:00.000Z,2/19/2004 4:10:00 PM,Mid-Block (not related to intersection),21,"MOTOR VEHICLE STRUCK PEDALCYCLIST, REAR END",,0,Clear or Partly Cloudy,Dry,Daylight,Y,4050001.0,,45.0,Vehicle - Pedalcyclist,0,0,N,POINT (1266494.826157689 198915.6221437454),23289.0,8.886520973497348e-06,Clear or Partly Cloudy,2004-02-19,16:10:00,16.0,3,1,1.0,Clear or Partly Cloudy
6136,19646,19646,1772332,Matched,Block,,12TH AVE BETWEEN E PIKE ST AND E PINE ST,,,2,Injury Collision,Cycles,2,0,1,1,1,0,0,2004-05-03T00:00:00.000Z,5/3/2004,Driveway Junction,18,"MOTOR VEHICLE STRUCK PEDALCYCLIST, FRONT END AT ANGLE",,0,Clear or Partly Cloudy,Dry,Daylight,Y,4124027.0,,45.0,Vehicle - Pedalcyclist,0,0,N,POINT (1274536.955509916 227744.1176612675),15662.0,4.397364332129107e-06,Clear or Partly Cloudy,2004-05-03,00:00:00,,0,1,,Clear or Partly Cloudy
6162,19502,19502,1080204,Matched,Block,,NW 63RD ST BETWEEN 11TH AVE NW AND 14TH AVE NW,,,2,Injury Collision,Cycles,3,0,1,1,1,0,0,2004-07-25T00:00:00.000Z,7/25/2004 3:41:00 PM,Driveway Junction,51,PEDALCYCLIST STRUCK MOTOR VEHICLE FRONT END AT ANGLE,,0,Clear or Partly Cloudy,Dry,Daylight,,4207001.0,,45.0,Vehicle - Pedalcyclist,0,0,N,POINT (1261252.795048326 249844.5082118958),1593.0,1.601244354040348e-10,Clear or Partly Cloudy,2004-07-25,15:41:00,15.0,6,0,1.0,Clear or Partly Cloudy
6182,20067,20067,1780673,Matched,Intersection,36912.0,24TH AVE NW AND NW 98TH N ST,,,2,Injury Collision,Cycles,2,1,1,0,2,0,0,2004-02-29T00:00:00.000Z,2/29/2004 3:21:00 PM,At Intersection (intersection related),64,PEDALCYCLIST STRUCK PEDESTRIAN,,0,Clear or Partly Cloudy,Dry,Daylight,,4060004.0,,45.0,Vehicle - Pedalcyclist,0,0,N,POINT (1257731.131940708 259371.9479656518),8500.0,0.0,Clear or Partly Cloudy,2004-02-29,15:21:00,15.0,6,0,1.0,Clear or Partly Cloudy
6275,20373,20373,1482659,Matched,Block,,PIKE ST BETWEEN 7TH AVE AND 8TH AVE,,,2,Injury Collision,Cycles,2,0,1,1,1,0,0,2004-05-04T00:00:00.000Z,5/4/2004,Mid-Block (not related to intersection),18,"MOTOR VEHICLE STRUCK PEDALCYCLIST, FRONT END AT ANGLE",,0,Clear or Partly Cloudy,Dry,Daylight,,4125008.0,,45.0,Vehicle - Pedalcyclist,0,0,N,POINT (1270582.500145867 226783.1736602783),6587.0,3.7955195578848465e-09,Clear or Partly Cloudy,2004-05-04,00:00:00,,1,1,,Clear or Partly Cloudy
6317,20392,20392,1780170,Matched,Block,,LAKE CITY WAY NE BETWEEN 16TH AVE NE AND NE 82ND ST,,,2,Injury Collision,Cycles,2,0,1,1,1,0,0,2004-11-04T00:00:00.000Z,11/4/2004,Mid-Block (not related to intersection),21,"MOTOR VEHICLE STRUCK PEDALCYCLIST, REAR END",,0,Clear or Partly Cloudy,Dry,Daylight,,4309002.0,,45.0,Vehicle - Pedalcyclist,0,0,N,POINT (1276510.281527936 254593.5267127603),6447.0,2.4605695501222792e-05,Clear or Partly Cloudy,2004-11-04,00:00:00,,3,1,,Clear or Partly Cloudy
6378,20119,20119,1059929,Matched,Block,,DENNY WAY BETWEEN STEWART ST AND MELROSE AVE,,,2,Injury Collision,Cycles,6,0,1,2,1,0,0,2004-12-18T00:00:00.000Z,12/18/2004 1:29:00 AM,Mid-Block (but intersection related),56,PEDALCYCLIST STRUCK MOTOR VEHICLE LEFT SIDE SIDESWIPE,Y,1,Overcast,Wet,Dark - Street Lights On,,4353006.0,,45.0,Vehicle - Pedalcyclist,0,0,N,POINT (1271494.205362812 229177.3080627322),17903.0,1.1697567150221174e-05,Overcast,2004-12-18,01:29:00,1.0,5,0,0.0,Clear or Partly Cloudy
6416,20412,20412,1777481,Matched,Intersection,29675.0,3RD AVE AND VINE ST,,,2,Injury Collision,Cycles,3,0,1,1,1,0,0,2004-03-18T00:00:00.000Z,3/18/2004 2:02:00 AM,At Intersection (intersection related),51,PEDALCYCLIST STRUCK MOTOR VEHICLE FRONT END AT ANGLE,,0,Overcast,Dry,Dark - Street Lights On,,4078003.0,,45.0,Vehicle - Pedalcyclist,0,0,N,POINT (1266876.69943808 228585.2112941295),13811.0,0.0,Overcast,2004-03-18,02:02:00,2.0,3,1,0.0,Clear or Partly Cloudy
6427,20126,20126,1779391,Matched,Intersection,32606.0,46TH AVE S AND S SNOQUALMIE ST,,,2,Injury Collision,Cycles,2,0,1,1,1,0,0,2004-04-25T00:00:00.000Z,4/25/2004 6:00:00 PM,At Intersection (intersection related),51,PEDALCYCLIST STRUCK MOTOR VEHICLE FRONT END AT ANGLE,,0,Clear or Partly Cloudy,Dry,Daylight,,4116008.0,,45.0,Vehicle - Pedalcyclist,0,0,N,POINT (1284313.253183931 208244.2095452994),4596.0,0.0,Clear or Partly Cloudy,2004-04-25,18:00:00,18.0,6,0,1.0,Clear or Partly Cloudy
6473,20137,20137,1182148,Matched,Intersection,27047.0,ETRURIA ST AND NICKERSON ST,,,2,Injury Collision,Cycles,2,0,1,1,1,0,0,2004-03-31T00:00:00.000Z,3/31/2004 1:20:00 PM,At Intersection (intersection related),18,"MOTOR VEHICLE STRUCK PEDALCYCLIST, FRONT END AT ANGLE",,0,Clear or Partly Cloudy,Dry,Daylight,Y,4091001.0,,45.0,Vehicle - Pedalcyclist,0,0,N,POINT (1265779.929900959 239986.4273058027),11082.0,0.0,Clear or Partly Cloudy,2004-03-31,13:20:00,13.0,2,1,0.0,Clear or Partly Cloudy
6503,20147,20147,1794028,Matched,Intersection,26604.0,8TH AVE NW AND NW 44TH ST,,,1,Property Damage Only Collision,Cycles,2,0,1,1,0,0,0,2004-06-14T00:00:00.000Z,6/14/2004 3:45:00 PM,At Intersection (intersection related),18,"MOTOR VEHICLE STRUCK PEDALCYCLIST, FRONT END AT ANGLE",,0,Clear or Partly Cloudy,Dry,Dark - Street Lights On,,4166023.0,,45.0,Vehicle - Pedalcyclist,0,0,N,POINT (1262711.846697807 244799.7265107334),1564.0,0.0,Clear or Partly Cloudy,2004-06-14,15:45:00,15.0,0,1,1.0,Clear or Partly Cloudy
6526,20416,20416,1774490,Matched,Block,,BROOKLYN AVE NE BETWEEN NE 41ST ST AND NE 42ND ST,,,2,Injury Collision,Cycles,2,0,1,1,1,0,0,2004-04-06T00:00:00.000Z,4/6/2004,Mid-Block (not related to intersection),18,"MOTOR VEHICLE STRUCK PEDALCYCLIST, FRONT END AT ANGLE",,0,Clear or Partly Cloudy,Dry,Daylight,Y,4097003.0,,45.0,Vehicle - Pedalcyclist,0,0,N,POINT (1275445.301878855 243379.6239812821),18913.0,3.111708723611271e-05,Clear or Partly Cloudy,2004-04-06,00:00:00,,1,1,,Clear or Partly Cloudy
6818,20928,20928,1794277,Matched,Block,,NE 80TH ST BETWEEN 15TH AVE NE AND 16TH AVE NE,,,2,Injury Collision,Cycles,2,0,1,1,1,0,0,2004-05-28T00:00:00.000Z,5/28/2004 5:47:00 PM,Driveway Junction,18,"MOTOR VEHICLE STRUCK PEDALCYCLIST, FRONT END AT ANGLE",Y,0,Overcast,Wet,Daylight,,4149009.0,,45.0,Vehicle - Pedalcyclist,0,0,N,POINT (1276330.157879755 253975.3555761278),15976.0,2.8423813930017212e-05,Overcast,2004-05-28,17:47:00,17.0,4,1,1.0,Clear or Partly Cloudy
6820,20927,20927,1783738,Matched,Intersection,29722.0,LENORA ST AND WESTERN AVE,,,2,Injury Collision,Cycles,2,0,1,1,1,0,0,2004-10-04T00:00:00.000Z,10/4/2004,At Intersection (intersection related),18,"MOTOR VEHICLE STRUCK PEDALCYCLIST, FRONT END AT ANGLE",,0,Clear or Partly Cloudy,Dry,Daylight,Y,4278003.0,,45.0,Vehicle - Pedalcyclist,0,0,N,POINT (1267625.032238841 226598.1682200879),6319.0,0.0,Clear or Partly Cloudy,2004-10-04,00:00:00,,0,1,,Clear or Partly Cloudy
6937,20959,20959,1773518,Matched,Block,,15TH AVE NW BETWEEN NW 65TH ST AND NW 67TH ST,,,2,Injury Collision,Cycles,2,0,1,1,1,0,0,2004-06-03T00:00:00.000Z,6/3/2004,Mid-Block (but intersection related),54,PEDALCYCLIST STRUCK MOTOR VEHICLE REAR END,,1,Clear or Partly Cloudy,Dry,Daylight,,4155030.0,,45.0,Vehicle - Pedalcyclist,0,0,N,POINT (1260216.284071252 250695.9724687636),84.0,1.7029672792868542e-05,Clear or Partly Cloudy,2004-06-03,00:00:00,,3,1,,Clear or Partly Cloudy
6944,20818,20818,1785157,Matched,Block,,DEXTER AVE N BETWEEN JOHN ST AND THOMAS ST,,,1,Property Damage Only Collision,Cycles,2,0,1,1,0,0,0,2004-09-24T00:00:00.000Z,9/24/2004 8:44:00 AM,Mid-Block (not related to intersection),56,PEDALCYCLIST STRUCK MOTOR VEHICLE LEFT SIDE SIDESWIPE,Y,0,Overcast,Dry,Daylight,,4268008.0,,45.0,Vehicle - Pedalcyclist,0,0,N,POINT (1268278.570927516 229916.2397754937),3489.0,1.3003542269227931e-06,Overcast,2004-09-24,08:44:00,8.0,4,1,1.0,Clear or Partly Cloudy
6961,20549,20549,1777213,Matched,Block,,WESTERN AVE BETWEEN SENECA ST AND UNIVERSITY ST,,,2,Injury Collision,Cycles,2,0,1,1,1,0,0,2004-02-12T00:00:00.000Z,2/12/2004 4:30:00 PM,Driveway Junction,18,"MOTOR VEHICLE STRUCK PEDALCYCLIST, FRONT END AT ANGLE",Y,0,Clear or Partly Cloudy,Dry,Daylight,,4043031.0,,45.0,Vehicle - Pedalcyclist,0,0,N,POINT (1269016.777392268 224688.2739461362),18060.0,2.453745129685409e-05,Clear or Partly Cloudy,2004-02-12,16:30:00,16.0,3,1,1.0,Clear or Partly Cloudy
9069,23019,23019,1772507,Matched,Intersection,29743.0,BOYLSTON AVE AND E PIKE ST,,,2,Injury Collision,Cycles,2,0,1,1,1,0,0,2004-05-31T00:00:00.000Z,5/31/2004 12:03:00 AM,At Intersection (intersection related),51,PEDALCYCLIST STRUCK MOTOR VEHICLE FRONT END AT ANGLE,,0,Clear or Partly Cloudy,Dry,Dark - Street Lights On,,4152002.0,,45.0,Vehicle - Pedalcyclist,0,0,N,POINT (1272915.798580259 227551.9919650704),3931.0,0.0,Clear or Partly Cloudy,2004-05-31,00:03:00,,0,1,,Clear or Partly Cloudy
9122,22892,22892,1080304,Matched,Block,,UNIVERSITY BR BETWEEN POINT B AND EASTLAKE AVE NE,,,2,Injury Collision,Cycles,4,0,1,1,1,0,0,2004-06-18T00:00:00.000Z,6/18/2004 9:12:00 AM,Mid-Block (not related to intersection),21,"MOTOR VEHICLE STRUCK PEDALCYCLIST, REAR END",Y,0,Clear or Partly Cloudy,Dry,Daylight,,4170008.0,,45.0,Vehicle - Pedalcyclist,0,0,N,POINT (1274226.014453605 242173.6891320348),12661.0,1.403072973435018e-06,Clear or Partly Cloudy,2004-06-18,09:12:00,9.0,4,1,1.0,Clear or Partly Cloudy
9190,22905,22905,1774191,Matched,Intersection,26713.0,14TH AVE NW AND NW 45TH ST,,,2b,Serious Injury Collision,Cycles,2,0,1,1,1,1,0,2004-09-26T00:00:00.000Z,9/26/2004 9:50:00 AM,At Intersection (intersection related),51,PEDALCYCLIST STRUCK MOTOR VEHICLE FRONT END AT ANGLE,,0,Clear or Partly Cloudy,Dry,Daylight,,4270013.0,,45.0,Vehicle - Pedalcyclist,0,0,N,POINT (1260883.407143936 245083.1118550152),67.0,0.0,Clear or Partly Cloudy,2004-09-26,09:50:00,9.0,6,0,1.0,Clear or Partly Cloudy
9394,22682,22682,1778846,Matched,Block,,8TH AVE NW BETWEEN NW 78TH ST AND NW 79TH ST,,,3,Fatality Collision,Cycles,2,0,1,1,0,0,1,2004-08-02T00:00:00.000Z,8/2/2004,Mid-Block (not related to intersection),56,PEDALCYCLIST STRUCK MOTOR VEHICLE LEFT SIDE SIDESWIPE,,0,Clear or Partly Cloudy,Dry,Daylight,,4215038.0,,45.0,Vehicle - Pedalcyclist,0,0,N,POINT (1262931.157418042 253928.8585520834),3268.0,7.44885899623021e-09,Clear or Partly Cloudy,2004-08-02,00:00:00,,0,1,,Clear or Partly Cloudy
9530,23269,23269,1482355,Matched,Block,,STEWART ST BETWEEN 2ND AVE AND 3RD AVE,,,2,Injury Collision,Cycles,2,0,1,1,1,0,0,2004-03-11T00:00:00.000Z,3/11/2004 8:20:00 AM,Driveway Junction,18,"MOTOR VEHICLE STRUCK PEDALCYCLIST, FRONT END AT ANGLE",,0,Clear or Partly Cloudy,Dry,Daylight,Y,4071005.0,,45.0,Vehicle - Pedalcyclist,0,0,N,POINT (1268796.992176041 226619.9648921192),17167.0,1.346230068719621e-06,Clear or Partly Cloudy,2004-03-11,08:20:00,8.0,3,1,1.0,Clear or Partly Cloudy
9533,23268,23268,1482325,Matched,Block,,STEWART ST BETWEEN 7TH AVE AND 8TH AVE,,,2,Injury Collision,Cycles,2,0,1,1,1,0,0,2004-08-05T00:00:00.000Z,8/5/2004,Driveway Junction,18,"MOTOR VEHICLE STRUCK PEDALCYCLIST, FRONT END AT ANGLE",,0,Overcast,Wet,Daylight,Y,4218004.0,,45.0,Vehicle - Pedalcyclist,0,0,N,POINT (1269880.35307315 227811.3806373328),8918.0,1.3324707456569407e-05,Overcast,2004-08-05,00:00:00,,3,1,,Clear or Partly Cloudy
9537,23552,23552,1774162,Matched,Intersection,27294.0,25TH AVE NE AND NE 44TH ST,,,2,Injury Collision,Cycles,2,0,1,1,1,0,0,2004-03-19T00:00:00.000Z,3/19/2004 9:59:00 AM,At Intersection (intersection related),18,"MOTOR VEHICLE STRUCK PEDALCYCLIST, FRONT END AT ANGLE",,1,Clear or Partly Cloudy,Dry,Daylight,Y,4079007.0,,45.0,Vehicle - Pedalcyclist,0,0,N,POINT (1278786.247738272 244381.9913423061),5349.0,0.0,Clear or Partly Cloudy,2004-03-19,09:59:00,9.0,4,1,1.0,Clear or Partly Cloudy
9646,23723,23723,1782884,Matched,Intersection,25265.0,8TH AVE NW AND NW 62ND S ST,,,2,Injury Collision,Cycles,2,0,1,1,1,0,0,2004-07-09T00:00:00.000Z,7/9/2004,At Intersection (intersection related),18,"MOTOR VEHICLE STRUCK PEDALCYCLIST, FRONT END AT ANGLE",,0,Raining,Wet,Daylight,,4191006.0,,45.0,Vehicle - Pedalcyclist,0,0,N,POINT (1262817.696809918 249544.5797635913),3264.0,0.0,Raining,2004-07-09,00:00:00,,4,1,,Raining
9760,23735,23735,1781041,Matched,Block,,FREMONT AVE N BETWEEN FREMONT PL N AND N 36TH ST,,,2,Injury Collision,Cycles,1,0,1,0,1,0,0,2004-06-27T00:00:00.000Z,6/27/2004 2:01:00 PM,Mid-Block (not related to intersection),69,PEDALCYCLIST OVERTURNED IN ROAD,,0,Clear or Partly Cloudy,Dry,Daylight,,4179007.0,,45.0,Vehicle - Pedalcyclist,0,0,N,POINT (1266649.644717842 241107.6027309448),11938.0,7.838010636447276e-09,Clear or Partly Cloudy,2004-06-27,14:01:00,14.0,6,0,0.0,Clear or Partly Cloudy
9787,23476,23476,1778548,Matched,Block,,NE 45TH ST BETWEEN MONTLAKE BLVD NE AND U VILLAGE DR,,,2,Injury Collision,Cycles,2,0,1,1,1,0,0,2004-06-04T00:00:00.000Z,6/4/2004,Driveway Junction,18,"MOTOR VEHICLE STRUCK PEDALCYCLIST, FRONT END AT ANGLE",,0,Clear or Partly Cloudy,Dry,Daylight,Y,4156006.0,,45.0,Vehicle - Pedalcyclist,0,0,N,POINT (1279627.135291129 244625.5566545576),21861.0,1.9788959181428966e-05,Clear or Partly Cloudy,2004-06-04,00:00:00,,4,1,,Clear or Partly Cloudy
9819,23489,23489,1796933,Matched,Intersection,25949.0,25TH AVE NE AND NE BLAKELEY ST,,,2,Injury Collision,Cycles,3,0,1,1,1,0,0,2004-12-05T00:00:00.000Z,12/5/2004,At Intersection (intersection related),18,"MOTOR VEHICLE STRUCK PEDALCYCLIST, FRONT END AT ANGLE",,0,Clear or Partly Cloudy,Dry,Daylight,,4340009.0,,45.0,Vehicle - Pedalcyclist,0,0,N,POINT (1278900.484922394 246480.058544457),210.0,0.0,Clear or Partly Cloudy,2004-12-05,00:00:00,,6,0,,Clear or Partly Cloudy
9928,23517,23517,1782452,Matched,Intersection,26803.0,STONE WAY N AND N 44TH ST,,,2,Injury Collision,Cycles,2,0,1,1,1,0,0,2004-03-20T00:00:00.000Z,3/20/2004 2:45:00 PM,At Intersection (but not related to intersection),21,"MOTOR VEHICLE STRUCK PEDALCYCLIST, REAR END",,0,Clear or Partly Cloudy,Dry,Daylight,Y,4080003.0,,45.0,Vehicle - Pedalcyclist,0,0,N,POINT (1268603.962415844 244378.0983503014),972.0,0.0,Clear or Partly Cloudy,2004-03-20,14:45:00,14.0,5,0,0.0,Clear or Partly Cloudy
9930,23516,23516,1782251,Matched,Intersection,27025.0,PHINNEY AVE N AND N 35TH ST,,,2,Injury Collision,Cycles,2,0,1,1,1,0,0,2004-03-21T00:00:00.000Z,3/21/2004 9:37:00 AM,At Intersection (intersection related),18,"MOTOR VEHICLE STRUCK PEDALCYCLIST, FRONT END AT ANGLE",,0,Clear or Partly Cloudy,Dry,Daylight,,4081006.0,,45.0,Vehicle - Pedalcyclist,0,0,N,POINT (1265521.252908692 241319.970475167),4003.0,0.0,Clear or Partly Cloudy,2004-03-21,09:37:00,9.0,6,0,1.0,Clear or Partly Cloudy
9979,23667,23667,1798550,Matched,Block,,BROADWAY E BETWEEN E DENNY WAY AND E OLIVE WAY,,,2,Injury Collision,Cycles,2,0,1,1,1,0,0,2004-10-05T00:00:00.000Z,10/5/2004,Driveway Junction,51,PEDALCYCLIST STRUCK MOTOR VEHICLE FRONT END AT ANGLE,,0,Raining,Wet,Dark - Street Lights On,,4279011.0,,45.0,Vehicle - Pedalcyclist,0,0,N,POINT (1273578.660532936 229455.3690550178),650.0,2.2848738557753853e-05,Raining,2004-10-05,00:00:00,,1,1,,Raining