OBJECTID,INCKEY,COLDETKEY,REPORTNO,STATUS,ADDRTYPE,INTKEY,LOCATION,EXCEPTRSNC,EXCEPTRSND,SEVERITYCO,SEVERITYDE,COLLISIONT,PERSONCOUN,PEDCOUNT,PEDCYLCOUN,VEHCOUNT,INJURIES,SERIOUSINJ,FATALITIES,INCDATE,INCDTTM,JUNCTIONTY,SDOT_COLCO,SDOT_COLDE,INATTENTIO,UNDERINFL,WEATHER,ROADCOND,LIGHTCOND,PEDROWNOTG,SDOTCOLNUM,SPEEDING,ST_COLCODE,ST_COLDESC,SEGLANEKEY,CROSSWALKK,HITPARKEDC,geometry,near_str_index,min_length,weather_group,date,time,hour,dayofweek,weekday,rushhour,weather_group2
8136,21678,21678,1780442,Matched,Intersection,27062.0,UNIVERSITY WAY NE AND NE 45TH ST,,,2,Injury Collision,Cycles,2,0,1,1,1,0,0,2004-06-15T00:00:00.000Z,6/15/2004 8:12:00 AM,At Intersection (intersection related),18,"MOTOR VEHICLE STRUCK PEDALCYCLIST, FRONT END AT ANGLE",,0,Clear or Partly Cloudy,Dry,Daylight,,4167031.0,,45.0,Vehicle - Pedalcyclist,0,0,N,POINT (1275779.900215194 244716.6202066392),10399.0,0.0,Clear or Partly Cloudy,2004-06-15,08:12:00,8.0,1,1,1.0,Clear or Partly Cloudy
8176,21958,21958,1780006,Matched,Intersection,37717.0,17TH AVE NE AND NE 97TH ST,,,2,Injury Collision,Cycles,2,0,1,1,1,0,0,2004-01-12T00:00:00.000Z,1/12/2004 8:45:00 AM,At Intersection (intersection related),18,"MOTOR VEHICLE STRUCK PEDALCYCLIST, FRONT END AT ANGLE",,0,Clear or Partly Cloudy,Dry,Daylight,Y,4012010.0,,45.0,Vehicle - Pedalcyclist,0,0,N,POINT (1276937.208376378 258610.3866208792),5151.0,0.0,Clear or Partly Cloudy,2004-01-12,08:45:00,8.0,0,1,1.0,Clear or Partly Cloudy
8195,21960,21960,1333996,Matched,Intersection,33963.0,DELRIDGE WAY SW AND SW ORCHARD ST,,,2,Injury Collision,Cycles,2,0,1,1,1,0,0,2004-10-08T00:00:00.000Z,10/8/2004,At Intersection (intersection related),18,"MOTOR VEHICLE STRUCK PEDALCYCLIST, FRONT END AT ANGLE",,0,Raining,Wet,Daylight,Y,4282015.0,,45.0,Vehicle - Pedalcyclist,0,0,N,POINT (1263070.140970185 199975.3299208283),8775.0,0.0,Raining,2004-10-08,00:00:00,,4,1,,Raining
8372,22148,22148,1779990,Matched,Block,,NW 85TH ST BETWEEN 1ST AVE NW AND 3RD AVE NW,,,2,Injury Collision,Cycles,1,0,1,0,1,0,0,2004-09-18T00:00:00.000Z,9/18/2004 4:46:00 PM,Mid-Block (but intersection related),66,PEDALCYCLIST STRUCK OBJECT IN ROAD,,0,Raining,Wet,Daylight,,4262012.0,,45.0,Vehicle - Pedalcyclist,0,0,N,POINT (1264613.160619766 255642.0997698307),13957.0,1.4454267926620083e-05,Raining,2004-09-18,16:46:00,16.0,5,0,1.0,Raining
8380,21737,21737,1772565,Matched,Block,,E OLIVE WAY BETWEEN E DENNY WAY AND SUMMIT AVE E,,,2b,Serious Injury Collision,Cycles,2,0,1,1,1,1,0,2004-06-30T00:00:00.000Z,6/30/2004 3:35:00 PM,Mid-Block (but intersection related),54,PEDALCYCLIST STRUCK MOTOR VEHICLE REAR END,,0,Clear or Partly Cloudy,Dry,Daylight,,4182034.0,,45.0,Vehicle - Pedalcyclist,0,0,N,POINT (1272439.664563775 229247.6443828046),21362.0,2.9333782525935816e-05,Clear or Partly Cloudy,2004-06-30,15:35:00,15.0,2,1,1.0,Clear or Partly Cloudy
8483,22442,22442,1788500,Matched,Block,,E OLIVE WAY BETWEEN SUMMIT AVE E AND E JOHN ST,,,1,Property Damage Only Collision,Cycles,2,0,1,1,0,0,0,2004-05-19T00:00:00.000Z,5/19/2004 11:28:00 PM,Driveway Junction,51,PEDALCYCLIST STRUCK MOTOR VEHICLE FRONT END AT ANGLE,,1,Overcast,Dry,Dark - Street Lights On,,4140003.0,,45.0,Vehicle - Pedalcyclist,0,0,N,POINT (1272600.543667942 229456.8583350182),9852.0,8.518760906156732e-06,Overcast,2004-05-19,23:28:00,23.0,2,1,0.0,Clear or Partly Cloudy
8682,22354,22354,1790146,Matched,Intersection,27153.0,EASTLAKE AVE E AND FUHRMAN AVE E,,,2,Injury Collision,Cycles,2,0,1,1,1,0,0,2004-07-20T00:00:00.000Z,7/20/2004 1:51:00 PM,At Intersection (intersection related),11,"MOTOR VEHICLE STRUCK MOTOR VEHICLE, FRONT END AT ANGLE",,0,Clear or Partly Cloudy,Dry,Daylight,Y,4202034.0,,45.0,Vehicle - Pedalcyclist,0,0,N,POINT (1273704.647989064 241221.0042030662),995.0,0.0,Clear or Partly Cloudy,2004-07-20,13:51:00,13.0,1,1,0.0,Clear or Partly Cloudy
8815,22532,22532,1798928,Matched,Block,,24TH AVE E BETWEEN E PROSPECT ST AND E HIGHLAND DR,,,2,Injury Collision,Cycles,2,0,1,1,1,0,0,2004-08-24T00:00:00.000Z,8/24/2004 6:38:00 PM,Driveway Junction,18,"MOTOR VEHICLE STRUCK PEDALCYCLIST, FRONT END AT ANGLE",,0,Clear or Partly Cloudy,Dry,Daylight,Y,4237047.0,,45.0,Vehicle - Pedalcyclist,0,0,N,POINT (1278387.282233864 233174.3974748254),20475.0,0.0,Clear or Partly Cloudy,2004-08-24,18:38:00,18.0,1,1,1.0,Clear or Partly Cloudy
8926,22555,22555,1782600,Matched,Block,,MERIDIAN AVE N BETWEEN N 112TH ST AND N 113TH ST,,,2,Injury Collision,Cycles,2,0,1,1,1,0,0,2004-01-14T00:00:00.000Z,1/14/2004 6:35:00 AM,Driveway Junction,18,"MOTOR VEHICLE STRUCK PEDALCYCLIST, FRONT END AT ANGLE",,0,Raining,Wet,Dark - Street Lights On,Y,4014060.0,,45.0,Vehicle - Pedalcyclist,0,0,N,POINT (1270980.512178287 262596.7982729524),19878.0,7.4503591179236755e-09,Raining,2004-01-14,06:35:00,6.0,2,1,0.0,Raining
8984,22978,22978,1790836,Matched,Block,,CALIFORNIA AVE SW BETWEEN SW OREGON ST AND SW ALASKA ST,,,2,Injury Collision,Cycles,2,0,1,1,1,0,0,2004-10-20T00:00:00.000Z,10/20/2004 6:22:00 PM,Mid-Block (not related to intersection),55,PEDALCYCLIST STRUCK MOTOR VEHICLE RIGHT SIDE SIDESWIPE,,0,Clear or Partly Cloudy,Dry,Dark - Street Lights On,,4294004.0,,45.0,Vehicle - Pedalcyclist,0,0,N,POINT (1256904.120995864 208875.4186339378),18917.0,1.732656074009561e-05,Clear or Partly Cloudy,2004-10-20,18:22:00,18.0,2,1,1.0,Clear or Partly Cloudy
11026,24483,24483,1794628,Matched,Intersection,27299.0,MONTLAKE BLVD NE AND NE PACIFIC ST,,,1,Property Damage Only Collision,Cycles,2,0,1,1,0,0,0,2004-10-01T00:00:00.000Z,10/1/2004,At Intersection (intersection related),18,"MOTOR VEHICLE STRUCK PEDALCYCLIST, FRONT END AT ANGLE",,0,Clear or Partly Cloudy,Dry,Daylight,Y,4275009.0,,45.0,Vehicle - Pedalcyclist,0,0,N,POINT (1277798.016569257 240200.7080100179),12233.0,0.0,Clear or Partly Cloudy,2004-10-01,00:00:00,,4,1,,Clear or Partly Cloudy
11137,25342,25342,1777036,Matched,Block,,4TH AVE S BETWEEN W SEA BR EB 4 AV OFF RP AND S INDUSTRIAL WB WAY,,,2,Injury Collision,Cycles,2,0,1,1,1,0,0,2004-03-06T00:00:00.000Z,3/6/2004,Mid-Block (not related to intersection),18,"MOTOR VEHICLE STRUCK PEDALCYCLIST, FRONT END AT ANGLE",,0,Clear or Partly Cloudy,Dry,Daylight,,4066004.0,,45.0,Vehicle - Pedalcyclist,0,0,N,POINT (1271198.779570505 211060.9522681832),8329.0,2.3178279289073968e-05,Clear or Partly Cloudy,2004-03-06,00:00:00,,5,0,,Clear or Partly Cloudy
11148,25068,25068,1793377,Matched,Block,,BEACON AVE S BETWEEN S HANFORD ST AND S HORTON ST,,,2,Injury Collision,Cycles,2,0,1,1,1,0,0,2004-08-26T00:00:00.000Z,8/26/2004 7:19:00 PM,Mid-Block (not related to intersection),18,"MOTOR VEHICLE STRUCK PEDALCYCLIST, FRONT END AT ANGLE",,0,Overcast,Dry,Dusk,,4239005.0,,45.0,Vehicle - Pedalcyclist,0,0,N,POINT (1276176.738871604 213077.3132942468),3361.0,7.324608281073104e-09,Overcast,2004-08-26,19:19:00,19.0,3,1,1.0,Clear or Partly Cloudy
11196,25216,25216,1774253,Matched,Intersection,24214.0,8TH AVE NW AND NW 65TH ST,,,2b,Serious Injury Collision,Cycles,2,0,1,1,1,1,0,2004-05-14T00:00:00.000Z,5/14/2004 9:47:00 AM,At Intersection (intersection related),18,"MOTOR VEHICLE STRUCK PEDALCYCLIST, FRONT END AT ANGLE",,0,Clear or Partly Cloudy,Dry,Daylight,Y,4135001.0,,45.0,Vehicle - Pedalcyclist,0,0,N,POINT (1262854.94301796 250338.5430283993),6060.0,0.0,Clear or Partly Cloudy,2004-05-14,09:47:00,9.0,4,1,1.0,Clear or Partly Cloudy
11256,25091,25091,1778847,Matched,Intersection,25419.0,8TH AVE NW AND NW MARKET ST,,,2,Injury Collision,Cycles,2,0,1,1,1,0,0,2004-09-16T00:00:00.000Z,9/16/2004 2:22:00 PM,At Intersection (intersection related),51,PEDALCYCLIST STRUCK MOTOR VEHICLE FRONT END AT ANGLE,,0,Raining,Wet,Daylight,,4260013.0,,45.0,Vehicle - Pedalcyclist,0,0,N,POINT (1262763.608617872 247665.3825776577),3263.0,0.0,Raining,2004-09-16,14:22:00,14.0,3,1,0.0,Raining
11295,25233,25233,1482603,Matched,Intersection,28788.0,DEXTER AVE N AND THOMAS ST,,,2,Injury Collision,Cycles,2,0,1,1,1,0,0,2004-05-26T00:00:00.000Z,5/26/2004 9:22:00 AM,At Intersection (intersection related),18,"MOTOR VEHICLE STRUCK PEDALCYCLIST, FRONT END AT ANGLE",,0,Overcast,Wet,Daylight,Y,4147018.0,,45.0,Vehicle - Pedalcyclist,0,0,N,POINT (1268283.993903518 230129.8392637074),3489.0,0.0,Overcast,2004-05-26,09:22:00,9.0,2,1,1.0,Clear or Partly Cloudy
11331,24975,24975,1220461,Matched,Intersection,25532.0,STONE AVE N AND N 50TH ST,,,2,Injury Collision,Cycles,2,0,1,1,1,0,0,2004-09-25T00:00:00.000Z,9/25/2004 6:04:00 PM,At Intersection (intersection related),18,"MOTOR VEHICLE STRUCK PEDALCYCLIST, FRONT END AT ANGLE",,0,Clear or Partly Cloudy,Dry,Dusk,Y,4269007.0,,45.0,Vehicle - Pedalcyclist,0,0,N,POINT (1268673.590063915 246229.3454561979),7066.0,0.0,Clear or Partly Cloudy,2004-09-25,18:04:00,18.0,5,0,1.0,Clear or Partly Cloudy
11409,25276,25276,1782218,Matched,Block,,BROADWAY BETWEEN E HOWELL ST AND E DENNY WAY,,,2,Injury Collision,Cycles,3,0,1,1,1,0,0,2004-07-01T00:00:00.000Z,7/1/2004,Mid-Block (not related to intersection),14,"MOTOR VEHICLE STRUCK MOTOR VEHICLE, REAR END",,0,Clear or Partly Cloudy,Dry,Daylight,,4183023.0,,45.0,Vehicle - Pedalcyclist,0,0,N,POINT (1273574.993460938 229029.2310705781),14763.0,1.6301366547239527e-05,Clear or Partly Cloudy,2004-07-01,00:00:00,,3,1,,Clear or Partly Cloudy
11454,25412,25412,1781890,Matched,Block,,MERIDIAN AVE N BETWEEN N NORTHLAKE WAY AND N 34TH ST,,,2,Injury Collision,Cycles,2,0,1,1,1,0,0,2004-10-19T00:00:00.000Z,10/19/2004 8:42:00 AM,Mid-Block (but intersection related),18,"MOTOR VEHICLE STRUCK PEDALCYCLIST, FRONT END AT ANGLE",,0,Raining,Wet,Daylight,Y,4293036.0,,45.0,Vehicle - Pedalcyclist,0,0,N,POINT (1270559.229041845 239775.8079135865),17978.0,1.6341719992260715e-05,Raining,2004-10-19,08:42:00,8.0,1,1,1.0,Raining
11507,25392,25392,1213763,Matched,Intersection,30447.0,8TH AVE S AND S DEARBORN ST,,,2b,Serious Injury Collision,Cycles,2,0,1,1,1,1,0,2004-03-28T00:00:00.000Z,3/28/2004 11:22:00 AM,At Intersection (intersection related),51,PEDALCYCLIST STRUCK MOTOR VEHICLE FRONT END AT ANGLE,,0,Clear or Partly Cloudy,Dry,Daylight,,4088011.0,,45.0,Vehicle - Pedalcyclist,0,0,N,POINT (1273019.573044375 220895.8416862488),3274.0,0.0,Clear or Partly Cloudy,2004-03-28,11:22:00,11.0,6,0,0.0,Clear or Partly Cloudy
11576,25181,25181,1930984,Matched,Intersection,25738.0,UNIVERSITY WAY NE AND NE RAVENNA EB BV,,,1,Property Damage Only Collision,Cycles,2,0,1,1,0,0,0,2004-12-20T00:00:00.000Z,12/20/2004 2:54:00 PM,At Intersection (intersection related),11,"MOTOR VEHICLE STRUCK MOTOR VEHICLE, FRONT END AT ANGLE",,0,Clear or Partly Cloudy,Dry,Daylight,Y,4355006.0,,45.0,Vehicle - Pedalcyclist,0,0,N,POINT (1275871.742263287 248260.0086262673),8934.0,0.0,Clear or Partly Cloudy,2004-12-20,14:54:00,14.0,0,1,0.0,Clear or Partly Cloudy
11589,24915,24915,1799126,Matched,Intersection,29037.0,14TH AVE E AND E THOMAS E ST,,,2,Injury Collision,Cycles,2,0,1,1,1,0,0,2004-09-30T00:00:00.000Z,9/30/2004 8:16:00 PM,At Intersection (intersection related),51,PEDALCYCLIST STRUCK MOTOR VEHICLE FRONT END AT ANGLE,,0,Overcast,Dry,Dark - Street Lights On,,4274026.0,,45.0,Vehicle - Pedalcyclist,0,0,N,POINT (1275200.838710606 230080.9511996508),5070.0,0.0,Overcast,2004-09-30,20:16:00,20.0,3,1,0.0,Clear or Partly Cloudy
11836,25789,25789,1781356,Matched,Block,,HARBOR AVE SW BETWEEN CALIFORNIA WAY SW AND FAIRMOUNT AVE SW,,,2,Injury Collision,Cycles,4,0,1,1,1,0,0,2004-05-23T00:00:00.000Z,5/23/2004 12:49:00 PM,Driveway Junction,18,"MOTOR VEHICLE STRUCK PEDALCYCLIST, FRONT END AT ANGLE",,0,Clear or Partly Cloudy,Dry,Daylight,Y,4144007.0,,45.0,Vehicle - Pedalcyclist,0,0,N,POINT (1258813.585125819 218426.0909637213),15569.0,1.0984254900840304e-05,Clear or Partly Cloudy,2004-05-23,12:49:00,12.0,6,0,0.0,Clear or Partly Cloudy
11873,25796,25796,1069998,Matched,Block,,NICKERSON ST BETWEEN CREMONA ST AND DRAVUS ST,,,2,Injury Collision,Cycles,2,0,1,1,1,0,0,2004-11-30T00:00:00.000Z,11/30/2004 11:30:00 AM,Driveway Junction,18,"MOTOR VEHICLE STRUCK PEDALCYCLIST, FRONT END AT ANGLE",,0,Overcast,Wet,Daylight,Y,4335028.0,,45.0,Vehicle - Pedalcyclist,0,0,N,POINT (1265078.440684244 240485.4698663056),21597.0,1.2542887797041924e-05,Overcast,2004-11-30,11:30:00,11.0,1,1,0.0,Clear or Partly Cloudy
11890,25672,25672,1798562,Matched,Block,,SW WILLOW ST BETWEEN 35TH AVE SW AND 36TH AVE SW,,,2,Injury Collision,Cycles,3,0,1,1,1,0,0,2004-09-30T00:00:00.000Z,9/30/2004 4:17:00 PM,Driveway Junction,18,"MOTOR VEHICLE STRUCK PEDALCYCLIST, FRONT END AT ANGLE",Y,0,Clear or Partly Cloudy,Dry,Daylight,,4274029.0,,45.0,Vehicle - Pedalcyclist,0,0,N,POINT (1259113.95869413 201182.8961300701),16310.0,0.0,Clear or Partly Cloudy,2004-09-30,16:17:00,16.0,3,1,1.0,Clear or Partly Cloudy
10020,23534,23534,1773648,Matched,Block,,6TH AVE NW BETWEEN NW 45TH ST AND NW 46TH ST,,,2,Injury Collision,Cycles,3,0,1,1,1,0,0,2004-06-20T00:00:00.000Z,6/20/2004 6:52:00 PM,Mid-Block (but intersection related),18,"MOTOR VEHICLE STRUCK PEDALCYCLIST, FRONT END AT ANGLE",,1,Clear or Partly Cloudy,Dry,Daylight,,4172014.0,,45.0,Vehicle - Pedalcyclist,0,0,N,POINT (1263249.385642365 245165.1817431003),20532.0,0.0,Clear or Partly Cloudy,2004-06-20,18:52:00,18.0,6,0,1.0,Clear or Partly Cloudy
10191,23990,23990,1482528,Matched,Intersection,29582.0,1ST AVE AND VIRGINIA ST,,,2,Injury Collision,Cycles,3,0,1,1,1,0,0,2004-04-22T00:00:00.000Z,4/22/2004 7:12:00 PM,At Intersection (intersection related),18,"MOTOR VEHICLE STRUCK PEDALCYCLIST, FRONT END AT ANGLE",,0,Clear or Partly Cloudy,Dry,Daylight,Y,4113039.0,,45.0,Vehicle - Pedalcyclist,0,0,N,POINT (1268156.847407386 226549.5873560458),2268.0,0.0,Clear or Partly Cloudy,2004-04-22,19:12:00,19.0,3,1,1.0,Clear or Partly Cloudy
10318,24026,24026,1772953,Matched,Intersection,35444.0,RAINIER AVE S AND S DIRECTOR S ST,,,2,Injury Collision,Cycles,2,0,1,1,1,0,0,2004-07-21T00:00:00.000Z,7/21/2004 1:21:00 PM,At Intersection (intersection related),18,"MOTOR VEHICLE STRUCK PEDALCYCLIST, FRONT END AT ANGLE",,0,Clear or Partly Cloudy,Dry,Daylight,,4203039.0,,45.0,Vehicle - Pedalcyclist,0,0,N,POINT (1285458.921025112 193688.5295303911),4459.0,0.0,Clear or Partly Cloudy,2004-07-21,13:21:00,13.0,2,1,0.0,Clear or Partly Cloudy
10337,24290,24290,1069699,Matched,Intersection,30367.0,ALASKAN WAY S AND S KING ST,,,2,Injury Collision,Cycles,2,0,1,1,1,0,0,2004-12-22T00:00:00.000Z,12/22/2004 7:44:00 AM,At Intersection (intersection related),51,PEDALCYCLIST STRUCK MOTOR VEHICLE FRONT END AT ANGLE,,0,Clear or Partly Cloudy,Dry,Daylight,,4357029.0,,45.0,Vehicle - Pedalcyclist,0,0,N,,,,Clear or Partly Cloudy,2004-12-22,07:44:00,7.0,2,1,1.0,Clear or Partly Cloudy
10349,23899,23899,1771327,Matched,Block,,RAINIER AVE S BETWEEN S FOREST ST AND M L KING JR WAY S,,,2,Injury Collision,Cycles,2,0,1,1,1,0,0,2004-01-27T00:00:00.000Z,1/27/2004 5:04:00 PM,Driveway Junction,18,"MOTOR VEHICLE STRUCK PEDALCYCLIST, FRONT END AT ANGLE",,0,Clear or Partly Cloudy,Dry,Dusk,Y,4027005.0,,45.0,Vehicle - Pedalcyclist,0,0,N,POINT (1279149.975418642 213887.4315030724),10372.0,8.050861236951097e-06,Clear or Partly Cloudy,2004-01-27,17:04:00,17.0,1,1,1.0,Clear or Partly Cloudy
10406,24181,24181,1072241,Matched,Intersection,30350.0,MARION ST AND WESTERN AVE,,,2,Injury Collision,Cycles,2,0,1,1,1,0,0,2004-07-14T00:00:00.000Z,7/14/2004 3:44:00 PM,At Intersection (intersection related),51,PEDALCYCLIST STRUCK MOTOR VEHICLE FRONT END AT ANGLE,,0,Clear or Partly Cloudy,Dry,Daylight,,4196012.0,,45.0,Vehicle - Pedalcyclist,0,0,N,POINT (1269562.016816825 223767.3386491984),3652.0,0.0,Clear or Partly Cloudy,2004-07-14,15:44:00,15.0,2,1,1.0,Clear or Partly Cloudy
10456,23790,23790,C628470,Matched,Block,,NE 145TH ST BETWEEN 15TH AVE NE AND 17TH AVE NE,,,2,Injury Collision,Cycles,2,0,1,1,1,0,0,2004-02-06T00:00:00.000Z,2/6/2004,Mid-Block (not related to intersection),54,PEDALCYCLIST STRUCK MOTOR VEHICLE REAR END,,0,Raining,Wet,Dark - Street Lights On,,4037047.0,,45.0,Vehicle - Pedalcyclist,0,0,N,POINT (1276715.704760149 271210.0434017777),16518.0,4.668306706616882e-06,Raining,2004-02-06,00:00:00,,4,1,,Raining
10507,23801,23801,1797980,Matched,Block,,E JOHN ST BETWEEN SUMMIT AVE E AND E OLIVE WAY,,,2,Injury Collision,Cycles,3,0,1,1,1,0,0,2004-09-29T00:00:00.000Z,9/29/2004 11:46:00 PM,Driveway Junction,18,"MOTOR VEHICLE STRUCK PEDALCYCLIST, FRONT END AT ANGLE",Y,0,Clear or Partly Cloudy,Dry,Daylight,,4273018.0,,45.0,Vehicle - Pedalcyclist,0,0,N,POINT (1272623.476787969 229604.6706871688),8985.0,1.116243952769702e-06,Clear or Partly Cloudy,2004-09-29,23:46:00,23.0,2,1,0.0,Clear or Partly Cloudy
10516,23939,23939,1798531,Matched,Intersection,32795.0,35TH AVE SW AND SW BRANDON ST,,,2,Injury Collision,Cycles,2,0,1,1,1,0,0,2004-07-04T00:00:00.000Z,7/4/2004,At Intersection (intersection related),18,"MOTOR VEHICLE STRUCK PEDALCYCLIST, FRONT END AT ANGLE",,0,Clear or Partly Cloudy,Dry,Dark - Street Lights On,,4186005.0,,45.0,Vehicle - Pedalcyclist,0,0,N,POINT (1259436.038694456 205821.876358822),1954.0,0.0,Clear or Partly Cloudy,2004-07-04,00:00:00,,6,0,,Clear or Partly Cloudy
10572,24502,24502,1772380,Matched,Intersection,29026.0,FEDERAL AVE E AND E HARRISON ST,,,2,Injury Collision,Cycles,4,0,1,1,1,0,0,2004-05-01T00:00:00.000Z,5/1/2004,At Intersection (intersection related),51,PEDALCYCLIST STRUCK MOTOR VEHICLE FRONT END AT ANGLE,,0,Clear or Partly Cloudy,Dry,Daylight,,4122034.0,,45.0,Vehicle - Pedalcyclist,0,0,N,POINT (1274088.013621464 230414.0719680041),3527.0,0.0,Clear or Partly Cloudy,2004-05-01,00:00:00,,5,0,,Clear or Partly Cloudy
10642,24652,24652,1790603,Matched,Intersection,34147.0,16TH AVE SW AND SW HOLDEN ST,,,2,Injury Collision,Cycles,3,0,1,1,1,0,0,2004-05-18T00:00:00.000Z,5/18/2004 1:36:00 PM,At Intersection (intersection related),18,"MOTOR VEHICLE STRUCK PEDALCYCLIST, FRONT END AT ANGLE",,0,Clear or Partly Cloudy,Dry,Daylight,Y,4139002.0,,45.0,Vehicle - Pedalcyclist,0,0,N,POINT (1264535.759659678 198387.0721272081),4698.0,0.0,Clear or Partly Cloudy,2004-05-18,13:36:00,13.0,1,1,0.0,Clear or Partly Cloudy
10725,24540,24540,1856504,Matched,Block,,E ROANOKE ST BETWEEN BROADWAY E AND 10TH W AVE E,,,2,Injury Collision,Cycles,2,0,1,1,1,0,0,2004-02-26T00:00:00.000Z,2/26/2004 8:20:00 PM,Mid-Block (not related to intersection),18,"MOTOR VEHICLE STRUCK PEDALCYCLIST, FRONT END AT ANGLE",,1,Raining,Wet,Dark - Street Lights On,,4057040.0,,45.0,Vehicle - Pedalcyclist,0,0,N,POINT (1273847.204149216 238159.2889359295),18118.0,6.436268505674675e-06,Raining,2004-02-26,20:20:00,20.0,3,1,0.0,Raining
10855,24862,24862,1775190,Matched,Block,,HARBOR AVE SW BETWEEN SW MARYLAND PL AND CALIFORNIA WAY SW,,,2,Injury Collision,Cycles,3,0,1,2,1,0,0,2004-04-10T00:00:00.000Z,4/10/2004 1:49:00 PM,Mid-Block (not related to intersection),56,PEDALCYCLIST STRUCK MOTOR VEHICLE LEFT SIDE SIDESWIPE,,0,Clear or Partly Cloudy,Dry,Daylight,,4101003.0,,45.0,Vehicle - Pedalcyclist,0,0,N,POINT (1258205.826917201 219540.360020861),6404.0,2.0954053904114126e-05,Clear or Partly Cloudy,2004-04-10,13:49:00,13.0,5,0,0.0,Clear or Partly Cloudy
13123,26535,26535,1780896,Matched,Block,,NE 40TH ST BETWEEN 7TH AVE NE AND UNIVERSITY BR OFF RP,,,2,Injury Collision,Cycles,2,0,1,1,1,0,0,2004-10-14T00:00:00.000Z,10/14/2004 5:30:00 PM,Mid-Block (not related to intersection),18,"MOTOR VEHICLE STRUCK PEDALCYCLIST, FRONT END AT ANGLE",,0,Unknown,Unknown,Unknown,,4288001.0,,45.0,Vehicle - Pedalcyclist,0,0,N,POINT (1274257.475829631 242649.8072765321),13899.0,1.7102748335079325e-05,,2004-10-14,17:30:00,17.0,3,1,1.0,
13239,26563,26563,1080205,Matched,Intersection,24214.0,8TH AVE NW AND NW 65TH ST,,,1,Property Damage Only Collision,Cycles,2,0,1,1,0,0,0,2004-07-26T00:00:00.000Z,7/26/2004 2:48:00 PM,At Intersection (intersection related),18,"MOTOR VEHICLE STRUCK PEDALCYCLIST, FRONT END AT ANGLE",,0,Clear or Partly Cloudy,Dry,Daylight,,4208015.0,,45.0,Vehicle - Pedalcyclist,0,0,N,POINT (1262854.94301796 250338.5430283993),6060.0,0.0,Clear or Partly Cloudy,2004-07-26,14:48:00,14.0,0,1,0.0,Clear or Partly Cloudy
13310,26991,26991,1321224,Matched,Block,,ALASKAN WAY BETWEEN VIRGINIA ST AND LENORA ST,,,2,Injury Collision,Cycles,3,0,1,1,1,0,0,2004-09-22T00:00:00.000Z,9/22/2004 5:51:00 AM,Mid-Block (not related to intersection),56,PEDALCYCLIST STRUCK MOTOR VEHICLE LEFT SIDE SIDESWIPE,,0,Clear or Partly Cloudy,Dry,Dawn,,4266044.0,,45.0,Vehicle - Pedalcyclist,0,0,N,POINT (1267398.513518617 226032.9394835085),6110.0,8.491434657810909e-06,Clear or Partly Cloudy,2004-09-22,05:51:00,5.0,2,1,0.0,Clear or Partly Cloudy
13347,27136,27136,1782358,Matched,Intersection,25464.0,LEARY WAY NW AND NW 46TH ST,,,2,Injury Collision,Cycles,2,0,1,1,1,0,0,2004-05-05T00:00:00.000Z,5/5/2004,At Intersection (intersection related),18,"MOTOR VEHICLE STRUCK PEDALCYCLIST, FRONT END AT ANGLE",,0,Clear or Partly Cloudy,Dry,Daylight,Y,4126006.0,,45.0,Vehicle - Pedalcyclist,0,0,N,POINT (1262301.018409386 245318.484655261),804.0,0.0,Clear or Partly Cloudy,2004-05-05,00:00:00,,2,1,,Clear or Partly Cloudy
13355,27289,27289,1785226,Matched,Block,,WALL ST BETWEEN ALASKAN WAY AND ELLIOTT AVE,,,2b,Serious Injury Collision,Cycles,2,0,1,1,1,1,0,2004-09-29T00:00:00.000Z,9/29/2004 6:06:00 PM,Driveway Junction,18,"MOTOR VEHICLE STRUCK PEDALCYCLIST, FRONT END AT ANGLE",,0,Clear or Partly Cloudy,Dry,Daylight,,4273019.0,,45.0,Vehicle - Pedalcyclist,0,0,N,POINT (1266146.21738933 227326.5637408346),6740.0,1.8300872351331008e-05,Clear or Partly Cloudy,2004-09-29,18:06:00,18.0,2,1,1.0,Clear or Partly Cloudy
13419,27166,27166,1779937,Matched,Intersection,25403.0,15TH AVE NW AND NW 58TH ST,,,2,Injury Collision,Cycles,2,0,1,1,1,0,0,2004-02-13T00:00:00.000Z,2/13/2004 11:34:00 PM,At Intersection (intersection related),18,"MOTOR VEHICLE STRUCK PEDALCYCLIST, FRONT END AT ANGLE",,0,Raining,Wet,Dark - Street Lights On,Y,4044008.0,,45.0,Vehicle - Pedalcyclist,0,0,N,POINT (1260308.138791353 248534.5780985504),2398.0,0.0,Raining,2004-02-13,23:34:00,23.0,4,1,0.0,Raining
13486,27605,27605,1793741,Matched,Block,,AURORA AVE N BETWEEN N 100TH ST AND N 101ST ST,,,2,Injury Collision,Cycles,2,0,1,1,1,0,0,2004-10-31T00:00:00.000Z,10/31/2004 8:32:00 PM,Driveway Junction,18,"MOTOR VEHICLE STRUCK PEDALCYCLIST, FRONT END AT ANGLE",,1,Clear or Partly Cloudy,Dry,Dark - Street Lights On,Y,4305020.0,,45.0,Vehicle - Pedalcyclist,0,0,N,POINT (1268302.892335534 259645.5570539385),19741.0,2.894440245362095e-05,Clear or Partly Cloudy,2004-10-31,20:32:00,20.0,6,0,0.0,Clear or Partly Cloudy