OBJECTID,INCKEY,COLDETKEY,REPORTNO,STATUS,ADDRTYPE,INTKEY,LOCATION,EXCEPTRSNC,EXCEPTRSND,SEVERITYCO,SEVERITYDE,COLLISIONT,PERSONCOUN,PEDCOUNT,PEDCYLCOUN,VEHCOUNT,INJURIES,SERIOUSINJ,FATALITIES,INCDATE,INCDTTM,JUNCTIONTY,SDOT_COLCO,SDOT_COLDE,INATTENTIO,UNDERINFL,WEATHER,ROADCOND,LIGHTCOND,PEDROWNOTG,SDOTCOLNUM,SPEEDING,ST_COLCODE,ST_COLDESC,SEGLANEKEY,CROSSWALKK,HITPARKEDC,geometry,near_str_index,min_length,weather_group,date,time,hour,dayofweek,weekday,rushhour,weather_group2
13562,27592,27592,1482713,Matched,Intersection,29510.0,DENNY WAY AND WESTLAKE AVE,,,2,Injury Collision,Cycles,3,0,1,1,1,0,0,2004-05-14T00:00:00.000Z,5/14/2004 10:24:00 AM,At Intersection (intersection related),51,PEDALCYCLIST STRUCK MOTOR VEHICLE FRONT END AT ANGLE,Y,0,Clear or Partly Cloudy,Dry,Daylight,,4135005.0,,45.0,Vehicle - Pedalcyclist,0,0,N,POINT (1269228.121136487 229252.4793908149),1030.0,0.0,Clear or Partly Cloudy,2004-05-14,10:24:00,10.0,4,1,0.0,Clear or Partly Cloudy
13624,27616,27616,1318124,Matched,Intersection,24082.0,3RD AVE NW AND NW 73RD ST,,,2,Injury Collision,Cycles,2,0,1,1,1,0,0,2004-05-18T00:00:00.000Z,5/18/2004 6:42:00 AM,At Intersection (intersection related),18,"MOTOR VEHICLE STRUCK PEDALCYCLIST, FRONT END AT ANGLE",,0,Clear or Partly Cloudy,Dry,Daylight,Y,4139001.0,,45.0,Vehicle - Pedalcyclist,0,0,N,POINT (1264260.127275392 252429.4621985406),16117.0,0.0,Clear or Partly Cloudy,2004-05-18,06:42:00,6.0,1,1,0.0,Clear or Partly Cloudy
13664,27356,27356,1475098,Matched,Intersection,28668.0,ELLIOTT ER AVE W AND WESTERN AVE W,,,2,Injury Collision,Cycles,2,0,1,1,1,0,0,2004-03-02T00:00:00.000Z,3/2/2004,At Intersection (intersection related),18,"MOTOR VEHICLE STRUCK PEDALCYCLIST, FRONT END AT ANGLE",,0,Clear or Partly Cloudy,Dry,Daylight,Y,4062020.0,,45.0,Vehicle - Pedalcyclist,0,0,N,POINT (1263924.401707053 229960.5249595344),21828.0,0.0,Clear or Partly Cloudy,2004-03-02,00:00:00,,1,1,,Clear or Partly Cloudy
13773,27240,27240,1217195,Matched,Block,,LAKE WASHINGTON BLVD E BETWEEN ARBORETUM DR E AND E INTERLAKEN BLVD,,,2,Injury Collision,Cycles,1,0,1,0,1,0,0,2004-10-02T00:00:00.000Z,10/2/2004,Driveway Junction,69,PEDALCYCLIST OVERTURNED IN ROAD,,0,Clear or Partly Cloudy,Dry,Daylight,,4276012.0,,45.0,Vehicle - Pedalcyclist,0,0,N,POINT (1279763.806203276 232942.8689625859),790.0,7.777070419702952e-06,Clear or Partly Cloudy,2004-10-02,00:00:00,,5,0,,Clear or Partly Cloudy
13852,27539,27539,1220278,Matched,Block,,STONE WAY N BETWEEN N 38TH ST AND N 39TH ST,,,2b,Serious Injury Collision,Cycles,2,0,1,1,1,1,0,2004-08-27T00:00:00.000Z,8/27/2004 5:20:00 PM,Driveway Junction,18,"MOTOR VEHICLE STRUCK PEDALCYCLIST, FRONT END AT ANGLE",,0,Overcast,Dry,Daylight,Y,4240006.0,,45.0,Vehicle - Pedalcyclist,0,0,N,POINT (1268478.03998372 241992.2783158571),10391.0,4.096066534254264e-10,Overcast,2004-08-27,17:20:00,17.0,4,1,1.0,Clear or Partly Cloudy
13853,27544,27544,1482324,Matched,Block,,20TH AVE W BETWEEN ELLIOTT BAY TRL AND THORNDYKE AVE W,,,2,Injury Collision,Cycles,2,0,1,1,1,0,0,2004-07-23T00:00:00.000Z,7/23/2004 8:14:00 AM,Driveway Junction,18,"MOTOR VEHICLE STRUCK PEDALCYCLIST, FRONT END AT ANGLE",,0,Clear or Partly Cloudy,Dry,Daylight,Y,4205001.0,,45.0,Vehicle - Pedalcyclist,0,0,N,POINT (1258670.515173674 238844.1037206352),2537.0,3.81501812753153e-06,Clear or Partly Cloudy,2004-07-23,08:14:00,8.0,4,1,1.0,Clear or Partly Cloudy
13884,28111,28111,1214115,Matched,Intersection,334512.0,TAYLOR AVE N AND WARD PL,,,2,Injury Collision,Cycles,2,0,1,1,1,0,0,2004-10-07T00:00:00.000Z,10/7/2004,At Intersection (intersection related),51,PEDALCYCLIST STRUCK MOTOR VEHICLE FRONT END AT ANGLE,Y,0,Clear or Partly Cloudy,Dry,Daylight,,4281003.0,,45.0,Vehicle - Pedalcyclist,0,0,N,POINT (1267378.671150595 232522.3525461555),3817.0,0.0,Clear or Partly Cloudy,2004-10-07,00:00:00,,3,1,,Clear or Partly Cloudy
12003,25826,25826,1773432,Matched,Block,,HOLMAN RD NW BETWEEN 6TH AVE NW AND 4TH AVE NW,,,2,Injury Collision,Cycles,2,0,1,1,1,0,0,2004-10-22T00:00:00.000Z,10/22/2004 6:50:00 AM,Driveway Junction,18,"MOTOR VEHICLE STRUCK PEDALCYCLIST, FRONT END AT ANGLE",,0,Overcast,Dry,Dawn,Y,4296004.0,,45.0,Vehicle - Pedalcyclist,0,0,N,POINT (1263849.937514976 259587.4847978652),16027.0,3.664662104581522e-05,Overcast,2004-10-22,06:50:00,6.0,4,1,0.0,Clear or Partly Cloudy
12109,25455,25455,1781845,Matched,Block,,8TH AVE NW BETWEEN NW 87TH ST AND NW 88TH ST,,,2,Injury Collision,Cycles,2,0,1,1,1,0,0,2004-10-30T00:00:00.000Z,10/30/2004 9:10:00 AM,Mid-Block (not related to intersection),18,"MOTOR VEHICLE STRUCK PEDALCYCLIST, FRONT END AT ANGLE",,1,Clear or Partly Cloudy,Dry,Daylight,,4304010.0,,45.0,Vehicle - Pedalcyclist,0,0,N,POINT (1262979.458730087 256341.8743625432),575.0,3.1085839115462856e-05,Clear or Partly Cloudy,2004-10-30,09:10:00,9.0,5,0,1.0,Clear or Partly Cloudy
12154,25739,25739,1320450,Matched,Block,,12TH AVE S BETWEEN E YESLER WAY AND BOREN AVE S,,,2,Injury Collision,Cycles,1,0,1,0,1,0,0,2004-04-26T00:00:00.000Z,4/26/2004 9:51:00 PM,Mid-Block (but intersection related),26,MOTOR VEHICLE STRUCK OBJECT IN ROAD,Y,0,Clear or Partly Cloudy,Dry,Dark - Street Lights On,,4117019.0,,45.0,Vehicle - Pedalcyclist,0,0,N,POINT (1274435.638197824 222853.8910962641),8412.0,6.120024547927893e-09,Clear or Partly Cloudy,2004-04-26,21:51:00,21.0,0,1,0.0,Clear or Partly Cloudy
12199,25883,25883,1781267,Matched,Block,,HARBOR AVE SW BETWEEN CALIFORNIA WAY SW AND FAIRMOUNT AVE SW,,,2,Injury Collision,Cycles,2,0,1,1,1,0,0,2004-06-22T00:00:00.000Z,6/22/2004 5:37:00 PM,Mid-Block (not related to intersection),18,"MOTOR VEHICLE STRUCK PEDALCYCLIST, FRONT END AT ANGLE",,0,Clear or Partly Cloudy,Dry,Daylight,Y,4174007.0,,45.0,Vehicle - Pedalcyclist,0,0,N,POINT (1258813.585125819 218426.0909637213),15569.0,1.0984254900840304e-05,Clear or Partly Cloudy,2004-06-22,17:37:00,17.0,1,1,1.0,Clear or Partly Cloudy
12353,26328,26328,1776175,Matched,Intersection,27189.0,MERIDIAN AVE N AND N 44TH ST,,,2,Injury Collision,Cycles,2,0,1,1,1,0,0,2004-09-08T00:00:00.000Z,9/8/2004,At Intersection (intersection related),51,PEDALCYCLIST STRUCK MOTOR VEHICLE FRONT END AT ANGLE,,1,Overcast,Dry,Dark - No Street Lights,,4252039.0,,45.0,Vehicle - Pedalcyclist,0,0,N,POINT (1270694.243633986 244460.1606863886),3665.0,0.0,Overcast,2004-09-08,00:00:00,,2,1,,Clear or Partly Cloudy
12405,26350,26350,1219932,Matched,Intersection,26800.0,WOODLAND PARK AVE N AND N 45TH ST,,,2,Injury Collision,Cycles,2,0,1,1,1,0,0,2004-08-28T00:00:00.000Z,8/28/2004 11:51:00 PM,At Intersection (intersection related),51,PEDALCYCLIST STRUCK MOTOR VEHICLE FRONT END AT ANGLE,,0,Clear or Partly Cloudy,Dry,Dark - Street Lights Off,,4241007.0,,45.0,Vehicle - Pedalcyclist,0,0,N,POINT (1268037.223727271 244909.2141268402),7051.0,0.0,Clear or Partly Cloudy,2004-08-28,23:51:00,23.0,5,0,0.0,Clear or Partly Cloudy
12412,26076,26076,1775341,Matched,Intersection,34778.0,FAUNTLEROY WAY SW AND SW THISTLE ST,,,2,Injury Collision,Cycles,2,0,1,1,1,0,0,2004-08-24T00:00:00.000Z,8/24/2004 4:39:00 PM,At Intersection (but not related to intersection),18,"MOTOR VEHICLE STRUCK PEDALCYCLIST, FRONT END AT ANGLE",Y,0,Raining,Standing Water,Daylight,Y,4237048.0,,45.0,Vehicle - Pedalcyclist,0,0,N,POINT (1255186.525986105 196710.6970854849),4748.0,0.0,Raining,2004-08-24,16:39:00,16.0,1,1,1.0,Raining
12441,26237,26237,1794982,Matched,Intersection,27281.0,MERIDIAN AVE N AND N NORTHLAKE WAY,,,2,Injury Collision,Cycles,2,0,1,1,1,0,0,2004-09-11T00:00:00.000Z,9/11/2004 12:25:00 PM,At Intersection (intersection related),18,"MOTOR VEHICLE STRUCK PEDALCYCLIST, FRONT END AT ANGLE",,0,Clear or Partly Cloudy,Dry,Daylight,Y,4255011.0,,45.0,Vehicle - Pedalcyclist,0,0,N,POINT (1270553.529905841 239563.4763933718),17978.0,0.0,Clear or Partly Cloudy,2004-09-11,12:25:00,12.0,5,0,0.0,Clear or Partly Cloudy
12443,26235,26235,1794855,Matched,Intersection,26900.0,CARR PL N AND N 35TH ST,,,2,Injury Collision,Cycles,2,0,1,1,1,0,0,2004-11-11T00:00:00.000Z,11/11/2004 5:18:00 PM,At Intersection (intersection related),51,PEDALCYCLIST STRUCK MOTOR VEHICLE FRONT END AT ANGLE,,0,Clear or Partly Cloudy,Dry,Dusk,,4316026.0,,45.0,Vehicle - Pedalcyclist,0,0,N,POINT (1269226.300208479 240444.3073702753),3429.0,0.0,Clear or Partly Cloudy,2004-11-11,17:18:00,17.0,3,1,1.0,Clear or Partly Cloudy
12484,26093,26093,1778629,Matched,Block,,AURORA AVE N BETWEEN HALLADAY ST AND RAYE ST,,,2,Injury Collision,Cycles,2,0,1,1,1,0,0,2004-04-01T00:00:00.000Z,4/1/2004,Mid-Block (not related to intersection),51,PEDALCYCLIST STRUCK MOTOR VEHICLE FRONT END AT ANGLE,,0,Clear or Partly Cloudy,Dry,Daylight,,4092004.0,,45.0,Vehicle - Pedalcyclist,0,0,N,POINT (1267287.648494497 238079.9548558444),16390.0,5.89017475811062e-06,Clear or Partly Cloudy,2004-04-01,00:00:00,,3,1,,Clear or Partly Cloudy
12561,26504,26504,1205169,Matched,Block,,N 105TH ST BETWEEN WHITMAN AVE N AND AURORA AVE N,,,2,Injury Collision,Cycles,1,0,1,0,1,0,0,2004-05-10T00:00:00.000Z,5/10/2004 2:27:00 PM,Driveway Junction,18,"MOTOR VEHICLE STRUCK PEDALCYCLIST, FRONT END AT ANGLE",,0,Raining,Wet,Daylight,,4131008.0,,45.0,Vehicle - Pedalcyclist,0,0,N,POINT (1268151.208431378 260838.8260471523),6973.0,1.3878991119233325e-05,Raining,2004-05-10,14:27:00,14.0,0,1,0.0,Raining
12588,26126,26126,1789685,Matched,Block,,EASTLAKE AVE E BETWEEN HARVARD AVE E AND FUHRMAN AVE E,,,2,Injury Collision,Cycles,2,0,1,1,1,0,0,2004-06-05T00:00:00.000Z,6/5/2004,Driveway Junction,51,PEDALCYCLIST STRUCK MOTOR VEHICLE FRONT END AT ANGLE,,0,Raining,Dry,Daylight,,4157002.0,,45.0,Vehicle - Pedalcyclist,0,0,N,POINT (1273599.974708959 241029.8313388675),6317.0,1.4142158170737939e-05,Raining,2004-06-05,00:00:00,,5,0,,Raining
12610,26004,26004,1198402,Matched,Intersection,30430.0,12TH AVE S AND S KING ST,,,2b,Serious Injury Collision,Cycles,4,0,1,1,1,1,0,2004-11-12T00:00:00.000Z,11/12/2004 4:55:00 PM,At Intersection (intersection related),18,"MOTOR VEHICLE STRUCK PEDALCYCLIST, FRONT END AT ANGLE",,0,Clear or Partly Cloudy,Dry,Dark - Street Lights On,,4317005.0,,45.0,Vehicle - Pedalcyclist,0,0,N,POINT (1274327.555381715 221785.0008551627),9996.0,0.0,Clear or Partly Cloudy,2004-11-12,16:55:00,16.0,4,1,1.0,Clear or Partly Cloudy
12664,26145,26145,1217326,Matched,Intersection,28303.0,EASTLAKE AVE E AND E LOUISA ST,,,2,Injury Collision,Cycles,3,0,1,1,1,0,0,2004-08-14T00:00:00.000Z,8/14/2004 6:47:00 PM,At Intersection (intersection related),18,"MOTOR VEHICLE STRUCK PEDALCYCLIST, FRONT END AT ANGLE",,0,Clear or Partly Cloudy,Dry,Daylight,,4227010.0,,45.0,Vehicle - Pedalcyclist,0,0,N,POINT (1272500.319795832 237760.9773195237),6316.0,0.0,Clear or Partly Cloudy,2004-08-14,18:47:00,18.0,5,0,1.0,Clear or Partly Cloudy
12821,26864,26864,1798528,Matched,Block,,SW BARTON ST BETWEEN 26TH AVE SW AND 29TH AVE SW,,,2,Injury Collision,Cycles,2,0,1,1,1,0,0,2004-06-25T00:00:00.000Z,6/25/2004 6:16:00 PM,Driveway Junction,18,"MOTOR VEHICLE STRUCK PEDALCYCLIST, FRONT END AT ANGLE",,1,Clear or Partly Cloudy,Dry,Daylight,,4177004.0,,45.0,Vehicle - Pedalcyclist,0,0,N,POINT (1261257.90519233 193836.8662345409),11526.0,9.724152838349038e-06,Clear or Partly Cloudy,2004-06-25,18:16:00,18.0,4,1,1.0,Clear or Partly Cloudy
12889,26753,26753,1080155,Matched,Intersection,24323.0,FREMONT AVE N AND N 73RD ST,,,2,Injury Collision,Cycles,2,0,1,1,1,0,0,2004-08-17T00:00:00.000Z,8/17/2004 4:18:00 PM,At Intersection (intersection related),51,PEDALCYCLIST STRUCK MOTOR VEHICLE FRONT END AT ANGLE,,0,Clear or Partly Cloudy,Dry,Daylight,,4230010.0,,45.0,Vehicle - Pedalcyclist,0,0,N,POINT (1266870.364206076 252381.6311585009),3536.0,0.0,Clear or Partly Cloudy,2004-08-17,16:18:00,16.0,1,1,1.0,Clear or Partly Cloudy
12962,27039,27039,1476139,Matched,Intersection,25132.0,24TH AVE NW AND NW 58TH ST,,,2,Injury Collision,Cycles,2,0,1,1,1,0,0,2004-05-07T00:00:00.000Z,5/7/2004,At Intersection (intersection related),18,"MOTOR VEHICLE STRUCK PEDALCYCLIST, FRONT END AT ANGLE",,0,Raining,Wet,Daylight,Y,4128004.0,,45.0,Vehicle - Pedalcyclist,0,0,N,POINT (1257506.266148478 248596.4105466157),7478.0,0.0,Raining,2004-05-07,00:00:00,,4,1,,Raining
12981,27050,27050,1218473,Matched,Intersection,27039.0,FREMONT AVE N AND N 34TH ST,,,2b,Serious Injury Collision,Cycles,2,0,1,1,1,1,0,2004-04-29T00:00:00.000Z,4/29/2004 10:10:00 AM,At Intersection (intersection related),18,"MOTOR VEHICLE STRUCK PEDALCYCLIST, FRONT END AT ANGLE",,0,Clear or Partly Cloudy,Dry,Daylight,Y,4120010.0,,45.0,Vehicle - Pedalcyclist,0,0,N,POINT (1266674.116909876 240632.7658664584),1223.0,0.0,Clear or Partly Cloudy,2004-04-29,10:10:00,10.0,3,1,0.0,Clear or Partly Cloudy
12983,27049,27049,1217190,Matched,Block,,LAKE WASHINGTON BLVD BETWEEN E TERRACE ST AND E JEFFERSON ST,,,2,Injury Collision,Cycles,2,0,1,1,1,0,0,2004-08-14T00:00:00.000Z,8/14/2004 6:55:00 AM,Mid-Block (not related to intersection),18,"MOTOR VEHICLE STRUCK PEDALCYCLIST, FRONT END AT ANGLE",,0,Clear or Partly Cloudy,Dry,Daylight,,4227006.0,,45.0,Vehicle - Pedalcyclist,0,0,N,POINT (1282694.302654281 224157.6704255939),789.0,1.0774933041099153e-05,Clear or Partly Cloudy,2004-08-14,06:55:00,6.0,5,0,0.0,Clear or Partly Cloudy
14108,27887,27887,1213606,Matched,Intersection,29559.0,2ND AVE AND BLANCHARD ST,,,2,Injury Collision,Cycles,2,0,1,1,1,0,0,2004-05-13T00:00:00.000Z,5/13/2004 7:27:00 PM,At Intersection (intersection related),18,"MOTOR VEHICLE STRUCK PEDALCYCLIST, FRONT END AT ANGLE",,0,Clear or Partly Cloudy,Dry,Daylight,,4134003.0,,45.0,Vehicle - Pedalcyclist,0,0,N,POINT (1267743.290158972 227361.4358048737),3388.0,0.0,Clear or Partly Cloudy,2004-05-13,19:27:00,19.0,3,1,1.0,Clear or Partly Cloudy
14172,27764,27764,1777624,Matched,Intersection,30514.0,7TH AVE S AND S KING ST,,,2,Injury Collision,Cycles,3,0,1,1,1,0,0,2004-10-08T00:00:00.000Z,10/8/2004,At Intersection (intersection related),51,PEDALCYCLIST STRUCK MOTOR VEHICLE FRONT END AT ANGLE,Y,0,Raining,Wet,Daylight,,4282002.0,,45.0,Vehicle - Pedalcyclist,0,0,N,POINT (1272717.880372062 221820.5789671987),11477.0,0.0,Raining,2004-10-08,00:00:00,,4,1,,Raining
14304,27796,27796,1771969,Matched,Intersection,32725.0,39TH AVE S AND S OREGON ST,,,2,Injury Collision,Cycles,2,0,1,1,1,0,0,2004-04-08T00:00:00.000Z,4/8/2004,At Intersection (intersection related),18,"MOTOR VEHICLE STRUCK PEDALCYCLIST, FRONT END AT ANGLE",,0,Clear or Partly Cloudy,Dry,Daylight,,4099026.0,,45.0,Vehicle - Pedalcyclist,0,0,N,POINT (1282315.131197885 208681.5722337514),4575.0,0.0,Clear or Partly Cloudy,2004-04-08,00:00:00,,3,1,,Clear or Partly Cloudy
14355,28091,28091,1220253,Matched,Block,,NE 65TH ST BETWEEN 25TH AVE NE AND 26TH AVE NE,,,2,Injury Collision,Cycles,2,0,1,1,1,0,0,2004-08-18T00:00:00.000Z,8/18/2004 8:20:00 AM,Driveway Junction,11,"MOTOR VEHICLE STRUCK MOTOR VEHICLE, FRONT END AT ANGLE",,0,Clear or Partly Cloudy,Dry,Daylight,Y,4231019.0,,45.0,Vehicle - Pedalcyclist,0,0,N,POINT (1279084.665786579 249945.3962759972),16282.0,3.6102478539266473e-06,Clear or Partly Cloudy,2004-08-18,08:20:00,8.0,2,1,1.0,Clear or Partly Cloudy
14449,28534,28534,1778253,Matched,Block,,DELRIDGE WAY SW BETWEEN SW ANDOVER ST AND SW DAKOTA ST,,,2,Injury Collision,Cycles,2,0,1,1,1,0,0,2004-02-05T00:00:00.000Z,2/5/2004,Mid-Block (not related to intersection),23,"MOTOR VEHICLE STRUCK PEDALCYCLIST, LEFT SIDE SIDESWIPE",,0,Clear or Partly Cloudy,Dry,Daylight,Y,4036005.0,,45.0,Vehicle - Pedalcyclist,0,0,N,POINT (1262739.523369849 210740.9371638596),6281.0,1.6720519305764873e-05,Clear or Partly Cloudy,2004-02-05,00:00:00,,3,1,,Clear or Partly Cloudy
14543,28425,28425,1783857,Matched,Intersection,28632.0,MERCER ST AND QUEEN ANNE AVE N,,,2,Injury Collision,Cycles,2,0,1,1,1,0,0,2004-08-12T00:00:00.000Z,8/12/2004 1:25:00 AM,At Intersection (intersection related),18,"MOTOR VEHICLE STRUCK PEDALCYCLIST, FRONT END AT ANGLE",,0,Clear or Partly Cloudy,Dry,Dark - Street Lights On,Y,4225006.0,,45.0,Vehicle - Pedalcyclist,0,0,N,POINT (1264777.956907928 231546.8404811621),904.0,0.0,Clear or Partly Cloudy,2004-08-12,01:25:00,1.0,3,1,0.0,Clear or Partly Cloudy
14624,28573,28573,1776526,Matched,Block,,4TH AVE S BETWEEN SEATTLE BLVD S AND I90 WB 4TH AV OFF RP,,,2,Injury Collision,Cycles,2,0,1,1,1,0,0,2004-04-21T00:00:00.000Z,4/21/2004 12:45:00 PM,Driveway Junction,18,"MOTOR VEHICLE STRUCK PEDALCYCLIST, FRONT END AT ANGLE",,0,Clear or Partly Cloudy,Wet,Daylight,,4112025.0,,45.0,Vehicle - Pedalcyclist,0,0,N,POINT (1271391.178034708 220765.3678941131),23365.0,2.479856931273597e-05,Clear or Partly Cloudy,2004-04-21,12:45:00,12.0,2,1,0.0,Clear or Partly Cloudy
14703,28324,28324,1213889,Matched,Block,,ALASKAN WAY S BETWEEN ALASKAN E RDWY WAY S AND S ROYAL BROUGHAM WAY,,,2b,Serious Injury Collision,Cycles,2,0,1,1,1,1,0,2004-08-24T00:00:00.000Z,8/24/2004 7:03:00 AM,Mid-Block (not related to intersection),51,PEDALCYCLIST STRUCK MOTOR VEHICLE FRONT END AT ANGLE,,0,Raining,Wet,Dawn,,4237046.0,,45.0,Vehicle - Pedalcyclist,0,0,N,,,,Raining,2004-08-24,07:03:00,7.0,1,1,1.0,Raining
14721,28468,28468,1771601,Matched,Block,,28TH AVE S BETWEEN S MONTEREY PL AND S WARSAW ST,,,2,Injury Collision,Cycles,4,0,1,1,1,0,0,2004-04-03T00:00:00.000Z,4/3/2004,Mid-Block (but intersection related),18,"MOTOR VEHICLE STRUCK PEDALCYCLIST, FRONT END AT ANGLE",,0,Clear or Partly Cloudy,Dry,Dusk,,4094004.0,,45.0,Vehicle - Pedalcyclist,0,0,N,POINT (1278964.982330456 201791.7077786922),248.0,0.0,Clear or Partly Cloudy,2004-04-03,00:00:00,,5,0,,Clear or Partly Cloudy
14899,28231,28231,1472947,Matched,Block,,E JEFFERSON ST BETWEEN 15TH AVE AND 16TH AVE,,,2,Injury Collision,Cycles,5,0,1,1,1,0,0,2004-07-07T00:00:00.000Z,7/7/2004,Driveway Junction,51,PEDALCYCLIST STRUCK MOTOR VEHICLE FRONT END AT ANGLE,,0,Clear or Partly Cloudy,Dry,Daylight,,4189034.0,,45.0,Vehicle - Pedalcyclist,0,0,N,POINT (1275620.534903035 224622.7249540687),19986.0,5.274015834489326e-06,Clear or Partly Cloudy,2004-07-07,00:00:00,,2,1,,Clear or Partly Cloudy
14964,29082,29082,1772732,Matched,Intersection,35220.0,50TH AVE S AND S ROSE ST,,,2,Injury Collision,Cycles,2,0,1,1,1,0,0,2004-05-06T00:00:00.000Z,5/6/2004,At Intersection (intersection related),18,"MOTOR VEHICLE STRUCK PEDALCYCLIST, FRONT END AT ANGLE",,0,Overcast,Dry,Daylight,Y,4127013.0,,45.0,Vehicle - Pedalcyclist,0,0,N,POINT (1285309.930304959 196322.9369570911),14012.0,0.0,Overcast,2004-05-06,00:00:00,,3,1,,Clear or Partly Cloudy
15028,28817,28817,1470590,Matched,Block,,DENNY WAY BETWEEN BOREN AVE AND FAIRVIEW AVE,,,2,Injury Collision,Cycles,2,0,1,1,1,0,0,2004-05-14T00:00:00.000Z,5/14/2004 6:49:00 PM,Mid-Block (not related to intersection),21,"MOTOR VEHICLE STRUCK PEDALCYCLIST, REAR END",,0,Clear or Partly Cloudy,Dry,Daylight,,4135004.0,,45.0,Vehicle - Pedalcyclist,0,0,N,POINT (1270139.575089425 229229.2708147913),22089.0,2.1616142294357454e-05,Clear or Partly Cloudy,2004-05-14,18:49:00,18.0,4,1,1.0,Clear or Partly Cloudy
15095,29261,29261,1789430,Matched,Intersection,32204.0,11TH CR AVE SW AND SW SPOKANE ST,,,2,Injury Collision,Cycles,2,0,1,1,1,0,0,2004-09-24T00:00:00.000Z,9/24/2004 11:00:00 AM,At Intersection (intersection related),18,"MOTOR VEHICLE STRUCK PEDALCYCLIST, FRONT END AT ANGLE",,0,Overcast,Dry,Daylight,,4268004.0,,45.0,Vehicle - Pedalcyclist,0,0,N,POINT (1266345.98660554 212117.5517572612),2049.0,0.0,Overcast,2004-09-24,11:00:00,11.0,4,1,0.0,Clear or Partly Cloudy
15103,29258,29258,1771693,Matched,Block,,RAINIER AVE S BETWEEN S CHARLESTOWN ST AND S ANDOVER ST,,,2,Injury Collision,Cycles,2,0,1,1,1,0,0,2004-03-23T00:00:00.000Z,3/23/2004 11:59:00 AM,Driveway Junction,18,"MOTOR VEHICLE STRUCK PEDALCYCLIST, FRONT END AT ANGLE",,0,Clear or Partly Cloudy,Dry,Daylight,Y,4083024.0,,45.0,Vehicle - Pedalcyclist,0,0,N,POINT (1280859.795964405 210913.9973880351),912.0,1.2312366757109407e-05,Clear or Partly Cloudy,2004-03-23,11:59:00,11.0,1,1,0.0,Clear or Partly Cloudy
15222,29150,29150,1773598,Matched,Block,,BROOKLYN AVE NE BETWEEN NE 43RD ST AND NE 45TH ST,,,2,Injury Collision,Cycles,3,0,1,1,1,0,0,2004-09-24T00:00:00.000Z,9/24/2004 6:24:00 PM,Mid-Block (not related to intersection),18,"MOTOR VEHICLE STRUCK PEDALCYCLIST, FRONT END AT ANGLE",Y,0,Overcast,Dry,Daylight,,4268011.0,,45.0,Vehicle - Pedalcyclist,0,0,N,POINT (1275485.084854901 244457.280622378),8756.0,1.6459735543224462e-05,Overcast,2004-09-24,18:24:00,18.0,4,1,1.0,Clear or Partly Cloudy
15368,28911,28911,1787948,Matched,Block,,RAINIER AVE S BETWEEN S OTHELLO ST AND S FONTANELLE ST,,,2,Injury Collision,Cycles,2,0,1,1,1,0,0,2004-01-21T00:00:00.000Z,1/21/2004 1:16:00 PM,Driveway Junction,21,"MOTOR VEHICLE STRUCK PEDALCYCLIST, REAR END",,0,Clear or Partly Cloudy,Dry,Daylight,,4021016.0,,45.0,Vehicle - Pedalcyclist,0,0,N,POINT (1285518.057409167 198991.892863825),10373.0,0.0,Clear or Partly Cloudy,2004-01-21,13:16:00,13.0,2,1,0.0,Clear or Partly Cloudy
15411,28913,28913,1482220,Matched,Block,,ALASKAN WAY BETWEEN UNIVERSITY ST AND UNION ST,,,2,Injury Collision,Other,2,0,1,1,1,0,0,2004-05-21T00:00:00.000Z,5/21/2004 8:30:00 AM,Driveway Junction,18,"MOTOR VEHICLE STRUCK PEDALCYCLIST, FRONT END AT ANGLE",,0,Clear or Partly Cloudy,Dry,Daylight,Y,4142002.0,,52.0,Vehicle overturned,0,0,N,POINT (1268552.622383788 224840.8194822967),6109.0,4.233589164102291e-05,Clear or Partly Cloudy,2004-05-21,08:30:00,8.0,4,1,1.0,Clear or Partly Cloudy
15601,29380,29380,1482382,Matched,Intersection,30385.0,ALASKAN WAY S AND S ATLANTIC ST,,,2,Injury Collision,Cycles,2,0,1,1,1,0,0,2004-06-04T00:00:00.000Z,6/4/2004,At Intersection (intersection related),51,PEDALCYCLIST STRUCK MOTOR VEHICLE FRONT END AT ANGLE,,0,Clear or Partly Cloudy,Dry,Daylight,Y,4156005.0,,45.0,Vehicle - Pedalcyclist,0,0,N,POINT (1269313.201520577 219107.6093644202),4413.0,0.0,Clear or Partly Cloudy,2004-06-04,00:00:00,,4,1,,Clear or Partly Cloudy
15621,29782,29782,1793809,Matched,Block,,30TH AVE NE BETWEEN BURKE GILMAN TRL AND NE BLAKELEY S ST,,,2,Injury Collision,Cycles,2,0,1,1,1,0,0,2004-09-11T00:00:00.000Z,9/11/2004 1:47:00 PM,Mid-Block (not related to intersection),18,"MOTOR VEHICLE STRUCK PEDALCYCLIST, FRONT END AT ANGLE",,0,Overcast,Wet,Dawn,Y,4255012.0,,45.0,Vehicle - Pedalcyclist,0,0,N,POINT (1280117.179963633 245837.9327197969),17734.0,4.234217426124645e-07,Overcast,2004-09-11,13:47:00,13.0,5,0,0.0,Clear or Partly Cloudy
15851,29707,29707,1079878,Matched,Block,,AURORA AVE N BETWEEN N 104TH ST AND N NORTHGATE WAY,,,2,Injury Collision,Cycles,2,0,1,1,1,0,0,2004-07-09T00:00:00.000Z,7/9/2004,Mid-Block (not related to intersection),21,"MOTOR VEHICLE STRUCK PEDALCYCLIST, REAR END",Y,0,Clear or Partly Cloudy,Wet,Daylight,,4191005.0,,45.0,Vehicle - Pedalcyclist,0,0,N,POINT (1268315.165103555 260702.2428790182),15703.0,2.652202397967253e-05,Clear or Partly Cloudy,2004-07-09,00:00:00,,4,1,,Clear or Partly Cloudy