OBJECTID,INCKEY,COLDETKEY,REPORTNO,STATUS,ADDRTYPE,INTKEY,LOCATION,EXCEPTRSNC,EXCEPTRSND,SEVERITYCO,SEVERITYDE,COLLISIONT,PERSONCOUN,PEDCOUNT,PEDCYLCOUN,VEHCOUNT,INJURIES,SERIOUSINJ,FATALITIES,INCDATE,INCDTTM,JUNCTIONTY,SDOT_COLCO,SDOT_COLDE,INATTENTIO,UNDERINFL,WEATHER,ROADCOND,LIGHTCOND,PEDROWNOTG,SDOTCOLNUM,SPEEDING,ST_COLCODE,ST_COLDESC,SEGLANEKEY,CROSSWALKK,HITPARKEDC,geometry,near_str_index,min_length,weather_group,date,time,hour,dayofweek,weekday,rushhour,weather_group2
15988,29488,29488,1327442,Matched,Intersection,35274.0,RENTON AVE S AND S HENDERSON ST,,,2,Injury Collision,Cycles,2,0,1,1,1,0,0,2004-06-15T00:00:00.000Z,6/15/2004 6:35:00 PM,At Intersection (intersection related),18,"MOTOR VEHICLE STRUCK PEDALCYCLIST, FRONT END AT ANGLE",,0,Clear or Partly Cloudy,Dry,Daylight,,4167032.0,,45.0,Vehicle - Pedalcyclist,0,0,N,POINT (1283885.015359491 194231.6929229498),11160.0,0.0,Clear or Partly Cloudy,2004-06-15,18:35:00,18.0,1,1,1.0,Clear or Partly Cloudy
16043,29355,29355,1784776,Matched,Block,,MADISON ST BETWEEN ALASKAN WAY AND ALASKAN E RDWY WAY,,,2,Injury Collision,Cycles,2,0,1,1,1,0,0,2004-08-28T00:00:00.000Z,8/28/2004 6:39:00 AM,Mid-Block (but intersection related),18,"MOTOR VEHICLE STRUCK PEDALCYCLIST, FRONT END AT ANGLE",,0,Clear or Partly Cloudy,Dry,Daylight,,4241004.0,,45.0,Vehicle - Pedalcyclist,0,0,N,POINT (1269180.975472435 223896.5382013321),8850.0,5.849690329035099e-06,Clear or Partly Cloudy,2004-08-28,06:39:00,6.0,5,0,0.0,Clear or Partly Cloudy
16046,29499,29499,1220279,Matched,Intersection,26218.0,40TH AVE NE AND NE 55TH ST,,,2b,Serious Injury Collision,Cycles,2,0,1,1,1,1,0,2004-08-28T00:00:00.000Z,8/28/2004 1:48:00 PM,At Intersection (intersection related),51,PEDALCYCLIST STRUCK MOTOR VEHICLE FRONT END AT ANGLE,,0,Clear or Partly Cloudy,Dry,Daylight,,4241001.0,,45.0,Vehicle - Pedalcyclist,0,0,N,POINT (1282803.917630389 247224.1911532134),411.0,0.0,Clear or Partly Cloudy,2004-08-28,13:48:00,13.0,5,0,0.0,Clear or Partly Cloudy
16070,30043,30043,1773972,Matched,Block,,N NORTHGATE WAY BETWEEN CORLISS AVE N AND 1ST AVE NE,,,2,Injury Collision,Cycles,2,0,1,1,1,0,0,2004-08-16T00:00:00.000Z,8/16/2004 6:10:00 PM,Mid-Block (not related to intersection),11,"MOTOR VEHICLE STRUCK MOTOR VEHICLE, FRONT END AT ANGLE",,0,Clear or Partly Cloudy,Dry,Daylight,,4229009.0,,45.0,Vehicle - Pedalcyclist,0,0,N,POINT (1271965.818483293 262071.8831364214),21117.0,5.943810446749258e-06,Clear or Partly Cloudy,2004-08-16,18:10:00,18.0,0,1,1.0,Clear or Partly Cloudy
16091,30188,30188,1777646,Matched,Intersection,29872.0,BOREN AVE AND PINE ST,,,2b,Serious Injury Collision,Cycles,2,0,1,1,1,1,0,2004-03-23T00:00:00.000Z,3/23/2004 9:18:00 AM,At Intersection (intersection related),18,"MOTOR VEHICLE STRUCK PEDALCYCLIST, FRONT END AT ANGLE",,0,Clear or Partly Cloudy,Dry,Daylight,,4083014.0,,45.0,Vehicle - Pedalcyclist,0,0,N,POINT (1271335.12145865 227723.9425572455),896.0,0.0,Clear or Partly Cloudy,2004-03-23,09:18:00,9.0,1,1,1.0,Clear or Partly Cloudy
16204,30355,30355,1772335,Matched,Intersection,29019.0,BROADWAY E AND E REPUBLICAN ST,,,2,Injury Collision,Cycles,3,0,1,1,1,0,0,2004-05-22T00:00:00.000Z,5/22/2004 4:27:00 PM,At Intersection (intersection related),18,"MOTOR VEHICLE STRUCK PEDALCYCLIST, FRONT END AT ANGLE",,0,Overcast,Dry,Daylight,Y,4143004.0,,45.0,Vehicle - Pedalcyclist,0,0,N,POINT (1273590.55800496 230843.9305284321),651.0,0.0,Overcast,2004-05-22,16:27:00,16.0,5,0,1.0,Clear or Partly Cloudy
16287,29964,29964,1220281,Matched,Block,,NE 65TH ST BETWEEN 25TH AVE NE AND 26TH AVE NE,,,2,Injury Collision,Cycles,2,0,1,1,1,0,0,2004-09-09T00:00:00.000Z,9/9/2004,Driveway Junction,18,"MOTOR VEHICLE STRUCK PEDALCYCLIST, FRONT END AT ANGLE",,0,Clear or Partly Cloudy,Dry,Daylight,,4253030.0,,45.0,Vehicle - Pedalcyclist,0,0,N,POINT (1279084.665786579 249945.3962759972),16282.0,3.6102478539266473e-06,Clear or Partly Cloudy,2004-09-09,00:00:00,,3,1,,Clear or Partly Cloudy
16445,30138,30138,1771962,Matched,Block,,18TH AVE S BETWEEN S STEVENS ST AND S HANFORD ST,,,2,Injury Collision,Cycles,3,0,1,1,1,0,0,2004-03-21T00:00:00.000Z,3/21/2004 1:35:00 PM,Driveway Junction,18,"MOTOR VEHICLE STRUCK PEDALCYCLIST, FRONT END AT ANGLE",,0,Clear or Partly Cloudy,Dry,Daylight,,4081008.0,,45.0,Vehicle - Pedalcyclist,0,0,N,POINT (1276249.816823676 213622.6318868101),5187.0,1.9407659234114718e-05,Clear or Partly Cloudy,2004-03-21,13:35:00,13.0,6,0,0.0,Clear or Partly Cloudy
16453,30141,30141,1213957,Matched,Block,,2ND AVE BETWEEN SPRING ST AND SENECA ST,,,1,Property Damage Only Collision,Cycles,2,0,1,1,0,0,0,2004-05-05T00:00:00.000Z,5/5/2004,Mid-Block (not related to intersection),54,PEDALCYCLIST STRUCK MOTOR VEHICLE REAR END,Y,0,Clear or Partly Cloudy,Dry,Daylight,,4126033.0,,45.0,Vehicle - Pedalcyclist,0,0,N,POINT (1269726.505520999 224753.4214662015),10850.0,0.0,Clear or Partly Cloudy,2004-05-05,00:00:00,,2,1,,Clear or Partly Cloudy
16456,30275,30275,1772276,Matched,Intersection,29860.0,SUMMIT AVE AND E PINE ST,,,2,Injury Collision,Cycles,2,0,1,1,1,0,0,2004-04-21T00:00:00.000Z,4/21/2004 9:42:00 AM,At Intersection (intersection related),51,PEDALCYCLIST STRUCK MOTOR VEHICLE FRONT END AT ANGLE,,0,Clear or Partly Cloudy,Dry,Daylight,,4112005.0,,45.0,Vehicle - Pedalcyclist,0,0,N,POINT (1272399.309875742 227981.0989095122),1148.0,0.0,Clear or Partly Cloudy,2004-04-21,09:42:00,9.0,2,1,1.0,Clear or Partly Cloudy
16467,30009,30009,1217255,Matched,Block,,EASTLAKE AVE E BETWEEN HARVARD AVE E AND FUHRMAN AVE E,,,2,Injury Collision,Cycles,2,0,1,1,1,0,0,2004-09-02T00:00:00.000Z,9/2/2004,Mid-Block (not related to intersection),23,"MOTOR VEHICLE STRUCK PEDALCYCLIST, LEFT SIDE SIDESWIPE",,0,Overcast,Dry,Daylight,Y,4246010.0,,45.0,Vehicle - Pedalcyclist,0,0,N,POINT (1273599.974708959 241029.8313388675),6317.0,1.4142158170737939e-05,Overcast,2004-09-02,00:00:00,,3,1,,Clear or Partly Cloudy
16484,30144,30144,1774194,Matched,Intersection,25949.0,25TH AVE NE AND NE BLAKELEY ST,,,2,Injury Collision,Cycles,2,0,1,1,1,0,0,2004-10-01T00:00:00.000Z,10/1/2004,At Intersection (intersection related),18,"MOTOR VEHICLE STRUCK PEDALCYCLIST, FRONT END AT ANGLE",,0,Clear or Partly Cloudy,Dry,Daylight,Y,4275012.0,,45.0,Vehicle - Pedalcyclist,0,0,N,POINT (1278900.484922394 246480.058544457),210.0,0.0,Clear or Partly Cloudy,2004-10-01,00:00:00,,4,1,,Clear or Partly Cloudy
16514,30016,30016,1213263,Matched,Block,,4TH AVE S BETWEEN S MAIN ST AND S JACKSON ST,,,2,Injury Collision,Cycles,2,0,1,1,1,0,0,2004-10-14T00:00:00.000Z,10/14/2004 1:29:00 PM,Mid-Block (but intersection related),55,PEDALCYCLIST STRUCK MOTOR VEHICLE RIGHT SIDE SIDESWIPE,,0,Clear or Partly Cloudy,Dry,Daylight,,4288021.0,,45.0,Vehicle - Pedalcyclist,0,0,N,POINT (1271441.052786753 222307.9557996988),5733.0,2.707079233585672e-05,Clear or Partly Cloudy,2004-10-14,13:29:00,13.0,3,1,0.0,Clear or Partly Cloudy
16528,30158,30158,1781816,Matched,Block,,15TH AVE NW BETWEEN NW 53RD ST AND NW 54TH ST,,,2,Injury Collision,Cycles,3,0,1,1,1,0,0,2004-08-02T00:00:00.000Z,8/2/2004,Mid-Block (not related to intersection),51,PEDALCYCLIST STRUCK MOTOR VEHICLE FRONT END AT ANGLE,Y,0,Clear or Partly Cloudy,Dry,Daylight,,4215004.0,,45.0,Vehicle - Pedalcyclist,0,0,N,POINT (1260282.51613532 247303.9215852916),83.0,1.574422389992896e-10,Clear or Partly Cloudy,2004-08-02,00:00:00,,0,1,,Clear or Partly Cloudy
16858,30528,30528,1069581,Matched,Block,,STEWART ST BETWEEN 9TH AVE AND TERRY AVE,,,2,Injury Collision,Cycles,2,0,1,1,1,0,0,2004-11-19T00:00:00.000Z,11/19/2004 6:27:00 PM,Driveway Junction,18,"MOTOR VEHICLE STRUCK PEDALCYCLIST, FRONT END AT ANGLE",,0,Overcast,Dry,Dark - Street Lights On,Y,4324008.0,,45.0,Vehicle - Pedalcyclist,0,0,N,POINT (1270313.883377597 228287.9293738157),10390.0,3.808610430989388e-05,Overcast,2004-11-19,18:27:00,18.0,4,1,1.0,Clear or Partly Cloudy
16986,30824,30824,1216931,Matched,Block,,S WASHINGTON ST BETWEEN 20TH AVE S AND 21ST AVE S,,,2,Injury Collision,Cycles,2,0,1,1,1,0,0,2004-09-02T00:00:00.000Z,9/2/2004,Driveway Junction,23,"MOTOR VEHICLE STRUCK PEDALCYCLIST, LEFT SIDE SIDESWIPE",,0,Clear or Partly Cloudy,Dry,Daylight,,4246009.0,,45.0,Vehicle - Pedalcyclist,0,0,N,POINT (1277187.926456645 222640.6123760343),1912.0,1.841612823394409e-05,Clear or Partly Cloudy,2004-09-02,00:00:00,,3,1,,Clear or Partly Cloudy
17006,30433,30433,1784877,Matched,Intersection,28925.0,5TH AVE N AND HARRISON ST,,,2,Injury Collision,Cycles,3,0,1,1,1,0,0,2004-08-27T00:00:00.000Z,8/27/2004 8:54:00 AM,At Intersection (intersection related),51,PEDALCYCLIST STRUCK MOTOR VEHICLE FRONT END AT ANGLE,,0,Clear or Partly Cloudy,Dry,Daylight,,4240002.0,,45.0,Vehicle - Pedalcyclist,0,0,N,POINT (1267007.855662212 230587.8020161837),3572.0,0.0,Clear or Partly Cloudy,2004-08-27,08:54:00,8.0,4,1,1.0,Clear or Partly Cloudy
17012,30702,30702,531039,Matched,Intersection,28783.0,DEXTER AVE N AND HARRISON ST,,,2,Injury Collision,Cycles,2,0,1,1,1,0,0,2004-09-22T00:00:00.000Z,9/22/2004 11:36:00 PM,At Intersection (intersection related),18,"MOTOR VEHICLE STRUCK PEDALCYCLIST, FRONT END AT ANGLE",,0,Clear or Partly Cloudy,Dry,Dark - Street Lights On,,4266045.0,,45.0,Vehicle - Pedalcyclist,0,0,N,POINT (1268294.844463527 230555.517344147),6407.0,0.0,Clear or Partly Cloudy,2004-09-22,23:36:00,23.0,2,1,0.0,Clear or Partly Cloudy
17036,30579,30579,1795777,Matched,Block,,YESLER WAY BETWEEN 8TH AVE AND BROADWAY,,,2,Injury Collision,Cycles,2,0,1,1,1,0,0,2004-09-21T00:00:00.000Z,9/21/2004 6:12:00 PM,Mid-Block (not related to intersection),24,MOTOR VEHCILE STRUCK PEDESTRIAN,,0,Clear or Partly Cloudy,Dry,Dusk,,4265015.0,,45.0,Vehicle - Pedalcyclist,0,0,N,POINT (1273274.754868627 223032.7511284351),19067.0,7.448771059249651e-09,Clear or Partly Cloudy,2004-09-21,18:12:00,18.0,1,1,1.0,Clear or Partly Cloudy
17129,30593,30593,1796751,Matched,Intersection,26848.0,STONE WAY N AND N 40TH ST,,,2,Injury Collision,Cycles,2,0,1,1,1,0,0,2004-12-08T00:00:00.000Z,12/8/2004,At Intersection (intersection related),18,"MOTOR VEHICLE STRUCK PEDALCYCLIST, FRONT END AT ANGLE",,0,Raining,Wet,Dark - Street Lights On,Y,4343050.0,,45.0,Vehicle - Pedalcyclist,0,0,N,POINT (1268516.536367759 242710.0937405974),4014.0,0.0,Raining,2004-12-08,00:00:00,,2,1,,Raining
17144,30728,30728,1772290,Matched,Block,,BROADWAY BETWEEN E HOWELL ST AND E DENNY WAY,,,2,Injury Collision,Cycles,3,0,1,2,1,0,0,2004-05-04T00:00:00.000Z,5/4/2004,Mid-Block (not related to intersection),11,"MOTOR VEHICLE STRUCK MOTOR VEHICLE, FRONT END AT ANGLE",,0,Clear or Partly Cloudy,Dry,Daylight,Y,4125009.0,,45.0,Vehicle - Pedalcyclist,0,0,N,POINT (1273574.993460938 229029.2310705781),14763.0,1.6301366547239527e-05,Clear or Partly Cloudy,2004-05-04,00:00:00,,1,1,,Clear or Partly Cloudy
17378,31346,31346,1069933,Matched,Intersection,28005.0,6TH AVE N AND DEXTER AVE N,,,2b,Serious Injury Collision,Cycles,2,0,1,1,1,1,0,2004-11-16T00:00:00.000Z,11/16/2004 8:03:00 AM,At Intersection (intersection related),51,PEDALCYCLIST STRUCK MOTOR VEHICLE FRONT END AT ANGLE,,0,Overcast,Wet,Daylight,,4321004.0,,45.0,Vehicle - Pedalcyclist,0,0,N,POINT (1267926.481967151 237228.0477829725),11862.0,0.0,Overcast,2004-11-16,08:03:00,8.0,1,1,1.0,Clear or Partly Cloudy
17586,31393,31393,1793638,Matched,Intersection,35443.0,RAINIER AVE S AND S HENDERSON ST,,,2b,Serious Injury Collision,Cycles,2,0,1,1,1,1,0,2004-08-10T00:00:00.000Z,8/10/2004 5:42:00 PM,At Intersection (intersection related),18,"MOTOR VEHICLE STRUCK PEDALCYCLIST, FRONT END AT ANGLE",,0,Clear or Partly Cloudy,Dry,Daylight,Y,4223004.0,,45.0,Vehicle - Pedalcyclist,0,0,N,POINT (1285470.263617113 194200.1793229133),1776.0,0.0,Clear or Partly Cloudy,2004-08-10,17:42:00,17.0,1,1,1.0,Clear or Partly Cloudy
17649,31403,31403,1080006,Matched,Intersection,36339.0,AURORA AVE N AND N 117TH PL,,,2,Injury Collision,Cycles,2,0,1,1,1,0,0,2004-07-16T00:00:00.000Z,7/16/2004 3:53:00 PM,At Intersection (intersection related),51,PEDALCYCLIST STRUCK MOTOR VEHICLE FRONT END AT ANGLE,,0,Clear or Partly Cloudy,Dry,Daylight,,4198005.0,,45.0,Vehicle - Pedalcyclist,0,0,N,POINT (1268347.37975958 264382.4603547752),18893.0,0.0,Clear or Partly Cloudy,2004-07-16,15:53:00,15.0,4,1,1.0,Clear or Partly Cloudy
17660,31410,31410,1782490,Matched,Intersection,25633.0,PHINNEY AVE N AND N ARGYLE PL,,,2,Injury Collision,Cycles,2,0,1,1,1,0,0,2004-01-12T00:00:00.000Z,1/12/2004 7:30:00 AM,At Intersection (intersection related),18,"MOTOR VEHICLE STRUCK PEDALCYCLIST, FRONT END AT ANGLE",,0,Clear or Partly Cloudy,Wet,Dawn,Y,4012023.0,,45.0,Vehicle - Pedalcyclist,0,0,N,POINT (1265667.076140836 247774.0100337714),6579.0,0.0,Clear or Partly Cloudy,2004-01-12,07:30:00,7.0,0,1,1.0,Clear or Partly Cloudy
17780,31852,31852,1072162,Matched,Intersection,28919.0,1ST AVE N AND MERCER ST,,,2,Injury Collision,Cycles,2,0,1,1,1,0,0,2004-08-20T00:00:00.000Z,8/20/2004 9:36:00 AM,At Intersection (intersection related),18,"MOTOR VEHICLE STRUCK PEDALCYCLIST, FRONT END AT ANGLE",,0,Clear or Partly Cloudy,Dry,Daylight,Y,4233002.0,,45.0,Vehicle - Pedalcyclist,0,0,N,POINT (1265099.745324254 231538.7478091568),4943.0,0.0,Clear or Partly Cloudy,2004-08-20,09:36:00,9.0,4,1,1.0,Clear or Partly Cloudy
17789,31728,31728,1217176,Matched,Intersection,28058.0,4TH AVE N AND DEXTER S AVE N,,,1,Property Damage Only Collision,Cycles,2,0,1,1,0,0,0,2004-08-02T00:00:00.000Z,8/2/2004,At Intersection (intersection related),18,"MOTOR VEHICLE STRUCK PEDALCYCLIST, FRONT END AT ANGLE",,0,Clear or Partly Cloudy,Unknown,Daylight,Y,4215001.0,,45.0,Vehicle - Pedalcyclist,0,0,N,POINT (1266710.234413907 239216.5044890195),6301.0,0.0,Clear or Partly Cloudy,2004-08-02,00:00:00,,0,1,,Clear or Partly Cloudy
17811,32003,32003,1216827,Matched,Intersection,29863.0,MELROSE AVE AND PINE ST,,,2,Injury Collision,Cycles,2,0,1,1,1,0,0,2004-06-30T00:00:00.000Z,6/30/2004 10:00:00 AM,At Intersection (intersection related),51,PEDALCYCLIST STRUCK MOTOR VEHICLE FRONT END AT ANGLE,,0,Clear or Partly Cloudy,Dry,Daylight,,4182022.0,,45.0,Vehicle - Pedalcyclist,0,0,N,POINT (1271813.802035138 227999.6394535303),897.0,0.0,Clear or Partly Cloudy,2004-06-30,10:00:00,10.0,2,1,0.0,Clear or Partly Cloudy
17869,31872,31872,1074718,Matched,Block,,12TH AVE BETWEEN E COLUMBIA ST AND E MARION ST,,,2,Injury Collision,Cycles,3,0,1,1,1,0,0,2004-10-07T00:00:00.000Z,10/7/2004,Mid-Block (not related to intersection),56,PEDALCYCLIST STRUCK MOTOR VEHICLE LEFT SIDE SIDESWIPE,Y,0,Clear or Partly Cloudy,Dry,Daylight,,4281004.0,,45.0,Vehicle - Pedalcyclist,0,0,N,POINT (1274518.8026779 225966.6191634387),8407.0,5.730560052789369e-06,Clear or Partly Cloudy,2004-10-07,00:00:00,,3,1,,Clear or Partly Cloudy
17941,31627,31627,792822,Matched,Intersection,27167.0,UNIVERSITY WAY NE AND NE PACIFIC ST,,,2,Injury Collision,Cycles,0,0,1,1,1,0,0,2004-03-22T00:00:00.000Z,3/22/2004 2:10:00 PM,At Intersection (intersection related),18,"MOTOR VEHICLE STRUCK PEDALCYCLIST, FRONT END AT ANGLE",,0,Clear or Partly Cloudy,Dry,Daylight,Y,4082024.0,,45.0,Vehicle - Pedalcyclist,0,0,N,POINT (1275674.208311081 241847.4433717132),2203.0,0.0,Clear or Partly Cloudy,2004-03-22,14:10:00,14.0,0,1,0.0,Clear or Partly Cloudy
17950,32048,32048,566945,Matched,Block,,N 34TH ST BETWEEN WOODLAND PARK AVE N AND STONE WAY N,,,2,Injury Collision,Cycles,0,0,1,1,1,0,0,2004-04-27T00:00:00.000Z,4/27/2004 7:53:00 AM,Mid-Block (not related to intersection),23,"MOTOR VEHICLE STRUCK PEDALCYCLIST, LEFT SIDE SIDESWIPE",,0,Clear or Partly Cloudy,Dry,Daylight,Y,4118007.0,,45.0,Vehicle - Pedalcyclist,0,0,N,POINT (1268229.432751462 240254.514986068),16565.0,7.236095260111585e-09,Clear or Partly Cloudy,2004-04-27,07:53:00,7.0,1,1,1.0,Clear or Partly Cloudy
18037,32016,32016,1790265,Matched,Block,,WEST MARGINAL WAY SW BETWEEN SW BRANDON ST AND SW FRONT ST,,,2,Injury Collision,Cycles,2,0,1,1,1,0,0,2004-05-11T00:00:00.000Z,5/11/2004 6:45:00 AM,Driveway Junction,18,"MOTOR VEHICLE STRUCK PEDALCYCLIST, FRONT END AT ANGLE",Y,0,Clear or Partly Cloudy,Wet,Daylight,,4132014.0,,45.0,Vehicle - Pedalcyclist,0,0,N,POINT (1267087.942382291 203330.9152042717),21197.0,1.0096725183524736e-05,Clear or Partly Cloudy,2004-05-11,06:45:00,6.0,1,1,0.0,Clear or Partly Cloudy
18150,31557,31557,1327974,Matched,Intersection,29052.0,BROADWAY E AND E OLIVE WAY,,,2,Injury Collision,Cycles,2,0,1,1,1,0,0,2004-06-08T00:00:00.000Z,6/8/2004,At Intersection (intersection related),51,PEDALCYCLIST STRUCK MOTOR VEHICLE FRONT END AT ANGLE,,0,Overcast,Dry,Daylight,,4160026.0,,45.0,Vehicle - Pedalcyclist,0,0,N,POINT (1273580.513332948 229668.9325112402),650.0,0.0,Overcast,2004-06-08,00:00:00,,1,1,,Clear or Partly Cloudy
18189,31949,31949,1213866,Matched,Block,,ALASKAN E RDWY WAY S BETWEEN YESLER WAY AND S WASHINGTON ST,,,2b,Serious Injury Collision,Cycles,2,0,1,1,1,1,0,2004-08-04T00:00:00.000Z,8/4/2004,Mid-Block (not related to intersection),51,PEDALCYCLIST STRUCK MOTOR VEHICLE FRONT END AT ANGLE,,0,Clear or Partly Cloudy,Dry,Daylight,,4217028.0,,45.0,Vehicle - Pedalcyclist,0,0,N,POINT (1269750.265457019 223034.8039924353),22175.0,6.928803909528021e-06,Clear or Partly Cloudy,2004-08-04,00:00:00,,2,1,,Clear or Partly Cloudy
18207,31956,31956,1774435,Matched,Block,,LAKE CITY WAY NE BETWEEN NE 127TH ST AND NE 130TH ST,,,1,Property Damage Only Collision,Cycles,2,0,1,1,0,0,0,2004-08-28T00:00:00.000Z,8/28/2004 2:30:00 PM,Driveway Junction,18,"MOTOR VEHICLE STRUCK PEDALCYCLIST, FRONT END AT ANGLE",Y,0,Clear or Partly Cloudy,Dry,Daylight,Y,4241002.0,,45.0,Vehicle - Pedalcyclist,0,0,N,POINT (1281001.345020548 266768.0681652278),19848.0,1.5993339334119683e-05,Clear or Partly Cloudy,2004-08-28,14:30:00,14.0,5,0,0.0,Clear or Partly Cloudy
18253,32381,32381,C649611,Matched,Intersection,35533.0,LAKE WASHINGTON BLVD S AND S CHARLES ST,,,2,Injury Collision,Cycles,2,0,1,1,1,0,0,2004-11-07T00:00:00.000Z,11/7/2004,At Intersection (intersection related),69,PEDALCYCLIST OVERTURNED IN ROAD,,0,Overcast,Dry,Daylight,,4312029.0,,45.0,Vehicle - Pedalcyclist,0,0,N,POINT (1281225.356348768 220283.4197976291),2208.0,0.0,Overcast,2004-11-07,00:00:00,,6,0,,Clear or Partly Cloudy
18399,32560,32560,1793322,Matched,,,,NEI,"Not Enough Information, or Insufficient Location Information",2,Injury Collision,Cycles,2,0,1,1,1,0,0,2005-05-04T00:00:00.000Z,5/4/2005,Mid-Block (not related to intersection),0,NOT ENOUGH INFORMATION / NOT APPLICABLE,,0,Clear or Partly Cloudy,Dry,Dark - Street Lights On,Y,5124030.0,,45.0,Vehicle - Pedalcyclist,0,0,N,,,,Clear or Partly Cloudy,2005-05-04,00:00:00,,2,1,,Clear or Partly Cloudy
18479,32154,32154,1930847,Matched,Intersection,27039.0,FREMONT AVE N AND N 34TH ST,,,2,Injury Collision,Cycles,2,0,1,1,1,0,0,2004-03-01T00:00:00.000Z,3/1/2004,At Intersection (intersection related),18,"MOTOR VEHICLE STRUCK PEDALCYCLIST, FRONT END AT ANGLE",,0,Clear or Partly Cloudy,Dry,Daylight,Y,4061034.0,,45.0,Vehicle - Pedalcyclist,0,0,N,POINT (1266674.116909876 240632.7658664584),1223.0,0.0,Clear or Partly Cloudy,2004-03-01,00:00:00,,0,1,,Clear or Partly Cloudy
18495,32585,32585,1744979,Matched,Intersection,29860.0,SUMMIT AVE AND E PINE ST,,,2,Injury Collision,Cycles,2,0,1,1,1,0,0,2005-01-19T00:00:00.000Z,1/19/2005 6:50:00 PM,At Intersection (intersection related),18,"MOTOR VEHICLE STRUCK PEDALCYCLIST, FRONT END AT ANGLE",,0,Clear or Partly Cloudy,Dry,Dark - Street Lights On,Y,5019007.0,,45.0,Vehicle - Pedalcyclist,0,0,N,POINT (1272399.309875742 227981.0989095122),1148.0,0.0,Clear or Partly Cloudy,2005-01-19,18:50:00,18.0,2,1,1.0,Clear or Partly Cloudy
18635,32069,32069,1781000,Matched,Block,,UNIVERSITY WAY NE BETWEEN NE 47TH ST AND NE 50TH ST,,,2,Injury Collision,Cycles,2,0,1,1,1,0,0,2004-07-30T00:00:00.000Z,7/30/2004 7:00:00 AM,Mid-Block (not related to intersection),56,PEDALCYCLIST STRUCK MOTOR VEHICLE LEFT SIDE SIDESWIPE,,0,Overcast,Dry,Daylight,Y,4212005.0,,45.0,Vehicle - Pedalcyclist,0,0,N,POINT (1275809.299383223 245710.9149916619),999.0,0.0,Overcast,2004-07-30,07:00:00,7.0,4,1,1.0,Clear or Partly Cloudy
18750,32095,32095,1793753,Matched,Block,,8TH AVE NW BETWEEN NW 48TH ST AND NW 49TH ST,,,1,Property Damage Only Collision,Cycles,2,0,1,1,0,0,0,2004-06-29T00:00:00.000Z,6/29/2004 3:40:00 PM,Mid-Block (not related to intersection),21,"MOTOR VEHICLE STRUCK PEDALCYCLIST, REAR END",,0,Clear or Partly Cloudy,Dry,Daylight,Y,4181041.0,,45.0,Vehicle - Pedalcyclist,0,0,N,POINT (1262726.860201836 245973.7390559316),572.0,1.2889341643526935e-05,Clear or Partly Cloudy,2004-06-29,15:40:00,15.0,1,1,1.0,Clear or Partly Cloudy
18881,32676,32676,C656010,Matched,Block,,N 36TH ST BETWEEN 1ST AVE NW AND PALATINE AVE N,,,2,Injury Collision,Cycles,2,0,1,1,1,0,0,2005-08-31T00:00:00.000Z,8/31/2005 8:00:00 PM,Mid-Block (not related to intersection),18,"MOTOR VEHICLE STRUCK PEDALCYCLIST, FRONT END AT ANGLE",,0,Clear or Partly Cloudy,Dry,Daylight,,5243053.0,,45.0,Vehicle - Pedalcyclist,0,0,N,POINT (1264878.454060033 241855.5707317144),16876.0,0.0,Clear or Partly Cloudy,2005-08-31,20:00:00,20.0,2,1,0.0,Clear or Partly Cloudy
18895,33069,33069,1792708,Matched,Block,,LAKE WASHINGTON BLVD E BETWEEN E MADISON ST AND ARBORETUM DR E,,,2,Injury Collision,Cycles,2,0,1,1,1,0,0,2005-04-30T00:00:00.000Z,4/30/2005 8:43:00 AM,Mid-Block (not related to intersection),21,"MOTOR VEHICLE STRUCK PEDALCYCLIST, REAR END",,0,Raining,Wet,Daylight,,5120002.0,,45.0,Vehicle - Pedalcyclist,0,0,N,POINT (1280506.198972031 232193.5976018161),21803.0,4.019627683587087e-06,Raining,2005-04-30,08:43:00,8.0,5,0,1.0,Raining
19143,32876,32876,2185286,Matched,Block,,8TH AVE NW BETWEEN NW MARKET ST AND NW 56TH ST,,,2,Injury Collision,Cycles,2,0,1,1,1,0,0,2005-12-15T00:00:00.000Z,12/15/2005 6:24:00 PM,Driveway Junction,18,"MOTOR VEHICLE STRUCK PEDALCYCLIST, FRONT END AT ANGLE",,0,Clear or Partly Cloudy,Dry,Dark - Street Lights On,Y,5349008.0,,45.0,Vehicle - Pedalcyclist,0,0,N,POINT (1262766.301225871 247806.5837298036),3263.0,1.4607091259939395e-05,Clear or Partly Cloudy,2005-12-15,18:24:00,18.0,3,1,1.0,Clear or Partly Cloudy
19152,32871,32871,1198796,Matched,Intersection,29005.0,12TH AVE E AND E MERCER ST,,,2,Injury Collision,Cycles,2,0,1,1,1,0,0,2005-09-21T00:00:00.000Z,9/21/2005 12:27:00 AM,At Intersection (intersection related),51,PEDALCYCLIST STRUCK MOTOR VEHICLE FRONT END AT ANGLE,,0,Clear or Partly Cloudy,Dry,Dark - Street Lights On,,5264035.0,,45.0,Vehicle - Pedalcyclist,0,0,N,POINT (1274631.001654014 231237.3121608347),8408.0,0.0,Clear or Partly Cloudy,2005-09-21,00:27:00,,2,1,,Clear or Partly Cloudy