OBJECTID,INCKEY,COLDETKEY,REPORTNO,STATUS,ADDRTYPE,INTKEY,LOCATION,EXCEPTRSNC,EXCEPTRSND,SEVERITYCO,SEVERITYDE,COLLISIONT,PERSONCOUN,PEDCOUNT,PEDCYLCOUN,VEHCOUNT,INJURIES,SERIOUSINJ,FATALITIES,INCDATE,INCDTTM,JUNCTIONTY,SDOT_COLCO,SDOT_COLDE,INATTENTIO,UNDERINFL,WEATHER,ROADCOND,LIGHTCOND,PEDROWNOTG,SDOTCOLNUM,SPEEDING,ST_COLCODE,ST_COLDESC,SEGLANEKEY,CROSSWALKK,HITPARKEDC,geometry,near_str_index,min_length,weather_group,date,time,hour,dayofweek,weekday,rushhour,weather_group2
24778,38486,38486,2071927,Matched,Block,,ELLIOTT AVE W BETWEEN W MERCER ST AND W MERCER PL,,,2,Injury Collision,Cycles,2,0,1,1,1,0,0,2005-12-21T00:00:00.000Z,12/21/2005 4:30:00 PM,Driveway Junction,18,"MOTOR VEHICLE STRUCK PEDALCYCLIST, FRONT END AT ANGLE",,0,Raining,Wet,Dark - Street Lights On,Y,5355009.0,,45.0,Vehicle - Pedalcyclist,0,0,N,POINT (1262242.290793329 231965.5804495811),21791.0,7.915761365491245e-06,Raining,2005-12-21,16:30:00,16.0,2,1,1.0,Raining
24962,38795,38795,1791712,Matched,Intersection,24245.0,STROUD AVE N AND EAST GREEN LAKE DR N,,,2,Injury Collision,Cycles,4,0,1,1,1,0,0,2005-03-02T00:00:00.000Z,3/2/2005,At Intersection (intersection related),18,"MOTOR VEHICLE STRUCK PEDALCYCLIST, FRONT END AT ANGLE",,0,Clear or Partly Cloudy,Dry,Daylight,Y,5061010.0,,45.0,Vehicle - Pedalcyclist,0,0,N,POINT (1270260.463409543 253635.7472557724),11177.0,0.0,Clear or Partly Cloudy,2005-03-02,00:00:00,,2,1,,Clear or Partly Cloudy
25056,39081,39081,1789475,Matched,Intersection,30995.0,CALIFORNIA AVE SW AND SW ATLANTIC ST,,,2,Injury Collision,Cycles,1,0,1,0,1,0,0,2005-07-09T00:00:00.000Z,7/9/2005,At Intersection (intersection related),28,MOTOR VEHICLE RAN OFF ROAD - HIT FIXED OBJECT,,0,Clear or Partly Cloudy,Dry,Daylight,,5190037.0,,45.0,Vehicle - Pedalcyclist,0,0,N,POINT (1257261.005860239 219297.5182286203),656.0,0.0,Clear or Partly Cloudy,2005-07-09,00:00:00,,5,0,,Clear or Partly Cloudy
25063,39215,39215,2024424,Matched,Block,,DEXTER AVE N BETWEEN LEE ST AND GALER ST,,,2b,Serious Injury Collision,Cycles,2,0,1,1,1,1,0,2005-09-01T00:00:00.000Z,9/1/2005,Driveway Junction,18,"MOTOR VEHICLE STRUCK PEDALCYCLIST, FRONT END AT ANGLE",,0,Clear or Partly Cloudy,Dry,Daylight,Y,5244007.0,,45.0,Vehicle - Pedalcyclist,0,0,N,POINT (1268386.228399619 234128.5003238022),6299.0,3.257173808247047e-05,Clear or Partly Cloudy,2005-09-01,00:00:00,,3,1,,Clear or Partly Cloudy
25116,39353,39353,1791205,Matched,Intersection,32690.0,RAINIER AVE S AND S ANDOVER ST,,,2,Injury Collision,Cycles,2,0,1,1,1,0,0,2005-02-20T00:00:00.000Z,2/20/2005 2:13:00 PM,At Intersection (intersection related),18,"MOTOR VEHICLE STRUCK PEDALCYCLIST, FRONT END AT ANGLE",,0,Clear or Partly Cloudy,Dry,Daylight,Y,5051003.0,,45.0,Vehicle - Pedalcyclist,0,0,N,POINT (1281020.993084565 210570.1920116842),912.0,0.0,Clear or Partly Cloudy,2005-02-20,14:13:00,14.0,6,0,0.0,Clear or Partly Cloudy
25149,39383,39383,2025671,Matched,Intersection,27024.0,PHINNEY AVE N AND N 36TH ST,,,2,Injury Collision,Cycles,3,0,1,1,1,0,0,2005-08-24T00:00:00.000Z,8/24/2005 5:08:00 PM,At Intersection (intersection related),18,"MOTOR VEHICLE STRUCK PEDALCYCLIST, FRONT END AT ANGLE",,0,Clear or Partly Cloudy,Dry,Daylight,,5236002.0,,45.0,Vehicle - Pedalcyclist,0,0,N,POINT (1265528.306988701 241624.4737714827),9044.0,0.0,Clear or Partly Cloudy,2005-08-24,17:08:00,17.0,2,1,1.0,Clear or Partly Cloudy
25163,38977,38977,1786398,Matched,Intersection,31451.0,M L KING JR WAY S AND S WALKER ST,,,2,Injury Collision,Cycles,2,0,1,1,1,0,0,2005-04-01T00:00:00.000Z,4/1/2005,At Intersection (intersection related),18,"MOTOR VEHICLE STRUCK PEDALCYCLIST, FRONT END AT ANGLE",,0,Clear or Partly Cloudy,Dry,Daylight,Y,5091035.0,,45.0,Vehicle - Pedalcyclist,0,0,N,POINT (1278932.993850425 216335.4121135771),6496.0,0.0,Clear or Partly Cloudy,2005-04-01,00:00:00,,4,1,,Clear or Partly Cloudy
25181,39387,39387,1059874,Matched,Block,,ALASKAN WAY BETWEEN VINE ST AND CLAY ST,,,2,Injury Collision,Cycles,2,0,1,1,1,0,0,2005-11-15T00:00:00.000Z,11/15/2005 4:38:00 PM,Mid-Block (not related to intersection),18,"MOTOR VEHICLE STRUCK PEDALCYCLIST, FRONT END AT ANGLE",,1,Clear or Partly Cloudy,Dry,Daylight,,5319003.0,,45.0,Vehicle - Pedalcyclist,0,0,N,POINT (1265591.06423676 227627.3577251434),21288.0,5.0245207272725325e-09,Clear or Partly Cloudy,2005-11-15,16:38:00,16.0,1,1,1.0,Clear or Partly Cloudy
25239,39251,39251,2020676,Matched,Block,,SAND POINT WAY NE BETWEEN NE 45TH ST AND 40TH AVE NE,,,2,Injury Collision,Cycles,2,0,1,1,1,0,0,2005-04-07T00:00:00.000Z,4/7/2005,Driveway Junction,18,"MOTOR VEHICLE STRUCK PEDALCYCLIST, FRONT END AT ANGLE",,0,Clear or Partly Cloudy,Wet,Dusk,Y,5097011.0,,45.0,Vehicle - Pedalcyclist,0,0,N,POINT (1282519.082302094 244877.3931348026),19034.0,9.38067443669746e-07,Clear or Partly Cloudy,2005-04-07,00:00:00,,3,1,,Clear or Partly Cloudy
25265,39010,39010,1785024,Matched,Intersection,29682.0,CLAY ST AND WESTERN AVE,,,1,Property Damage Only Collision,Cycles,2,0,1,1,0,0,0,2005-09-28T00:00:00.000Z,9/28/2005 5:15:00 AM,At Intersection (intersection related),18,"MOTOR VEHICLE STRUCK PEDALCYCLIST, FRONT END AT ANGLE",,0,Clear or Partly Cloudy,Dry,Dark - Street Lights On,,5271043.0,,45.0,Vehicle - Pedalcyclist,0,0,N,POINT (1265774.068012953 228282.3510058224),6245.0,0.0,Clear or Partly Cloudy,2005-09-28,05:15:00,5.0,2,1,0.0,Clear or Partly Cloudy
25297,39140,39140,1059613,Matched,Intersection,28915.0,4TH AVE N AND MERCER ST,,,2,Injury Collision,Cycles,3,0,1,1,1,0,0,2005-04-16T00:00:00.000Z,4/16/2005 7:33:00 PM,At Intersection (intersection related),51,PEDALCYCLIST STRUCK MOTOR VEHICLE FRONT END AT ANGLE,,0,Clear or Partly Cloudy,Dry,Dark - Street Lights On,,5106031.0,,45.0,Vehicle - Pedalcyclist,0,0,N,POINT (1266708.919853911 231501.9083851129),847.0,0.0,Clear or Partly Cloudy,2005-04-16,19:33:00,19.0,5,0,1.0,Clear or Partly Cloudy
25337,39373,39373,1783584,Matched,Block,,6TH AVE BETWEEN UNIVERSITY ST AND UNION ST,,,2b,Serious Injury Collision,Cycles,2,0,1,1,1,1,0,2005-04-27T00:00:00.000Z,4/27/2005 6:47:00 AM,Mid-Block (but intersection related),24,MOTOR VEHCILE STRUCK PEDESTRIAN,Y,0,Overcast,Dry,Daylight,,5117007.0,,45.0,Vehicle - Pedalcyclist,0,0,N,POINT (1270493.199921787 225988.3224594742),3199.0,4.169726785151738e-06,Overcast,2005-04-27,06:47:00,6.0,2,1,0.0,Clear or Partly Cloudy
25341,39148,39148,C655955,Matched,Block,,WESTLAKE EAST RDWY AVE N BETWEEN MCGRAW ST AND HALLADAY ST,,,2,Injury Collision,Cycles,2,0,1,1,1,0,0,2005-09-07T00:00:00.000Z,9/7/2005,Driveway Junction,18,"MOTOR VEHICLE STRUCK PEDALCYCLIST, FRONT END AT ANGLE",,0,Clear or Partly Cloudy,Dry,Dusk,,5250048.0,,45.0,Vehicle - Pedalcyclist,0,0,N,POINT (1268441.858159676 237456.2519432157),18063.0,5.229495428587427e-06,Clear or Partly Cloudy,2005-09-07,00:00:00,,2,1,,Clear or Partly Cloudy
25399,39298,39298,2028411,Matched,Block,,INTERLAKEN DR E BETWEEN E GALER ST AND E INTERLAKEN BLVD,,,2,Injury Collision,Cycles,3,0,1,1,1,0,0,2005-05-26T00:00:00.000Z,5/26/2005 10:14:00 AM,Mid-Block (not related to intersection),51,PEDALCYCLIST STRUCK MOTOR VEHICLE FRONT END AT ANGLE,,0,Clear or Partly Cloudy,Dry,Daylight,,5146006.0,,45.0,Vehicle - Pedalcyclist,0,0,N,POINT (1276903.892600343 235264.4143089652),20883.0,2.6104605516832002e-06,Clear or Partly Cloudy,2005-05-26,10:14:00,10.0,3,1,0.0,Clear or Partly Cloudy
25469,39305,39305,1793946,Matched,Intersection,24494.0,OSWEGO PL NE AND NE 65TH ST,,,2,Injury Collision,Cycles,2,0,1,1,1,0,0,2005-09-17T00:00:00.000Z,9/17/2005 7:08:00 PM,At Intersection (intersection related),18,"MOTOR VEHICLE STRUCK PEDALCYCLIST, FRONT END AT ANGLE",,0,Clear or Partly Cloudy,Dry,Dusk,,5260003.0,,45.0,Vehicle - Pedalcyclist,0,0,N,POINT (1273869.571893245 250077.5791881382),7303.0,0.0,Clear or Partly Cloudy,2005-09-17,19:08:00,19.0,5,0,1.0,Clear or Partly Cloudy
25477,39864,39864,2061059,Matched,Intersection,27167.0,UNIVERSITY WAY NE AND NE PACIFIC ST,,,2,Injury Collision,Cycles,2,0,1,1,2,0,0,2005-10-03T00:00:00.000Z,10/3/2005,At Intersection (intersection related),18,"MOTOR VEHICLE STRUCK PEDALCYCLIST, FRONT END AT ANGLE",,0,Clear or Partly Cloudy,Dry,Daylight,Y,5276035.0,,45.0,Vehicle - Pedalcyclist,0,0,N,POINT (1275674.208311081 241847.4433717132),2203.0,0.0,Clear or Partly Cloudy,2005-10-03,00:00:00,,0,1,,Clear or Partly Cloudy
25493,39189,39189,2192027,Matched,Intersection,29168.0,DENNY WAY AND STEWART ST,,,2,Injury Collision,Cycles,2,0,1,1,1,0,0,2005-12-24T00:00:00.000Z,12/24/2005 12:26:00 AM,At Intersection (intersection related),51,PEDALCYCLIST STRUCK MOTOR VEHICLE FRONT END AT ANGLE,,0,Raining,Wet,Dark - Street Lights On,,5358006.0,,45.0,Vehicle - Pedalcyclist,0,0,N,POINT (1271141.683762446 229199.6351027489),14776.0,0.0,Raining,2005-12-24,00:26:00,,5,0,,Raining
25503,39186,39186,1794975,Matched,Block,,DENSMORE AVE N BETWEEN N NORTHLAKE WAY AND N 34TH ST,,,2,Injury Collision,Cycles,2,0,1,1,1,0,0,2005-06-09T00:00:00.000Z,6/9/2005,Mid-Block (but intersection related),18,"MOTOR VEHICLE STRUCK PEDALCYCLIST, FRONT END AT ANGLE",,0,Clear or Partly Cloudy,Dry,Daylight,,5160020.0,,45.0,Vehicle - Pedalcyclist,0,0,N,POINT (1269664.822832927 239799.9750816077),6289.0,7.448019793931787e-09,Clear or Partly Cloudy,2005-06-09,00:00:00,,3,1,,Clear or Partly Cloudy
25522,39465,39465,2024914,Matched,Block,,35TH AVE SW BETWEEN SW GRAHAM ST AND SW MORGAN ST,,,2b,Serious Injury Collision,Cycles,2,0,1,1,1,1,0,2005-10-22T00:00:00.000Z,10/22/2005 9:30:00 AM,Driveway Junction,18,"MOTOR VEHICLE STRUCK PEDALCYCLIST, FRONT END AT ANGLE",,0,Clear or Partly Cloudy,Dry,Daylight,Y,5295007.0,,45.0,Vehicle - Pedalcyclist,0,0,N,POINT (1259339.947366357 202837.2973477542),17539.0,9.144054453791578e-06,Clear or Partly Cloudy,2005-10-22,09:30:00,9.0,5,0,1.0,Clear or Partly Cloudy
25574,39476,39476,1797282,Matched,Block,,LAKESIDE AVE BETWEEN E YESLER WAY AND LAKE WASHINGTON BLVD,,,2,Injury Collision,Cycles,2,0,1,1,1,0,0,2005-07-12T00:00:00.000Z,7/12/2005 7:49:00 AM,Mid-Block (not related to intersection),23,"MOTOR VEHICLE STRUCK PEDALCYCLIST, LEFT SIDE SIDESWIPE",,0,Clear or Partly Cloudy,Dry,Daylight,,5193003.0,,45.0,Vehicle - Pedalcyclist,0,0,N,POINT (1282309.775549889 223090.135640502),13761.0,1.6349382295988096e-06,Clear or Partly Cloudy,2005-07-12,07:49:00,7.0,1,1,1.0,Clear or Partly Cloudy
25608,39612,39612,1787323,Matched,Block,,E HARRISON ST BETWEEN 12TH AVE E AND 13TH AVE E,,,2,Injury Collision,Cycles,2,0,1,1,1,0,0,2005-07-26T00:00:00.000Z,7/26/2005 5:46:00 PM,Mid-Block (but intersection related),51,PEDALCYCLIST STRUCK MOTOR VEHICLE FRONT END AT ANGLE,,0,Clear or Partly Cloudy,Dry,Daylight,,5207022.0,,45.0,Vehicle - Pedalcyclist,0,0,N,POINT (1274735.364790127 230396.4476479739),9840.0,7.447822014946149e-09,Clear or Partly Cloudy,2005-07-26,17:46:00,17.0,1,1,1.0,Clear or Partly Cloudy
25661,39630,39630,1776919,Matched,Intersection,29538.0,9TH AVE AND STEWART ST,,,1,Property Damage Only Collision,Cycles,2,0,1,1,0,0,0,2005-09-10T00:00:00.000Z,9/10/2005 4:38:00 PM,At Intersection (intersection related),18,"MOTOR VEHICLE STRUCK PEDALCYCLIST, FRONT END AT ANGLE",,0,Clear or Partly Cloudy,Dry,Daylight,Y,5253010.0,,45.0,Vehicle - Pedalcyclist,0,0,N,POINT (1270205.58238548 228168.8738857061),6077.0,0.0,Clear or Partly Cloudy,2005-09-10,16:38:00,16.0,5,0,1.0,Clear or Partly Cloudy
25664,39628,39628,2024779,Matched,Alley,,,,,2,Injury Collision,Cycles,2,0,1,1,1,0,0,2005-06-14T00:00:00.000Z,6/14/2005 6:44:00 PM,,0,NOT ENOUGH INFORMATION / NOT APPLICABLE,,0,Clear or Partly Cloudy,Dry,Daylight,,5165032.0,,45.0,Vehicle - Pedalcyclist,0,0,N,,,,Clear or Partly Cloudy,2005-06-14,18:44:00,18.0,1,1,1.0,Clear or Partly Cloudy
25701,39773,39773,2108856,Matched,Intersection,27044.0,DRAVUS ST AND NICKERSON ST,,,2,Injury Collision,Cycles,2,0,1,1,1,0,0,2005-10-31T00:00:00.000Z,10/31/2005 5:43:00 PM,At Intersection (intersection related),21,"MOTOR VEHICLE STRUCK PEDALCYCLIST, REAR END",,0,Raining,Wet,Dark - Street Lights On,Y,5304009.0,,45.0,Vehicle - Pedalcyclist,0,0,N,POINT (1265312.690988481 240319.3890981376),701.0,0.0,Raining,2005-10-31,17:43:00,17.0,0,1,1.0,Raining
25733,39938,39938,2060359,Matched,Intersection,33795.0,CALIFORNIA AVE SW AND SW OTHELLO N ST,,,2,Injury Collision,Cycles,2,0,1,1,1,0,0,2005-12-02T00:00:00.000Z,12/2/2005,At Intersection (intersection related),18,"MOTOR VEHICLE STRUCK PEDALCYCLIST, FRONT END AT ANGLE",,0,Overcast,Wet,Dusk,,5336005.0,,45.0,Vehicle - Pedalcyclist,0,0,N,POINT (1256605.986851558 200315.9077131748),3042.0,0.0,Overcast,2005-12-02,00:00:00,,4,1,,Clear or Partly Cloudy
25774,39912,39912,1796681,Matched,Block,,NW MARKET ST BETWEEN 5TH AVE NW AND 6TH E AVE NW,,,2,Injury Collision,Cycles,2,0,1,1,1,0,0,2005-06-15T00:00:00.000Z,6/15/2005 8:22:00 PM,Mid-Block (not related to intersection),18,"MOTOR VEHICLE STRUCK PEDALCYCLIST, FRONT END AT ANGLE",,0,Clear or Partly Cloudy,Dry,Dusk,,5166020.0,,45.0,Vehicle - Pedalcyclist,0,0,N,POINT (1263519.800746635 247649.1772656441),4398.0,3.06631254447356e-05,Clear or Partly Cloudy,2005-06-15,20:22:00,20.0,2,1,0.0,Clear or Partly Cloudy
25822,39931,39931,2020769,Matched,Intersection,25773.0,9TH AVE NE AND NE 53RD ST,,,2,Injury Collision,Cycles,2,0,1,1,1,0,0,2005-08-15T00:00:00.000Z,8/15/2005 5:42:00 PM,At Intersection (intersection related),18,"MOTOR VEHICLE STRUCK PEDALCYCLIST, FRONT END AT ANGLE",,0,Clear or Partly Cloudy,Dry,Daylight,Y,5227011.0,,45.0,Vehicle - Pedalcyclist,0,0,N,POINT (1274519.022389904 246873.1058408469),585.0,0.0,Clear or Partly Cloudy,2005-08-15,17:42:00,17.0,0,1,1.0,Clear or Partly Cloudy
25831,39925,39925,2019504,Matched,Block,,10TH AVE E BETWEEN E DENNY WAY AND E JOHN ST,,,2,Injury Collision,Cycles,2,0,1,1,1,0,0,2005-06-01T00:00:00.000Z,6/1/2005,Driveway Junction,18,"MOTOR VEHICLE STRUCK PEDALCYCLIST, FRONT END AT ANGLE",Y,0,Raining,Wet,Daylight,Y,5152027.0,,45.0,Vehicle - Pedalcyclist,0,0,N,POINT (1273907.605557278 229452.5179830194),2286.0,1.5484554413839208e-06,Raining,2005-06-01,00:00:00,,2,1,,Raining
25876,39549,39549,1933268,Matched,Intersection,30482.0,2ND AVE AND JAMES ST,,,2,Injury Collision,Cycles,2,1,1,0,1,0,0,2005-09-22T00:00:00.000Z,9/22/2005 5:14:00 PM,At Intersection (intersection related),64,PEDALCYCLIST STRUCK PEDESTRIAN,,0,Clear or Partly Cloudy,Dry,Daylight,Y,5265012.0,,45.0,Vehicle - Pedalcyclist,0,0,N,POINT (1270583.694641873 223305.2345847189),134.0,0.0,Clear or Partly Cloudy,2005-09-22,17:14:00,17.0,3,1,1.0,Clear or Partly Cloudy
25934,39423,39423,2026628,Matched,Block,,NE 45TH ST BETWEEN 2ND AVE NE AND THACKERAY PL NE,,,2,Injury Collision,Cycles,5,0,1,1,1,0,0,2005-08-10T00:00:00.000Z,8/10/2005 11:29:00 PM,Driveway Junction,18,"MOTOR VEHICLE STRUCK PEDALCYCLIST, FRONT END AT ANGLE",,0,Clear or Partly Cloudy,Dry,Dark - Street Lights On,Y,5222011.0,,45.0,Vehicle - Pedalcyclist,0,0,N,POINT (1272433.439155772 244811.4479827434),9906.0,4.418045119863796e-06,Clear or Partly Cloudy,2005-08-10,23:29:00,23.0,2,1,0.0,Clear or Partly Cloudy
25963,39703,39703,2025052,Matched,Block,,FAUNTLEROY WAY SW BETWEEN SW CLOVERDALE ST AND SW TRENTON ST,,,2,Injury Collision,Cycles,4,0,1,1,1,0,0,2005-05-14T00:00:00.000Z,5/14/2005 6:03:00 PM,Mid-Block (not related to intersection),23,"MOTOR VEHICLE STRUCK PEDALCYCLIST, LEFT SIDE SIDESWIPE",,0,Overcast,Dry,Daylight,,5134014.0,,45.0,Vehicle - Pedalcyclist,0,0,N,POINT (1255157.904674083 195709.9516764581),21056.0,7.413949005944064e-06,Overcast,2005-05-14,18:03:00,18.0,5,0,1.0,Clear or Partly Cloudy
26029,39850,39850,2020489,Matched,Block,,AURORA AVE N BETWEEN N 67TH ST AND N 68TH ST,,,2,Injury Collision,Cycles,2,0,1,1,2,0,0,2005-06-13T00:00:00.000Z,6/13/2005 6:32:00 PM,Mid-Block (not related to intersection),21,"MOTOR VEHICLE STRUCK PEDALCYCLIST, REAR END",Y,0,Clear or Partly Cloudy,Dry,Daylight,,5164001.0,,45.0,Vehicle - Pedalcyclist,0,0,N,POINT (1267908.497839138 251057.0232211351),11042.0,2.139161280999939e-05,Clear or Partly Cloudy,2005-06-13,18:32:00,18.0,0,1,1.0,Clear or Partly Cloudy
26089,40005,40005,1069301,Matched,Intersection,28045.0,4TH AVE N AND FREMONT BR,,,2,Injury Collision,Cycles,2,0,1,1,1,0,0,2005-08-20T00:00:00.000Z,8/20/2005 2:14:00 PM,At Intersection (intersection related),18,"MOTOR VEHICLE STRUCK PEDALCYCLIST, FRONT END AT ANGLE",,0,Clear or Partly Cloudy,Dry,Daylight,,5232006.0,,45.0,Vehicle - Pedalcyclist,0,0,N,POINT (1266653.095981851 239644.4832414538),10319.0,0.0,Clear or Partly Cloudy,2005-08-20,14:14:00,14.0,5,0,0.0,Clear or Partly Cloudy
26211,40298,40298,2019640,Matched,Intersection,29181.0,SUMMIT AVE AND E HOWELL W ST,,,2,Injury Collision,Cycles,2,0,1,1,1,0,0,2005-08-29T00:00:00.000Z,8/29/2005 10:33:00 PM,At Intersection (intersection related),51,PEDALCYCLIST STRUCK MOTOR VEHICLE FRONT END AT ANGLE,,0,Clear or Partly Cloudy,Dry,Dark - Street Lights On,Y,5241043.0,,45.0,Vehicle - Pedalcyclist,0,0,N,POINT (1272409.079347745 228900.5646384507),1097.0,0.0,Clear or Partly Cloudy,2005-08-29,22:33:00,22.0,0,1,0.0,Clear or Partly Cloudy
26224,40440,40440,1774900,Matched,Intersection,32516.0,BEACON AVE S AND S HORTON ST,,,2,Injury Collision,Cycles,3,0,1,1,1,0,0,2005-04-09T00:00:00.000Z,4/9/2005,At Intersection (intersection related),18,"MOTOR VEHICLE STRUCK PEDALCYCLIST, FRONT END AT ANGLE",,0,Clear or Partly Cloudy,Dry,Daylight,Y,5099015.0,,45.0,Vehicle - Pedalcyclist,0,0,N,POINT (1276212.149815634 212887.1965580583),627.0,0.0,Clear or Partly Cloudy,2005-04-09,00:00:00,,5,0,,Clear or Partly Cloudy
26240,40160,40160,1796555,Matched,Intersection,25435.0,11TH AVE NW AND NW 52ND ST,,,2,Injury Collision,Cycles,2,0,1,1,1,0,0,2005-03-21T00:00:00.000Z,3/21/2005 8:59:00 PM,At Intersection (intersection related),18,"MOTOR VEHICLE STRUCK PEDALCYCLIST, FRONT END AT ANGLE",,0,Clear or Partly Cloudy,Dry,Dark - No Street Lights,,5080022.0,,45.0,Vehicle - Pedalcyclist,0,0,N,POINT (1261617.973544687 246875.6287208498),5004.0,0.0,Clear or Partly Cloudy,2005-03-21,20:59:00,20.0,0,1,0.0,Clear or Partly Cloudy
26270,40422,40422,1781718,Matched,Intersection,33982.0,26TH AVE SW AND SW HOLDEN ST,,,2,Injury Collision,Cycles,3,0,1,1,1,0,0,2005-02-03T00:00:00.000Z,2/3/2005,At Intersection (intersection related),18,"MOTOR VEHICLE STRUCK PEDALCYCLIST, FRONT END AT ANGLE",,0,Clear or Partly Cloudy,Dry,Daylight,Y,5034001.0,,45.0,Vehicle - Pedalcyclist,0,0,N,POINT (1261872.481832951 198448.2251512706),2004.0,0.0,Clear or Partly Cloudy,2005-02-03,00:00:00,,3,1,,Clear or Partly Cloudy
26296,40196,40196,1060160,Matched,Block,,S JACKSON ST BETWEEN 2ND AVE S AND 3RD AVE S,,,2,Injury Collision,Cycles,2,0,1,1,1,0,0,2005-01-20T00:00:00.000Z,1/20/2005 1:00:00 PM,Mid-Block (not related to intersection),23,"MOTOR VEHICLE STRUCK PEDALCYCLIST, LEFT SIDE SIDESWIPE",,0,Overcast,Unknown,Daylight,,5020025.0,,45.0,Vehicle - Pedalcyclist,0,0,N,POINT (1270954.001266256 222164.9003115445),18368.0,1.3477456637490964e-06,Overcast,2005-01-20,13:00:00,13.0,3,1,0.0,Clear or Partly Cloudy
26321,40201,40201,2024159,Matched,Intersection,28710.0,DEXTER AVE N AND GALER ST,,,2,Injury Collision,Cycles,2,0,1,1,1,0,0,2005-08-19T00:00:00.000Z,8/19/2005 8:11:00 AM,At Intersection (intersection related),18,"MOTOR VEHICLE STRUCK PEDALCYCLIST, FRONT END AT ANGLE",,0,Clear or Partly Cloudy,Dry,Daylight,Y,5231004.0,,45.0,Vehicle - Pedalcyclist,0,0,N,POINT (1268390.34910363 234291.1438439637),697.0,0.0,Clear or Partly Cloudy,2005-08-19,08:11:00,8.0,4,1,1.0,Clear or Partly Cloudy
26346,40070,40070,1784671,Matched,Intersection,30352.0,COLUMBIA ST AND WESTERN AVE,,,1,Property Damage Only Collision,Cycles,5,0,1,1,0,0,0,2005-01-25T00:00:00.000Z,1/25/2005 5:10:00 PM,At Intersection (intersection related),18,"MOTOR VEHICLE STRUCK PEDALCYCLIST, FRONT END AT ANGLE",Y,0,Overcast,Dry,Dusk,,5025008.0,,45.0,Vehicle - Pedalcyclist,0,0,N,POINT (1269717.913648993 223504.0894969255),670.0,0.0,Overcast,2005-01-25,17:10:00,17.0,1,1,1.0,Clear or Partly Cloudy
26413,40224,40224,1931061,Matched,Intersection,37471.0,ROOSEVELT WAY NE AND NE 104TH ST,,,2,Injury Collision,Cycles,2,0,1,1,1,0,0,2005-01-26T00:00:00.000Z,1/26/2005 5:15:00 PM,At Intersection (intersection related),18,"MOTOR VEHICLE STRUCK PEDALCYCLIST, FRONT END AT ANGLE",,0,Raining,Wet,Dark - Street Lights On,Y,5026004.0,,45.0,Vehicle - Pedalcyclist,0,0,N,POINT (1274936.753974333 260326.8008306324),6647.0,0.0,Raining,2005-01-26,17:15:00,17.0,2,1,1.0,Raining
26432,40218,40218,2191751,Matched,Block,,PINE ST BETWEEN 9TH AVE AND TERRY AVE,,,2,Injury Collision,Cycles,2,0,1,1,1,0,0,2005-10-22T00:00:00.000Z,10/22/2005 6:19:00 PM,Mid-Block (but intersection related),55,PEDALCYCLIST STRUCK MOTOR VEHICLE RIGHT SIDE SIDESWIPE,,0,Clear or Partly Cloudy,Dry,Dark - Street Lights On,,5295002.0,,45.0,Vehicle - Pedalcyclist,0,0,N,POINT (1270919.723314226 227477.7186849862),14345.0,1.1479398351009595e-05,Clear or Partly Cloudy,2005-10-22,18:19:00,18.0,5,0,1.0,Clear or Partly Cloudy
26493,40356,40356,1932931,Matched,Intersection,29592.0,2ND AVE AND PIKE ST,,,2,Injury Collision,Cycles,4,0,1,1,1,0,0,2005-05-21T00:00:00.000Z,5/21/2005 9:06:00 AM,At Intersection (intersection related),18,"MOTOR VEHICLE STRUCK PEDALCYCLIST, FRONT END AT ANGLE",,0,Clear or Partly Cloudy,Dry,Daylight,,5141034.0,,45.0,Vehicle - Pedalcyclist,0,0,N,POINT (1269058.773296311 225881.3874193579),135.0,0.0,Clear or Partly Cloudy,2005-05-21,09:06:00,9.0,5,0,1.0,Clear or Partly Cloudy
26582,40924,40924,2020392,Matched,Intersection,287173.0,BURKE GILMAN TRL AND NE 77TH ST,,,2,Injury Collision,Cycles,4,0,1,1,1,0,0,2005-08-05T00:00:00.000Z,8/5/2005,At Intersection (intersection related),18,"MOTOR VEHICLE STRUCK PEDALCYCLIST, FRONT END AT ANGLE",,0,Clear or Partly Cloudy,Dry,Daylight,,5217008.0,,45.0,Vehicle - Pedalcyclist,0,0,N,,,,Clear or Partly Cloudy,2005-08-05,00:00:00,,4,1,,Clear or Partly Cloudy
26622,40524,40524,C657844,Matched,Block,,NE 43RD ST BETWEEN 12TH AVE NE AND DEAD END 1,,,1,Property Damage Only Collision,Cycles,2,0,1,1,0,0,0,2005-09-08T00:00:00.000Z,9/8/2005,Driveway Junction,51,PEDALCYCLIST STRUCK MOTOR VEHICLE FRONT END AT ANGLE,,0,Clear or Partly Cloudy,Dry,Daylight,,5251041.0,,45.0,Vehicle - Pedalcyclist,0,0,N,POINT (1275261.115062669 244196.3987661153),19152.0,6.815777081970632e-07,Clear or Partly Cloudy,2005-09-08,00:00:00,,3,1,,Clear or Partly Cloudy
26682,40540,40540,1792975,Matched,Intersection,25540.0,GREEN LAKE WAY N AND STONE AVE N,,,1,Property Damage Only Collision,Cycles,2,0,1,1,0,0,0,2005-06-10T00:00:00.000Z,6/10/2005 8:45:00 AM,At Intersection (intersection related),18,"MOTOR VEHICLE STRUCK PEDALCYCLIST, FRONT END AT ANGLE",,0,Unknown,Dry,Daylight,Y,5161015.0,,45.0,Vehicle - Pedalcyclist,0,0,N,POINT (1268664.395823911 245897.3933278471),6681.0,0.0,,2005-06-10,08:45:00,8.0,4,1,1.0,