OBJECTID,INCKEY,COLDETKEY,REPORTNO,STATUS,ADDRTYPE,INTKEY,LOCATION,EXCEPTRSNC,EXCEPTRSND,SEVERITYCO,SEVERITYDE,COLLISIONT,PERSONCOUN,PEDCOUNT,PEDCYLCOUN,VEHCOUNT,INJURIES,SERIOUSINJ,FATALITIES,INCDATE,INCDTTM,JUNCTIONTY,SDOT_COLCO,SDOT_COLDE,INATTENTIO,UNDERINFL,WEATHER,ROADCOND,LIGHTCOND,PEDROWNOTG,SDOTCOLNUM,SPEEDING,ST_COLCODE,ST_COLDESC,SEGLANEKEY,CROSSWALKK,HITPARKEDC,geometry,near_str_index,min_length,weather_group,date,time,hour,dayofweek,weekday,rushhour,weather_group2
26683,40539,40539,1933671,Matched,Block,,2ND AV ET S BETWEEN S JACKSON ST AND S MAIN ST,,,2,Injury Collision,Cycles,2,0,1,1,1,0,0,2005-06-10T00:00:00.000Z,6/10/2005 5:11:00 PM,Mid-Block (not related to intersection),21,"MOTOR VEHICLE STRUCK PEDALCYCLIST, REAR END",,0,Clear or Partly Cloudy,Dry,Daylight,Y,5161008.0,,45.0,Vehicle - Pedalcyclist,0,0,N,POINT (1271183.316146493 222304.5042156875),10135.0,3.5431266009836825e-09,Clear or Partly Cloudy,2005-06-10,17:11:00,17.0,4,1,1.0,Clear or Partly Cloudy
26808,40837,40837,1779522,Matched,Intersection,35472.0,51ST AVE S AND S ROXBURY ST,,,2,Injury Collision,Cycles,2,0,1,1,1,0,0,2005-04-28T00:00:00.000Z,4/28/2005 2:14:00 PM,At Intersection (intersection related),18,"MOTOR VEHICLE STRUCK PEDALCYCLIST, FRONT END AT ANGLE",Y,0,Clear or Partly Cloudy,Dry,Daylight,Y,5118030.0,,45.0,Vehicle - Pedalcyclist,0,0,N,POINT (1285416.734785065 191845.7982645035),10670.0,0.0,Clear or Partly Cloudy,2005-04-28,14:14:00,14.0,3,1,0.0,Clear or Partly Cloudy
26820,40705,40705,2019958,Matched,Intersection,27142.0,UNIVERSITY WAY NE AND NE CAMPUS EB PY,,,1,Property Damage Only Collision,Cycles,2,0,1,1,0,0,0,2005-09-22T00:00:00.000Z,9/22/2005 3:49:00 PM,At Intersection (intersection related),51,PEDALCYCLIST STRUCK MOTOR VEHICLE FRONT END AT ANGLE,,0,Clear or Partly Cloudy,Dry,Daylight,,5265009.0,,45.0,Vehicle - Pedalcyclist,0,0,N,POINT (1275708.715575129 242791.0504126698),17184.0,0.0,Clear or Partly Cloudy,2005-09-22,15:49:00,15.0,3,1,1.0,Clear or Partly Cloudy
26869,40971,40971,2022392,Matched,Block,,N 85TH ST BETWEEN ASHWORTH AVE N AND DENSMORE AVE N,,,2,Injury Collision,Cycles,2,0,1,1,1,0,0,2005-05-22T00:00:00.000Z,5/22/2005 5:43:00 AM,Mid-Block (not related to intersection),55,PEDALCYCLIST STRUCK MOTOR VEHICLE RIGHT SIDE SIDESWIPE,Y,0,Clear or Partly Cloudy,Dry,Daylight,,5142016.0,,45.0,Vehicle - Pedalcyclist,0,0,N,POINT (1269727.071793005 255504.5756736845),4073.0,7.216923929302695e-09,Clear or Partly Cloudy,2005-05-22,05:43:00,5.0,6,0,0.0,Clear or Partly Cloudy
26873,40969,40969,2190701,Matched,Intersection,30367.0,ALASKAN WAY S AND S KING ST,,,2,Injury Collision,Cycles,2,0,1,1,1,0,0,2005-12-23T00:00:00.000Z,12/23/2005 3:05:00 PM,At Intersection (intersection related),18,"MOTOR VEHICLE STRUCK PEDALCYCLIST, FRONT END AT ANGLE",,0,Raining,Wet,Daylight,,5357010.0,,45.0,Vehicle - Pedalcyclist,0,0,N,,,,Raining,2005-12-23,15:05:00,15.0,4,1,1.0,Raining
26954,40871,40871,2191767,Matched,Block,,S JACKSON ST BETWEEN 5TH AVE S AND 6TH AVE S,,,2,Injury Collision,Cycles,2,0,1,1,1,0,0,2005-10-26T00:00:00.000Z,10/26/2005 7:16:00 AM,Driveway Junction,18,"MOTOR VEHICLE STRUCK PEDALCYCLIST, FRONT END AT ANGLE",,0,Overcast,Wet,Dawn,,5299009.0,,45.0,Vehicle - Pedalcyclist,0,0,N,POINT (1271919.18725124 222143.9877355248),7759.0,2.744312694180609e-05,Overcast,2005-10-26,07:16:00,7.0,2,1,1.0,Clear or Partly Cloudy
26999,40624,40624,2019751,Matched,Intersection,28392.0,22ND AVE E AND EAST MONTLAKE PL E,,,2,Injury Collision,Cycles,2,0,1,1,1,0,0,2005-06-17T00:00:00.000Z,6/17/2005 2:34:00 PM,At Intersection (intersection related),18,"MOTOR VEHICLE STRUCK PEDALCYCLIST, FRONT END AT ANGLE",,0,Clear or Partly Cloudy,Dry,Daylight,,5168008.0,,45.0,Vehicle - Pedalcyclist,0,0,N,POINT (1277951.170873418 238264.9934480339),2563.0,0.0,Clear or Partly Cloudy,2005-06-17,14:34:00,14.0,4,1,0.0,Clear or Partly Cloudy
27145,41304,41304,2023714,Matched,Intersection,29563.0,3RD AVE AND VIRGINIA ST,,,2,Injury Collision,Cycles,2,0,1,1,1,0,0,2005-07-14T00:00:00.000Z,7/14/2005 8:00:00 PM,At Intersection (intersection related),18,"MOTOR VEHICLE STRUCK PEDALCYCLIST, FRONT END AT ANGLE",,0,Clear or Partly Cloudy,Dry,Daylight,Y,5195024.0,,45.0,Vehicle - Pedalcyclist,0,0,N,POINT (1268590.538287833 227026.2439965308),262.0,0.0,Clear or Partly Cloudy,2005-07-14,20:00:00,20.0,3,1,0.0,Clear or Partly Cloudy
27184,41199,41199,1797016,Matched,Intersection,27153.0,EASTLAKE AVE E AND FUHRMAN AVE E,,,2,Injury Collision,Cycles,2,0,1,1,1,0,0,2005-02-18T00:00:00.000Z,2/18/2005 12:44:00 PM,At Intersection (intersection related),18,"MOTOR VEHICLE STRUCK PEDALCYCLIST, FRONT END AT ANGLE",,0,Clear or Partly Cloudy,Dry,Daylight,Y,5049003.0,,45.0,Vehicle - Pedalcyclist,0,0,N,POINT (1273704.647989064 241221.0042030662),995.0,0.0,Clear or Partly Cloudy,2005-02-18,12:44:00,12.0,4,1,0.0,Clear or Partly Cloudy
27203,41206,41206,1795868,Matched,Intersection,28379.0,24TH AVE E AND INTERLAKEN PL E,,,2b,Serious Injury Collision,Cycles,2,0,1,1,1,1,0,2005-01-03T00:00:00.000Z,1/3/2005,At Intersection (intersection related),18,"MOTOR VEHICLE STRUCK PEDALCYCLIST, FRONT END AT ANGLE",,0,Clear or Partly Cloudy,Dry,Daylight,Y,5003003.0,,45.0,Vehicle - Pedalcyclist,0,0,N,POINT (1278429.990969911 234569.0925162584),775.0,0.0,Clear or Partly Cloudy,2005-01-03,00:00:00,,0,1,,Clear or Partly Cloudy
27295,41102,41102,880613,Matched,Intersection,29697.0,ELLIOTT AVE AND WALL ST,,,2,Injury Collision,Cycles,0,0,1,1,1,0,0,2005-05-02T00:00:00.000Z,5/2/2005,At Intersection (intersection related),18,"MOTOR VEHICLE STRUCK PEDALCYCLIST, FRONT END AT ANGLE",,0,Clear or Partly Cloudy,Dry,Daylight,Y,5122006.0,,45.0,Vehicle - Pedalcyclist,0,0,N,POINT (1266236.692013428 227426.0105249435),707.0,0.0,Clear or Partly Cloudy,2005-05-02,00:00:00,,0,1,,Clear or Partly Cloudy
27523,41150,41150,1799172,Matched,Intersection,29177.0,E HOWELL ST AND E OLIVE WAY,,,2,Injury Collision,Cycles,2,0,1,1,1,0,0,2005-08-29T00:00:00.000Z,8/29/2005 12:56:00 PM,At Intersection (intersection related),18,"MOTOR VEHICLE STRUCK PEDALCYCLIST, FRONT END AT ANGLE",,0,Clear or Partly Cloudy,Dry,Daylight,,5241019.0,,45.0,Vehicle - Pedalcyclist,0,0,N,POINT (1272238.338355571 228902.7705904543),679.0,0.0,Clear or Partly Cloudy,2005-08-29,12:56:00,12.0,0,1,0.0,Clear or Partly Cloudy
27535,41022,41022,1077028,Matched,Intersection,31082.0,CALIFORNIA AVE SW AND SW LANDER ST,,,2,Injury Collision,Cycles,2,0,1,1,1,0,0,2005-05-26T00:00:00.000Z,5/26/2005 7:40:00 PM,At Intersection (intersection related),18,"MOTOR VEHICLE STRUCK PEDALCYCLIST, FRONT END AT ANGLE",,0,Clear or Partly Cloudy,Dry,Daylight,Y,5146009.0,,45.0,Vehicle - Pedalcyclist,0,0,N,POINT (1257069.82378003 215183.6942244023),3421.0,0.0,Clear or Partly Cloudy,2005-05-26,19:40:00,19.0,3,1,1.0,Clear or Partly Cloudy
27549,41292,41292,C657497,Matched,Intersection,24229.0,GREEN LAKE DR N AND N 80TH ST,,,2,Injury Collision,Cycles,2,0,1,1,1,0,0,2005-09-22T00:00:00.000Z,9/22/2005 6:00:00 PM,At Intersection (intersection related),11,"MOTOR VEHICLE STRUCK MOTOR VEHICLE, FRONT END AT ANGLE",,0,Clear or Partly Cloudy,Dry,Dusk,,5265048.0,,45.0,Vehicle - Pedalcyclist,0,0,N,POINT (1269230.605360493 254205.4545203596),747.0,0.0,Clear or Partly Cloudy,2005-09-22,18:00:00,18.0,3,1,1.0,Clear or Partly Cloudy
27627,41572,41572,2060982,Matched,Intersection,36052.0,LAKE CITY WAY NE AND NE 130TH ST,,,2,Injury Collision,Cycles,2,0,1,1,1,0,0,2005-11-04T00:00:00.000Z,11/4/2005,At Intersection (intersection related),18,"MOTOR VEHICLE STRUCK PEDALCYCLIST, FRONT END AT ANGLE",,0,Raining,Wet,Daylight,,5308003.0,,45.0,Vehicle - Pedalcyclist,0,0,N,POINT (1281118.143548667 267099.184069559),9113.0,0.0,Raining,2005-11-04,00:00:00,,4,1,,Raining
27635,41841,41841,2025365,Matched,Block,,PHINNEY AVE N BETWEEN N 65TH ST AND N 67TH S ST,,,2,Injury Collision,Cycles,2,0,1,1,1,0,0,2005-08-18T00:00:00.000Z,8/18/2005 12:13:00 PM,Mid-Block (not related to intersection),56,PEDALCYCLIST STRUCK MOTOR VEHICLE LEFT SIDE SIDESWIPE,,0,Clear or Partly Cloudy,Dry,Daylight,,5230002.0,,45.0,Vehicle - Pedalcyclist,0,0,N,POINT (1265734.636524916 250609.3324046731),3701.0,8.931834441393258e-06,Clear or Partly Cloudy,2005-08-18,12:13:00,12.0,3,1,0.0,Clear or Partly Cloudy
27687,41582,41582,1789471,Matched,Intersection,31949.0,49TH AVE SW AND SW SPOKANE ST,,,1,Property Damage Only Collision,Cycles,2,0,1,1,0,0,0,2005-05-06T00:00:00.000Z,5/6/2005,At Intersection (intersection related),18,"MOTOR VEHICLE STRUCK PEDALCYCLIST, FRONT END AT ANGLE",,0,Clear or Partly Cloudy,Dry,Daylight,,5126010.0,,45.0,Vehicle - Pedalcyclist,0,0,N,POINT (1255011.333921924 212592.8270217478),4740.0,0.0,Clear or Partly Cloudy,2005-05-06,00:00:00,,4,1,,Clear or Partly Cloudy
27738,41588,41588,2019934,Matched,Block,,E PINE ST BETWEEN 12TH AVE AND 13TH AVE,,,2,Injury Collision,Cycles,2,0,1,1,1,0,0,2005-07-26T00:00:00.000Z,7/26/2005 9:51:00 AM,Mid-Block (not related to intersection),18,"MOTOR VEHICLE STRUCK PEDALCYCLIST, FRONT END AT ANGLE",,0,Clear or Partly Cloudy,Dry,Daylight,,5207035.0,,45.0,Vehicle - Pedalcyclist,0,0,N,POINT (1274699.28946209 227954.745821476),3935.0,1.7805189849464034e-05,Clear or Partly Cloudy,2005-07-26,09:51:00,9.0,1,1,1.0,Clear or Partly Cloudy
27759,41606,41606,2019603,Matched,Block,,28TH AVE S BETWEEN S MAIN W ST AND S JACKSON ST,,,2b,Serious Injury Collision,Cycles,2,0,1,1,1,1,0,2005-06-14T00:00:00.000Z,6/14/2005 5:30:00 PM,Mid-Block (not related to intersection),23,"MOTOR VEHICLE STRUCK PEDALCYCLIST, LEFT SIDE SIDESWIPE",,0,Clear or Partly Cloudy,Dry,Daylight,,5165031.0,,45.0,Vehicle - Pedalcyclist,0,0,N,POINT (1279519.796283022 222201.3809515834),246.0,1.943276107788993e-05,Clear or Partly Cloudy,2005-06-14,17:30:00,17.0,1,1,1.0,Clear or Partly Cloudy
27878,41895,41895,2020694,Matched,Intersection,27018.0,FREMONT WAY N AND N 38TH ST,,,2,Injury Collision,Cycles,2,0,1,1,1,0,0,2005-10-14T00:00:00.000Z,10/14/2005 9:15:00 AM,At Intersection (intersection related),23,"MOTOR VEHICLE STRUCK PEDALCYCLIST, LEFT SIDE SIDESWIPE",,0,Clear or Partly Cloudy,Dry,Daylight,,5287009.0,,45.0,Vehicle - Pedalcyclist,0,0,N,POINT (1266982.135086194 241771.4725556225),3543.0,0.0,Clear or Partly Cloudy,2005-10-14,09:15:00,9.0,4,1,1.0,Clear or Partly Cloudy
27912,41778,41778,1933733,Matched,Block,,DEXTER AVE N BETWEEN LEE ST AND GALER ST,,,2,Injury Collision,Cycles,2,0,1,1,1,0,0,2005-08-12T00:00:00.000Z,8/12/2005 8:07:00 AM,Driveway Junction,18,"MOTOR VEHICLE STRUCK PEDALCYCLIST, FRONT END AT ANGLE",,0,Overcast,Dry,Daylight,Y,5224011.0,,45.0,Vehicle - Pedalcyclist,0,0,N,POINT (1268386.228399619 234128.5003238022),6299.0,3.257173808247047e-05,Overcast,2005-08-12,08:07:00,8.0,4,1,1.0,Clear or Partly Cloudy
28017,41796,41796,1791705,Matched,Intersection,27167.0,UNIVERSITY WAY NE AND NE PACIFIC ST,,,1,Property Damage Only Collision,Cycles,2,0,1,1,0,0,0,2005-02-11T00:00:00.000Z,2/11/2005 11:40:00 AM,At Intersection (intersection related),18,"MOTOR VEHICLE STRUCK PEDALCYCLIST, FRONT END AT ANGLE",,0,Clear or Partly Cloudy,Dry,Daylight,Y,5042008.0,,45.0,Vehicle - Pedalcyclist,0,0,N,POINT (1275674.208311081 241847.4433717132),2203.0,0.0,Clear or Partly Cloudy,2005-02-11,11:40:00,11.0,4,1,0.0,Clear or Partly Cloudy
28024,41667,41667,2023343,Matched,Intersection,27394.0,40TH AVE NE AND NE 45TH ST,,,2b,Serious Injury Collision,Cycles,2,0,1,1,1,1,0,2005-08-02T00:00:00.000Z,8/2/2005,At Intersection (intersection related),18,"MOTOR VEHICLE STRUCK PEDALCYCLIST, FRONT END AT ANGLE",,0,Clear or Partly Cloudy,Dry,Daylight,Y,5214003.0,,45.0,Vehicle - Pedalcyclist,0,0,N,POINT (1282771.059006348 244582.051246509),16415.0,0.0,Clear or Partly Cloudy,2005-08-02,00:00:00,,1,1,,Clear or Partly Cloudy
28051,41936,41936,C656235,Matched,Block,,EASTLAKE AVE E BETWEEN E LYNN ST AND E LOUISA ST,,,2,Injury Collision,Cycles,2,0,1,1,1,0,0,2005-09-14T00:00:00.000Z,9/14/2005 3:53:00 PM,Driveway Junction,11,"MOTOR VEHICLE STRUCK MOTOR VEHICLE, FRONT END AT ANGLE",,0,Clear or Partly Cloudy,Dry,Daylight,,5257044.0,,45.0,Vehicle - Pedalcyclist,0,0,N,POINT (1272491.78142783 237340.4494470954),17909.0,2.8952388918938843e-05,Clear or Partly Cloudy,2005-09-14,15:53:00,15.0,2,1,1.0,Clear or Partly Cloudy
28108,41945,41945,2019932,Matched,Intersection,29328.0,23RD AVE E AND E ALOHA ST,,,2,Injury Collision,Cycles,2,0,1,1,1,0,0,2005-07-25T00:00:00.000Z,7/25/2005 9:21:00 AM,At Intersection (intersection related),51,PEDALCYCLIST STRUCK MOTOR VEHICLE FRONT END AT ANGLE,,0,Clear or Partly Cloudy,Dry,Daylight,,5206003.0,,45.0,Vehicle - Pedalcyclist,0,0,N,POINT (1278187.663673654 232080.0756817013),1061.0,0.0,Clear or Partly Cloudy,2005-07-25,09:21:00,9.0,0,1,1.0,Clear or Partly Cloudy
28150,42478,42478,1771418,Matched,Intersection,34539.0,37TH AVE S AND S MYRTLE ST,,,2,Injury Collision,Cycles,2,0,1,1,1,0,0,2005-04-28T00:00:00.000Z,4/28/2005 8:30:00 PM,At Intersection (intersection related),18,"MOTOR VEHICLE STRUCK PEDALCYCLIST, FRONT END AT ANGLE",,0,Clear or Partly Cloudy,Dry,Dusk,,5118029.0,,45.0,Vehicle - Pedalcyclist,0,0,N,POINT (1281597.712445155 199953.4728968143),4560.0,0.0,Clear or Partly Cloudy,2005-04-28,20:30:00,20.0,3,1,0.0,Clear or Partly Cloudy
28326,42394,42394,1059706,Matched,Block,,S KING ST BETWEEN 5TH AVE S AND 6TH AVE S,,,2,Injury Collision,Cycles,5,0,1,1,1,0,0,2005-09-23T00:00:00.000Z,9/23/2005 12:38:00 PM,Driveway Junction,18,"MOTOR VEHICLE STRUCK PEDALCYCLIST, FRONT END AT ANGLE",,0,Clear or Partly Cloudy,Dry,Daylight,Y,5266003.0,,45.0,Vehicle - Pedalcyclist,0,0,N,POINT (1271912.378867239 221838.027415216),9330.0,3.030512123391437e-05,Clear or Partly Cloudy,2005-09-23,12:38:00,12.0,4,1,0.0,Clear or Partly Cloudy
28393,42291,42291,2059002,Matched,Intersection,27182.0,2ND AVE NE AND NE 45TH ST,,,2,Injury Collision,Cycles,2,0,1,1,1,0,0,2005-10-22T00:00:00.000Z,10/22/2005 5:00:00 PM,At Intersection (intersection related),18,"MOTOR VEHICLE STRUCK PEDALCYCLIST, FRONT END AT ANGLE",,0,Clear or Partly Cloudy,Dry,Daylight,Y,5295003.0,,45.0,Vehicle - Pedalcyclist,0,0,N,POINT (1272301.489459634 244814.9838547409),5213.0,0.0,Clear or Partly Cloudy,2005-10-22,17:00:00,17.0,5,0,1.0,Clear or Partly Cloudy
28406,42409,42409,1785221,Matched,Block,,7TH AVE BETWEEN VIRGINIA ST AND WESTLAKE AVE,,,1,Property Damage Only Collision,Cycles,2,0,1,1,0,0,0,2005-06-01T00:00:00.000Z,6/1/2005,Mid-Block (but intersection related),56,PEDALCYCLIST STRUCK MOTOR VEHICLE LEFT SIDE SIDESWIPE,,0,Overcast,Wet,Daylight,,5152025.0,,45.0,Vehicle - Pedalcyclist,0,0,N,POINT (1269411.367920682 228021.1856295466),554.0,5.44355312197914e-06,Overcast,2005-06-01,00:00:00,,2,1,,Clear or Partly Cloudy
28416,42414,42414,1776562,Matched,Block,,UNIVERSITY BR BETWEEN POINT A AND POINT B,,,2,Injury Collision,Cycles,2,0,2,0,1,0,0,2005-08-25T00:00:00.000Z,8/25/2005 4:51:00 PM,Mid-Block (not related to intersection),61,PEDALCYCLIST STRUCK PEDALCYCLIST REAR END,,0,Clear or Partly Cloudy,Dry,Daylight,,5237002.0,,45.0,Vehicle - Pedalcyclist,0,0,N,POINT (1273929.905653298 241632.9413554817),11998.0,1.0242754645849333e-05,Clear or Partly Cloudy,2005-08-25,16:51:00,16.0,3,1,1.0,Clear or Partly Cloudy
28496,42059,42059,1744752,Matched,Block,,BOYLSTON AVE E BETWEEN E LYNN ST AND E LOUISA ST,,,2,Injury Collision,Cycles,2,0,1,1,1,0,0,2005-03-02T00:00:00.000Z,3/2/2005,Mid-Block (not related to intersection),21,"MOTOR VEHICLE STRUCK PEDALCYCLIST, REAR END",,0,Clear or Partly Cloudy,Unknown,Dark - Street Lights On,,5061011.0,,45.0,Vehicle - Pedalcyclist,0,0,N,POINT (1273090.823028445 237328.5730310827),15183.0,7.51293743055997e-06,Clear or Partly Cloudy,2005-03-02,00:00:00,,2,1,,Clear or Partly Cloudy
28503,42189,42189,C655533,Matched,Block,,22ND AVE S BETWEEN S MAIN ST AND S JACKSON ST,,,1,Property Damage Only Collision,Cycles,2,0,1,1,0,0,0,2005-08-25T00:00:00.000Z,8/25/2005 6:00:00 PM,Mid-Block (not related to intersection),13,"MOTOR VEHICLE STRUCK MOTOR VEHICLE, LEFT SIDE AT ANGLE",,0,Other,Dry,Daylight,,5237046.0,,45.0,Vehicle - Pedalcyclist,0,0,N,POINT (1277776.499833241 222252.2212076485),12331.0,1.2809984628267614e-05,,2005-08-25,18:00:00,18.0,3,1,1.0,
28532,42452,42452,2061281,Matched,Intersection,24410.0,15TH AVE NE AND NE 77TH ST,,,2,Injury Collision,Cycles,2,0,1,1,1,0,0,2005-09-07T00:00:00.000Z,9/7/2005,At Intersection (intersection related),18,"MOTOR VEHICLE STRUCK PEDALCYCLIST, FRONT END AT ANGLE",,0,Clear or Partly Cloudy,Dry,Daylight,Y,5250013.0,,45.0,Vehicle - Pedalcyclist,0,0,N,POINT (1276194.708791614 253315.2869674563),1480.0,0.0,Clear or Partly Cloudy,2005-09-07,00:00:00,,2,1,,Clear or Partly Cloudy
28550,42446,42446,1789075,Matched,Intersection,34219.0,4TH AVE S AND S MICHIGAN ST,,,2,Injury Collision,Cycles,2,0,1,1,1,0,0,2005-06-29T00:00:00.000Z,6/29/2005 5:41:00 PM,At Intersection (intersection related),18,"MOTOR VEHICLE STRUCK PEDALCYCLIST, FRONT END AT ANGLE",,0,Clear or Partly Cloudy,Dry,Daylight,Y,5180003.0,,45.0,Vehicle - Pedalcyclist,0,0,N,POINT (1270902.704946205 202514.9000994265),7810.0,0.0,Clear or Partly Cloudy,2005-06-29,17:41:00,17.0,2,1,1.0,Clear or Partly Cloudy
28581,42337,42337,1933589,Matched,Intersection,29515.0,DENNY WAY AND DEXTER AVE,,,2b,Serious Injury Collision,Cycles,2,0,1,1,1,1,0,2005-10-29T00:00:00.000Z,10/29/2005 1:27:00 AM,At Intersection (intersection related),51,PEDALCYCLIST STRUCK MOTOR VEHICLE FRONT END AT ANGLE,,0,Raining,Wet,Dark - Street Lights On,,5302002.0,,45.0,Vehicle - Pedalcyclist,0,0,N,POINT (1268262.3086555 229277.1954228282),6287.0,0.0,Raining,2005-10-29,01:27:00,1.0,5,0,0.0,Raining
28582,42346,42346,1213728,Matched,Block,,WESTERN AVE BETWEEN VIRGINIA ST AND LENORA ST,,,2,Injury Collision,Cycles,2,0,1,1,1,0,0,2005-02-04T00:00:00.000Z,2/4/2005,Mid-Block (but intersection related),18,"MOTOR VEHICLE STRUCK PEDALCYCLIST, FRONT END AT ANGLE",,0,Clear or Partly Cloudy,Dry,Daylight,,5035011.0,,45.0,Vehicle - Pedalcyclist,0,0,N,POINT (1267782.275055006 226455.5591319501),16494.0,1.808384305063324e-05,Clear or Partly Cloudy,2005-02-04,00:00:00,,4,1,,Clear or Partly Cloudy
28583,42082,42082,2061211,Matched,Intersection,26915.0,DENSMORE AVE N AND N NORTHLAKE WAY,,,2b,Serious Injury Collision,Cycles,2,0,1,1,1,1,0,2005-08-26T00:00:00.000Z,8/26/2005 6:15:00 PM,At Intersection (intersection related),51,PEDALCYCLIST STRUCK MOTOR VEHICLE FRONT END AT ANGLE,,0,Clear or Partly Cloudy,Dry,Dusk,,5238029.0,,45.0,Vehicle - Pedalcyclist,0,0,N,POINT (1269659.243056923 239587.2022173852),4089.0,0.0,Clear or Partly Cloudy,2005-08-26,18:15:00,18.0,4,1,1.0,Clear or Partly Cloudy
28612,42607,42607,2020045,Matched,Block,,12TH AVE BETWEEN E CHERRY ST AND E COLUMBIA ST,,,2,Injury Collision,Cycles,2,0,1,1,1,0,0,2005-08-01T00:00:00.000Z,8/1/2005,Driveway Junction,18,"MOTOR VEHICLE STRUCK PEDALCYCLIST, FRONT END AT ANGLE",Y,0,Overcast,Dry,Daylight,Y,5213007.0,,45.0,Vehicle - Pedalcyclist,0,0,N,POINT (1274510.530229896 225541.1101710051),5015.0,0.0,Overcast,2005-08-01,00:00:00,,0,1,,Clear or Partly Cloudy
28696,42874,42874,1745363,Matched,Block,,18TH AVE BETWEEN E CHERRY ST AND E COLUMBIA ST,,,2,Injury Collision,Cycles,2,0,1,1,1,0,0,2005-02-23T00:00:00.000Z,2/23/2005 4:30:00 PM,Mid-Block (not related to intersection),18,"MOTOR VEHICLE STRUCK PEDALCYCLIST, FRONT END AT ANGLE",,0,Clear or Partly Cloudy,Dry,Daylight,Y,5054007.0,,45.0,Vehicle - Pedalcyclist,0,0,N,POINT (1276447.206391886 225491.6012429595),15317.0,2.3033963610985894e-05,Clear or Partly Cloudy,2005-02-23,16:30:00,16.0,2,1,1.0,Clear or Partly Cloudy
28729,42629,42629,2027985,Matched,Intersection,30136.0,15TH AVE AND E MADISON ST,,,2,Injury Collision,Cycles,2,0,1,1,1,0,0,2005-04-23T00:00:00.000Z,4/23/2005 12:10:00 PM,At Intersection (intersection related),18,"MOTOR VEHICLE STRUCK PEDALCYCLIST, FRONT END AT ANGLE",,0,Clear or Partly Cloudy,Dry,Daylight,Y,5113003.0,,45.0,Vehicle - Pedalcyclist,0,0,N,POINT (1275540.203574955 227657.8561571836),1117.0,0.0,Clear or Partly Cloudy,2005-04-23,12:10:00,12.0,5,0,0.0,Clear or Partly Cloudy
28879,42799,42799,1930686,Matched,Intersection,30505.0,OCCIDENTAL AVE S AND S JACKSON ST,,,2,Injury Collision,Cycles,2,0,1,1,1,0,0,2005-01-24T00:00:00.000Z,1/24/2005 6:30:00 PM,At Intersection (intersection related),23,"MOTOR VEHICLE STRUCK PEDALCYCLIST, LEFT SIDE SIDESWIPE",,0,Clear or Partly Cloudy,Dry,Dark - Street Lights On,,5024022.0,,45.0,Vehicle - Pedalcyclist,0,0,N,POINT (1270472.112689763 222175.4320875555),8354.0,0.0,Clear or Partly Cloudy,2005-01-24,18:30:00,18.0,0,1,1.0,Clear or Partly Cloudy
28945,43062,43062,1772017,Matched,Intersection,29049.0,BOYLSTON AVE E AND E OLIVE W WAY,,,2,Injury Collision,Cycles,2,0,1,1,1,0,0,2005-11-27T00:00:00.000Z,11/27/2005 4:49:00 PM,At Intersection (intersection related),18,"MOTOR VEHICLE STRUCK PEDALCYCLIST, FRONT END AT ANGLE",,0,Overcast,Wet,Unknown,,5331031.0,,45.0,Vehicle - Pedalcyclist,0,0,N,POINT (1272939.072052285 229645.2189752162),6914.0,0.0,Overcast,2005-11-27,16:49:00,16.0,6,0,1.0,Clear or Partly Cloudy
29000,42697,42697,2020097,Matched,Intersection,29884.0,PIKE ST AND TERRY AVE,,,2,Injury Collision,Cycles,2,0,1,1,1,0,0,2005-09-11T00:00:00.000Z,9/11/2005 4:15:00 PM,At Intersection (intersection related),18,"MOTOR VEHICLE STRUCK PEDALCYCLIST, FRONT END AT ANGLE",,0,Clear or Partly Cloudy,Dry,Daylight,,5254012.0,,45.0,Vehicle - Pedalcyclist,0,0,N,POINT (1271274.833458588 227193.9775007069),9798.0,0.0,Clear or Partly Cloudy,2005-09-11,16:15:00,16.0,6,0,1.0,Clear or Partly Cloudy
29127,42729,42729,C646667,Matched,Block,,DENNY WAY BETWEEN PONTIUS AVE N AND YALE AVE,,,2,Injury Collision,Cycles,2,0,1,1,1,0,0,2005-04-06T00:00:00.000Z,4/6/2005,Mid-Block (not related to intersection),18,"MOTOR VEHICLE STRUCK PEDALCYCLIST, FRONT END AT ANGLE",,0,Clear or Partly Cloudy,Dry,Daylight,,5096054.0,,45.0,Vehicle - Pedalcyclist,0,0,N,,,,Clear or Partly Cloudy,2005-04-06,00:00:00,,2,1,,Clear or Partly Cloudy
29131,42603,42603,2020260,Matched,Intersection,27181.0,THACKERAY PL NE AND NE 45TH ST,,,2,Injury Collision,Cycles,1,0,1,0,1,0,0,2005-04-09T00:00:00.000Z,4/9/2005,At Intersection (intersection related),66,PEDALCYCLIST STRUCK OBJECT IN ROAD,,0,Clear or Partly Cloudy,Dry,Daylight,,5099004.0,,45.0,Vehicle - Pedalcyclist,0,0,N,POINT (1272565.388851911 244807.9126227349),6711.0,0.0,Clear or Partly Cloudy,2005-04-09,00:00:00,,5,0,,Clear or Partly Cloudy
29151,42861,42861,2024026,Matched,Intersection,29613.0,2ND AVE AND SPRING ST,,,2,Injury Collision,Cycles,2,0,1,1,1,0,0,2005-08-08T00:00:00.000Z,8/8/2005,At Intersection (intersection related),18,"MOTOR VEHICLE STRUCK PEDALCYCLIST, FRONT END AT ANGLE",,0,Clear or Partly Cloudy,Dry,Daylight,Y,5220014.0,,45.0,Vehicle - Pedalcyclist,0,0,N,POINT (1269804.427313074 224621.804442063),3767.0,0.0,Clear or Partly Cloudy,2005-08-08,00:00:00,,0,1,,Clear or Partly Cloudy