OBJECTID,INCKEY,COLDETKEY,REPORTNO,STATUS,ADDRTYPE,INTKEY,LOCATION,EXCEPTRSNC,EXCEPTRSND,SEVERITYCO,SEVERITYDE,COLLISIONT,PERSONCOUN,PEDCOUNT,PEDCYLCOUN,VEHCOUNT,INJURIES,SERIOUSINJ,FATALITIES,INCDATE,INCDTTM,JUNCTIONTY,SDOT_COLCO,SDOT_COLDE,INATTENTIO,UNDERINFL,WEATHER,ROADCOND,LIGHTCOND,PEDROWNOTG,SDOTCOLNUM,SPEEDING,ST_COLCODE,ST_COLDESC,SEGLANEKEY,CROSSWALKK,HITPARKEDC,geometry,near_str_index,min_length,weather_group,date,time,hour,dayofweek,weekday,rushhour,weather_group2
29188,43141,43141,2028363,Matched,Intersection,30411.0,BOREN AVE AND E YESLER WAY,,,2b,Serious Injury Collision,Cycles,2,0,1,1,1,1,0,2005-07-27T00:00:00.000Z,7/27/2005 12:48:00 PM,At Intersection (intersection related),18,"MOTOR VEHICLE STRUCK PEDALCYCLIST, FRONT END AT ANGLE",,0,Clear or Partly Cloudy,Dry,Daylight,,5208015.0,,45.0,Vehicle - Pedalcyclist,0,0,N,POINT (1274204.361781582 223012.3293684125),3394.0,0.0,Clear or Partly Cloudy,2005-07-27,12:48:00,12.0,2,1,0.0,Clear or Partly Cloudy
29217,43280,43280,1213494,Matched,Intersection,29560.0,1ST AVE AND LENORA ST,,,2,Injury Collision,Cycles,2,0,1,1,1,0,0,2005-06-05T00:00:00.000Z,6/5/2005,At Intersection (intersection related),18,"MOTOR VEHICLE STRUCK PEDALCYCLIST, FRONT END AT ANGLE",,0,Overcast,Dry,Daylight,Y,5156032.0,,45.0,Vehicle - Pedalcyclist,0,0,N,POINT (1267841.84708707 226836.3503643423),2268.0,0.0,Overcast,2005-06-05,00:00:00,,6,0,,Clear or Partly Cloudy
29219,43401,43401,1059991,Matched,Intersection,29576.0,5TH AVE AND PIKE ST,,,1,Property Damage Only Collision,Cycles,3,0,1,1,0,0,0,2005-01-07T00:00:00.000Z,1/7/2005,At Intersection (intersection related),18,"MOTOR VEHICLE STRUCK PEDALCYCLIST, FRONT END AT ANGLE",,0,Overcast,Dry,Daylight,Y,5007004.0,,45.0,Vehicle - Pedalcyclist,0,0,N,POINT (1269889.867825165 226373.2711958587),5878.0,0.0,Overcast,2005-01-07,00:00:00,,4,1,,Clear or Partly Cloudy
29240,43286,43286,1784593,Matched,Block,,STEWART ST BETWEEN 9TH AVE AND TERRY AVE,,,1,Property Damage Only Collision,Cycles,2,0,1,1,0,0,0,2005-09-22T00:00:00.000Z,9/22/2005 11:00:00 AM,Driveway Junction,18,"MOTOR VEHICLE STRUCK PEDALCYCLIST, FRONT END AT ANGLE",,0,Clear or Partly Cloudy,Dry,Daylight,Y,5265010.0,,45.0,Vehicle - Pedalcyclist,0,0,N,POINT (1270313.883377597 228287.9293738157),10390.0,3.808610430989388e-05,Clear or Partly Cloudy,2005-09-22,11:00:00,11.0,3,1,0.0,Clear or Partly Cloudy
29324,43573,43573,1059798,Matched,Block,,ALASKAN E RDWY WAY BETWEEN COLUMBIA ST AND MARION ST,,,2,Injury Collision,Cycles,2,0,1,1,1,0,0,2005-07-27T00:00:00.000Z,7/27/2005 10:26:00 PM,Mid-Block (not related to intersection),23,"MOTOR VEHICLE STRUCK PEDALCYCLIST, LEFT SIDE SIDESWIPE",,0,Clear or Partly Cloudy,Dry,Dark - Street Lights On,Y,5208016.0,,45.0,Vehicle - Pedalcyclist,0,0,N,POINT (1269460.937584728 223529.6872569472),3318.0,3.3331112957799625e-05,Clear or Partly Cloudy,2005-07-27,22:26:00,22.0,2,1,0.0,Clear or Partly Cloudy
29338,43309,43309,C654302,Matched,Block,,8TH AVE NW BETWEEN NW 67TH ST AND NW 70TH ST,,,2,Injury Collision,Cycles,2,0,1,1,1,0,0,2005-08-08T00:00:00.000Z,8/8/2005,Mid-Block (not related to intersection),18,"MOTOR VEHICLE STRUCK PEDALCYCLIST, FRONT END AT ANGLE",,0,Clear or Partly Cloudy,Dry,Daylight,,5220032.0,,45.0,Vehicle - Pedalcyclist,0,0,N,POINT (1262875.53079398 251313.428661406),17343.0,1.5745037309724336e-10,Clear or Partly Cloudy,2005-08-08,00:00:00,,0,1,,Clear or Partly Cloudy
29352,43180,43180,1796949,Matched,Intersection,25994.0,15TH AVE NE AND COWEN PL NE,,,2,Injury Collision,Cycles,6,0,1,1,1,0,0,2005-02-18T00:00:00.000Z,2/18/2005 3:57:00 PM,At Intersection (intersection related),18,"MOTOR VEHICLE STRUCK PEDALCYCLIST, FRONT END AT ANGLE",,0,Clear or Partly Cloudy,Dry,Daylight,Y,5049007.0,,45.0,Vehicle - Pedalcyclist,0,0,N,POINT (1276157.508407578 248662.751154691),8770.0,0.0,Clear or Partly Cloudy,2005-02-18,15:57:00,15.0,4,1,1.0,Clear or Partly Cloudy
29380,43439,43439,2025588,Matched,Block,,BROADWAY E BETWEEN E MERCER ST AND E ROY E ST,,,2,Injury Collision,Cycles,2,0,1,1,1,0,0,2005-08-02T00:00:00.000Z,8/2/2005,Mid-Block (not related to intersection),22,"MOTOR VEHICLE STRUCK PEDALCYCLIST, RIGHT SIDE SIDESWIPE",Y,0,Clear or Partly Cloudy,Dry,Daylight,,5214005.0,,45.0,Vehicle - Pedalcyclist,0,0,N,POINT (1273598.291444957 231402.488353014),6211.0,1.1533499057365304e-05,Clear or Partly Cloudy,2005-08-02,00:00:00,,1,1,,Clear or Partly Cloudy
29446,43333,43333,2108722,Matched,Intersection,28069.0,4TH AVE N AND RAYE ST,,,2,Injury Collision,Cycles,2,0,1,1,1,0,0,2005-09-28T00:00:00.000Z,9/28/2005 5:12:00 AM,At Intersection (intersection related),51,PEDALCYCLIST STRUCK MOTOR VEHICLE FRONT END AT ANGLE,,0,Clear or Partly Cloudy,Dry,Dark - Street Lights On,,5271005.0,,45.0,Vehicle - Pedalcyclist,0,0,N,POINT (1266668.938541859 238218.8136079907),2961.0,0.0,Clear or Partly Cloudy,2005-09-28,05:12:00,5.0,2,1,0.0,Clear or Partly Cloudy
29493,43471,43471,2059315,Matched,Intersection,25565.0,GREEN LAKE WAY N AND MIDVALE AVE N,,,2b,Serious Injury Collision,Cycles,4,0,1,1,1,1,0,2005-10-11T00:00:00.000Z,10/11/2005 4:24:00 PM,At Intersection (intersection related),18,"MOTOR VEHICLE STRUCK PEDALCYCLIST, FRONT END AT ANGLE",,0,Clear or Partly Cloudy,Dry,Daylight,,5284006.0,,45.0,Vehicle - Pedalcyclist,0,0,N,POINT (1268248.660527483 245604.553135559),3673.0,0.0,Clear or Partly Cloudy,2005-10-11,16:24:00,16.0,1,1,1.0,Clear or Partly Cloudy
29499,43226,43226,1797711,Matched,Block,,38TH AVE S BETWEEN S MYRTLE ST AND S OTHELLO ST,,,2,Injury Collision,Cycles,2,0,1,1,1,0,0,2005-08-17T00:00:00.000Z,8/17/2005 4:33:00 PM,Driveway Junction,11,"MOTOR VEHICLE STRUCK MOTOR VEHICLE, FRONT END AT ANGLE",,0,Clear or Partly Cloudy,Dry,Daylight,,5229013.0,,45.0,Vehicle - Pedalcyclist,0,0,N,POINT (1281929.853245497 199612.0057604611),15794.0,6.372427522197375e-07,Clear or Partly Cloudy,2005-08-17,16:33:00,16.0,2,1,1.0,Clear or Partly Cloudy
29511,43351,43351,1797331,Matched,Block,,SHAFFER AVE S BETWEEN S MORGAN ST AND S HOLLY ST,,,2,Injury Collision,Cycles,2,0,1,1,1,0,0,2005-06-07T00:00:00.000Z,6/7/2005,Driveway Junction,18,"MOTOR VEHICLE STRUCK PEDALCYCLIST, FRONT END AT ANGLE",,0,Raining,Wet,Daylight,,5158032.0,,45.0,Vehicle - Pedalcyclist,0,0,N,POINT (1279493.028667003 201687.3648025841),3763.0,2.6548101613985283e-05,Raining,2005-06-07,00:00:00,,1,1,,Raining
29701,43793,43793,1796818,Matched,Block,,3RD AVE NW BETWEEN NW 84TH ST AND NW 85TH ST,,,2,Injury Collision,Cycles,2,0,1,1,1,0,0,2005-03-06T00:00:00.000Z,3/6/2005,Driveway Junction,51,PEDALCYCLIST STRUCK MOTOR VEHICLE FRONT END AT ANGLE,,0,Clear or Partly Cloudy,Dry,Daylight,,5065014.0,,45.0,Vehicle - Pedalcyclist,0,0,N,POINT (1264282.096555427 255506.7765056938),5468.0,6.185405851681636e-06,Clear or Partly Cloudy,2005-03-06,00:00:00,,6,0,,Clear or Partly Cloudy
29728,43801,43801,1316712,Matched,Block,,2ND AVE BETWEEN PIKE ST AND PINE ST,,,1,Property Damage Only Collision,Cycles,2,0,1,1,0,0,0,2005-09-09T00:00:00.000Z,9/9/2005,Driveway Junction,18,"MOTOR VEHICLE STRUCK PEDALCYCLIST, FRONT END AT ANGLE",,0,Clear or Partly Cloudy,Dry,Daylight,,5252018.0,,45.0,Vehicle - Pedalcyclist,0,0,N,POINT (1268950.511472195 226064.2551955432),9591.0,1.6780158607627556e-05,Clear or Partly Cloudy,2005-09-09,00:00:00,,4,1,,Clear or Partly Cloudy
29786,44084,44084,2027041,Matched,Intersection,25804.0,UNIVERSITY WAY NE AND NE 47TH ST,,,2,Injury Collision,Cycles,2,0,1,1,1,0,0,2005-07-22T00:00:00.000Z,7/22/2005 4:56:00 PM,At Intersection (intersection related),18,"MOTOR VEHICLE STRUCK PEDALCYCLIST, FRONT END AT ANGLE",,0,Clear or Partly Cloudy,Dry,Daylight,Y,5203005.0,,45.0,Vehicle - Pedalcyclist,0,0,N,POINT (1275799.556919217 245381.1224793196),999.0,0.0,Clear or Partly Cloudy,2005-07-22,16:56:00,16.0,4,1,1.0,Clear or Partly Cloudy
29829,43954,43954,C644826,Matched,Intersection,25520.0,GREEN LAKE WAY N AND N 52ND ST,,,2,Injury Collision,Cycles,2,0,1,1,1,0,0,2005-03-12T00:00:00.000Z,3/12/2005 1:00:00 PM,At Intersection (intersection related),18,"MOTOR VEHICLE STRUCK PEDALCYCLIST, FRONT END AT ANGLE",,0,Clear or Partly Cloudy,Dry,Daylight,,5071059.0,,45.0,Vehicle - Pedalcyclist,0,0,N,POINT (1269174.002736434 246719.2675046921),10323.0,0.0,Clear or Partly Cloudy,2005-03-12,13:00:00,13.0,5,0,0.0,Clear or Partly Cloudy
29862,43826,43826,1930946,Matched,Intersection,28267.0,10TH AVE E AND E HOWE ST,,,2b,Serious Injury Collision,Cycles,2,0,1,1,1,1,0,2005-03-28T00:00:00.000Z,3/28/2005 1:24:00 AM,At Intersection (intersection related),18,"MOTOR VEHICLE STRUCK PEDALCYCLIST, FRONT END AT ANGLE",,0,Clear or Partly Cloudy,Dry,Dark - Street Lights On,,5087008.0,,45.0,Vehicle - Pedalcyclist,0,0,N,POINT (1273886.465589255 235502.204581216),21.0,0.0,Clear or Partly Cloudy,2005-03-28,01:24:00,1.0,0,1,0.0,Clear or Partly Cloudy
29886,43842,43842,1220195,Matched,Intersection,25277.0,8TH AVE NW AND NW 60TH ST,,,2,Injury Collision,Cycles,2,0,1,1,1,0,0,2005-01-31T00:00:00.000Z,1/31/2005 7:37:00 AM,At Intersection (intersection related),18,"MOTOR VEHICLE STRUCK PEDALCYCLIST, FRONT END AT ANGLE",,0,Clear or Partly Cloudy,Wet,Daylight,Y,5031004.0,,45.0,Vehicle - Pedalcyclist,0,0,N,POINT (1262792.9997219 249013.1301630437),15809.0,0.0,Clear or Partly Cloudy,2005-01-31,07:37:00,7.0,0,1,1.0,Clear or Partly Cloudy
30039,44004,44004,1773275,Matched,Block,,LAKE WASHINGTON BLVD S BETWEEN LAKE PARK DR S AND S HORTON NR ST,,,2,Injury Collision,Cycles,2,0,1,1,1,0,0,2005-02-10T00:00:00.000Z,2/10/2005 2:52:00 PM,Mid-Block (not related to intersection),18,"MOTOR VEHICLE STRUCK PEDALCYCLIST, FRONT END AT ANGLE",,0,Clear or Partly Cloudy,Dry,Daylight,,5041005.0,,45.0,Vehicle - Pedalcyclist,0,0,N,POINT (1282466.716670036 214528.5998877287),16656.0,1.729022140382883e-05,Clear or Partly Cloudy,2005-02-10,14:52:00,14.0,3,1,0.0,Clear or Partly Cloudy
30058,44022,44022,2024910,Matched,Block,,S WARSAW ST BETWEEN CARLETON AVE S AND FLORA AVE S,,,2,Injury Collision,Cycles,2,0,1,1,1,0,0,2005-08-05T00:00:00.000Z,8/5/2005,Driveway Junction,18,"MOTOR VEHICLE STRUCK PEDALCYCLIST, FRONT END AT ANGLE",,0,Clear or Partly Cloudy,Dry,Daylight,,5217006.0,,45.0,Vehicle - Pedalcyclist,0,0,N,POINT (1273115.631668463 202053.788482964),10016.0,1.5926528805602106e-06,Clear or Partly Cloudy,2005-08-05,00:00:00,,4,1,,Clear or Partly Cloudy
30076,44016,44016,2020102,Matched,Intersection,30147.0,21ST AVE AND E UNION ST,,,1,Property Damage Only Collision,Cycles,2,0,1,1,0,0,0,2005-08-22T00:00:00.000Z,8/22/2005 5:14:00 PM,At Intersection (intersection related),18,"MOTOR VEHICLE STRUCK PEDALCYCLIST, FRONT END AT ANGLE",,0,Clear or Partly Cloudy,Dry,Daylight,,5234013.0,,45.0,Vehicle - Pedalcyclist,0,0,N,POINT (1277458.103608921 227045.4847005457),12034.0,0.0,Clear or Partly Cloudy,2005-08-22,17:14:00,17.0,0,1,1.0,Clear or Partly Cloudy
30143,43775,43775,2060559,Matched,Block,,4TH AVE S BETWEEN COSTCO DR AND 4TH AV S VI,,,2b,Serious Injury Collision,Cycles,2,0,1,1,1,1,0,2005-11-08T00:00:00.000Z,11/8/2005,Driveway Junction,18,"MOTOR VEHICLE STRUCK PEDALCYCLIST, FRONT END AT ANGLE",,0,Clear or Partly Cloudy,Dry,Daylight,Y,5312002.0,,45.0,Vehicle - Pedalcyclist,0,0,N,POINT (1271087.904498398 209249.3285223246),2166.0,1.2432773390124353e-05,Clear or Partly Cloudy,2005-11-08,00:00:00,,1,1,,Clear or Partly Cloudy
30158,43635,43635,2059157,Matched,Intersection,25939.0,25TH AVE NE AND NE 55TH ST,,,2,Injury Collision,Cycles,2,0,1,1,1,0,0,2005-10-27T00:00:00.000Z,10/27/2005 7:18:00 PM,At Intersection (intersection related),18,"MOTOR VEHICLE STRUCK PEDALCYCLIST, FRONT END AT ANGLE",,0,Raining,Wet,Dark - Street Lights On,Y,5300017.0,,45.0,Vehicle - Pedalcyclist,0,0,N,POINT (1278912.752442405 247303.9912173003),5350.0,0.0,Raining,2005-10-27,19:18:00,19.0,3,1,1.0,Raining
30241,44326,44326,2028204,Matched,Block,,EASTLAKE AVE E BETWEEN HARVARD AVE E AND FUHRMAN AVE E,,,2,Injury Collision,Cycles,2,0,1,1,1,0,0,2005-05-26T00:00:00.000Z,5/26/2005 3:51:00 PM,Driveway Junction,18,"MOTOR VEHICLE STRUCK PEDALCYCLIST, FRONT END AT ANGLE",,0,Clear or Partly Cloudy,Dry,Daylight,Y,5146007.0,,45.0,Vehicle - Pedalcyclist,0,0,N,POINT (1273599.974708959 241029.8313388675),6317.0,1.4142158170737939e-05,Clear or Partly Cloudy,2005-05-26,15:51:00,15.0,3,1,1.0,Clear or Partly Cloudy
30360,44606,44606,2128030,Matched,Block,,LAKEVIEW BLVD E BETWEEN E HIGHLAND DR AND BOYLSTON S AVE E,,,2,Injury Collision,Cycles,2,0,1,1,1,0,0,2005-12-25T00:00:00.000Z,12/25/2005 7:21:00 PM,Mid-Block (not related to intersection),18,"MOTOR VEHICLE STRUCK PEDALCYCLIST, FRONT END AT ANGLE",,1,Overcast,Wet,Dark - Street Lights On,Y,5359008.0,,45.0,Vehicle - Pedalcyclist,0,0,N,POINT (1272941.732404292 234118.3127397895),18987.0,1.8615284423833434e-05,Overcast,2005-12-25,19:21:00,19.0,6,0,1.0,Clear or Partly Cloudy
30564,44412,44412,1796883,Matched,Intersection,25593.0,WOODLAND PL N AND N 63RD ST,,,2,Injury Collision,Cycles,7,0,1,1,1,0,0,2005-01-28T00:00:00.000Z,1/28/2005 9:30:00 AM,At Intersection (intersection related),51,PEDALCYCLIST STRUCK MOTOR VEHICLE FRONT END AT ANGLE,,0,Overcast,Dry,Daylight,,5028008.0,,45.0,Vehicle - Pedalcyclist,0,0,N,POINT (1267361.99275057 249735.7411077917),1277.0,0.0,Overcast,2005-01-28,09:30:00,9.0,4,1,1.0,Clear or Partly Cloudy
30567,44539,44539,C661610,Matched,Intersection,30177.0,19TH AVE AND E CHERRY ST,,,2,Injury Collision,Cycles,2,0,1,1,1,0,0,2005-12-30T00:00:00.000Z,12/30/2005 5:15:00 PM,At Intersection (intersection related),11,"MOTOR VEHICLE STRUCK MOTOR VEHICLE, FRONT END AT ANGLE",,0,Raining,Wet,Dark - Street Lights On,,5364055.0,,45.0,Vehicle - Pedalcyclist,0,0,N,POINT (1276764.647992209 225271.0035467297),2476.0,0.0,Raining,2005-12-30,17:15:00,17.0,4,1,1.0,Raining
30606,44541,44541,2020604,Matched,Block,,UNIVERSITY WAY NE BETWEEN NE 42ND ST AND NE 43RD ST,,,2b,Serious Injury Collision,Cycles,2,0,1,1,1,1,0,2005-04-07T00:00:00.000Z,4/7/2005,Driveway Junction,18,"MOTOR VEHICLE STRUCK PEDALCYCLIST, FRONT END AT ANGLE",,0,Raining,Wet,Daylight,Y,5097013.0,,45.0,Vehicle - Pedalcyclist,0,0,N,POINT (1275750.037175164 243908.8157258183),998.0,5.74251594587681e-06,Raining,2005-04-07,00:00:00,,3,1,,Raining
30631,44416,44416,C653152,Matched,Block,,N 91ST ST BETWEEN AURORA AVE N AND STONE AVE N,,,2,Injury Collision,Cycles,2,0,1,1,1,0,0,2005-07-16T00:00:00.000Z,7/16/2005 10:30:00 AM,Driveway Junction,18,"MOTOR VEHICLE STRUCK PEDALCYCLIST, FRONT END AT ANGLE",,0,Clear or Partly Cloudy,Dry,Daylight,,5197039.0,,45.0,Vehicle - Pedalcyclist,0,0,N,POINT (1268605.503535852 257126.4607313573),13179.0,2.794906668497275e-05,Clear or Partly Cloudy,2005-07-16,10:30:00,10.0,5,0,0.0,Clear or Partly Cloudy
30632,44424,44424,1775017,Matched,Intersection,34840.0,25TH AVE SW AND SW THISTLE ST,,,2b,Serious Injury Collision,Cycles,2,0,1,1,1,1,0,2005-03-17T00:00:00.000Z,3/17/2005 4:31:00 PM,At Intersection (intersection related),18,"MOTOR VEHICLE STRUCK PEDALCYCLIST, FRONT END AT ANGLE",,0,Clear or Partly Cloudy,Dry,Daylight,Y,5076021.0,,45.0,Vehicle - Pedalcyclist,0,0,N,POINT (1262156.353577241 196464.4537572414),2057.0,0.0,Clear or Partly Cloudy,2005-03-17,16:31:00,16.0,3,1,1.0,Clear or Partly Cloudy
30636,44295,44295,1079725,Matched,Intersection,37185.0,1ST AVE NW AND NW 85TH ST,,,2,Injury Collision,Cycles,2,0,1,1,1,0,0,2005-12-26T00:00:00.000Z,12/26/2005 11:30:00 AM,At Intersection (intersection related),18,"MOTOR VEHICLE STRUCK PEDALCYCLIST, FRONT END AT ANGLE",,0,Overcast,Wet,Daylight,Y,5360004.0,,45.0,Vehicle - Pedalcyclist,0,0,N,POINT (1264941.290540099 255632.8449858278),9078.0,0.0,Overcast,2005-12-26,11:30:00,11.0,0,1,0.0,Clear or Partly Cloudy
30692,44561,44561,1198890,Matched,Intersection,30148.0,22ND AVE AND E UNION ST,,,1,Property Damage Only Collision,Cycles,2,0,1,1,0,0,0,2005-07-12T00:00:00.000Z,7/12/2005 5:14:00 PM,At Intersection (intersection related),18,"MOTOR VEHICLE STRUCK PEDALCYCLIST, FRONT END AT ANGLE",,0,Clear or Partly Cloudy,Dry,Daylight,,5193002.0,,45.0,Vehicle - Pedalcyclist,0,0,N,POINT (1277782.270009249 227043.597980544),1178.0,0.0,Clear or Partly Cloudy,2005-07-12,17:14:00,17.0,1,1,1.0,Clear or Partly Cloudy
30782,45114,45114,2064128,Matched,Block,,UNIVERSITY BR OFF RP BETWEEN EASTLAKE AVE NE AND NE 40TH ST,,,2,Injury Collision,Cycles,2,0,1,1,1,0,0,2005-10-21T00:00:00.000Z,10/21/2005 8:30:00 AM,Mid-Block (not related to intersection),22,"MOTOR VEHICLE STRUCK PEDALCYCLIST, RIGHT SIDE SIDESWIPE",,0,Raining,Wet,Daylight,Y,5294001.0,,45.0,Vehicle - Pedalcyclist,0,0,N,POINT (1274630.478390023 242765.3528126478),21303.0,3.156811393375804e-05,Raining,2005-10-21,08:30:00,8.0,4,1,1.0,Raining
31016,45042,45042,2023576,Matched,Block,,UNIVERSITY WAY NE BETWEEN NE 42ND ST AND NE 43RD ST,,,2,Injury Collision,Cycles,2,0,1,1,1,0,0,2005-06-01T00:00:00.000Z,6/1/2005,Mid-Block (not related to intersection),56,PEDALCYCLIST STRUCK MOTOR VEHICLE LEFT SIDE SIDESWIPE,,0,Clear or Partly Cloudy,Dry,Daylight,,5152028.0,,45.0,Vehicle - Pedalcyclist,0,0,N,POINT (1275750.037175164 243908.8157258183),998.0,5.74251594587681e-06,Clear or Partly Cloudy,2005-06-01,00:00:00,,2,1,,Clear or Partly Cloudy
31180,44951,44951,1218073,Matched,Intersection,35828.0,AURORA AVE N AND N 130TH ST,,,1,Property Damage Only Collision,Cycles,3,0,1,1,0,0,0,2005-06-18T00:00:00.000Z,6/18/2005 1:25:00 PM,At Intersection (intersection related),18,"MOTOR VEHICLE STRUCK PEDALCYCLIST, FRONT END AT ANGLE",Y,0,Clear or Partly Cloudy,Dry,Daylight,,5169017.0,,45.0,Vehicle - Pedalcyclist,0,0,N,POINT (1268377.210671619 267459.1996859312),617.0,0.0,Clear or Partly Cloudy,2005-06-18,13:25:00,13.0,5,0,0.0,Clear or Partly Cloudy
31253,45496,45496,1784404,Matched,Intersection,31579.0,23RD AVE S AND S COLLEGE ST,,,2,Injury Collision,Cycles,2,0,1,1,1,0,0,2005-03-01T00:00:00.000Z,3/1/2005,At Intersection (intersection related),18,"MOTOR VEHICLE STRUCK PEDALCYCLIST, FRONT END AT ANGLE",,0,Raining,Wet,Daylight,,5060018.0,,45.0,Vehicle - Pedalcyclist,0,0,N,POINT (1277741.39986521 216104.0170413405),2588.0,0.0,Raining,2005-03-01,00:00:00,,1,1,,Raining
31319,45632,45632,1777538,Matched,Block,,2ND AVE BETWEEN SENECA ST AND UNIVERSITY ST,,,2,Injury Collision,Cycles,2,0,1,1,1,0,0,2005-05-16T00:00:00.000Z,5/16/2005 5:41:00 PM,Mid-Block (not related to intersection),22,"MOTOR VEHICLE STRUCK PEDALCYCLIST, RIGHT SIDE SIDESWIPE",,0,Raining,Wet,Daylight,Y,5136039.0,,45.0,Vehicle - Pedalcyclist,0,0,N,POINT (1269570.646448836 225016.6736904681),2490.0,1.0206986053640691e-08,Raining,2005-05-16,17:41:00,17.0,0,1,1.0,Raining
31321,45385,45385,1777534,Matched,Block,,6TH AVE BETWEEN PIKE ST AND PINE ST,,,2,Injury Collision,Cycles,3,0,1,1,1,0,0,2005-03-11T00:00:00.000Z,3/11/2005 3:40:00 PM,Mid-Block (not related to intersection),56,PEDALCYCLIST STRUCK MOTOR VEHICLE LEFT SIDE SIDESWIPE,,0,Clear or Partly Cloudy,Dry,Daylight,,5070041.0,,45.0,Vehicle - Pedalcyclist,0,0,N,POINT (1270058.64222534 226720.3504282236),19694.0,1.570964774479554e-05,Clear or Partly Cloudy,2005-03-11,15:40:00,15.0,4,1,1.0,Clear or Partly Cloudy
31385,45407,45407,2020504,Matched,Intersection,25792.0,BROOKLYN AVE NE AND NE 50TH ST,,,1,Property Damage Only Collision,Cycles,2,0,1,1,0,0,0,2005-05-20T00:00:00.000Z,5/20/2005 5:29:00 PM,At Intersection (intersection related),18,"MOTOR VEHICLE STRUCK PEDALCYCLIST, FRONT END AT ANGLE",Y,0,Clear or Partly Cloudy,Dry,Daylight,,5140006.0,,45.0,Vehicle - Pedalcyclist,0,0,N,POINT (1275539.245622948 246048.9179360121),652.0,0.0,Clear or Partly Cloudy,2005-05-20,17:29:00,17.0,4,1,1.0,Clear or Partly Cloudy
31436,45291,45291,2063828,Matched,Block,,EASTLAKE AVE E BETWEEN FAIRVIEW AVE N AND E GARFIELD ST,,,2,Injury Collision,Cycles,2,0,1,1,1,0,0,2005-10-11T00:00:00.000Z,10/11/2005 8:44:00 AM,Driveway Junction,51,PEDALCYCLIST STRUCK MOTOR VEHICLE FRONT END AT ANGLE,,0,Clear or Partly Cloudy,Dry,Daylight,,5284024.0,,45.0,Vehicle - Pedalcyclist,0,0,N,POINT (1272451.355635792 234487.7995881736),8786.0,1.7365056339255425e-05,Clear or Partly Cloudy,2005-10-11,08:44:00,8.0,1,1,1.0,Clear or Partly Cloudy
31602,45195,45195,2028185,Matched,Block,,E PIKE ST BETWEEN BELMONT AVE AND BOYLSTON AVE,,,2,Injury Collision,Cycles,3,0,1,1,1,0,0,2005-07-07T00:00:00.000Z,7/7/2005,Mid-Block (not related to intersection),51,PEDALCYCLIST STRUCK MOTOR VEHICLE FRONT END AT ANGLE,,0,Clear or Partly Cloudy,Dry,Daylight,,5188015.0,,45.0,Vehicle - Pedalcyclist,0,0,N,POINT (1272786.011764124 227565.5201570839),10445.0,2.210552063147072e-05,Clear or Partly Cloudy,2005-07-07,00:00:00,,3,1,,Clear or Partly Cloudy
31657,45209,45209,2063589,Matched,Intersection,29860.0,SUMMIT AVE AND E PINE ST,,,2,Injury Collision,Cycles,2,0,1,1,1,0,0,2005-09-16T00:00:00.000Z,9/16/2005 1:07:00 PM,At Intersection (intersection related),18,"MOTOR VEHICLE STRUCK PEDALCYCLIST, FRONT END AT ANGLE",,0,Clear or Partly Cloudy,Dry,Daylight,Y,5259001.0,,45.0,Vehicle - Pedalcyclist,0,0,N,POINT (1272399.309875742 227981.0989095122),1148.0,0.0,Clear or Partly Cloudy,2005-09-16,13:07:00,13.0,4,1,0.0,Clear or Partly Cloudy
31745,45748,45748,1077009,Matched,Intersection,35119.0,14TH AVE S AND S CONCORD ST,,,2,Injury Collision,Cycles,2,0,1,1,1,0,0,2005-07-10T00:00:00.000Z,7/10/2005 3:49:00 PM,At Intersection (intersection related),51,PEDALCYCLIST STRUCK MOTOR VEHICLE FRONT END AT ANGLE,,0,Clear or Partly Cloudy,Dry,Daylight,,5191009.0,,45.0,Vehicle - Pedalcyclist,0,0,N,POINT (1274365.894965753 194624.1081553549),2379.0,0.0,Clear or Partly Cloudy,2005-07-10,15:49:00,15.0,6,0,1.0,Clear or Partly Cloudy
31799,46023,46023,1933923,Matched,Intersection,30510.0,5TH AVE S AND S JACKSON ST,,,2,Injury Collision,Cycles,5,1,1,1,1,0,0,2005-08-23T00:00:00.000Z,8/23/2005 3:10:00 PM,At Intersection (intersection related),64,PEDALCYCLIST STRUCK PEDESTRIAN,Y,0,Clear or Partly Cloudy,Dry,Daylight,,5235012.0,,45.0,Vehicle - Pedalcyclist,0,0,N,POINT (1271758.558259085 222147.5001835376),7759.0,0.0,Clear or Partly Cloudy,2005-08-23,15:10:00,15.0,1,1,1.0,Clear or Partly Cloudy
31844,45910,45910,1779518,Matched,Block,,RAINIER AVE S BETWEEN S BRANDON ST AND S LUCILE ST,,,2,Injury Collision,Cycles,2,0,1,1,1,0,0,2005-03-22T00:00:00.000Z,3/22/2005 10:50:00 AM,Driveway Junction,18,"MOTOR VEHICLE STRUCK PEDALCYCLIST, FRONT END AT ANGLE",,0,Clear or Partly Cloudy,Dry,Daylight,Y,5081016.0,,45.0,Vehicle - Pedalcyclist,0,0,N,POINT (1283450.412159055 205104.2771260887),12638.0,1.4947448369733466e-05,Clear or Partly Cloudy,2005-03-22,10:50:00,10.0,1,1,0.0,Clear or Partly Cloudy