OBJECTID,INCKEY,COLDETKEY,REPORTNO,STATUS,ADDRTYPE,INTKEY,LOCATION,EXCEPTRSNC,EXCEPTRSND,SEVERITYCO,SEVERITYDE,COLLISIONT,PERSONCOUN,PEDCOUNT,PEDCYLCOUN,VEHCOUNT,INJURIES,SERIOUSINJ,FATALITIES,INCDATE,INCDTTM,JUNCTIONTY,SDOT_COLCO,SDOT_COLDE,INATTENTIO,UNDERINFL,WEATHER,ROADCOND,LIGHTCOND,PEDROWNOTG,SDOTCOLNUM,SPEEDING,ST_COLCODE,ST_COLDESC,SEGLANEKEY,CROSSWALKK,HITPARKEDC,geometry,near_str_index,min_length,weather_group,date,time,hour,dayofweek,weekday,rushhour,weather_group2
31913,45794,45794,1069518,Matched,Block,,WESTLAKE AVE N BETWEEN NEWELL ST AND NICKERSON ST,,,2,Injury Collision,Cycles,1,0,1,0,1,0,0,2005-03-31T00:00:00.000Z,3/31/2005 11:58:00 AM,Driveway Junction,66,PEDALCYCLIST STRUCK OBJECT IN ROAD,,0,Clear or Partly Cloudy,Dry,Daylight,,5090011.0,,45.0,Vehicle - Pedalcyclist,0,0,N,POINT (1267244.354094461 238957.8695447445),13817.0,1.4373915771824937e-06,Clear or Partly Cloudy,2005-03-31,11:58:00,11.0,3,1,0.0,Clear or Partly Cloudy
31921,45790,45790,2063580,Matched,Block,,RAINIER AVE S BETWEEN S DEARBORN ST AND S CHARLES N ST,,,1,Property Damage Only Collision,Cycles,3,0,1,1,0,0,0,2005-09-08T00:00:00.000Z,9/8/2005,Driveway Junction,18,"MOTOR VEHICLE STRUCK PEDALCYCLIST, FRONT END AT ANGLE",,0,Clear or Partly Cloudy,Dry,Daylight,Y,5251006.0,,45.0,Vehicle - Pedalcyclist,0,0,N,POINT (1275853.777527273 220580.3917019218),908.0,3.900697900339655e-05,Clear or Partly Cloudy,2005-09-08,00:00:00,,3,1,,Clear or Partly Cloudy
32077,45961,45961,1792519,Matched,Block,,9TH AVE BETWEEN HOWELL ST AND STEWART ST,,,2,Injury Collision,Cycles,3,0,1,1,1,0,0,2005-02-22T00:00:00.000Z,2/22/2005 1:59:00 PM,Driveway Junction,18,"MOTOR VEHICLE STRUCK PEDALCYCLIST, FRONT END AT ANGLE",Y,0,Clear or Partly Cloudy,Dry,Daylight,Y,5053015.0,,45.0,Vehicle - Pedalcyclist,0,0,N,POINT (1270361.156273648 228022.7783335447),11881.0,8.942179090621776e-07,Clear or Partly Cloudy,2005-02-22,13:59:00,13.0,1,1,0.0,Clear or Partly Cloudy
32155,45722,45722,1074350,Matched,Intersection,29238.0,LAKE WASHINGTON BLVD E AND E MADISON ST,,,2,Injury Collision,Cycles,2,0,1,1,1,0,0,2005-09-19T00:00:00.000Z,9/19/2005 4:57:00 PM,At Intersection (intersection related),18,"MOTOR VEHICLE STRUCK PEDALCYCLIST, FRONT END AT ANGLE",,0,Clear or Partly Cloudy,Dry,Daylight,Y,5262008.0,,45.0,Vehicle - Pedalcyclist,0,0,N,POINT (1280633.632572159 231763.0291533768),10179.0,0.0,Clear or Partly Cloudy,2005-09-19,16:57:00,16.0,0,1,1.0,Clear or Partly Cloudy
32165,46119,46119,1784999,Matched,Intersection,29691.0,1ST AVE AND WALL ST,,,2,Injury Collision,Cycles,2,0,1,1,1,0,0,2005-12-05T00:00:00.000Z,12/5/2005,At Intersection (intersection related),18,"MOTOR VEHICLE STRUCK PEDALCYCLIST, FRONT END AT ANGLE",,0,Clear or Partly Cloudy,Dry,Dark - Street Lights On,Y,5339028.0,,45.0,Vehicle - Pedalcyclist,0,0,N,POINT (1266670.257709861 227902.2759974301),1011.0,0.0,Clear or Partly Cloudy,2005-12-05,00:00:00,,0,1,,Clear or Partly Cloudy
32228,46137,46137,1790556,Matched,Intersection,35167.0,5TH AVE S AND S TRENTON S ST,,,2,Injury Collision,Cycles,2,0,1,1,1,0,0,2005-03-12T00:00:00.000Z,3/12/2005 3:47:00 PM,At Intersection (intersection related),51,PEDALCYCLIST STRUCK MOTOR VEHICLE FRONT END AT ANGLE,,0,Clear or Partly Cloudy,Snow/Slush,Daylight,,5071051.0,,45.0,Vehicle - Pedalcyclist,0,0,N,POINT (1271091.616050392 194956.1616596878),1903.0,0.0,Clear or Partly Cloudy,2005-03-12,15:47:00,15.0,5,0,1.0,Clear or Partly Cloudy
32276,46012,46012,1220264,Matched,Intersection,26057.0,20TH AVE NE AND NE 50TH ST,,,1,Property Damage Only Collision,Cycles,2,0,1,1,0,0,0,2005-02-28T00:00:00.000Z,2/28/2005 9:05:00 AM,At Intersection (intersection related),18,"MOTOR VEHICLE STRUCK PEDALCYCLIST, FRONT END AT ANGLE",,0,Overcast,Dry,Daylight,,5059002.0,,45.0,Vehicle - Pedalcyclist,0,0,N,POINT (1277436.720184892 245992.7415519506),4170.0,0.0,Overcast,2005-02-28,09:05:00,9.0,0,1,1.0,Clear or Partly Cloudy
32277,46670,46670,1787146,Matched,Block,,S JACKSON ST BETWEEN 22ND AVE S AND 23RD AVE S,,,2,Injury Collision,Cycles,2,0,1,1,1,0,0,2005-08-08T00:00:00.000Z,8/8/2005,Driveway Junction,18,"MOTOR VEHICLE STRUCK PEDALCYCLIST, FRONT END AT ANGLE",,0,Clear or Partly Cloudy,Dry,Daylight,Y,5220013.0,,45.0,Vehicle - Pedalcyclist,0,0,N,POINT (1277902.738169372 222059.4449514449),7760.0,1.82940854774549e-05,Clear or Partly Cloudy,2005-08-08,00:00:00,,0,1,,Clear or Partly Cloudy
32326,46554,46554,2019630,Matched,Block,,19TH AVE E BETWEEN E THOMAS ST AND E HARRISON ST,,,1,Property Damage Only Collision,Cycles,4,0,1,1,0,0,0,2005-06-19T00:00:00.000Z,6/19/2005 8:54:00 PM,Mid-Block (not related to intersection),18,"MOTOR VEHICLE STRUCK PEDALCYCLIST, FRONT END AT ANGLE",,0,Clear or Partly Cloudy,Dry,Dusk,,5170014.0,,45.0,Vehicle - Pedalcyclist,0,0,N,POINT (1276927.587832376 230103.8437436819),18644.0,6.708585330481387e-06,Clear or Partly Cloudy,2005-06-19,20:54:00,20.0,6,0,0.0,Clear or Partly Cloudy
32340,46688,46688,1482563,Matched,Block,,W DRAVUS ST BETWEEN 15TH AV W SB OFF RP AND 16TH AVE W,,,1,Property Damage Only Collision,Cycles,2,0,1,1,0,0,0,2005-04-15T00:00:00.000Z,4/15/2005 11:15:00 AM,Mid-Block (not related to intersection),11,"MOTOR VEHICLE STRUCK MOTOR VEHICLE, FRONT END AT ANGLE",,0,Raining,Dry,Daylight,,5105065.0,,45.0,Vehicle - Pedalcyclist,0,0,N,POINT (1259918.744038954 240358.5581221879),4780.0,2.8251914651006224e-06,Raining,2005-04-15,11:15:00,11.0,4,1,0.0,Raining
32352,46426,46426,2023604,Matched,Block,,NE 63RD ST BETWEEN BROOKLYN AVE NE AND 14TH AVE NE,,,2,Injury Collision,Cycles,3,0,1,1,1,0,0,2005-06-04T00:00:00.000Z,6/4/2005,Mid-Block (not related to intersection),56,PEDALCYCLIST STRUCK MOTOR VEHICLE LEFT SIDE SIDESWIPE,,0,Overcast,Dry,Daylight,,5155034.0,,45.0,Vehicle - Pedalcyclist,0,0,N,POINT (1275723.527607143 249478.205107525),21633.0,2.5845474003643343e-09,Overcast,2005-06-04,00:00:00,,5,0,,Clear or Partly Cloudy
32424,46703,46703,2023861,Matched,Block,,S WELLER ST BETWEEN 5TH AVE S AND 6TH AVE S,,,2,Injury Collision,Cycles,2,0,1,1,1,0,0,2005-09-12T00:00:00.000Z,9/12/2005 6:10:00 PM,Mid-Block (not related to intersection),56,PEDALCYCLIST STRUCK MOTOR VEHICLE LEFT SIDE SIDESWIPE,,0,Clear or Partly Cloudy,Dry,Daylight,,5255033.0,,45.0,Vehicle - Pedalcyclist,0,0,N,POINT (1271905.983027235 221532.0838629007),10017.0,7.291346023655652e-09,Clear or Partly Cloudy,2005-09-12,18:10:00,18.0,0,1,1.0,Clear or Partly Cloudy
32500,46711,46711,1796578,Matched,Intersection,25793.0,UNIVERSITY WAY NE AND NE 50TH ST,,,2,Injury Collision,Cycles,2,0,1,1,1,0,0,2005-03-22T00:00:00.000Z,3/22/2005 9:50:00 AM,At Intersection (intersection related),51,PEDALCYCLIST STRUCK MOTOR VEHICLE FRONT END AT ANGLE,,0,Clear or Partly Cloudy,Dry,Daylight,,5081004.0,,45.0,Vehicle - Pedalcyclist,0,0,N,POINT (1275819.041847229 246040.7075040042),999.0,0.0,Clear or Partly Cloudy,2005-03-22,09:50:00,9.0,1,1,1.0,Clear or Partly Cloudy
32621,46628,46628,1796670,Matched,Block,,FREMONT AVE N BETWEEN N 45TH ST AND N 46TH ST,,,2,Injury Collision,Cycles,2,0,1,1,1,0,0,2005-04-23T00:00:00.000Z,4/23/2005 11:00:00 AM,Mid-Block (not related to intersection),23,"MOTOR VEHICLE STRUCK PEDALCYCLIST, LEFT SIDE SIDESWIPE",,0,Clear or Partly Cloudy,Dry,Daylight,Y,5113006.0,,45.0,Vehicle - Pedalcyclist,0,0,N,POINT (1266690.343021885 245073.9321430176),13117.0,2.1785213334798004e-05,Clear or Partly Cloudy,2005-04-23,11:00:00,11.0,5,0,0.0,Clear or Partly Cloudy
32627,46375,46375,2019965,Matched,Intersection,36844.0,BARTLETT AVE NE AND NE 110TH ST,,,2,Injury Collision,Cycles,3,0,1,1,1,0,0,2005-12-09T00:00:00.000Z,12/9/2005,At Intersection (intersection related),51,PEDALCYCLIST STRUCK MOTOR VEHICLE FRONT END AT ANGLE,,0,Clear or Partly Cloudy,Dry,Daylight,,5343052.0,,45.0,Vehicle - Pedalcyclist,0,0,N,POINT (1283904.918847516 261838.300608173),622.0,0.0,Clear or Partly Cloudy,2005-12-09,00:00:00,,4,1,,Clear or Partly Cloudy
32628,46507,46507,1784599,Matched,Block,,3RD AVE BETWEEN UNION ST AND PIKE ST,,,2,Injury Collision,Cycles,3,0,1,1,1,0,0,2005-10-03T00:00:00.000Z,10/3/2005,Mid-Block (not related to intersection),56,PEDALCYCLIST STRUCK MOTOR VEHICLE LEFT SIDE SIDESWIPE,,0,Clear or Partly Cloudy,Dry,Daylight,,5276003.0,,45.0,Vehicle - Pedalcyclist,0,0,N,POINT (1269444.750192702 225861.6804753393),10901.0,1.10289281673933e-05,Clear or Partly Cloudy,2005-10-03,00:00:00,,0,1,,Clear or Partly Cloudy
32640,46503,46503,2019585,Matched,Intersection,30125.0,19TH AVE AND E MADISON ST,,,2,Injury Collision,Cycles,2,0,1,1,1,0,0,2005-07-06T00:00:00.000Z,7/6/2005,At Intersection (intersection related),18,"MOTOR VEHICLE STRUCK PEDALCYCLIST, FRONT END AT ANGLE",,0,Clear or Partly Cloudy,Dry,Daylight,Y,5187028.0,,45.0,Vehicle - Pedalcyclist,0,0,N,POINT (1276878.160696328 228447.1312939823),127.0,0.0,Clear or Partly Cloudy,2005-07-06,00:00:00,,2,1,,Clear or Partly Cloudy
32708,46646,46646,1791008,Matched,Block,,4TH AVE S BETWEEN S HOLGATE ST AND S WALKER ST,,,2,Injury Collision,Cycles,3,0,1,1,1,0,0,2005-05-17T00:00:00.000Z,5/17/2005 7:59:00 AM,Driveway Junction,18,"MOTOR VEHICLE STRUCK PEDALCYCLIST, FRONT END AT ANGLE",,0,Overcast,Dry,Daylight,Y,5137004.0,,45.0,Vehicle - Pedalcyclist,0,0,N,POINT (1271315.326386631 217004.209298268),21541.0,7.449527561074533e-09,Overcast,2005-05-17,07:59:00,7.0,1,1,1.0,Clear or Partly Cloudy
32720,46640,46640,1745196,Matched,Intersection,30129.0,19TH AVE AND E PINE ST,,,2,Injury Collision,Cycles,2,0,1,1,1,0,0,2005-02-22T00:00:00.000Z,2/22/2005 3:30:00 PM,At Intersection (intersection related),18,"MOTOR VEHICLE STRUCK PEDALCYCLIST, FRONT END AT ANGLE",,0,Clear or Partly Cloudy,Dry,Daylight,Y,5053016.0,,45.0,Vehicle - Pedalcyclist,0,0,N,POINT (1276859.133496299 227912.9616934359),5192.0,0.0,Clear or Partly Cloudy,2005-02-22,15:30:00,15.0,1,1,1.0,Clear or Partly Cloudy
32732,46664,46664,2185133,Matched,Intersection,24204.0,DIVISION AVE NW AND NW 67TH ST,,,2,Injury Collision,Cycles,2,0,1,1,1,0,0,2005-12-14T00:00:00.000Z,12/14/2005 6:49:00 AM,At Intersection (intersection related),18,"MOTOR VEHICLE STRUCK PEDALCYCLIST, FRONT END AT ANGLE",,0,Clear or Partly Cloudy,Dry,Dark - Street Lights On,Y,5348044.0,,45.0,Vehicle - Pedalcyclist,0,0,N,POINT (1262729.877801836 250986.1779730618),7504.0,0.0,Clear or Partly Cloudy,2005-12-14,06:49:00,6.0,2,1,0.0,Clear or Partly Cloudy
32964,46836,46836,2023506,Matched,Block,,NW MARKET ST BETWEEN 14TH AVE NW AND 15TH AVE NW,,,2,Injury Collision,Cycles,2,0,1,1,1,0,0,2005-06-22T00:00:00.000Z,6/22/2005 6:30:00 PM,Driveway Junction,18,"MOTOR VEHICLE STRUCK PEDALCYCLIST, FRONT END AT ANGLE",,0,Unknown,Unknown,Dusk,Y,5173004.0,,45.0,Vehicle - Pedalcyclist,0,0,N,POINT (1260615.234919667 247712.9567857087),11425.0,1.50548383851369e-06,,2005-06-22,18:30:00,18.0,2,1,1.0,
33097,47276,47276,1792889,Matched,Intersection,29591.0,3RD AVE AND UNION ST,,,3,Fatality Collision,Pedestrian,2,1,1,0,0,0,1,2005-04-13T00:00:00.000Z,4/13/2005 4:20:00 PM,At Intersection (intersection related),64,PEDALCYCLIST STRUCK PEDESTRIAN,,0,Unknown,Dry,Daylight,,5103003.0,,0.0,Vehicle going straight hits pedestrian,0,0,N,POINT (1269552.961328819 225678.7565071434),2713.0,0.0,,2005-04-13,16:20:00,16.0,2,1,1.0,
33108,47133,47133,1791012,Matched,Block,,4TH AVE S BETWEEN S STACY ST AND S LANDER ST,,,2,Injury Collision,Cycles,2,0,1,1,1,0,0,2005-07-30T00:00:00.000Z,7/30/2005 2:07:00 PM,Driveway Junction,18,"MOTOR VEHICLE STRUCK PEDALCYCLIST, FRONT END AT ANGLE",,0,Clear or Partly Cloudy,Dry,Daylight,Y,5211005.0,,45.0,Vehicle - Pedalcyclist,0,0,N,POINT (1271285.907890588 215464.8206246942),19622.0,2.6242355050799803e-05,Clear or Partly Cloudy,2005-07-30,14:07:00,14.0,5,0,0.0,Clear or Partly Cloudy
33142,47013,47013,2022691,Matched,Intersection,25471.0,EAST GREEN LAKE WAY N AND N 64TH ST,,,2b,Serious Injury Collision,Cycles,2,0,1,1,1,1,0,2005-04-25T00:00:00.000Z,4/25/2005 6:08:00 PM,At Intersection (intersection related),18,"MOTOR VEHICLE STRUCK PEDALCYCLIST, FRONT END AT ANGLE",,0,Clear or Partly Cloudy,Dry,Daylight,Y,5115010.0,,45.0,Vehicle - Pedalcyclist,0,0,N,POINT (1270852.478258148 249918.0581639707),9881.0,0.0,Clear or Partly Cloudy,2005-04-25,18:08:00,18.0,0,1,1.0,Clear or Partly Cloudy
33149,46886,46886,2058857,Matched,Intersection,24661.0,25TH AVE NE AND NE 75TH ST,,,2,Injury Collision,Cycles,3,0,1,1,1,0,0,2005-11-03T00:00:00.000Z,11/3/2005,At Intersection (intersection related),51,PEDALCYCLIST STRUCK MOTOR VEHICLE FRONT END AT ANGLE,,0,Overcast,Wet,Daylight,,5307006.0,,45.0,Vehicle - Pedalcyclist,0,0,N,POINT (1278979.441210479 252600.6967587173),1476.0,0.0,Overcast,2005-11-03,00:00:00,,3,1,,Clear or Partly Cloudy
33192,47163,47163,1778850,Matched,Intersection,27024.0,PHINNEY AVE N AND N 36TH ST,,,2,Injury Collision,Cycles,2,0,1,1,1,0,0,2005-02-16T00:00:00.000Z,2/16/2005 5:38:00 PM,At Intersection (intersection related),18,"MOTOR VEHICLE STRUCK PEDALCYCLIST, FRONT END AT ANGLE",,0,Clear or Partly Cloudy,Dry,Dawn,Y,5047005.0,,45.0,Vehicle - Pedalcyclist,0,0,N,POINT (1265528.306988701 241624.4737714827),9044.0,0.0,Clear or Partly Cloudy,2005-02-16,17:38:00,17.0,2,1,1.0,Clear or Partly Cloudy
33383,47607,47607,1213974,Matched,Block,,2ND AVE BETWEEN PINE ST AND STEWART ST,,,2,Injury Collision,Cycles,3,0,1,1,1,0,0,2005-05-12T00:00:00.000Z,5/12/2005 5:28:00 PM,Driveway Junction,18,"MOTOR VEHICLE STRUCK PEDALCYCLIST, FRONT END AT ANGLE",,0,Clear or Partly Cloudy,Dry,Daylight,Y,5132008.0,,45.0,Vehicle - Pedalcyclist,0,0,N,POINT (1268766.583536014 226374.9470998645),10130.0,2.7192938257903273e-05,Clear or Partly Cloudy,2005-05-12,17:28:00,17.0,3,1,1.0,Clear or Partly Cloudy
33450,47497,47497,2027105,Matched,Intersection,25256.0,PALATINE AVE N AND N 62ND ST,,,2b,Serious Injury Collision,Cycles,2,0,1,1,1,1,0,2005-07-20T00:00:00.000Z,7/20/2005 7:50:00 AM,At Intersection (intersection related),18,"MOTOR VEHICLE STRUCK PEDALCYCLIST, FRONT END AT ANGLE",,0,Clear or Partly Cloudy,Dry,Daylight,Y,5201003.0,,45.0,Vehicle - Pedalcyclist,0,0,N,POINT (1265206.744620368 249580.4804356247),1276.0,0.0,Clear or Partly Cloudy,2005-07-20,07:50:00,7.0,2,1,1.0,Clear or Partly Cloudy
33533,47525,47525,2024993,Matched,Intersection,35159.0,7TH AVE S AND S CLOVERDALE ST,,,2,Injury Collision,Cycles,2,0,1,1,1,0,0,2005-07-01T00:00:00.000Z,7/1/2005,At Intersection (intersection related),18,"MOTOR VEHICLE STRUCK PEDALCYCLIST, FRONT END AT ANGLE",Y,0,Overcast,Dry,Daylight,,5182001.0,,45.0,Vehicle - Pedalcyclist,0,0,N,POINT (1271757.285427079 195616.2164443731),1712.0,0.0,Overcast,2005-07-01,00:00:00,,4,1,,Clear or Partly Cloudy
33537,47523,47523,2020496,Matched,Intersection,25461.0,11TH AVE NW AND NW 46TH ST,,,2,Injury Collision,Cycles,3,0,1,1,1,0,0,2005-06-28T00:00:00.000Z,6/28/2005 3:50:00 PM,At Intersection (intersection related),18,"MOTOR VEHICLE STRUCK PEDALCYCLIST, FRONT END AT ANGLE",,0,Clear or Partly Cloudy,Dry,Daylight,Y,5179002.0,,45.0,Vehicle - Pedalcyclist,0,0,N,POINT (1261585.750568658 245334.2166232765),31.0,0.0,Clear or Partly Cloudy,2005-06-28,15:50:00,15.0,1,1,1.0,Clear or Partly Cloudy
33626,47795,47795,1771460,Matched,Intersection,31247.0,15TH AVE S AND S HOLGATE ST,,,2,Injury Collision,Cycles,2,0,1,1,1,0,0,2005-01-26T00:00:00.000Z,1/26/2005 11:39:00 AM,At Intersection (intersection related),18,"MOTOR VEHICLE STRUCK PEDALCYCLIST, FRONT END AT ANGLE",,0,Raining,Wet,Daylight,,5026005.0,,45.0,Vehicle - Pedalcyclist,0,0,N,POINT (1275197.021238595 217399.4149306715),2402.0,0.0,Raining,2005-01-26,11:39:00,11.0,2,1,0.0,Raining
33689,47552,47552,1933413,Matched,Block,,MINOR AVE N BETWEEN JOHN ST AND THOMAS ST,,,2,Injury Collision,Cycles,2,0,1,1,1,0,0,2005-09-09T00:00:00.000Z,9/9/2005,Mid-Block (not related to intersection),56,PEDALCYCLIST STRUCK MOTOR VEHICLE LEFT SIDE SIDESWIPE,,0,Clear or Partly Cloudy,Dry,Daylight,Y,5252023.0,,45.0,Vehicle - Pedalcyclist,0,0,N,POINT (1270596.782513887 229846.7604794204),3676.0,2.633792355175729e-05,Clear or Partly Cloudy,2005-09-09,00:00:00,,4,1,,Clear or Partly Cloudy
33717,47680,47680,2128081,Matched,Intersection,28378.0,26TH AVE E AND BOYER AVE E,,,2,Injury Collision,Cycles,2,0,1,1,1,0,0,2005-11-21T00:00:00.000Z,11/21/2005 11:02:00 AM,At Intersection (intersection related),51,PEDALCYCLIST STRUCK MOTOR VEHICLE FRONT END AT ANGLE,,0,Clear or Partly Cloudy,Dry,Daylight,,5325021.0,,45.0,Vehicle - Pedalcyclist,0,0,N,POINT (1278943.671866432 234681.4875243753),3397.0,0.0,Clear or Partly Cloudy,2005-11-21,11:02:00,11.0,0,1,0.0,Clear or Partly Cloudy
33735,47689,47689,1316888,Matched,Block,,PINE ST BETWEEN 9TH AVE AND TERRY AVE,,,2,Injury Collision,Cycles,1,0,1,0,1,0,0,2005-04-19T00:00:00.000Z,4/19/2005 4:40:00 PM,Mid-Block (not related to intersection),69,PEDALCYCLIST OVERTURNED IN ROAD,,0,Clear or Partly Cloudy,Dry,Daylight,,5109004.0,,45.0,Vehicle - Pedalcyclist,0,0,N,POINT (1270919.723314226 227477.7186849862),14345.0,1.1479398351009595e-05,Clear or Partly Cloudy,2005-04-19,16:40:00,16.0,1,1,1.0,Clear or Partly Cloudy
33874,48265,48265,C651430,Matched,Block,,WESTERN AVE BETWEEN MADISON ST AND SPRING ST,,,2,Injury Collision,Cycles,2,0,1,1,1,0,0,2005-06-08T00:00:00.000Z,6/8/2005,Mid-Block (not related to intersection),16,"MOTOR VEHICLE STRUCK MOTOR VEHICLE, LEFT SIDE SIDESWIPE",,0,Overcast,Dry,Daylight,,5159044.0,,45.0,Vehicle - Pedalcyclist,0,0,N,POINT (1269328.333104596 224162.0194815993),6761.0,6.411548265425346e-09,Overcast,2005-06-08,00:00:00,,2,1,,Clear or Partly Cloudy
33883,47989,47989,2019643,Matched,Intersection,29141.0,BELMONT AVE E AND E HARRISON ST,,,2,Injury Collision,Cycles,2,0,1,1,1,0,0,2005-10-08T00:00:00.000Z,10/8/2005,At Intersection (intersection related),11,"MOTOR VEHICLE STRUCK MOTOR VEHICLE, FRONT END AT ANGLE",,0,Clear or Partly Cloudy,Wet,Dark - Street Lights On,,5281003.0,,45.0,Vehicle - Pedalcyclist,0,0,N,POINT (1272818.216756165 230443.1807040274),6179.0,0.0,Clear or Partly Cloudy,2005-10-08,00:00:00,,5,0,,Clear or Partly Cloudy
33891,47986,47986,2020644,Matched,Intersection,29877.0,MELROSE AVE AND PIKE ST,,,1,Property Damage Only Collision,Cycles,2,0,1,1,0,0,0,2005-07-11T00:00:00.000Z,7/11/2005 8:15:00 AM,At Intersection (intersection related),51,PEDALCYCLIST STRUCK MOTOR VEHICLE FRONT END AT ANGLE,,0,Overcast,Dry,Daylight,,5192028.0,,45.0,Vehicle - Pedalcyclist,0,0,N,POINT (1271828.993331149 227522.0719650388),1143.0,0.0,Overcast,2005-07-11,08:15:00,8.0,0,1,1.0,Clear or Partly Cloudy
33893,47869,47869,1180675,Matched,Block,,E DENNY WAY BETWEEN 13TH AVE AND 14TH AVE,,,2,Injury Collision,Cycles,2,0,1,1,1,0,0,2005-11-05T00:00:00.000Z,11/5/2005,Mid-Block (not related to intersection),18,"MOTOR VEHICLE STRUCK PEDALCYCLIST, FRONT END AT ANGLE",,0,Raining,Wet,Daylight,,5309013.0,,45.0,Vehicle - Pedalcyclist,0,0,N,POINT (1275032.17170243 229230.503774792),20631.0,8.0957879064292e-06,Raining,2005-11-05,00:00:00,,5,0,,Raining
33992,48026,48026,1376643,Matched,Block,,E ROY ST BETWEEN 19TH AVE E AND 20TH AVE E,,,2,Injury Collision,Cycles,3,0,1,1,1,0,0,2005-09-08T00:00:00.000Z,9/8/2005,Driveway Junction,18,"MOTOR VEHICLE STRUCK PEDALCYCLIST, FRONT END AT ANGLE",,0,Clear or Partly Cloudy,Dry,Daylight,Y,5251005.0,,45.0,Vehicle - Pedalcyclist,0,0,N,POINT (1277118.744184569 231542.6218571514),9013.0,1.3759378482569644e-05,Clear or Partly Cloudy,2005-09-08,00:00:00,,3,1,,Clear or Partly Cloudy
34020,47901,47901,2128062,Matched,Intersection,28190.0,HAMLIN ST ON RP AND HARVARD AVE E,,,2,Injury Collision,Cycles,2,0,1,1,1,0,0,2005-11-16T00:00:00.000Z,11/16/2005 5:47:00 PM,At Intersection (intersection related),18,"MOTOR VEHICLE STRUCK PEDALCYCLIST, FRONT END AT ANGLE",Y,0,Clear or Partly Cloudy,Dry,Dark - Street Lights On,,5320007.0,,45.0,Vehicle - Pedalcyclist,0,0,N,POINT (1273458.009908825 239051.9671448469),6411.0,0.0,Clear or Partly Cloudy,2005-11-16,17:47:00,17.0,2,1,1.0,Clear or Partly Cloudy
34137,48302,48302,1794936,Matched,Intersection,36001.0,LAKE CITY WAY NE AND NE 143RD ST,,,2,Injury Collision,Cycles,2,0,1,1,1,0,0,2005-05-05T00:00:00.000Z,5/5/2005,At Intersection (intersection related),18,"MOTOR VEHICLE STRUCK PEDALCYCLIST, FRONT END AT ANGLE",Y,0,Overcast,Dry,Daylight,Y,5125006.0,,45.0,Vehicle - Pedalcyclist,0,0,N,POINT (1281382.72338894 270393.6606169343),1380.0,0.0,Overcast,2005-05-05,00:00:00,,3,1,,Clear or Partly Cloudy
34185,47807,47807,2020463,Matched,Block,,15TH AVE NW BETWEEN NW 80TH ST AND NW 83RD ST,,,2,Injury Collision,Cycles,2,0,1,1,1,0,0,2005-05-28T00:00:00.000Z,5/28/2005 4:00:00 PM,Driveway Junction,18,"MOTOR VEHICLE STRUCK PEDALCYCLIST, FRONT END AT ANGLE",Y,0,Clear or Partly Cloudy,Dry,Daylight,,5148001.0,,45.0,Vehicle - Pedalcyclist,0,0,N,POINT (1260287.966887325 254700.2549688667),10116.0,5.922862973286228e-06,Clear or Partly Cloudy,2005-05-28,16:00:00,16.0,5,0,1.0,Clear or Partly Cloudy
34214,48079,48079,2185053,Matched,Intersection,27196.0,THACKERAY PL NE AND NE 44TH ST,,,2,Injury Collision,Cycles,3,0,1,1,1,0,0,2005-11-16T00:00:00.000Z,11/16/2005 2:30:00 PM,At Intersection (intersection related),18,"MOTOR VEHICLE STRUCK PEDALCYCLIST, FRONT END AT ANGLE",,0,Clear or Partly Cloudy,Dry,Daylight,Y,5320013.0,,45.0,Vehicle - Pedalcyclist,0,0,N,POINT (1272553.313075885 244395.259566322),6711.0,0.0,Clear or Partly Cloudy,2005-11-16,14:30:00,14.0,2,1,0.0,Clear or Partly Cloudy
34243,48083,48083,2019937,Matched,Intersection,29196.0,24TH AVE E AND E LEE ST,,,2,Injury Collision,Cycles,3,0,1,1,1,0,0,2005-08-10T00:00:00.000Z,8/10/2005 11:40:00 PM,At Intersection (intersection related),18,"MOTOR VEHICLE STRUCK PEDALCYCLIST, FRONT END AT ANGLE",,0,Clear or Partly Cloudy,Dry,Dark - Street Lights On,Y,5222013.0,,45.0,Vehicle - Pedalcyclist,0,0,N,POINT (1278404.439097881 233723.1269473881),5325.0,0.0,Clear or Partly Cloudy,2005-08-10,23:40:00,23.0,2,1,0.0,Clear or Partly Cloudy
34330,48107,48107,1792469,Matched,Intersection,30478.0,5TH AVE AND JEFFERSON ST,,,2,Injury Collision,Cycles,2,0,1,1,1,0,0,2005-11-08T00:00:00.000Z,11/8/2005,At Intersection (intersection related),18,"MOTOR VEHICLE STRUCK PEDALCYCLIST, FRONT END AT ANGLE",,0,Clear or Partly Cloudy,Dry,Dawn,Y,5312004.0,,45.0,Vehicle - Pedalcyclist,0,0,N,POINT (1271571.328050882 223533.7517049462),778.0,0.0,Clear or Partly Cloudy,2005-11-08,00:00:00,,1,1,,Clear or Partly Cloudy
34373,48535,48535,C672351,Matched,Intersection,28045.0,4TH AVE N AND FREMONT BR,,,2,Injury Collision,Cycles,2,0,1,1,1,0,0,2006-07-26T00:00:00.000Z,7/26/2006 7:30:00 AM,At Intersection (intersection related),18,"MOTOR VEHICLE STRUCK PEDALCYCLIST, FRONT END AT ANGLE",,0,Unknown,Dry,Daylight,,6207056.0,,45.0,Vehicle - Pedalcyclist,0,0,N,POINT (1266653.095981851 239644.4832414538),10319.0,0.0,,2006-07-26,07:30:00,7.0,2,1,1.0,