OBJECTID,INCKEY,COLDETKEY,REPORTNO,STATUS,ADDRTYPE,INTKEY,LOCATION,EXCEPTRSNC,EXCEPTRSND,SEVERITYCO,SEVERITYDE,COLLISIONT,PERSONCOUN,PEDCOUNT,PEDCYLCOUN,VEHCOUNT,INJURIES,SERIOUSINJ,FATALITIES,INCDATE,INCDTTM,JUNCTIONTY,SDOT_COLCO,SDOT_COLDE,INATTENTIO,UNDERINFL,WEATHER,ROADCOND,LIGHTCOND,PEDROWNOTG,SDOTCOLNUM,SPEEDING,ST_COLCODE,ST_COLDESC,SEGLANEKEY,CROSSWALKK,HITPARKEDC,geometry,near_str_index,min_length,weather_group,date,time,hour,dayofweek,weekday,rushhour,weather_group2
34423,48656,48656,2022300,Matched,Intersection,25464.0,LEARY WAY NW AND NW 46TH ST,,,2,Injury Collision,Cycles,2,0,1,1,1,0,0,2006-03-16T00:00:00.000Z,3/16/2006 5:49:00 PM,At Intersection (intersection related),51,PEDALCYCLIST STRUCK MOTOR VEHICLE FRONT END AT ANGLE,Y,0,Overcast,Dry,Daylight,,6075008.0,,45.0,Vehicle - Pedalcyclist,0,0,N,POINT (1262301.018409386 245318.484655261),804.0,0.0,Overcast,2006-03-16,17:49:00,17.0,3,1,1.0,Clear or Partly Cloudy
34526,48683,48683,2624936,Matched,Block,,NW 39TH ST BETWEEN 2ND AVE NW AND LEARY WAY NW,,,2,Injury Collision,Cycles,2,0,1,1,1,0,0,2006-09-25T00:00:00.000Z,9/25/2006 4:39:00 PM,Mid-Block (but intersection related),18,"MOTOR VEHICLE STRUCK PEDALCYCLIST, FRONT END AT ANGLE",,0,Clear or Partly Cloudy,Dry,Daylight,,6268003.0,,45.0,Vehicle - Pedalcyclist,0,0,N,POINT (1264295.372075438 242342.2582202107),10572.0,7.449349067915349e-09,Clear or Partly Cloudy,2006-09-25,16:39:00,16.0,0,1,1.0,Clear or Partly Cloudy
34600,48847,48847,2390704,Matched,Alley,,,,,1,Property Damage Only Collision,Cycles,2,0,1,1,0,0,0,2006-05-08T00:00:00.000Z,5/8/2006,Driveway Junction,18,"MOTOR VEHICLE STRUCK PEDALCYCLIST, FRONT END AT ANGLE",,0,Overcast,Dry,Daylight,Y,6128001.0,,45.0,Vehicle - Pedalcyclist,0,0,N,,,,Overcast,2006-05-08,00:00:00,,0,1,,Clear or Partly Cloudy
34616,48709,48709,2400626,Matched,Intersection,25471.0,EAST GREEN LAKE WAY N AND N 64TH ST,,,2,Injury Collision,Cycles,4,0,1,2,1,0,0,2006-05-10T00:00:00.000Z,5/10/2006 11:29:00 AM,At Intersection (but not related to intersection),18,"MOTOR VEHICLE STRUCK PEDALCYCLIST, FRONT END AT ANGLE",,0,Clear or Partly Cloudy,Dry,Daylight,,6130002.0,,45.0,Vehicle - Pedalcyclist,0,0,N,POINT (1270852.478258148 249918.0581639707),9881.0,0.0,Clear or Partly Cloudy,2006-05-10,11:29:00,11.0,2,1,0.0,Clear or Partly Cloudy
34764,48623,48623,2610234,Matched,Intersection,27183.0,1ST AVE NE AND NE 45TH ST,,,2,Injury Collision,Cycles,2,0,1,1,1,0,0,2006-11-19T00:00:00.000Z,11/19/2006 1:04:00 PM,At Intersection (intersection related),18,"MOTOR VEHICLE STRUCK PEDALCYCLIST, FRONT END AT ANGLE",,0,Overcast,Wet,Daylight,Y,6323002.0,,45.0,Vehicle - Pedalcyclist,0,0,N,POINT (1272052.552243382 244821.6562387496),2275.0,0.0,Overcast,2006-11-19,13:04:00,13.0,6,0,0.0,Clear or Partly Cloudy
34784,48633,48633,2178987,Matched,Intersection,37308.0,ASHWORTH AVE N AND N 97TH ST,,,2,Injury Collision,Cycles,2,0,1,1,1,0,0,2006-03-23T00:00:00.000Z,3/23/2006 1:46:00 PM,At Intersection (intersection related),18,"MOTOR VEHICLE STRUCK PEDALCYCLIST, FRONT END AT ANGLE",,0,Overcast,Dry,Daylight,,6082024.0,,45.0,Vehicle - Pedalcyclist,0,0,N,POINT (1269501.017136768 258824.3263330907),6132.0,0.0,Overcast,2006-03-23,13:46:00,13.0,3,1,0.0,Clear or Partly Cloudy
34885,49171,49171,2184723,Matched,Block,,NE 55TH ST BETWEEN 40TH AVE NE AND 43RD AVE NE,,,2,Injury Collision,Cycles,3,0,1,1,1,0,0,2006-03-22T00:00:00.000Z,3/22/2006 6:16:00 PM,Driveway Junction,18,"MOTOR VEHICLE STRUCK PEDALCYCLIST, FRONT END AT ANGLE",,0,Raining,Wet,Daylight,Y,6081002.0,,45.0,Vehicle - Pedalcyclist,0,0,N,POINT (1283135.082750723 247217.5987692028),19156.0,2.9966061872175817e-05,Raining,2006-03-22,18:16:00,18.0,2,1,1.0,Raining
35052,49218,49218,2071764,Matched,Block,,ALASKAN WAY S BETWEEN ALASKAN E RDWY WAY S AND S ROYAL BROUGHAM WAY,,,2,Injury Collision,Cycles,4,0,1,1,1,0,0,2006-05-14T00:00:00.000Z,5/14/2006 11:15:00 AM,Mid-Block (not related to intersection),51,PEDALCYCLIST STRUCK MOTOR VEHICLE FRONT END AT ANGLE,,0,Clear or Partly Cloudy,Dry,Daylight,,6134002.0,,45.0,Vehicle - Pedalcyclist,0,0,N,,,,Clear or Partly Cloudy,2006-05-14,11:15:00,11.0,6,0,0.0,Clear or Partly Cloudy
35072,49373,49373,2071143,Matched,Intersection,30097.0,M L KING JR WAY AND E ALDER ST,,,2,Injury Collision,Cycles,3,0,1,1,1,0,0,2006-05-30T00:00:00.000Z,5/30/2006 7:39:00 PM,At Intersection (intersection related),18,"MOTOR VEHICLE STRUCK PEDALCYCLIST, FRONT END AT ANGLE",Y,0,Clear or Partly Cloudy,Dry,Daylight,Y,6150004.0,,45.0,Vehicle - Pedalcyclist,0,0,N,POINT (1279408.096058905 223841.8515452743),3637.0,0.0,Clear or Partly Cloudy,2006-05-30,19:39:00,19.0,1,1,1.0,Clear or Partly Cloudy
35087,49092,49092,2610804,Matched,Block,,42ND AVE S BETWEEN S TRENTON ST AND S HENDERSON ST,,,1,Property Damage Only Collision,Cycles,2,0,1,1,0,0,0,2006-09-24T00:00:00.000Z,9/24/2006 3:34:00 PM,Mid-Block (not related to intersection),18,"MOTOR VEHICLE STRUCK PEDALCYCLIST, FRONT END AT ANGLE",,0,Clear or Partly Cloudy,Dry,Daylight,,6267003.0,,45.0,Vehicle - Pedalcyclist,0,0,N,POINT (1282827.057534412 194376.9263311028),432.0,2.557087104408148e-05,Clear or Partly Cloudy,2006-09-24,15:34:00,15.0,6,0,1.0,Clear or Partly Cloudy
35088,49362,49362,C662960,Matched,Intersection,25225.0,NW 54TH ST AND NW MARKET ST,,,2,Injury Collision,Cycles,2,0,1,1,1,0,0,2006-01-23T00:00:00.000Z,1/23/2006 7:35:00 AM,At Intersection (intersection related),18,"MOTOR VEHICLE STRUCK PEDALCYCLIST, FRONT END AT ANGLE",,0,Overcast,Wet,Dawn,,6023039.0,,45.0,Vehicle - Pedalcyclist,0,0,N,POINT (1255784.480802715 247803.7111538053),12849.0,0.0,Overcast,2006-01-23,07:35:00,7.0,0,1,1.0,Clear or Partly Cloudy
35089,49091,49091,2615592,Matched,Block,,12TH AVE S BETWEEN S ATLANTIC ST AND S MASSACHUSETTS ST,,,2b,Serious Injury Collision,Cycles,2,0,1,1,1,1,0,2006-10-29T00:00:00.000Z,10/29/2006 12:21:00 PM,Mid-Block (but intersection related),51,PEDALCYCLIST STRUCK MOTOR VEHICLE FRONT END AT ANGLE,,0,Overcast,Wet,Daylight,,6302008.0,Y,45.0,Vehicle - Pedalcyclist,0,0,N,POINT (1274251.001781628 218457.2656837553),49.0,2.6369120788578627e-05,Overcast,2006-10-29,12:21:00,12.0,6,0,0.0,Clear or Partly Cloudy
35134,49097,49097,C668342,Matched,Intersection,28428.0,24TH AVE E AND E LYNN ST,,,2,Injury Collision,Cycles,2,0,1,1,1,0,0,2006-04-17T00:00:00.000Z,4/17/2006 1:00:00 PM,At Intersection (intersection related),18,"MOTOR VEHICLE STRUCK PEDALCYCLIST, FRONT END AT ANGLE",,0,Clear or Partly Cloudy,Dry,Daylight,,6107024.0,,45.0,Vehicle - Pedalcyclist,0,0,N,POINT (1278350.839609832 236736.1624704748),1115.0,0.0,Clear or Partly Cloudy,2006-04-17,13:00:00,13.0,0,1,0.0,Clear or Partly Cloudy
35139,48971,48971,2612502,Matched,Block,,15TH AVE S BETWEEN S DAKOTA ST AND S NEVADA ST,,,2,Injury Collision,Cycles,2,0,1,1,1,0,0,2006-07-26T00:00:00.000Z,7/26/2006 11:17:00 PM,Mid-Block (not related to intersection),21,"MOTOR VEHICLE STRUCK PEDALCYCLIST, REAR END",,0,Clear or Partly Cloudy,Dry,Dark - Street Lights On,,6207044.0,,45.0,Vehicle - Pedalcyclist,0,0,N,POINT (1275028.128822431 210077.1258351803),17659.0,8.467410037228027e-06,Clear or Partly Cloudy,2006-07-26,23:17:00,23.0,2,1,0.0,Clear or Partly Cloudy
35173,49239,49239,2614358,Matched,Intersection,27062.0,UNIVERSITY WAY NE AND NE 45TH ST,,,2,Injury Collision,Cycles,2,0,1,1,1,0,0,2006-07-08T00:00:00.000Z,7/8/2006,At Intersection (intersection related),18,"MOTOR VEHICLE STRUCK PEDALCYCLIST, FRONT END AT ANGLE",,0,Clear or Partly Cloudy,Dry,Daylight,Y,6189006.0,,45.0,Vehicle - Pedalcyclist,0,0,N,POINT (1275779.900215194 244716.6202066392),10399.0,0.0,Clear or Partly Cloudy,2006-07-08,00:00:00,,5,0,,Clear or Partly Cloudy
35220,48988,48988,2071829,Matched,Block,,DEXTER AVE N BETWEEN REPUBLICAN ST AND MERCER ST,,,1,Property Damage Only Collision,Cycles,2,0,1,1,0,0,0,2006-03-22T00:00:00.000Z,3/22/2006 5:35:00 PM,Driveway Junction,51,PEDALCYCLIST STRUCK MOTOR VEHICLE FRONT END AT ANGLE,,0,Raining,Wet,Daylight,Y,6081004.0,,45.0,Vehicle - Pedalcyclist,0,0,N,POINT (1268311.922351554 231223.1936328262),11928.0,7.448147300580169e-09,Raining,2006-03-22,17:35:00,17.0,2,1,1.0,Raining
35225,49120,49120,2410894,Matched,Intersection,26454.0,GILMAN AVE W AND W EMERSON ST,,,2b,Serious Injury Collision,Cycles,2,0,1,1,1,1,0,2006-10-11T00:00:00.000Z,10/11/2006 4:28:00 PM,At Intersection (intersection related),18,"MOTOR VEHICLE STRUCK PEDALCYCLIST, FRONT END AT ANGLE",,0,Clear or Partly Cloudy,Dry,Dusk,Y,6284003.0,,45.0,Vehicle - Pedalcyclist,0,0,N,POINT (1258113.653029099 242404.7763642818),180.0,0.0,Clear or Partly Cloudy,2006-10-11,16:28:00,16.0,2,1,1.0,Clear or Partly Cloudy
35345,48895,48895,2622378,Matched,Block,,EASTLAKE AVE E BETWEEN HARVARD AVE E AND FUHRMAN AVE E,,,2,Injury Collision,Cycles,2,0,1,1,1,0,0,2006-09-11T00:00:00.000Z,9/11/2006 4:50:00 PM,Driveway Junction,18,"MOTOR VEHICLE STRUCK PEDALCYCLIST, FRONT END AT ANGLE",,0,Clear or Partly Cloudy,Dry,Daylight,Y,6254004.0,,45.0,Vehicle - Pedalcyclist,0,0,N,POINT (1273599.974708959 241029.8313388675),6317.0,1.4142158170737939e-05,Clear or Partly Cloudy,2006-09-11,16:50:00,16.0,0,1,1.0,Clear or Partly Cloudy
35362,49160,49160,2622846,Matched,Block,,1ST AVE BETWEEN MARION ST AND MADISON ST,,,2,Injury Collision,Cycles,2,0,1,1,1,0,0,2006-10-26T00:00:00.000Z,10/26/2006 7:17:00 PM,Mid-Block (not related to intersection),18,"MOTOR VEHICLE STRUCK PEDALCYCLIST, FRONT END AT ANGLE",,0,Clear or Partly Cloudy,Dry,Dark - Street Lights On,,6299004.0,,45.0,Vehicle - Pedalcyclist,0,0,N,POINT (1269761.261105031 224063.0003454983),13282.0,3.7950769999126174e-09,Clear or Partly Cloudy,2006-10-26,19:17:00,19.0,3,1,1.0,Clear or Partly Cloudy
35420,49579,49579,2603682,Matched,Block,,NW MARKET ST BETWEEN 20TH AVE NW AND RUSSELL AVE NW,,,2,Injury Collision,Cycles,2,0,1,1,1,0,0,2006-09-01T00:00:00.000Z,9/1/2006,Mid-Block (not related to intersection),18,"MOTOR VEHICLE STRUCK PEDALCYCLIST, FRONT END AT ANGLE",,0,Clear or Partly Cloudy,Dry,Daylight,,6244004.0,,45.0,Vehicle - Pedalcyclist,0,0,N,POINT (1258713.218469724 247754.8586737514),4400.0,1.6095703002977696e-10,Clear or Partly Cloudy,2006-09-01,00:00:00,,4,1,,Clear or Partly Cloudy
35423,49826,49826,2623501,Matched,Intersection,29877.0,MELROSE AVE AND PIKE ST,,,2,Injury Collision,Cycles,2,0,1,1,1,0,0,2006-11-07T00:00:00.000Z,11/7/2006,At Intersection (intersection related),18,"MOTOR VEHICLE STRUCK PEDALCYCLIST, FRONT END AT ANGLE",,0,Overcast,Wet,Dusk,,6311010.0,,45.0,Vehicle - Pedalcyclist,0,0,N,POINT (1271828.993331149 227522.0719650388),1143.0,0.0,Overcast,2006-11-07,00:00:00,,1,1,,Clear or Partly Cloudy
35476,49460,49460,1783505,Matched,Intersection,31203.0,ALASKAN WAY S AND S MASSACHUSETTS ST,,,2,Injury Collision,Cycles,2,0,1,1,1,0,0,2006-06-28T00:00:00.000Z,6/28/2006 3:17:00 PM,At Intersection (intersection related),18,"MOTOR VEHICLE STRUCK PEDALCYCLIST, FRONT END AT ANGLE",Y,0,Clear or Partly Cloudy,Dry,Daylight,Y,6179004.0,,45.0,Vehicle - Pedalcyclist,0,0,N,POINT (1269023.349552274 218229.7632195204),599.0,0.0,Clear or Partly Cloudy,2006-06-28,15:17:00,15.0,2,1,1.0,Clear or Partly Cloudy
35510,49480,49480,2614229,Matched,Block,,15TH AVE NW BETWEEN NW 65TH ST AND NW 67TH ST,,,2,Injury Collision,Cycles,2,0,1,1,1,0,0,2006-08-25T00:00:00.000Z,8/25/2006 6:19:00 PM,Mid-Block (not related to intersection),18,"MOTOR VEHICLE STRUCK PEDALCYCLIST, FRONT END AT ANGLE",,1,Clear or Partly Cloudy,Dry,Daylight,Y,6237010.0,,45.0,Vehicle - Pedalcyclist,0,0,N,POINT (1260216.284071252 250695.9724687636),84.0,1.7029672792868542e-05,Clear or Partly Cloudy,2006-08-25,18:19:00,18.0,4,1,1.0,Clear or Partly Cloudy
35581,49612,49612,C669072,Matched,Intersection,28767.0,DEXTER AVE N AND MERCER ST,,,2,Injury Collision,Cycles,2,0,1,1,1,0,0,2006-05-26T00:00:00.000Z,5/26/2006 2:35:00 PM,At Intersection (intersection related),18,"MOTOR VEHICLE STRUCK PEDALCYCLIST, FRONT END AT ANGLE",,0,Overcast,Dry,Daylight,,6146044.0,,45.0,Vehicle - Pedalcyclist,0,0,N,POINT (1268318.102319553 231464.9540170729),696.0,0.0,Overcast,2006-05-26,14:35:00,14.0,4,1,0.0,Clear or Partly Cloudy
35748,49786,49786,2614752,Matched,Block,,E BARBARA BAILEY WAY BETWEEN BROADWAY AND NAGLE PL,,,1,Property Damage Only Collision,Cycles,2,0,1,1,0,0,0,2006-06-27T00:00:00.000Z,6/27/2006 8:00:00 AM,Driveway Junction,18,"MOTOR VEHICLE STRUCK PEDALCYCLIST, FRONT END AT ANGLE",,0,Clear or Partly Cloudy,Dry,Daylight,Y,6178001.0,,45.0,Vehicle - Pedalcyclist,0,0,N,POINT (1273673.273397043 229241.9950387925),19973.0,7.450318876689359e-09,Clear or Partly Cloudy,2006-06-27,08:00:00,8.0,1,1,1.0,Clear or Partly Cloudy
35782,49656,49656,C671602,Matched,Block,,15TH AVE NE BETWEEN NE CAMPUS WB PY AND NE 41ST ST,,,1,Property Damage Only Collision,Cycles,2,0,1,1,0,0,0,2006-07-20T00:00:00.000Z,7/20/2006 9:02:00 AM,Mid-Block (not related to intersection),56,PEDALCYCLIST STRUCK MOTOR VEHICLE LEFT SIDE SIDESWIPE,,0,Clear or Partly Cloudy,Dry,Daylight,,6201041.0,,45.0,Vehicle - Pedalcyclist,0,0,N,POINT (1275995.754295424 242977.0527168661),22748.0,7.44541778012676e-09,Clear or Partly Cloudy,2006-07-20,09:02:00,9.0,3,1,1.0,Clear or Partly Cloudy
35930,49954,49954,2622263,Matched,Intersection,30726.0,16TH AVE AND E YESLER WAY,,,2,Injury Collision,Cycles,3,0,1,1,3,0,0,2006-10-03T00:00:00.000Z,10/3/2006,At Intersection (intersection related),18,"MOTOR VEHICLE STRUCK PEDALCYCLIST, FRONT END AT ANGLE",,0,Clear or Partly Cloudy,Dry,Daylight,Y,6276004.0,,45.0,Vehicle - Pedalcyclist,0,0,N,POINT (1275746.921783164 222978.1083123833),3967.0,0.0,Clear or Partly Cloudy,2006-10-03,00:00:00,,1,1,,Clear or Partly Cloudy
35935,49953,49953,2603648,Matched,Intersection,25248.0,6TH AVE NW AND NW 65TH E ST,,,2,Injury Collision,Cycles,3,0,1,1,1,0,0,2006-10-03T00:00:00.000Z,10/3/2006,At Intersection (intersection related),18,"MOTOR VEHICLE STRUCK PEDALCYCLIST, FRONT END AT ANGLE",,0,Raining,Wet,Daylight,Y,6276009.0,,45.0,Vehicle - Pedalcyclist,0,0,N,POINT (1263469.738538593 250328.5823243856),4336.0,0.0,Raining,2006-10-03,00:00:00,,1,1,,Raining
35968,50096,50096,2608933,Matched,Block,,ELLIOTT AVE BETWEEN BROAD ST AND BAY ST,,,1,Property Damage Only Collision,Cycles,3,0,1,1,0,0,0,2006-10-22T00:00:00.000Z,10/22/2006 10:23:00 PM,Mid-Block (but intersection related),11,"MOTOR VEHICLE STRUCK MOTOR VEHICLE, FRONT END AT ANGLE",,0,Clear or Partly Cloudy,Dry,Dark - Street Lights On,,6295012.0,Y,45.0,Vehicle - Pedalcyclist,0,0,N,POINT (1265026.44138819 228563.7778861076),18945.0,8.86487618441095e-06,Clear or Partly Cloudy,2006-10-22,22:23:00,22.0,6,0,0.0,Clear or Partly Cloudy
36013,49979,49979,2072334,Matched,Block,,FAUNTLEROY WAY SW BETWEEN SW BRANDON ST AND SW FINDLAY ST,,,1,Property Damage Only Collision,Cycles,2,0,1,1,0,0,0,2006-03-03T00:00:00.000Z,3/3/2006,Mid-Block (not related to intersection),23,"MOTOR VEHICLE STRUCK PEDALCYCLIST, LEFT SIDE SIDESWIPE",Y,0,Clear or Partly Cloudy,Dry,Daylight,,6062008.0,,45.0,Vehicle - Pedalcyclist,0,0,N,POINT (1258110.372581109 205538.1143105328),17918.0,6.452396471205063e-06,Clear or Partly Cloudy,2006-03-03,00:00:00,,4,1,,Clear or Partly Cloudy
36055,50112,50112,C683103,Matched,Block,,E COLUMBIA ST BETWEEN 25TH AVE AND 26TH AVE,,,2,Injury Collision,Cycles,1,0,1,0,1,0,0,2006-09-18T00:00:00.000Z,9/18/2006 12:15:00 PM,Driveway Junction,69,PEDALCYCLIST OVERTURNED IN ROAD,,0,Clear or Partly Cloudy,Wet,Daylight,,6261055.0,,45.0,Vehicle - Pedalcyclist,0,0,N,POINT (1278772.876986265 225594.4929550588),20630.0,1.610528680400396e-10,Clear or Partly Cloudy,2006-09-18,12:15:00,12.0,0,1,0.0,Clear or Partly Cloudy
36082,50420,50420,C663308,Matched,Block,,S HOLGATE ST BETWEEN 5TH AVE S AND 6TH AVE S,,,1,Property Damage Only Collision,Cycles,2,0,1,1,0,0,0,2006-01-31T00:00:00.000Z,1/31/2006 7:20:00 PM,Mid-Block (not related to intersection),23,"MOTOR VEHICLE STRUCK PEDALCYCLIST, LEFT SIDE SIDESWIPE",,0,Raining,Standing Water,Dark - Street Lights On,,6031044.0,,45.0,Vehicle - Pedalcyclist,0,0,N,POINT (1271890.214387208 217394.8717626631),9989.0,2.8622270106462538e-05,Raining,2006-01-31,19:20:00,19.0,1,1,1.0,Raining
36089,50121,50121,2607302,Matched,Block,,JAMES ST BETWEEN YESLER WAY AND 2ND AVE,,,2,Injury Collision,Cycles,2,0,1,1,1,0,0,2006-08-08T00:00:00.000Z,8/8/2006,Mid-Block (not related to intersection),18,"MOTOR VEHICLE STRUCK PEDALCYCLIST, FRONT END AT ANGLE",,0,Clear or Partly Cloudy,Dry,Daylight,,6220003.0,,45.0,Vehicle - Pedalcyclist,0,0,N,POINT (1270410.557425693 223202.7094646096),19841.0,1.5748339583200395e-05,Clear or Partly Cloudy,2006-08-08,00:00:00,,1,1,,Clear or Partly Cloudy
36196,50282,50282,2614557,Matched,Intersection,26710.0,9TH AVE NW AND NW 45TH ST,,,2,Injury Collision,Cycles,2,0,1,1,1,0,0,2006-10-11T00:00:00.000Z,10/11/2006 9:37:00 AM,At Intersection (intersection related),18,"MOTOR VEHICLE STRUCK PEDALCYCLIST, FRONT END AT ANGLE",,0,Clear or Partly Cloudy,Dry,Daylight,Y,6284007.0,,45.0,Vehicle - Pedalcyclist,0,0,N,POINT (1262110.833705202 245056.5021909922),1566.0,0.0,Clear or Partly Cloudy,2006-10-11,09:37:00,9.0,2,1,1.0,Clear or Partly Cloudy
36238,49903,49903,1198639,Matched,Block,,E HOWE ST BETWEEN 22ND AVE E AND E BLAINE ST,,,2b,Serious Injury Collision,Cycles,2,0,1,1,1,1,0,2006-01-05T00:00:00.000Z,1/5/2006,Driveway Junction,18,"MOTOR VEHICLE STRUCK PEDALCYCLIST, FRONT END AT ANGLE",,0,Raining,Dry,Dark - Street Lights On,Y,6005045.0,,45.0,Vehicle - Pedalcyclist,0,0,N,POINT (1278002.269241467 235946.2263416648),17047.0,1.118062801453928e-06,Raining,2006-01-05,00:00:00,,3,1,,Raining
36241,50042,50042,2404788,Matched,Intersection,33137.0,STANLEY AVE S AND S ALBRO PL,,,2,Injury Collision,Cycles,3,0,1,1,1,0,0,2006-11-01T00:00:00.000Z,11/1/2006,At Intersection (intersection related),18,"MOTOR VEHICLE STRUCK PEDALCYCLIST, FRONT END AT ANGLE",,0,Clear or Partly Cloudy,Dry,Dark - Street Lights On,,6305004.0,,45.0,Vehicle - Pedalcyclist,0,0,N,POINT (1274537.699381918 203048.0751399696),963.0,0.0,Clear or Partly Cloudy,2006-11-01,00:00:00,,2,1,,Clear or Partly Cloudy
36269,49907,49907,2829402,Matched,Block,,UNIVERSITY WAY NE BETWEEN NE 45TH ST AND NE 47TH ST,,,2b,Serious Injury Collision,Cycles,2,1,1,0,1,1,0,2006-02-10T00:00:00.000Z,2/10/2006 11:30:00 AM,Mid-Block (not related to intersection),64,PEDALCYCLIST STRUCK PEDESTRIAN,,0,Unknown,Unknown,Daylight,Y,6041055.0,,45.0,Vehicle - Pedalcyclist,0,0,N,POINT (1275789.728567213 245048.8713429868),13344.0,7.227023133070065e-09,,2006-02-10,11:30:00,11.0,4,1,0.0,
36275,49906,49906,2070601,Matched,Block,,16TH AVE E BETWEEN E DENNY WAY AND E JOHN ST,,,2,Injury Collision,Cycles,2,0,1,1,1,0,0,2006-02-11T00:00:00.000Z,2/11/2006 4:53:00 PM,Mid-Block (not related to intersection),56,PEDALCYCLIST STRUCK MOTOR VEHICLE LEFT SIDE SIDESWIPE,Y,0,Clear or Partly Cloudy,Dry,Daylight,,6042010.0,,45.0,Vehicle - Pedalcyclist,0,0,N,POINT (1275905.566327319 229327.7327028811),14127.0,3.217132167493894e-05,Clear or Partly Cloudy,2006-02-11,16:53:00,16.0,5,0,1.0,Clear or Partly Cloudy
36276,50162,50162,2625702,Matched,Block,,16TH AVE SW BETWEEN SW TRENTON ST AND SW HENDERSON ST,,,2,Injury Collision,Cycles,2,0,1,1,1,0,0,2006-10-26T00:00:00.000Z,10/26/2006 4:46:00 PM,Mid-Block (not related to intersection),51,PEDALCYCLIST STRUCK MOTOR VEHICLE FRONT END AT ANGLE,,0,Clear or Partly Cloudy,Dry,Daylight,,6299003.0,,45.0,Vehicle - Pedalcyclist,0,0,N,POINT (1264449.310123593 194779.700859502),17665.0,2.070242069132624e-10,Clear or Partly Cloudy,2006-10-26,16:46:00,16.0,3,1,1.0,Clear or Partly Cloudy
36377,49938,49938,2608351,Matched,Block,,5TH AVE BETWEEN TERRACE ST AND JEFFERSON ST,,,2,Injury Collision,Cycles,2,0,1,1,1,0,0,2006-07-24T00:00:00.000Z,7/24/2006 7:45:00 AM,Mid-Block (but intersection related),54,PEDALCYCLIST STRUCK MOTOR VEHICLE REAR END,Y,0,Clear or Partly Cloudy,Dry,Daylight,,6205035.0,,45.0,Vehicle - Pedalcyclist,0,0,N,POINT (1271649.403250962 223401.8941048235),14707.0,1.171279658233514e-05,Clear or Partly Cloudy,2006-07-24,07:45:00,7.0,0,1,1.0,Clear or Partly Cloudy
36420,50481,50481,2614951,Matched,Block,,LAKESIDE AVE BETWEEN E YESLER WAY AND LAKE WASHINGTON BLVD,,,2,Injury Collision,Cycles,2,0,1,1,1,0,0,2006-07-05T00:00:00.000Z,7/5/2006,Driveway Junction,18,"MOTOR VEHICLE STRUCK PEDALCYCLIST, FRONT END AT ANGLE",,0,Overcast,Dry,Daylight,Y,6186001.0,,45.0,Vehicle - Pedalcyclist,0,0,N,POINT (1282309.775549889 223090.135640502),13761.0,1.6349382295988096e-06,Overcast,2006-07-05,00:00:00,,2,1,,Clear or Partly Cloudy
36439,50866,50866,2025299,Matched,Intersection,24276.0,AURORA AVE N AND GREEN LAKE DR N,,,2,Injury Collision,Cycles,2,0,1,1,1,0,0,2006-05-18T00:00:00.000Z,5/18/2006 7:41:00 PM,At Intersection (intersection related),51,PEDALCYCLIST STRUCK MOTOR VEHICLE FRONT END AT ANGLE,,0,Clear or Partly Cloudy,Dry,Daylight,,6138041.0,,45.0,Vehicle - Pedalcyclist,0,0,N,POINT (1268246.782511488 255021.2704571933),7112.0,0.0,Clear or Partly Cloudy,2006-05-18,19:41:00,19.0,3,1,1.0,Clear or Partly Cloudy
36500,50872,50872,2608038,Matched,Block,,BALLARD AVE NW BETWEEN 22ND AVE NW AND NW MARKET ST,,,2,Injury Collision,Cycles,2,0,1,1,1,0,0,2006-07-20T00:00:00.000Z,7/20/2006 5:20:00 PM,Mid-Block (not related to intersection),18,"MOTOR VEHICLE STRUCK PEDALCYCLIST, FRONT END AT ANGLE",,0,Clear or Partly Cloudy,Dry,Daylight,Y,6201001.0,,45.0,Vehicle - Pedalcyclist,0,0,N,POINT (1257980.356452972 247574.2637935728),23024.0,8.146367729517067e-06,Clear or Partly Cloudy,2006-07-20,17:20:00,17.0,3,1,1.0,Clear or Partly Cloudy
36539,50638,50638,2400701,Matched,Intersection,27039.0,FREMONT AVE N AND N 34TH ST,,,2,Injury Collision,Cycles,2,0,1,1,1,0,0,2006-05-12T00:00:00.000Z,5/12/2006 7:28:00 PM,At Intersection (intersection related),18,"MOTOR VEHICLE STRUCK PEDALCYCLIST, FRONT END AT ANGLE",,0,Clear or Partly Cloudy,Dry,Daylight,,6132003.0,,45.0,Vehicle - Pedalcyclist,0,0,N,POINT (1266674.116909876 240632.7658664584),1223.0,0.0,Clear or Partly Cloudy,2006-05-12,19:28:00,19.0,4,1,1.0,Clear or Partly Cloudy
36621,50532,50532,C663848,Matched,Block,,W ROY ST BETWEEN 4TH AVE W AND 5TH AVE W,,,1,Property Damage Only Collision,Cycles,2,0,1,1,0,0,0,2006-01-31T00:00:00.000Z,1/31/2006 2:15:00 PM,Driveway Junction,51,PEDALCYCLIST STRUCK MOTOR VEHICLE FRONT END AT ANGLE,,0,Overcast,Dry,Daylight,,6031047.0,,45.0,Vehicle - Pedalcyclist,0,0,N,POINT (1263340.77981846 232039.9181136638),9491.0,2.3407798713315062e-05,Overcast,2006-01-31,14:15:00,14.0,1,1,0.0,Clear or Partly Cloudy