OBJECTID,INCKEY,COLDETKEY,REPORTNO,STATUS,ADDRTYPE,INTKEY,LOCATION,EXCEPTRSNC,EXCEPTRSND,SEVERITYCO,SEVERITYDE,COLLISIONT,PERSONCOUN,PEDCOUNT,PEDCYLCOUN,VEHCOUNT,INJURIES,SERIOUSINJ,FATALITIES,INCDATE,INCDTTM,JUNCTIONTY,SDOT_COLCO,SDOT_COLDE,INATTENTIO,UNDERINFL,WEATHER,ROADCOND,LIGHTCOND,PEDROWNOTG,SDOTCOLNUM,SPEEDING,ST_COLCODE,ST_COLDESC,SEGLANEKEY,CROSSWALKK,HITPARKEDC,geometry,near_str_index,min_length,weather_group,date,time,hour,dayofweek,weekday,rushhour,weather_group2
36627,50783,50783,2058339,Matched,Intersection,24573.0,LATONA AVE NE AND EAST GREEN LAKE DR N,,,2,Injury Collision,Cycles,2,0,1,1,1,0,0,2006-03-27T00:00:00.000Z,3/27/2006 5:44:00 PM,At Intersection (intersection related),51,PEDALCYCLIST STRUCK MOTOR VEHICLE FRONT END AT ANGLE,,0,Clear or Partly Cloudy,Dry,Daylight,Y,6086005.0,,45.0,Vehicle - Pedalcyclist,0,0,N,POINT (1272386.552627727 252220.6916383356),17956.0,0.0,Clear or Partly Cloudy,2006-03-27,17:44:00,17.0,0,1,1.0,Clear or Partly Cloudy
36636,50901,50901,2608026,Matched,Block,,PIKE ST BETWEEN 4TH AVE AND 5TH AVE,,,2,Injury Collision,Cycles,2,0,1,1,1,0,0,2006-07-13T00:00:00.000Z,7/13/2006 8:39:00 AM,Mid-Block (not related to intersection),18,"MOTOR VEHICLE STRUCK PEDALCYCLIST, FRONT END AT ANGLE",,0,Overcast,Dry,Daylight,Y,6194004.0,,45.0,Vehicle - Pedalcyclist,0,0,N,POINT (1269751.415857017 226291.3588757813),6586.0,1.0206129802946694e-08,Overcast,2006-07-13,08:39:00,8.0,3,1,1.0,Clear or Partly Cloudy
36667,50540,50540,C678779,Matched,Intersection,26451.0,23RD AVE W AND W EMERSON PL,,,2,Injury Collision,Cycles,2,0,1,1,1,0,0,2006-12-07T00:00:00.000Z,12/7/2006,At Intersection (intersection related),18,"MOTOR VEHICLE STRUCK PEDALCYCLIST, FRONT END AT ANGLE",,0,Overcast,Dry,Dusk,,6341030.0,,45.0,Vehicle - Pedalcyclist,0,0,N,POINT (1257908.925220892 243195.8222530931),2098.0,0.0,Overcast,2006-12-07,00:00:00,,3,1,,Clear or Partly Cloudy
36685,50674,50674,2625011,Matched,Block,,COLLEGE WAY N BETWEEN N 100TH ST AND MERIDIAN AVE N,,,1,Property Damage Only Collision,Cycles,2,0,1,1,0,0,0,2006-08-14T00:00:00.000Z,8/14/2006 10:41:00 AM,Mid-Block (not related to intersection),18,"MOTOR VEHICLE STRUCK PEDALCYCLIST, FRONT END AT ANGLE",,0,Clear or Partly Cloudy,Dry,Daylight,Y,6226010.0,,45.0,Vehicle - Pedalcyclist,0,0,N,POINT (1270800.86014609 259793.9951340854),6248.0,3.4302094845237625e-05,Clear or Partly Cloudy,2006-08-14,10:41:00,10.0,0,1,0.0,Clear or Partly Cloudy
36723,50685,50685,2188431,Matched,Block,,15TH AVE NW BETWEEN NW 60TH ST AND NW 61ST ST,,,2,Injury Collision,Cycles,2,0,1,1,1,0,0,2006-02-27T00:00:00.000Z,2/27/2006 4:25:00 PM,Driveway Junction,51,PEDALCYCLIST STRUCK MOTOR VEHICLE FRONT END AT ANGLE,,0,Overcast,Dry,Daylight,,6058008.0,Y,45.0,Vehicle - Pedalcyclist,0,0,N,POINT (1260321.80714336 249199.3833472282),20822.0,1.5001750880817459e-10,Overcast,2006-02-27,16:25:00,16.0,0,1,1.0,Clear or Partly Cloudy
36727,50925,50925,2604030,Matched,Intersection,27070.0,7TH AVE NE AND NE 45TH ST,,,2,Injury Collision,Cycles,2,0,1,1,1,0,0,2006-07-10T00:00:00.000Z,7/10/2006 11:08:00 AM,At Intersection (intersection related),18,"MOTOR VEHICLE STRUCK PEDALCYCLIST, FRONT END AT ANGLE",,0,Overcast,Dry,Daylight,,6191023.0,,45.0,Vehicle - Pedalcyclist,0,0,N,POINT (1273908.208693281 244770.8171986938),556.0,0.0,Overcast,2006-07-10,11:08:00,11.0,0,1,0.0,Clear or Partly Cloudy
36739,50921,50921,2619327,Matched,Intersection,32070.0,DELRIDGE WAY SW AND SW OREGON ST,,,2,Injury Collision,Cycles,2,0,1,1,1,0,0,2006-10-11T00:00:00.000Z,10/11/2006 11:00:00 PM,At Intersection (intersection related),18,"MOTOR VEHICLE STRUCK PEDALCYCLIST, FRONT END AT ANGLE",,0,Clear or Partly Cloudy,Snow/Slush,Dark - Street Lights On,Y,6284036.0,,45.0,Vehicle - Pedalcyclist,0,0,N,POINT (1262690.592809796 209082.8811621517),2032.0,0.0,Clear or Partly Cloudy,2006-10-11,23:00:00,23.0,2,1,0.0,Clear or Partly Cloudy
36794,50583,50583,2108687,Matched,Intersection,29702.0,2ND AVE AND BELL ST,,,2,Injury Collision,Cycles,2,0,1,1,1,0,0,2006-01-23T00:00:00.000Z,1/23/2006 12:47:00 AM,At Intersection (intersection related),51,PEDALCYCLIST STRUCK MOTOR VEHICLE FRONT END AT ANGLE,,0,Clear or Partly Cloudy,Dry,Dark - Street Lights On,,6023007.0,,45.0,Vehicle - Pedalcyclist,0,0,N,POINT (1267428.198190644 227648.0385571718),6173.0,0.0,Clear or Partly Cloudy,2006-01-23,00:47:00,,0,1,,Clear or Partly Cloudy
36869,50455,50455,2187704,Matched,Block,,5TH AVE BETWEEN TERRACE ST AND JEFFERSON ST,,,2,Injury Collision,Cycles,2,0,1,1,1,0,0,2006-02-18T00:00:00.000Z,2/18/2006 3:01:00 PM,Mid-Block (not related to intersection),18,"MOTOR VEHICLE STRUCK PEDALCYCLIST, FRONT END AT ANGLE",,0,Clear or Partly Cloudy,Dry,Daylight,,6049010.0,,45.0,Vehicle - Pedalcyclist,0,0,N,POINT (1271649.403250962 223401.8941048235),14707.0,1.171279658233514e-05,Clear or Partly Cloudy,2006-02-18,15:01:00,15.0,5,0,1.0,Clear or Partly Cloudy
36896,51256,51256,2610657,Matched,Block,,LAKE WASHINGTON BLVD S BETWEEN LAKE PARK DR S AND S HORTON NR ST,,,2,Injury Collision,Cycles,2,0,1,1,1,0,0,2006-09-30T00:00:00.000Z,9/30/2006 12:04:00 PM,Mid-Block (not related to intersection),21,"MOTOR VEHICLE STRUCK PEDALCYCLIST, REAR END",,0,Clear or Partly Cloudy,Dry,Daylight,Y,6273008.0,,45.0,Vehicle - Pedalcyclist,0,0,N,POINT (1282466.716670036 214528.5998877287),16656.0,1.729022140382883e-05,Clear or Partly Cloudy,2006-09-30,12:04:00,12.0,5,0,0.0,Clear or Partly Cloudy
36922,51257,51257,2024220,Matched,Intersection,29895.0,7TH AVE AND PIKE ST,,,2b,Serious Injury Collision,Cycles,2,0,1,1,1,1,0,2006-03-14T00:00:00.000Z,3/14/2006 7:26:00 AM,At Intersection (intersection related),18,"MOTOR VEHICLE STRUCK PEDALCYCLIST, FRONT END AT ANGLE",,0,Clear or Partly Cloudy,Dry,Daylight,Y,6073005.0,,45.0,Vehicle - Pedalcyclist,0,0,N,POINT (1270444.014641732 226701.1900441945),6587.0,0.0,Clear or Partly Cloudy,2006-03-14,07:26:00,7.0,1,1,1.0,Clear or Partly Cloudy
36985,51410,51410,2622931,Matched,Intersection,28605.0,ALOHA ST AND QUEEN ANNE AVE N,,,2,Injury Collision,Cycles,2,0,1,1,2,0,0,2006-07-13T00:00:00.000Z,7/13/2006 8:38:00 AM,At Intersection (intersection related),18,"MOTOR VEHICLE STRUCK PEDALCYCLIST, FRONT END AT ANGLE",Y,0,Clear or Partly Cloudy,Dry,Daylight,,6194047.0,,45.0,Vehicle - Pedalcyclist,0,0,N,POINT (1264801.645611957 232498.3812181354),6603.0,0.0,Clear or Partly Cloudy,2006-07-13,08:38:00,8.0,3,1,1.0,Clear or Partly Cloudy
37033,51287,51287,2058482,Matched,Intersection,24697.0,27TH AVE NE AND NE 65TH ST,,,2,Injury Collision,Cycles,2,0,1,1,1,0,0,2006-12-22T00:00:00.000Z,12/22/2006 5:06:00 PM,At Intersection (intersection related),51,PEDALCYCLIST STRUCK MOTOR VEHICLE FRONT END AT ANGLE,,0,Clear or Partly Cloudy,Dry,Dark - Street Lights On,,6356009.0,,45.0,Vehicle - Pedalcyclist,0,0,N,POINT (1279509.896763012 249937.8710279912),233.0,0.0,Clear or Partly Cloudy,2006-12-22,17:06:00,17.0,4,1,1.0,Clear or Partly Cloudy
37091,51158,51158,2071138,Matched,Intersection,29756.0,HARVARD AVE AND SENECA ST,,,2b,Serious Injury Collision,Cycles,2,0,1,1,1,1,0,2006-05-22T00:00:00.000Z,5/22/2006 9:42:00 AM,At Intersection (intersection related),18,"MOTOR VEHICLE STRUCK PEDALCYCLIST, FRONT END AT ANGLE",,0,Raining,Wet,Daylight,Y,6142011.0,,45.0,Vehicle - Pedalcyclist,0,0,N,POINT (1273230.808628589 227059.1108125597),953.0,0.0,Raining,2006-05-22,09:42:00,9.0,0,1,1.0,Raining
37172,51463,51463,C674221,Matched,Block,,SW ALASKA ST BETWEEN DELRIDGE WAY SW AND 25TH AVE SW,,,1,Property Damage Only Collision,Cycles,2,0,1,1,0,0,0,2006-09-11T00:00:00.000Z,9/11/2006 6:30:00 PM,Driveway Junction,51,PEDALCYCLIST STRUCK MOTOR VEHICLE FRONT END AT ANGLE,,0,Clear or Partly Cloudy,Dry,Daylight,,6254035.0,,45.0,Vehicle - Pedalcyclist,0,0,N,POINT (1262633.535081729 208424.4391774833),15639.0,1.8159919188291641e-06,Clear or Partly Cloudy,2006-09-11,18:30:00,18.0,0,1,1.0,Clear or Partly Cloudy
37224,51071,51071,2606902,Matched,Intersection,25929.0,30TH AVE NE AND NE 55TH E ST,,,2,Injury Collision,Cycles,2,0,1,1,1,0,0,2006-10-26T00:00:00.000Z,10/26/2006 6:26:00 PM,At Intersection (intersection related),18,"MOTOR VEHICLE STRUCK PEDALCYCLIST, FRONT END AT ANGLE",,0,Clear or Partly Cloudy,Dry,Dark - Street Lights On,Y,6299002.0,,45.0,Vehicle - Pedalcyclist,0,0,N,POINT (1280281.238587812 247275.2457452714),7270.0,0.0,Clear or Partly Cloudy,2006-10-26,18:26:00,18.0,3,1,1.0,Clear or Partly Cloudy
37234,51456,51456,2405182,Matched,Block,,5TH AVE NE BETWEEN NE 94TH ST AND NE 95TH ST,,,2,Injury Collision,Cycles,2,0,1,1,1,0,0,2006-06-30T00:00:00.000Z,6/30/2006 2:45:00 PM,Mid-Block (not related to intersection),53,PEDALCYCLIST STRUCK MOTOR VEHICLE LEFT SIDE AT ANGLE,Y,0,Clear or Partly Cloudy,Dry,Daylight,,6181001.0,,45.0,Vehicle - Pedalcyclist,0,0,N,POINT (1273582.385588944 257880.1066841185),489.0,2.485865333075661e-05,Clear or Partly Cloudy,2006-06-30,14:45:00,14.0,4,1,0.0,Clear or Partly Cloudy
37238,51078,51078,2617341,Matched,Intersection,28242.0,10TH AVE E AND E BOSTON ST,,,1,Property Damage Only Collision,Cycles,3,0,1,1,0,0,0,2006-10-08T00:00:00.000Z,10/8/2006,At Intersection (intersection related),18,"MOTOR VEHICLE STRUCK PEDALCYCLIST, FRONT END AT ANGLE",,0,Clear or Partly Cloudy,Dry,Dark - Street Lights On,Y,6281009.0,,45.0,Vehicle - Pedalcyclist,0,0,N,POINT (1273908.496181279 236410.3633021414),22.0,0.0,Clear or Partly Cloudy,2006-10-08,00:00:00,,6,0,,Clear or Partly Cloudy
37261,51335,51335,2623711,Matched,Intersection,28993.0,BROADWAY E AND E ROY E ST,,,2,Injury Collision,Cycles,2,0,1,1,1,0,0,2006-12-04T00:00:00.000Z,12/4/2006,At Intersection (intersection related),11,"MOTOR VEHICLE STRUCK MOTOR VEHICLE, FRONT END AT ANGLE",,0,Overcast,Dry,Dawn,Y,6338001.0,,45.0,Vehicle - Pedalcyclist,0,0,N,POINT (1273611.807540983 231544.1028171629),6211.0,0.0,Overcast,2006-12-04,00:00:00,,0,1,,Clear or Partly Cloudy
37300,50952,50952,2607510,Matched,Intersection,27940.0,15TH AVE W AND W ARMORY WAY,,,2,Injury Collision,Cycles,2,0,1,1,1,0,0,2006-08-07T00:00:00.000Z,8/7/2006,At Intersection (intersection related),18,"MOTOR VEHICLE STRUCK PEDALCYCLIST, FRONT END AT ANGLE",,1,Clear or Partly Cloudy,Dry,Daylight,,6219003.0,,45.0,Vehicle - Pedalcyclist,0,0,N,POINT (1260082.242087126 236411.7070461363),90.0,0.0,Clear or Partly Cloudy,2006-08-07,00:00:00,,0,1,,Clear or Partly Cloudy
37351,51099,51099,2608193,Matched,Block,,PINE ST BETWEEN 8TH AVE AND 9TH AVE,,,2,Injury Collision,Cycles,2,0,1,1,1,0,0,2006-08-07T00:00:00.000Z,8/7/2006,Driveway Junction,18,"MOTOR VEHICLE STRUCK PEDALCYCLIST, FRONT END AT ANGLE",,0,Clear or Partly Cloudy,Dry,Daylight,,6219004.0,,45.0,Vehicle - Pedalcyclist,0,0,N,POINT (1270642.167409942 227313.4848288298),15448.0,1.7049027689493624e-05,Clear or Partly Cloudy,2006-08-07,00:00:00,,0,1,,Clear or Partly Cloudy
37364,50975,50975,2400648,Matched,Block,,NE 45TH ST BETWEEN 15TH AVE NE AND 16TH AVE NE,,,2,Injury Collision,Cycles,2,0,1,1,1,0,0,2006-06-27T00:00:00.000Z,6/27/2006 3:17:00 PM,Mid-Block (not related to intersection),21,"MOTOR VEHICLE STRUCK PEDALCYCLIST, REAR END",,0,Clear or Partly Cloudy,Dry,Daylight,,6178004.0,,45.0,Vehicle - Pedalcyclist,0,0,N,POINT (1276199.294199631 244705.6790866405),16347.0,2.2451780535474273e-05,Clear or Partly Cloudy,2006-06-27,15:17:00,15.0,1,1,1.0,Clear or Partly Cloudy
37387,51241,51241,2404506,Matched,Block,,S HENDERSON ST BETWEEN 10TH AVE S AND 12TH AVE S,,,2,Injury Collision,Cycles,2,0,1,1,1,0,0,2006-06-11T00:00:00.000Z,6/11/2006 1:06:00 PM,Mid-Block (not related to intersection),18,"MOTOR VEHICLE STRUCK PEDALCYCLIST, FRONT END AT ANGLE",,0,Clear or Partly Cloudy,Dry,Daylight,,6162005.0,,45.0,Vehicle - Pedalcyclist,0,0,N,POINT (1273362.290740713 194337.8218830526),13988.0,5.509966857329332e-06,Clear or Partly Cloudy,2006-06-11,13:06:00,13.0,6,0,0.0,Clear or Partly Cloudy
37395,50976,50976,2070835,Matched,Block,,24TH AVE E BETWEEN E GALER ST AND INTERLAKEN PL E,,,2,Injury Collision,Cycles,2,0,1,1,1,0,0,2006-06-23T00:00:00.000Z,6/23/2006 4:30:00 AM,Mid-Block (not related to intersection),18,"MOTOR VEHICLE STRUCK PEDALCYCLIST, FRONT END AT ANGLE",,0,Clear or Partly Cloudy,Dry,Daylight,,6174006.0,,45.0,Vehicle - Pedalcyclist,0,0,N,POINT (1278422.812857896 234329.2156520039),16606.0,7.224394718053016e-09,Clear or Partly Cloudy,2006-06-23,04:30:00,4.0,4,1,0.0,Clear or Partly Cloudy
37419,51379,51379,2611559,Matched,Intersection,36637.0,25TH AVE NE AND NE 117TH ST,,,2b,Serious Injury Collision,Cycles,2,0,1,1,1,1,0,2006-07-21T00:00:00.000Z,7/21/2006 2:06:00 PM,At Intersection (intersection related),18,"MOTOR VEHICLE STRUCK PEDALCYCLIST, FRONT END AT ANGLE",,0,Clear or Partly Cloudy,Dry,Daylight,Y,6202004.0,,45.0,Vehicle - Pedalcyclist,0,0,N,POINT (1278944.241978437 263849.4043542296),4114.0,0.0,Clear or Partly Cloudy,2006-07-21,14:06:00,14.0,4,1,0.0,Clear or Partly Cloudy
37521,51801,51801,2615152,Matched,Intersection,30146.0,20TH AVE AND E UNION ST,,,2b,Serious Injury Collision,Cycles,2,0,1,1,1,1,0,2006-07-24T00:00:00.000Z,7/24/2006 3:38:00 PM,At Intersection (intersection related),18,"MOTOR VEHICLE STRUCK PEDALCYCLIST, FRONT END AT ANGLE",,0,Clear or Partly Cloudy,Dry,Daylight,Y,6205001.0,,45.0,Vehicle - Pedalcyclist,0,0,N,POINT (1277138.407224581 227047.3442845494),12713.0,0.0,Clear or Partly Cloudy,2006-07-24,15:38:00,15.0,0,1,1.0,Clear or Partly Cloudy
37524,51925,51925,2611907,Matched,Intersection,37394.0,DAYTON AVE N AND N 102ND ST,,,2,Injury Collision,Cycles,2,0,1,1,1,0,0,2006-10-06T00:00:00.000Z,10/6/2006,At Intersection (intersection related),18,"MOTOR VEHICLE STRUCK PEDALCYCLIST, FRONT END AT ANGLE",,0,Raining,Wet,Daylight,Y,6279006.0,,45.0,Vehicle - Pedalcyclist,0,0,N,POINT (1266320.68126151 260090.1201263815),3467.0,0.0,Raining,2006-10-06,00:00:00,,4,1,,Raining
37528,51923,51923,2614306,Matched,Intersection,24584.0,WOODLAWN AVE NE AND NE RAVENNA EB BV,,,2,Injury Collision,Cycles,2,0,1,1,1,0,0,2006-08-06T00:00:00.000Z,8/6/2006,At Intersection (intersection related),18,"MOTOR VEHICLE STRUCK PEDALCYCLIST, FRONT END AT ANGLE",,0,Clear or Partly Cloudy,Dry,Daylight,Y,6218003.0,,45.0,Vehicle - Pedalcyclist,0,0,N,POINT (1272981.585204333 251150.9403412342),4285.0,0.0,Clear or Partly Cloudy,2006-08-06,00:00:00,,6,0,,Clear or Partly Cloudy
37561,51932,51932,2070751,Matched,Block,,12TH AVE BETWEEN E JEFFERSON ST AND E BARCLAY CT,,,2,Injury Collision,Cycles,2,0,1,1,1,0,0,2006-03-10T00:00:00.000Z,3/10/2006 5:55:00 PM,Mid-Block (not related to intersection),51,PEDALCYCLIST STRUCK MOTOR VEHICLE FRONT END AT ANGLE,,0,Clear or Partly Cloudy,Dry,Dusk,,6069004.0,,45.0,Vehicle - Pedalcyclist,0,0,N,POINT (1274495.500981882 224767.1120902151),16199.0,0.0,Clear or Partly Cloudy,2006-03-10,17:55:00,17.0,4,1,1.0,Clear or Partly Cloudy
37660,51831,51831,2624412,Matched,Intersection,25365.0,6TH AVE NW AND NW 47TH ST,,,2,Injury Collision,Cycles,3,0,1,1,1,0,0,2006-11-05T00:00:00.000Z,11/5/2006,At Intersection (intersection related),18,"MOTOR VEHICLE STRUCK PEDALCYCLIST, FRONT END AT ANGLE",,0,Raining,Wet,Daylight,Y,6309001.0,,45.0,Vehicle - Pedalcyclist,0,0,N,POINT (1263258.354218379 245564.0477915108),1568.0,0.0,Raining,2006-11-05,00:00:00,,6,0,,Raining
37729,51972,51972,2072321,Matched,Intersection,32204.0,11TH CR AVE SW AND SW SPOKANE ST,,,1,Property Damage Only Collision,Cycles,2,0,1,1,0,0,0,2006-05-15T00:00:00.000Z,5/15/2006 7:37:00 AM,At Intersection (intersection related),51,PEDALCYCLIST STRUCK MOTOR VEHICLE FRONT END AT ANGLE,,0,Clear or Partly Cloudy,Dry,Daylight,,6135002.0,,45.0,Vehicle - Pedalcyclist,0,0,N,POINT (1266345.98660554 212117.5517572612),2049.0,0.0,Clear or Partly Cloudy,2006-05-15,07:37:00,7.0,0,1,1.0,Clear or Partly Cloudy
37761,51742,51742,2611429,Matched,Intersection,27181.0,THACKERAY PL NE AND NE 45TH ST,,,2,Injury Collision,Cycles,2,0,1,1,1,0,0,2006-07-15T00:00:00.000Z,7/15/2006 5:21:00 PM,At Intersection (intersection related),18,"MOTOR VEHICLE STRUCK PEDALCYCLIST, FRONT END AT ANGLE",,0,Clear or Partly Cloudy,Dry,Daylight,,6196033.0,,45.0,Vehicle - Pedalcyclist,0,0,N,POINT (1272565.388851911 244807.9126227349),6711.0,0.0,Clear or Partly Cloudy,2006-07-15,17:21:00,17.0,5,0,1.0,Clear or Partly Cloudy
37791,51874,51874,2060825,Matched,Intersection,25602.0,PHINNEY AVE N AND N 62ND ST,,,2,Injury Collision,Cycles,2,0,1,1,1,0,0,2006-01-10T00:00:00.000Z,1/10/2006 6:45:00 PM,At Intersection (intersection related),18,"MOTOR VEHICLE STRUCK PEDALCYCLIST, FRONT END AT ANGLE",,0,Raining,Wet,Dark - Street Lights On,,6010008.0,,45.0,Vehicle - Pedalcyclist,0,0,N,POINT (1265710.049068883 249508.4036355466),888.0,0.0,Raining,2006-01-10,18:45:00,18.0,1,1,1.0,Raining
37826,51621,51621,2191744,Matched,Intersection,28760.0,FAIRVIEW AVE N AND MERCER ST,,,2,Injury Collision,Cycles,2,0,1,1,1,0,0,2006-05-26T00:00:00.000Z,5/26/2006 9:35:00 AM,At Intersection (intersection related),18,"MOTOR VEHICLE STRUCK PEDALCYCLIST, FRONT END AT ANGLE",Y,0,Overcast,Dry,Daylight,Y,6146006.0,,45.0,Vehicle - Pedalcyclist,0,0,N,POINT (1270306.740145594 231478.6133450866),11084.0,0.0,Overcast,2006-05-26,09:35:00,9.0,4,1,1.0,Clear or Partly Cloudy
37881,51642,51642,2615403,Matched,Intersection,28242.0,10TH AVE E AND E BOSTON ST,,,2,Injury Collision,Cycles,2,0,1,1,1,0,0,2006-08-03T00:00:00.000Z,8/3/2006,At Intersection (intersection related),18,"MOTOR VEHICLE STRUCK PEDALCYCLIST, FRONT END AT ANGLE",,0,Clear or Partly Cloudy,Dry,Daylight,Y,6215001.0,,45.0,Vehicle - Pedalcyclist,0,0,N,POINT (1273908.496181279 236410.3633021414),22.0,0.0,Clear or Partly Cloudy,2006-08-03,00:00:00,,3,1,,Clear or Partly Cloudy
37892,51514,51514,2625114,Matched,Intersection,24449.0,12TH AVE NE AND NE 73RD ST,,,1,Property Damage Only Collision,Cycles,2,0,1,1,0,0,0,2006-08-22T00:00:00.000Z,8/22/2006 3:47:00 PM,At Intersection (intersection related),18,"MOTOR VEHICLE STRUCK PEDALCYCLIST, FRONT END AT ANGLE",,0,Clear or Partly Cloudy,Dry,Daylight,Y,6234003.0,,45.0,Vehicle - Pedalcyclist,0,0,N,POINT (1275376.182582781 252117.0303262174),1469.0,0.0,Clear or Partly Cloudy,2006-08-22,15:47:00,15.0,1,1,1.0,Clear or Partly Cloudy
37951,52447,52447,2280198,Matched,Intersection,30886.0,36TH AVE S AND S HANFORD ST,,,2,Injury Collision,Cycles,2,0,1,1,1,0,0,2006-02-18T00:00:00.000Z,2/18/2006 5:12:00 PM,At Intersection (intersection related),51,PEDALCYCLIST STRUCK MOTOR VEHICLE FRONT END AT ANGLE,,0,Clear or Partly Cloudy,Dry,Daylight,,6049008.0,,45.0,Vehicle - Pedalcyclist,0,0,N,POINT (1281450.507325009 213218.4894863963),9308.0,0.0,Clear or Partly Cloudy,2006-02-18,17:12:00,17.0,5,0,1.0,Clear or Partly Cloudy
38008,52178,52178,2608336,Matched,Block,,UNIVERSITY BR BETWEEN FUHRMAN AVE E AND POINT A,,,2,Injury Collision,Cycles,2,0,1,1,1,0,0,2006-10-20T00:00:00.000Z,10/20/2006 4:20:00 PM,Mid-Block (not related to intersection),18,"MOTOR VEHICLE STRUCK PEDALCYCLIST, FRONT END AT ANGLE",,0,Clear or Partly Cloudy,Dry,Daylight,,6293010.0,,45.0,Vehicle - Pedalcyclist,0,0,N,POINT (1273794.575541168 241382.5926832259),995.0,2.2986366870931932e-05,Clear or Partly Cloudy,2006-10-20,16:20:00,16.0,4,1,1.0,Clear or Partly Cloudy
38094,52328,52328,2608616,Matched,Intersection,29703.0,1ST AVE AND BLANCHARD ST,,,2,Injury Collision,Cycles,2,0,1,1,1,0,0,2006-11-08T00:00:00.000Z,11/8/2006,At Intersection (intersection related),18,"MOTOR VEHICLE STRUCK PEDALCYCLIST, FRONT END AT ANGLE",,0,Clear or Partly Cloudy,Dry,Daylight,Y,6312002.0,,45.0,Vehicle - Pedalcyclist,0,0,N,POINT (1267526.477614745 227123.1643166244),2269.0,0.0,Clear or Partly Cloudy,2006-11-08,00:00:00,,2,1,,Clear or Partly Cloudy
38122,52340,52340,2059129,Matched,Block,,25TH AVE NE BETWEEN NE 60TH ST AND NE 65TH ST,,,2,Injury Collision,Cycles,2,0,1,1,1,0,0,2006-01-31T00:00:00.000Z,1/31/2006 10:23:00 AM,Mid-Block (not related to intersection),16,"MOTOR VEHICLE STRUCK MOTOR VEHICLE, LEFT SIDE SIDESWIPE",Y,0,Overcast,Dry,Daylight,,6031003.0,,45.0,Vehicle - Pedalcyclist,0,0,N,POINT (1278944.086266443 249286.24798733),16792.0,6.167442334729122e-06,Overcast,2006-01-31,10:23:00,10.0,1,1,0.0,Clear or Partly Cloudy
38195,52230,52230,2188669,Matched,Block,,NW 57TH ST BETWEEN 24TH AVE NW AND 26TH AVE NW,,,2,Injury Collision,Cycles,2,0,1,1,1,0,0,2006-01-20T00:00:00.000Z,1/20/2006 8:18:00 PM,Mid-Block (not related to intersection),18,"MOTOR VEHICLE STRUCK PEDALCYCLIST, FRONT END AT ANGLE",,1,Clear or Partly Cloudy,Wet,Dark - Street Lights On,,6020005.0,,45.0,Vehicle - Pedalcyclist,0,0,N,POINT (1257186.127908155 248337.3233143538),9216.0,3.197824593638819e-05,Clear or Partly Cloudy,2006-01-20,20:18:00,20.0,4,1,0.0,Clear or Partly Cloudy
38280,52249,52249,2614148,Matched,Intersection,27105.0,UNIVERSITY WAY NE AND NE 41ST ST,,,2,Injury Collision,Cycles,3,0,1,1,1,0,0,2006-12-04T00:00:00.000Z,12/4/2006,At Intersection (intersection related),18,"MOTOR VEHICLE STRUCK PEDALCYCLIST, FRONT END AT ANGLE",,0,Clear or Partly Cloudy,Dry,Daylight,,6338002.0,,45.0,Vehicle - Pedalcyclist,0,0,N,POINT (1275720.124983132 243099.6817089915),6723.0,0.0,Clear or Partly Cloudy,2006-12-04,00:00:00,,0,1,,Clear or Partly Cloudy
38368,52399,52399,2607646,Matched,Intersection,29544.0,6TH AVE AND LENORA ST,,,2,Injury Collision,Cycles,2,0,1,1,1,0,0,2006-10-20T00:00:00.000Z,10/20/2006 9:29:00 PM,At Intersection (intersection related),18,"MOTOR VEHICLE STRUCK PEDALCYCLIST, FRONT END AT ANGLE",,0,Clear or Partly Cloudy,Dry,Daylight,,6293038.0,,45.0,Vehicle - Pedalcyclist,0,0,N,POINT (1268925.45080018 228027.4080295563),5979.0,0.0,Clear or Partly Cloudy,2006-10-20,21:29:00,21.0,4,1,0.0,Clear or Partly Cloudy
38393,52277,52277,2191892,Matched,Intersection,29563.0,3RD AVE AND VIRGINIA ST,,,2,Injury Collision,Cycles,2,0,1,1,1,0,0,2006-04-05T00:00:00.000Z,4/5/2006,At Intersection (intersection related),56,PEDALCYCLIST STRUCK MOTOR VEHICLE LEFT SIDE SIDESWIPE,,0,Clear or Partly Cloudy,Dry,Daylight,,6095026.0,,45.0,Vehicle - Pedalcyclist,0,0,N,POINT (1268590.538287833 227026.2439965308),262.0,0.0,Clear or Partly Cloudy,2006-04-05,00:00:00,,2,1,,Clear or Partly Cloudy
38413,52154,52154,2191895,Matched,Block,,STEWART ST BETWEEN TERRY AVE AND BOREN AVE,,,1,Property Damage Only Collision,Cycles,2,0,1,1,0,0,0,2006-04-20T00:00:00.000Z,4/20/2006 5:25:00 PM,Mid-Block (but intersection related),21,"MOTOR VEHICLE STRUCK PEDALCYCLIST, REAR END",Y,0,Clear or Partly Cloudy,Dry,Daylight,,6110001.0,,45.0,Vehicle - Pedalcyclist,0,0,N,POINT (1270530.444337815 228526.0448300689),13801.0,0.0,Clear or Partly Cloudy,2006-04-20,17:25:00,17.0,3,1,1.0,Clear or Partly Cloudy
38430,52417,52417,2410631,Matched,Block,,DEXTER AVE N BETWEEN HAYES ST AND HOWE ST,,,2,Injury Collision,Cycles,2,0,1,1,1,0,0,2006-05-18T00:00:00.000Z,5/18/2006 4:21:00 PM,Driveway Junction,18,"MOTOR VEHICLE STRUCK PEDALCYCLIST, FRONT END AT ANGLE",,0,Clear or Partly Cloudy,Dry,Daylight,Y,6138004.0,,45.0,Vehicle - Pedalcyclist,0,0,N,POINT (1268408.639919654 235271.560932979),15565.0,6.7242681277130444e-06,Clear or Partly Cloudy,2006-05-18,16:21:00,16.0,3,1,1.0,Clear or Partly Cloudy