OBJECTID,INCKEY,COLDETKEY,REPORTNO,STATUS,ADDRTYPE,INTKEY,LOCATION,EXCEPTRSNC,EXCEPTRSND,SEVERITYCO,SEVERITYDE,COLLISIONT,PERSONCOUN,PEDCOUNT,PEDCYLCOUN,VEHCOUNT,INJURIES,SERIOUSINJ,FATALITIES,INCDATE,INCDTTM,JUNCTIONTY,SDOT_COLCO,SDOT_COLDE,INATTENTIO,UNDERINFL,WEATHER,ROADCOND,LIGHTCOND,PEDROWNOTG,SDOTCOLNUM,SPEEDING,ST_COLCODE,ST_COLDESC,SEGLANEKEY,CROSSWALKK,HITPARKEDC,geometry,near_str_index,min_length,weather_group,date,time,hour,dayofweek,weekday,rushhour,weather_group2
42121,56622,56622,2410767,Matched,Block,,WESTERN AVE BETWEEN CLAY ST AND BROAD ST,,,2,Injury Collision,Cycles,3,0,1,1,1,0,0,2006-06-03T00:00:00.000Z,6/3/2006,Mid-Block (not related to intersection),64,PEDALCYCLIST STRUCK PEDESTRIAN,,0,Clear or Partly Cloudy,Dry,Daylight,,6154002.0,,45.0,Vehicle - Pedalcyclist,0,0,N,POINT (1265658.192940831 228387.5053099245),8948.0,0.0,Clear or Partly Cloudy,2006-06-03,00:00:00,,5,0,,Clear or Partly Cloudy
42141,56234,56234,C672044,Matched,Block,,SW ADMIRAL WAY BETWEEN 41ST AVE SW AND 42ND AVE SW,,,2,Injury Collision,Cycles,2,0,1,1,1,0,0,2006-07-27T00:00:00.000Z,7/27/2006 1:00:00 PM,Mid-Block (not related to intersection),18,"MOTOR VEHICLE STRUCK PEDALCYCLIST, FRONT END AT ANGLE",,0,Clear or Partly Cloudy,Dry,Daylight,,6208046.0,,45.0,Vehicle - Pedalcyclist,0,0,N,POINT (1257599.500324577 215855.5605930835),19292.0,7.446781953655814e-09,Clear or Partly Cloudy,2006-07-27,13:00:00,13.0,3,1,0.0,Clear or Partly Cloudy
42177,56379,56379,2071140,Matched,Block,,E PINE ST BETWEEN 11TH AVE AND 12TH AVE,,,1,Property Damage Only Collision,Cycles,2,0,1,1,0,0,0,2006-05-23T00:00:00.000Z,5/23/2006 7:34:00 AM,Mid-Block (not related to intersection),56,PEDALCYCLIST STRUCK MOTOR VEHICLE LEFT SIDE SIDESWIPE,,0,Clear or Partly Cloudy,Dry,Daylight,,6143006.0,,45.0,Vehicle - Pedalcyclist,0,0,N,POINT (1274377.808565766 227957.5790374875),16047.0,6.314708627297818e-11,Clear or Partly Cloudy,2006-05-23,07:34:00,7.0,1,1,1.0,Clear or Partly Cloudy
42233,56518,56518,2190950,Matched,Intersection,35625.0,4TH AVE NW AND NW 130TH ST,,,2,Injury Collision,Cycles,2,0,1,1,1,0,0,2006-04-21T00:00:00.000Z,4/21/2006 3:00:00 PM,At Intersection (intersection related),18,"MOTOR VEHICLE STRUCK PEDALCYCLIST, FRONT END AT ANGLE",,0,Clear or Partly Cloudy,Dry,Daylight,,6111027.0,Y,45.0,Vehicle - Pedalcyclist,0,0,N,POINT (1264114.122027248 267564.8731580377),1556.0,0.0,Clear or Partly Cloudy,2006-04-21,15:00:00,15.0,4,1,1.0,Clear or Partly Cloudy
42238,56385,56385,2610505,Matched,Block,,NE RAVENNA WB BV BETWEEN 21ST AVE NE AND NE PARK RD,,,2,Injury Collision,Cycles,2,0,1,1,1,0,0,2006-09-18T00:00:00.000Z,9/18/2006 11:46:00 AM,Mid-Block (not related to intersection),66,PEDALCYCLIST STRUCK OBJECT IN ROAD,,0,Overcast,Wet,Daylight,,6261006.0,,45.0,Vehicle - Pedalcyclist,0,0,N,POINT (1277879.20748134 247692.331633687),7423.0,1.591415379398516e-05,Overcast,2006-09-18,11:46:00,11.0,0,1,0.0,Clear or Partly Cloudy
42274,56680,56680,C673373,Matched,Intersection,25949.0,25TH AVE NE AND NE BLAKELEY ST,,,2,Injury Collision,Cycles,2,0,1,1,1,0,0,2006-05-26T00:00:00.000Z,5/26/2006 6:30:00 PM,At Intersection (intersection related),18,"MOTOR VEHICLE STRUCK PEDALCYCLIST, FRONT END AT ANGLE",,0,Clear or Partly Cloudy,Dry,Daylight,,6146039.0,,45.0,Vehicle - Pedalcyclist,0,0,N,POINT (1278900.484922394 246480.058544457),210.0,0.0,Clear or Partly Cloudy,2006-05-26,18:30:00,18.0,4,1,1.0,Clear or Partly Cloudy
42301,56275,56275,2614452,Matched,Intersection,24584.0,WOODLAWN AVE NE AND NE RAVENNA EB BV,,,2,Injury Collision,Cycles,2,0,1,1,1,0,0,2006-11-16T00:00:00.000Z,11/16/2006 7:05:00 PM,At Intersection (intersection related),51,PEDALCYCLIST STRUCK MOTOR VEHICLE FRONT END AT ANGLE,,0,Clear or Partly Cloudy,Dry,Dark - Street Lights On,,6320004.0,,45.0,Vehicle - Pedalcyclist,0,0,N,POINT (1272981.585204333 251150.9403412342),4285.0,0.0,Clear or Partly Cloudy,2006-11-16,19:05:00,19.0,3,1,1.0,Clear or Partly Cloudy
42351,56285,56285,2614960,Matched,Intersection,29926.0,8TH AVE AND SPRING ST,,,2,Injury Collision,Cycles,2,0,1,1,1,0,0,2006-10-04T00:00:00.000Z,10/4/2006,At Intersection (intersection related),51,PEDALCYCLIST STRUCK MOTOR VEHICLE FRONT END AT ANGLE,,0,Clear or Partly Cloudy,Dry,Daylight,,6277005.0,,45.0,Vehicle - Pedalcyclist,0,0,N,POINT (1271466.342706785 225605.664411068),3249.0,0.0,Clear or Partly Cloudy,2006-10-04,00:00:00,,2,1,,Clear or Partly Cloudy
42357,56693,56693,2625080,Matched,Block,,NE CAMPUS WB PY BETWEEN UNIVERSITY WAY NE AND 15TH AVE NE,,,2,Injury Collision,Cycles,2,0,1,1,1,0,0,2006-09-15T00:00:00.000Z,9/15/2006 5:23:00 PM,Mid-Block (not related to intersection),18,"MOTOR VEHICLE STRUCK PEDALCYCLIST, FRONT END AT ANGLE",,0,Clear or Partly Cloudy,Dry,Daylight,Y,6258001.0,,45.0,Vehicle - Pedalcyclist,0,0,N,POINT (1275851.685431272 242869.6074687541),12102.0,2.3783294783075426e-10,Clear or Partly Cloudy,2006-09-15,17:23:00,17.0,4,1,1.0,Clear or Partly Cloudy
42414,56566,56566,2606668,Matched,Intersection,30481.0,3RD AVE AND CHERRY ST,,,2,Injury Collision,Cycles,2,0,1,1,1,0,0,2006-11-08T00:00:00.000Z,11/8/2006,At Intersection (intersection related),18,"MOTOR VEHICLE STRUCK PEDALCYCLIST, FRONT END AT ANGLE",,0,Clear or Partly Cloudy,Dry,Daylight,,6312057.0,,45.0,Vehicle - Pedalcyclist,0,0,N,POINT (1270704.834866002 223732.7548411638),6242.0,0.0,Clear or Partly Cloudy,2006-11-08,00:00:00,,2,1,,Clear or Partly Cloudy
42438,56308,56308,1745252,Matched,Intersection,29862.0,BELLEVUE AVE AND E PINE ST,,,2,Injury Collision,Cycles,2,0,1,1,1,0,0,2006-01-07T00:00:00.000Z,1/7/2006,At Intersection (intersection related),18,"MOTOR VEHICLE STRUCK PEDALCYCLIST, FRONT END AT ANGLE",,0,Raining,Wet,Daylight,Y,6007004.0,,45.0,Vehicle - Pedalcyclist,0,0,N,POINT (1272084.808499411 227986.9833255112),633.0,0.0,Raining,2006-01-07,00:00:00,,5,0,,Raining
42484,56188,56188,2608356,Matched,Block,,S LANDER ST BETWEEN 5TH PL S AND 6TH AVE S,,,1,Property Damage Only Collision,Cycles,2,0,1,1,0,0,0,2006-09-11T00:00:00.000Z,9/11/2006 7:34:00 AM,Mid-Block (but intersection related),21,"MOTOR VEHICLE STRUCK PEDALCYCLIST, REAR END",,0,Clear or Partly Cloudy,Dry,Daylight,Y,6254005.0,,45.0,Vehicle - Pedalcyclist,0,0,N,POINT (1271943.403699264 215071.3984162807),7778.0,7.449167506335862e-09,Clear or Partly Cloudy,2006-09-11,07:34:00,7.0,0,1,1.0,Clear or Partly Cloudy
42524,56587,56587,2184956,Matched,Intersection,24392.0,5TH AVE NE AND NE 80TH ST,,,2,Injury Collision,Cycles,2,0,1,1,1,0,0,2006-01-15T00:00:00.000Z,1/15/2006 2:30:00 PM,At Intersection (intersection related),18,"MOTOR VEHICLE STRUCK PEDALCYCLIST, FRONT END AT ANGLE",Y,0,Clear or Partly Cloudy,Dry,Daylight,,6015008.0,,45.0,Vehicle - Pedalcyclist,0,0,N,POINT (1273540.196660906 254069.6646962166),8662.0,0.0,Clear or Partly Cloudy,2006-01-15,14:30:00,14.0,6,0,0.0,Clear or Partly Cloudy
42572,56336,56336,2070917,Matched,Intersection,29889.0,SUMMIT AVE AND UNIVERSITY ST,,,2,Injury Collision,Cycles,2,0,1,1,1,0,0,2006-04-25T00:00:00.000Z,4/25/2006 6:13:00 PM,At Intersection (intersection related),51,PEDALCYCLIST STRUCK MOTOR VEHICLE FRONT END AT ANGLE,,0,Clear or Partly Cloudy,Dry,Daylight,,6115001.0,,45.0,Vehicle - Pedalcyclist,0,0,N,POINT (1272540.407603875 226952.9056284577),974.0,0.0,Clear or Partly Cloudy,2006-04-25,18:13:00,18.0,1,1,1.0,Clear or Partly Cloudy
42602,56743,56743,2127490,Matched,Intersection,38109.0,31ST AVE SW AND SW 106TH ST,,,2,Injury Collision,Cycles,2,0,1,1,1,0,0,2006-04-04T00:00:00.000Z,4/4/2006,At Intersection (intersection related),51,PEDALCYCLIST STRUCK MOTOR VEHICLE FRONT END AT ANGLE,,0,Clear or Partly Cloudy,Dry,Daylight,Y,6094011.0,,45.0,Vehicle - Pedalcyclist,0,0,N,POINT (1260124.469543159 189177.5166617781),302.0,0.0,Clear or Partly Cloudy,2006-04-04,00:00:00,,1,1,,Clear or Partly Cloudy
42652,56894,56894,2188381,Matched,Block,,BOYER AVE E BETWEEN 20TH AVE E AND 19TH AVE E,,,1,Property Damage Only Collision,Cycles,2,0,1,1,0,0,0,2006-02-07T00:00:00.000Z,2/7/2006,Mid-Block (not related to intersection),18,"MOTOR VEHICLE STRUCK PEDALCYCLIST, FRONT END AT ANGLE",,0,Clear or Partly Cloudy,Dry,Daylight,Y,6038013.0,,45.0,Vehicle - Pedalcyclist,0,0,N,POINT (1277114.498744562 236134.3302778602),6194.0,0.0,Clear or Partly Cloudy,2006-02-07,00:00:00,,1,1,,Clear or Partly Cloudy
42680,57018,57018,2623821,Matched,Intersection,29860.0,SUMMIT AVE AND E PINE ST,,,2,Injury Collision,Cycles,2,0,1,1,1,0,0,2006-12-17T00:00:00.000Z,12/17/2006 1:30:00 PM,At Intersection (intersection related),51,PEDALCYCLIST STRUCK MOTOR VEHICLE FRONT END AT ANGLE,,0,Clear or Partly Cloudy,Dry,Daylight,,6351007.0,,45.0,Vehicle - Pedalcyclist,0,0,N,POINT (1272399.309875742 227981.0989095122),1148.0,0.0,Clear or Partly Cloudy,2006-12-17,13:30:00,13.0,6,0,0.0,Clear or Partly Cloudy
43049,56852,56852,2279428,Matched,Block,,RAINIER AVE S BETWEEN S ADAMS ST AND S GENESEE N ST,,,2,Injury Collision,Cycles,2,0,1,1,1,0,0,2006-02-14T00:00:00.000Z,2/14/2006 1:45:00 PM,Driveway Junction,18,"MOTOR VEHICLE STRUCK PEDALCYCLIST, FRONT END AT ANGLE",,0,Clear or Partly Cloudy,Dry,Daylight,,6045006.0,,45.0,Vehicle - Pedalcyclist,0,0,N,POINT (1281202.817596748 209477.3008745611),19023.0,0.0,Clear or Partly Cloudy,2006-02-14,13:45:00,13.0,1,1,0.0,Clear or Partly Cloudy
43085,56996,56996,2178399,Matched,Intersection,34864.0,25TH AVE SW AND SW TRENTON ST,,,2b,Serious Injury Collision,Cycles,2,0,1,1,1,1,0,2006-06-01T00:00:00.000Z,6/1/2006,At Intersection (intersection related),18,"MOTOR VEHICLE STRUCK PEDALCYCLIST, FRONT END AT ANGLE",,0,Raining,Wet,Daylight,,6152002.0,,45.0,Vehicle - Pedalcyclist,0,0,N,POINT (1262125.649705216 195152.5136598945),2637.0,0.0,Raining,2006-06-01,00:00:00,,3,1,,Raining
43141,57673,57673,2185311,Matched,Intersection,27039.0,FREMONT AVE N AND N 34TH ST,,,2,Injury Collision,Cycles,2,0,1,1,1,0,0,2006-01-17T00:00:00.000Z,1/17/2006 10:15:00 AM,At Intersection (intersection related),18,"MOTOR VEHICLE STRUCK PEDALCYCLIST, FRONT END AT ANGLE",,0,Clear or Partly Cloudy,Dry,Daylight,Y,6017010.0,,45.0,Vehicle - Pedalcyclist,0,0,N,POINT (1266674.116909876 240632.7658664584),1223.0,0.0,Clear or Partly Cloudy,2006-01-17,10:15:00,10.0,1,1,0.0,Clear or Partly Cloudy
43170,57533,57533,2607101,Matched,Block,,16TH AVE BETWEEN E MARION ST AND E SPRING ST,,,1,Property Damage Only Collision,Cycles,2,0,1,1,0,0,0,2006-06-29T00:00:00.000Z,6/29/2006 2:00:00 PM,Mid-Block (not related to intersection),12,"MOTOR VEHICLE STRUCK MOTOR VEHICLE, RIGHT SIDE AT ANGLE",,0,Clear or Partly Cloudy,Dry,Daylight,,6180026.0,,45.0,Vehicle - Pedalcyclist,0,0,N,POINT (1275832.997111246 226360.2263318449),16464.0,1.6611050094477619e-06,Clear or Partly Cloudy,2006-06-29,14:00:00,14.0,3,1,0.0,Clear or Partly Cloudy
43216,57693,57693,2622552,Matched,Block,,WESTLAKE AVE BETWEEN 9TH AVE AND DENNY WAY,,,2,Injury Collision,Cycles,5,0,1,1,1,0,0,2006-07-11T00:00:00.000Z,7/11/2006 8:35:00 AM,Mid-Block (but intersection related),54,PEDALCYCLIST STRUCK MOTOR VEHICLE REAR END,Y,0,Overcast,Dry,Daylight,,6192004.0,,45.0,Vehicle - Pedalcyclist,0,0,N,POINT (1269234.818672493 229177.5049267262),19954.0,1.8650063885842446e-06,Overcast,2006-07-11,08:35:00,8.0,1,1,1.0,Clear or Partly Cloudy
43221,57691,57691,2620903,Matched,Intersection,27278.0,EASTLAKE AVE E AND E ALLISON ST,,,2,Injury Collision,Cycles,2,0,1,1,1,0,0,2006-07-13T00:00:00.000Z,7/13/2006 6:50:00 PM,At Intersection (intersection related),51,PEDALCYCLIST STRUCK MOTOR VEHICLE FRONT END AT ANGLE,,0,Raining,Wet,Daylight,,6194001.0,,45.0,Vehicle - Pedalcyclist,0,0,N,POINT (1273152.408116505 240212.1007780284),705.0,0.0,Raining,2006-07-13,18:50:00,18.0,3,1,1.0,Raining
43247,57421,57421,2401663,Matched,Intersection,167224.0,BEACON ER AVE S AND S ORCAS ST,,,2,Injury Collision,Cycles,2,0,1,1,1,0,0,2006-06-25T00:00:00.000Z,6/25/2006 10:54:00 AM,At Intersection (intersection related),18,"MOTOR VEHICLE STRUCK PEDALCYCLIST, FRONT END AT ANGLE",Y,0,Clear or Partly Cloudy,Dry,Daylight,,6176001.0,,45.0,Vehicle - Pedalcyclist,0,0,N,POINT (1277818.707257286 204453.281413421),10073.0,0.0,Clear or Partly Cloudy,2006-06-25,10:54:00,10.0,6,0,0.0,Clear or Partly Cloudy
43288,57705,57705,2187708,Matched,Intersection,29704.0,BELL ST AND WESTERN AVE,,,2,Injury Collision,Cycles,2,0,1,1,1,0,0,2006-02-22T00:00:00.000Z,2/22/2006 9:14:00 AM,At Intersection (intersection related),51,PEDALCYCLIST STRUCK MOTOR VEHICLE FRONT END AT ANGLE,,0,Clear or Partly Cloudy,Dry,Daylight,,6053029.0,,45.0,Vehicle - Pedalcyclist,0,0,N,POINT (1266994.756398201 227171.5380766839),632.0,0.0,Clear or Partly Cloudy,2006-02-22,09:14:00,9.0,2,1,1.0,Clear or Partly Cloudy
43319,57567,57567,2625277,Matched,Intersection,32842.0,35TH AVE SW AND SW GRAHAM ST,,,3,Fatality Collision,Cycles,2,0,1,1,0,0,1,2006-09-27T00:00:00.000Z,9/27/2006 7:43:00 AM,At Intersection (intersection related),18,"MOTOR VEHICLE STRUCK PEDALCYCLIST, FRONT END AT ANGLE",,0,Clear or Partly Cloudy,Dry,Daylight,Y,6270001.0,,45.0,Vehicle - Pedalcyclist,0,0,N,POINT (1259352.137766376 203168.8124201),2866.0,0.0,Clear or Partly Cloudy,2006-09-27,07:43:00,7.0,2,1,1.0,Clear or Partly Cloudy
43322,57566,57566,2618129,Matched,Block,,N 45TH ST BETWEEN STONE WAY N AND INTERLAKE AVE N,,,2,Injury Collision,Cycles,1,0,1,0,1,0,0,2006-09-27T00:00:00.000Z,9/27/2006 7:48:00 PM,Mid-Block (not related to intersection),51,PEDALCYCLIST STRUCK MOTOR VEHICLE FRONT END AT ANGLE,,0,Clear or Partly Cloudy,Dry,Dusk,,6270004.0,,45.0,Vehicle - Pedalcyclist,0,0,N,POINT (1268814.052464068 244894.2115668207),20656.0,2.4110152439468178e-05,Clear or Partly Cloudy,2006-09-27,19:48:00,19.0,2,1,1.0,Clear or Partly Cloudy
43506,57360,57360,2611247,Matched,Intersection,23981.0,27TH AVE NW AND NW 77TH ST,,,2,Injury Collision,Cycles,4,0,1,1,2,0,0,2006-08-10T00:00:00.000Z,8/10/2006 8:08:00 PM,At Intersection (intersection related),51,PEDALCYCLIST STRUCK MOTOR VEHICLE FRONT END AT ANGLE,,0,Clear or Partly Cloudy,Dry,Daylight,,6222005.0,,45.0,Vehicle - Pedalcyclist,0,0,N,POINT (1256806.677795768 253730.4165678769),236.0,0.0,Clear or Partly Cloudy,2006-08-10,20:08:00,20.0,3,1,0.0,Clear or Partly Cloudy
43547,57372,57372,2603626,Matched,Block,,NW 73RD ST BETWEEN 3RD AVE NW AND 4TH AVE NW,,,2b,Serious Injury Collision,Cycles,2,0,1,1,1,1,0,2006-07-15T00:00:00.000Z,7/15/2006 5:03:00 PM,Driveway Junction,51,PEDALCYCLIST STRUCK MOTOR VEHICLE FRONT END AT ANGLE,,0,Clear or Partly Cloudy,Dry,Daylight,,6196030.0,,45.0,Vehicle - Pedalcyclist,0,0,N,POINT (1264138.878443271 252431.4023585469),16351.0,3.135966566843677e-05,Clear or Partly Cloudy,2006-07-15,17:03:00,17.0,5,0,1.0,Clear or Partly Cloudy
43558,57253,57253,2625083,Matched,Intersection,287172.0,BURKE GILMAN TRL AND NE 70TH ST,,,2b,Serious Injury Collision,Cycles,2,0,1,1,1,1,0,2006-09-28T00:00:00.000Z,9/28/2006 5:25:00 PM,At Intersection (intersection related),18,"MOTOR VEHICLE STRUCK PEDALCYCLIST, FRONT END AT ANGLE",,0,Clear or Partly Cloudy,Dry,Daylight,,6271006.0,,45.0,Vehicle - Pedalcyclist,0,0,N,POINT (1287683.49088338 251095.8747411817),9161.0,0.0,Clear or Partly Cloudy,2006-09-28,17:25:00,17.0,3,1,1.0,Clear or Partly Cloudy
43605,58157,58157,2624812,Matched,Intersection,36635.0,LAKE CITY WAY NE AND NE 117TH ST,,,2,Injury Collision,Cycles,2,0,1,1,1,0,0,2006-08-11T00:00:00.000Z,8/11/2006 7:55:00 AM,At Intersection (intersection related),18,"MOTOR VEHICLE STRUCK PEDALCYCLIST, FRONT END AT ANGLE",,0,Overcast,Dry,Daylight,Y,6223008.0,,45.0,Vehicle - Pedalcyclist,0,0,N,POINT (1279818.53343533 263954.7071383446),8831.0,0.0,Overcast,2006-08-11,07:55:00,7.0,4,1,1.0,Clear or Partly Cloudy
43626,57640,57640,2603812,Matched,Intersection,37879.0,36TH AVE NE AND NE 100TH ST,,,2,Injury Collision,Cycles,2,0,1,1,1,0,0,2006-10-28T00:00:00.000Z,10/28/2006 7:40:00 PM,At Intersection (intersection related),51,PEDALCYCLIST STRUCK MOTOR VEHICLE FRONT END AT ANGLE,,0,Clear or Partly Cloudy,Dry,Dark - Street Lights On,,6301001.0,,45.0,Vehicle - Pedalcyclist,0,0,N,POINT (1281916.400445476 259134.1290854067),1322.0,0.0,Clear or Partly Cloudy,2006-10-28,19:40:00,19.0,5,0,1.0,Clear or Partly Cloudy
43642,57927,57927,2280026,Matched,Intersection,30173.0,23RD AVE AND E CHERRY ST,,,2,Injury Collision,Cycles,2,0,1,1,1,0,0,2006-01-25T00:00:00.000Z,1/25/2006 8:00:00 PM,At Intersection (intersection related),18,"MOTOR VEHICLE STRUCK PEDALCYCLIST, FRONT END AT ANGLE",,0,Overcast,Wet,Dark - Street Lights On,Y,6025014.0,,45.0,Vehicle - Pedalcyclist,0,0,N,POINT (1277961.390393436 225243.6924427003),6816.0,0.0,Overcast,2006-01-25,20:00:00,20.0,2,1,0.0,Clear or Partly Cloudy
43768,58082,58082,2624801,Matched,Intersection,25145.0,LEARY AVE NW AND NW MARKET ST,,,2,Injury Collision,Cycles,2,0,1,1,1,0,0,2006-07-24T00:00:00.000Z,7/24/2006 6:57:00 PM,At Intersection (intersection related),18,"MOTOR VEHICLE STRUCK PEDALCYCLIST, FRONT END AT ANGLE",,0,Clear or Partly Cloudy,Dry,Daylight,,6205002.0,,45.0,Vehicle - Pedalcyclist,0,0,N,POINT (1258189.83581318 247766.1705457717),2567.0,0.0,Clear or Partly Cloudy,2006-07-24,18:57:00,18.0,0,1,1.0,Clear or Partly Cloudy
43897,57859,57859,2187632,Matched,Intersection,29947.0,6TH AVE AND MADISON ST,,,2,Injury Collision,Cycles,2,0,1,1,2,0,0,2006-04-04T00:00:00.000Z,4/4/2006,At Intersection (intersection related),51,PEDALCYCLIST STRUCK MOTOR VEHICLE FRONT END AT ANGLE,,0,Clear or Partly Cloudy,Dry,Daylight,,6094010.0,,45.0,Vehicle - Pedalcyclist,0,0,N,POINT (1271068.622642368 225014.612890467),532.0,0.0,Clear or Partly Cloudy,2006-04-04,00:00:00,,1,1,,Clear or Partly Cloudy
43929,58207,58207,2071352,Matched,Intersection,28914.0,5TH AVE N AND MERCER ST,,,2,Injury Collision,Cycles,2,0,1,1,1,0,0,2006-03-21T00:00:00.000Z,3/21/2006 5:59:00 AM,At Intersection (intersection related),51,PEDALCYCLIST STRUCK MOTOR VEHICLE FRONT END AT ANGLE,,0,Clear or Partly Cloudy,Dry,Daylight,Y,6080005.0,,45.0,Vehicle - Pedalcyclist,0,0,N,POINT (1267030.83652623 231494.5296971053),847.0,0.0,Clear or Partly Cloudy,2006-03-21,05:59:00,5.0,1,1,0.0,Clear or Partly Cloudy
44042,58016,58016,2615171,Matched,Block,,BOREN AVE BETWEEN JEFFERSON ST AND JAMES ST,,,2,Injury Collision,Cycles,3,0,1,1,1,0,0,2006-08-01T00:00:00.000Z,8/1/2006,Mid-Block (not related to intersection),21,"MOTOR VEHICLE STRUCK PEDALCYCLIST, REAR END",,0,Clear or Partly Cloudy,Dry,Daylight,Y,6213005.0,,45.0,Vehicle - Pedalcyclist,0,0,N,POINT (1273155.443188503 224648.9164420962),16240.0,2.380260015077649e-05,Clear or Partly Cloudy,2006-08-01,00:00:00,,1,1,,Clear or Partly Cloudy
44076,57903,57903,2620942,Matched,Block,,BROADWAY BETWEEN E PIKE ST AND E PINE ST,,,2,Injury Collision,Cycles,2,0,1,1,1,0,0,2006-08-06T00:00:00.000Z,8/6/2006,Driveway Junction,18,"MOTOR VEHICLE STRUCK PEDALCYCLIST, FRONT END AT ANGLE",,0,Clear or Partly Cloudy,Dry,Daylight,Y,6218037.0,,45.0,Vehicle - Pedalcyclist,0,0,N,POINT (1273564.040884927 227752.5528612733),15815.0,2.877603720450791e-05,Clear or Partly Cloudy,2006-08-06,00:00:00,,6,0,,Clear or Partly Cloudy
44157,58561,58561,2059095,Matched,Block,,LAKE CITY WAY NE BETWEEN NE 143RD ST AND NE 145TH ST,,,2,Injury Collision,Cycles,2,0,1,1,1,0,0,2006-03-05T00:00:00.000Z,3/5/2006,Driveway Junction,18,"MOTOR VEHICLE STRUCK PEDALCYCLIST, FRONT END AT ANGLE",,0,Clear or Partly Cloudy,Dry,Daylight,Y,6064010.0,,45.0,Vehicle - Pedalcyclist,0,0,N,POINT (1281381.514748931 270723.3356892765),22545.0,3.00408531238364e-06,Clear or Partly Cloudy,2006-03-05,00:00:00,,6,0,,Clear or Partly Cloudy
44195,58312,58312,2071615,Matched,Block,,WESTLAKE AVE N BETWEEN VALLEY ST AND 9TH AVE N,,,2,Injury Collision,Cycles,2,0,1,1,1,0,0,2006-05-09T00:00:00.000Z,5/9/2006,Driveway Junction,51,PEDALCYCLIST STRUCK MOTOR VEHICLE FRONT END AT ANGLE,Y,0,Clear or Partly Cloudy,Dry,Daylight,,6129009.0,,45.0,Vehicle - Pedalcyclist,0,0,N,POINT (1269126.083504379 232154.5734737813),11198.0,6.764501899599643e-09,Clear or Partly Cloudy,2006-05-09,00:00:00,,1,1,,Clear or Partly Cloudy
44297,58601,58601,2071715,Matched,Block,,1ST AVE BETWEEN BLANCHARD ST AND BELL ST,,,2,Injury Collision,Cycles,3,0,1,2,2,0,0,2006-03-19T00:00:00.000Z,3/19/2006 1:59:00 AM,Mid-Block (not related to intersection),18,"MOTOR VEHICLE STRUCK PEDALCYCLIST, FRONT END AT ANGLE",,1,Clear or Partly Cloudy,Dry,Dark - Street Lights On,,6078003.0,,45.0,Vehicle - Pedalcyclist,0,0,N,POINT (1267368.977454588 227266.4868127704),2269.0,5.014503332264041e-09,Clear or Partly Cloudy,2006-03-19,01:59:00,1.0,6,0,0.0,Clear or Partly Cloudy
44327,58482,58482,2188317,Matched,Block,,GREENWOOD AVE N BETWEEN HOLMAN RD N AND N 107TH ST,,,2,Injury Collision,Cycles,2,0,1,1,1,0,0,2006-06-23T00:00:00.000Z,6/23/2006 10:06:00 PM,Mid-Block (not related to intersection),11,"MOTOR VEHICLE STRUCK MOTOR VEHICLE, FRONT END AT ANGLE",,0,Clear or Partly Cloudy,Dry,Dark - Street Lights On,Y,6174003.0,,45.0,Vehicle - Pedalcyclist,0,0,N,POINT (1265673.321004853 261229.3646715581),13120.0,3.0373754739729222e-05,Clear or Partly Cloudy,2006-06-23,22:06:00,22.0,4,1,0.0,Clear or Partly Cloudy
44408,58777,58777,2071236,Matched,Block,,E MADISON ST BETWEEN E PINE ST AND 17TH AVE,,,2,Injury Collision,Cycles,2,0,1,1,1,0,0,2006-06-04T00:00:00.000Z,6/4/2006,Mid-Block (not related to intersection),21,"MOTOR VEHICLE STRUCK PEDALCYCLIST, REAR END",,0,Clear or Partly Cloudy,Dry,Dark - Street Lights On,,6155003.0,,45.0,Vehicle - Pedalcyclist,0,0,N,POINT (1276066.916599497 227968.2798374891),15590.0,2.2217744091981272e-05,Clear or Partly Cloudy,2006-06-04,00:00:00,,6,0,,Clear or Partly Cloudy
44467,58381,58381,2613405,Matched,Intersection,38081.0,30TH AVE SW AND SW 97TH ST,,,2b,Serious Injury Collision,Cycles,2,0,1,1,1,1,0,2006-08-12T00:00:00.000Z,8/12/2006 12:14:00 PM,At Intersection (intersection related),51,PEDALCYCLIST STRUCK MOTOR VEHICLE FRONT END AT ANGLE,,0,Clear or Partly Cloudy,Dry,Daylight,,6224002.0,,45.0,Vehicle - Pedalcyclist,0,0,N,POINT (1260390.067751437 192034.8606646955),2769.0,0.0,Clear or Partly Cloudy,2006-08-12,12:14:00,12.0,5,0,0.0,Clear or Partly Cloudy
44504,58644,58644,2400634,Matched,Block,,N 40TH ST BETWEEN SUNNYSIDE AVE N AND EASTERN AVE N,,,1,Property Damage Only Collision,Cycles,2,0,1,1,0,0,0,2006-06-02T00:00:00.000Z,6/2/2006,Mid-Block (not related to intersection),18,"MOTOR VEHICLE STRUCK PEDALCYCLIST, FRONT END AT ANGLE",,0,Overcast,Wet,Daylight,,6153009.0,,45.0,Vehicle - Pedalcyclist,0,0,N,POINT (1271669.822770983 242714.0196285993),14896.0,7.447268627584696e-09,Overcast,2006-06-02,00:00:00,,4,1,,Clear or Partly Cloudy
44615,58545,58545,2608221,Matched,Intersection,29173.0,STEWART ST AND YALE AVE,,,2,Injury Collision,Cycles,2,0,1,1,1,0,0,2006-12-08T00:00:00.000Z,12/8/2006,At Intersection (intersection related),18,"MOTOR VEHICLE STRUCK PEDALCYCLIST, FRONT END AT ANGLE",,0,Overcast,Dry,Daylight,Y,6342001.0,,45.0,Vehicle - Pedalcyclist,0,0,N,POINT (1271071.969074368 229121.4601266682),9812.0,0.0,Overcast,2006-12-08,00:00:00,,4,1,,Clear or Partly Cloudy