OBJECTID,INCKEY,COLDETKEY,REPORTNO,STATUS,ADDRTYPE,INTKEY,LOCATION,EXCEPTRSNC,EXCEPTRSND,SEVERITYCO,SEVERITYDE,COLLISIONT,PERSONCOUN,PEDCOUNT,PEDCYLCOUN,VEHCOUNT,INJURIES,SERIOUSINJ,FATALITIES,INCDATE,INCDTTM,JUNCTIONTY,SDOT_COLCO,SDOT_COLDE,INATTENTIO,UNDERINFL,WEATHER,ROADCOND,LIGHTCOND,PEDROWNOTG,SDOTCOLNUM,SPEEDING,ST_COLCODE,ST_COLDESC,SEGLANEKEY,CROSSWALKK,HITPARKEDC,geometry,near_str_index,min_length,weather_group,date,time,hour,dayofweek,weekday,rushhour,weather_group2
44686,58953,58953,2401863,Matched,Block,,LAKE WASHINGTON BLVD S BETWEEN 43RD AVE S AND 46TH AVE S,,,2,Injury Collision,Cycles,2,0,1,1,1,0,0,2006-06-28T00:00:00.000Z,6/28/2006 8:15:00 AM,Driveway Junction,18,"MOTOR VEHICLE STRUCK PEDALCYCLIST, FRONT END AT ANGLE",,0,Clear or Partly Cloudy,Dry,Daylight,Y,6179002.0,,45.0,Vehicle - Pedalcyclist,0,0,N,POINT (1283724.176767334 211275.2495484054),20582.0,2.8119686867694825e-05,Clear or Partly Cloudy,2006-06-28,08:15:00,8.0,2,1,1.0,Clear or Partly Cloudy
44722,59229,59229,2190724,Matched,Block,,MARION ST BETWEEN 2ND AVE AND 3RD AVE,,,2,Injury Collision,Cycles,2,0,1,1,1,0,0,2006-05-03T00:00:00.000Z,5/3/2006,Driveway Junction,51,PEDALCYCLIST STRUCK MOTOR VEHICLE FRONT END AT ANGLE,,0,Clear or Partly Cloudy,Dry,Daylight,,6123005.0,,45.0,Vehicle - Pedalcyclist,0,0,N,POINT (1270254.233137533 224177.1076736152),11966.0,9.839336913852787e-06,Clear or Partly Cloudy,2006-05-03,00:00:00,,2,1,,Clear or Partly Cloudy
44728,58969,58969,2071674,Matched,Block,,3RD AVE BETWEEN VIRGINIA ST AND LENORA ST,,,2,Injury Collision,Cycles,2,0,1,1,1,0,0,2006-01-30T00:00:00.000Z,1/30/2006 3:21:00 PM,Mid-Block (not related to intersection),21,"MOTOR VEHICLE STRUCK PEDALCYCLIST, REAR END",,0,Clear or Partly Cloudy,Dry,Daylight,Y,6030004.0,,45.0,Vehicle - Pedalcyclist,0,0,N,POINT (1268433.322735667 227169.2336286753),262.0,8.906124309209377e-06,Clear or Partly Cloudy,2006-01-30,15:21:00,15.0,0,1,1.0,Clear or Partly Cloudy
44777,58988,58988,2064156,Matched,Intersection,29763.0,14TH AVE AND E UNION ST,,,2,Injury Collision,Cycles,2,0,1,1,1,0,0,2006-01-23T00:00:00.000Z,1/23/2006 7:45:00 AM,At Intersection (intersection related),18,"MOTOR VEHICLE STRUCK PEDALCYCLIST, FRONT END AT ANGLE",,0,Raining,Wet,Dark - Street Lights Off,Y,6023011.0,,45.0,Vehicle - Pedalcyclist,0,0,N,POINT (1275184.862518594 227087.6763165891),1176.0,0.0,Raining,2006-01-23,07:45:00,7.0,0,1,1.0,Raining
44907,59022,59022,2190374,Matched,Block,,2ND AVE BETWEEN JAMES ST AND CHERRY ST,,,2,Injury Collision,Cycles,1,0,1,0,1,0,0,2006-04-28T00:00:00.000Z,4/28/2006 5:16:00 PM,Mid-Block (not related to intersection),69,PEDALCYCLIST OVERTURNED IN ROAD,,0,Clear or Partly Cloudy,Dry,Daylight,,6118003.0,,45.0,Vehicle - Pedalcyclist,0,0,N,POINT (1270505.976049796 223436.533208847),2488.0,8.090724417452254e-06,Clear or Partly Cloudy,2006-04-28,17:16:00,17.0,4,1,1.0,Clear or Partly Cloudy
44997,59042,59042,2061343,Matched,Block,,ROY ST BETWEEN 9TH AVE N AND VALLEY ST,,,2b,Serious Injury Collision,Cycles,2,0,1,1,1,1,0,2006-03-31T00:00:00.000Z,3/31/2006 1:00:00 PM,Mid-Block (not related to intersection),23,"MOTOR VEHICLE STRUCK PEDALCYCLIST, LEFT SIDE SIDESWIPE",,0,Clear or Partly Cloudy,Dry,Daylight,Y,6090036.0,,45.0,Vehicle - Pedalcyclist,0,0,N,POINT (1269105.841584355 231830.6835534424),13725.0,3.204017498135113e-09,Clear or Partly Cloudy,2006-03-31,13:00:00,13.0,4,1,0.0,Clear or Partly Cloudy
45007,59043,59043,2192202,Matched,Intersection,29504.0,DENNY WAY AND FAIRVIEW AVE,,,2,Injury Collision,Cycles,2,0,1,1,1,0,0,2006-02-11T00:00:00.000Z,2/11/2006 12:12:00 PM,At Intersection (intersection related),18,"MOTOR VEHICLE STRUCK PEDALCYCLIST, FRONT END AT ANGLE",,0,Clear or Partly Cloudy,Dry,Daylight,Y,6042005.0,,45.0,Vehicle - Pedalcyclist,0,0,N,POINT (1270270.959921554 229225.9140147865),8794.0,0.0,Clear or Partly Cloudy,2006-02-11,12:12:00,12.0,5,0,0.0,Clear or Partly Cloudy
45031,59053,59053,2611677,Matched,Block,,FREMONT BR BETWEEN 4TH AVE N AND POINT A,,,2,Injury Collision,Cycles,2,0,1,1,1,0,0,2006-08-05T00:00:00.000Z,8/5/2006,Mid-Block (not related to intersection),51,PEDALCYCLIST STRUCK MOTOR VEHICLE FRONT END AT ANGLE,,0,Clear or Partly Cloudy,Dry,Daylight,,6217004.0,,45.0,Vehicle - Pedalcyclist,0,0,N,POINT (1266655.000557855 239720.5469855219),10319.0,3.148926621466059e-05,Clear or Partly Cloudy,2006-08-05,00:00:00,,5,0,,Clear or Partly Cloudy
45088,58805,58805,2610560,Matched,Intersection,34561.0,38TH AVE S AND S OTHELLO ST,,,2,Injury Collision,Cycles,2,0,1,1,1,0,0,2006-08-23T00:00:00.000Z,8/23/2006 2:30:00 PM,At Intersection (intersection related),18,"MOTOR VEHICLE STRUCK PEDALCYCLIST, FRONT END AT ANGLE",,0,Overcast,Dry,Daylight,,6235006.0,,45.0,Vehicle - Pedalcyclist,0,0,N,POINT (1281928.124733493 199274.7710721195),4844.0,0.0,Overcast,2006-08-23,14:30:00,14.0,2,1,0.0,Clear or Partly Cloudy
45122,58814,58814,2620394,Matched,Intersection,28383.0,MONTLAKE BLVD E AND E SHELBY ST,,,2,Injury Collision,Cycles,2,0,1,1,1,0,0,2006-11-01T00:00:00.000Z,11/1/2006,At Intersection (intersection related),18,"MOTOR VEHICLE STRUCK PEDALCYCLIST, FRONT END AT ANGLE",,0,Clear or Partly Cloudy,Dry,Daylight,Y,6305003.0,,45.0,Vehicle - Pedalcyclist,0,0,N,POINT (1277774.244153231 239252.1171610504),3949.0,0.0,Clear or Partly Cloudy,2006-11-01,00:00:00,,2,1,,Clear or Partly Cloudy
45145,59471,59471,2621783,Matched,Block,,FAIRVIEW AVE E BETWEEN E LYNN ST AND E ROANOKE ST,,,2b,Serious Injury Collision,Cycles,2,0,1,1,1,1,0,2006-08-14T00:00:00.000Z,8/14/2006 5:47:00 PM,Driveway Junction,18,"MOTOR VEHICLE STRUCK PEDALCYCLIST, FRONT END AT ANGLE",,0,Clear or Partly Cloudy,Dry,Daylight,Y,6226003.0,,45.0,Vehicle - Pedalcyclist,0,0,N,POINT (1271629.318002939 237590.9240713418),17916.0,1.1042993322283299e-05,Clear or Partly Cloudy,2006-08-14,17:47:00,17.0,0,1,1.0,Clear or Partly Cloudy
45169,59343,59343,2619534,Matched,Intersection,31904.0,CALIFORNIA AVE SW AND SW OREGON ST,,,2,Injury Collision,Cycles,2,0,1,1,1,0,0,2006-08-30T00:00:00.000Z,8/30/2006 12:45:00 PM,At Intersection (intersection related),18,"MOTOR VEHICLE STRUCK PEDALCYCLIST, FRONT END AT ANGLE",,0,Clear or Partly Cloudy,Dry,Daylight,,6242003.0,,45.0,Vehicle - Pedalcyclist,0,0,N,POINT (1256911.100451872 209204.0741222799),2033.0,0.0,Clear or Partly Cloudy,2006-08-30,12:45:00,12.0,2,1,0.0,Clear or Partly Cloudy
45185,59477,59477,1069281,Matched,Intersection,29557.0,4TH AVE AND VIRGINIA ST,,,2,Injury Collision,Cycles,3,0,1,1,1,0,0,2006-05-11T00:00:00.000Z,5/11/2006 9:55:00 AM,At Intersection (intersection related),18,"MOTOR VEHICLE STRUCK PEDALCYCLIST, FRONT END AT ANGLE",,0,Clear or Partly Cloudy,Dry,Daylight,Y,6131002.0,,45.0,Vehicle - Pedalcyclist,0,0,N,POINT (1268807.259184062 227264.4573727697),397.0,0.0,Clear or Partly Cloudy,2006-05-11,09:55:00,9.0,3,1,1.0,Clear or Partly Cloudy
45264,59626,59626,1796444,Matched,Block,,LAKE WASHINGTON BLVD S BETWEEN LAKESIDE AVE S AND LAKE PARK DR S,,,1,Property Damage Only Collision,Cycles,2,0,1,1,0,0,0,2006-05-14T00:00:00.000Z,5/14/2006 3:17:00 PM,Mid-Block (not related to intersection),23,"MOTOR VEHICLE STRUCK PEDALCYCLIST, LEFT SIDE SIDESWIPE",,0,Clear or Partly Cloudy,Dry,Daylight,,6134001.0,,45.0,Vehicle - Pedalcyclist,0,0,N,POINT (1281466.821053013 216509.8284977674),21066.0,5.896784313651222e-07,Clear or Partly Cloudy,2006-05-14,15:17:00,15.0,6,0,1.0,Clear or Partly Cloudy
45333,59804,59804,2606913,Matched,Block,,S COLUMBIAN WAY BETWEEN 15TH S AVE S AND S OREGON W ST,,,2,Injury Collision,Cycles,3,0,1,1,1,0,0,2006-12-01T00:00:00.000Z,12/1/2006,Mid-Block (not related to intersection),51,PEDALCYCLIST STRUCK MOTOR VEHICLE FRONT END AT ANGLE,,0,Overcast,Wet,Daylight,,6335001.0,,45.0,Vehicle - Pedalcyclist,0,0,N,POINT (1275030.697526425 209205.212298274),20205.0,0.0,Overcast,2006-12-01,00:00:00,,4,1,,Clear or Partly Cloudy
45361,59525,59525,2070254,Matched,Intersection,28889.0,ROY ST AND TAYLOR AVE N,,,2b,Serious Injury Collision,Cycles,2,0,1,1,1,1,0,2006-05-17T00:00:00.000Z,5/17/2006 7:01:00 PM,At Intersection (intersection related),51,PEDALCYCLIST STRUCK MOTOR VEHICLE FRONT END AT ANGLE,,0,Clear or Partly Cloudy,Dry,Daylight,,6137031.0,,45.0,Vehicle - Pedalcyclist,0,0,N,POINT (1267360.416814581 231800.5743694156),944.0,0.0,Clear or Partly Cloudy,2006-05-17,19:01:00,19.0,2,1,1.0,Clear or Partly Cloudy
45375,59523,59523,2071436,Matched,Intersection,24312.0,AURORA AVE N AND WINONA AVE N,,,2,Injury Collision,Cycles,2,0,1,1,1,0,0,2006-05-26T00:00:00.000Z,5/26/2006 3:21:00 PM,At Intersection (intersection related),18,"MOTOR VEHICLE STRUCK PEDALCYCLIST, FRONT END AT ANGLE",,0,Clear or Partly Cloudy,Dry,Daylight,,6146003.0,,45.0,Vehicle - Pedalcyclist,0,0,N,POINT (1268208.763695449 252708.8106788248),1040.0,0.0,Clear or Partly Cloudy,2006-05-26,15:21:00,15.0,4,1,1.0,Clear or Partly Cloudy
45462,59420,59420,2185373,Matched,Intersection,24585.0,4TH AVE NE AND EAST GREEN LAKE WAY N,,,1,Property Damage Only Collision,Cycles,2,0,1,1,0,0,0,2006-06-16T00:00:00.000Z,6/16/2006 5:05:00 PM,At Intersection (intersection related),18,"MOTOR VEHICLE STRUCK PEDALCYCLIST, FRONT END AT ANGLE",,0,Clear or Partly Cloudy,Dry,Daylight,Y,6167008.0,,45.0,Vehicle - Pedalcyclist,0,0,N,POINT (1272525.154355869 251086.389173165),2964.0,0.0,Clear or Partly Cloudy,2006-06-16,17:05:00,17.0,4,1,1.0,Clear or Partly Cloudy
45481,59686,59686,2607417,Matched,Intersection,30365.0,1ST AVE S AND S JACKSON ST,,,2,Injury Collision,Cycles,2,0,1,1,1,0,0,2006-09-12T00:00:00.000Z,9/12/2006 3:50:00 PM,At Intersection (intersection related),51,PEDALCYCLIST STRUCK MOTOR VEHICLE FRONT END AT ANGLE,,0,Clear or Partly Cloudy,Dry,Daylight,,6255004.0,,45.0,Vehicle - Pedalcyclist,0,0,N,POINT (1270150.066225424 222182.4193515629),1802.0,0.0,Clear or Partly Cloudy,2006-09-12,15:50:00,15.0,1,1,1.0,Clear or Partly Cloudy
45542,59703,59703,2401081,Matched,Block,,24TH AVE E BETWEEN DEAD END 1 AND E NORTH ST,,,2,Injury Collision,Cycles,2,0,1,1,1,0,0,2006-06-22T00:00:00.000Z,6/22/2006 4:21:00 PM,Driveway Junction,51,PEDALCYCLIST STRUCK MOTOR VEHICLE FRONT END AT ANGLE,,0,Clear or Partly Cloudy,Dry,Daylight,,6173006.0,,45.0,Vehicle - Pedalcyclist,0,0,N,POINT (1278367.880761847 238225.2573200017),23407.0,2.5985180009638397e-05,Clear or Partly Cloudy,2006-06-22,16:21:00,16.0,3,1,1.0,Clear or Partly Cloudy
45655,59327,59327,2624511,Matched,Intersection,26843.0,DENSMORE AVE N AND N 40TH ST,,,2b,Serious Injury Collision,Cycles,2,0,1,1,1,1,0,2006-10-18T00:00:00.000Z,10/18/2006 7:13:00 PM,At Intersection (intersection related),18,"MOTOR VEHICLE STRUCK PEDALCYCLIST, FRONT END AT ANGLE",,0,Raining,Wet,Dark - Street Lights On,,6291009.0,,45.0,Vehicle - Pedalcyclist,0,0,N,POINT (1269747.729201019 242785.2189886719),693.0,0.0,Raining,2006-10-18,19:13:00,19.0,2,1,1.0,Raining
45671,59994,59994,2607716,Matched,Block,,STEWART ST BETWEEN 8TH AVE AND 9TH AVE,,,2,Injury Collision,Cycles,2,0,1,1,1,0,0,2006-08-15T00:00:00.000Z,8/15/2006 9:27:00 AM,Driveway Junction,18,"MOTOR VEHICLE STRUCK PEDALCYCLIST, FRONT END AT ANGLE",,0,Clear or Partly Cloudy,Dry,Daylight,,6227041.0,,45.0,Vehicle - Pedalcyclist,0,0,N,POINT (1270097.299889371 228049.8687015772),19038.0,5.014234262537953e-09,Clear or Partly Cloudy,2006-08-15,09:27:00,9.0,1,1,1.0,Clear or Partly Cloudy
45690,59862,59862,2618077,Matched,Intersection,25792.0,BROOKLYN AVE NE AND NE 50TH ST,,,2,Injury Collision,Cycles,2,0,1,1,1,0,0,2006-09-05T00:00:00.000Z,9/5/2006,At Intersection (intersection related),18,"MOTOR VEHICLE STRUCK PEDALCYCLIST, FRONT END AT ANGLE",,0,Clear or Partly Cloudy,Dry,Daylight,Y,6248003.0,,45.0,Vehicle - Pedalcyclist,0,0,N,POINT (1275539.245622948 246048.9179360121),652.0,0.0,Clear or Partly Cloudy,2006-09-05,00:00:00,,1,1,,Clear or Partly Cloudy
45702,59998,59998,2608214,Matched,Intersection,29657.0,BROAD ST AND DENNY WAY,,,2,Injury Collision,Cycles,2,0,1,1,1,0,0,2006-10-27T00:00:00.000Z,10/27/2006 8:19:00 AM,At Intersection (intersection related),18,"MOTOR VEHICLE STRUCK PEDALCYCLIST, FRONT END AT ANGLE",Y,0,Clear or Partly Cloudy,Dry,Daylight,Y,6300001.0,,45.0,Vehicle - Pedalcyclist,0,0,N,POINT (1266301.37143749 229327.3396788836),690.0,0.0,Clear or Partly Cloudy,2006-10-27,08:19:00,8.0,4,1,1.0,Clear or Partly Cloudy
45715,60009,60009,C669638,Matched,Intersection,30793.0,HIAWATHA PL S AND S CHARLES ST,,,2,Injury Collision,Cycles,2,0,1,1,1,0,0,2006-06-06T00:00:00.000Z,6/6/2006,At Intersection (intersection related),18,"MOTOR VEHICLE STRUCK PEDALCYCLIST, FRONT END AT ANGLE",,0,Clear or Partly Cloudy,Dry,Daylight,,6157054.0,,45.0,Vehicle - Pedalcyclist,0,0,N,POINT (1276300.119095728 220322.2322136611),763.0,0.0,Clear or Partly Cloudy,2006-06-06,00:00:00,,1,1,,Clear or Partly Cloudy
45759,60275,60275,C668087,Matched,Intersection,27167.0,UNIVERSITY WAY NE AND NE PACIFIC ST,,,2,Injury Collision,Cycles,2,0,1,1,1,0,0,2006-04-28T00:00:00.000Z,4/28/2006 5:30:00 PM,At Intersection (intersection related),18,"MOTOR VEHICLE STRUCK PEDALCYCLIST, FRONT END AT ANGLE",,0,Clear or Partly Cloudy,Dry,Daylight,,6118049.0,,45.0,Vehicle - Pedalcyclist,0,0,N,POINT (1275674.208311081 241847.4433717132),2203.0,0.0,Clear or Partly Cloudy,2006-04-28,17:30:00,17.0,4,1,1.0,Clear or Partly Cloudy
45794,60147,60147,2622814,Matched,Block,,HOWELL ST BETWEEN BOREN AVE AND MINOR AVE,,,1,Property Damage Only Collision,Cycles,2,0,1,1,0,0,0,2006-12-23T00:00:00.000Z,12/23/2006 4:30:00 PM,Mid-Block (not related to intersection),23,"MOTOR VEHICLE STRUCK PEDALCYCLIST, LEFT SIDE SIDESWIPE",,0,Clear or Partly Cloudy,Dry,Dark - Street Lights On,,6357001.0,,45.0,Vehicle - Pedalcyclist,0,0,N,POINT (1271061.342386365 228476.7083820105),6426.0,9.475761275340016e-06,Clear or Partly Cloudy,2006-12-23,16:30:00,16.0,5,0,1.0,Clear or Partly Cloudy
45795,59898,59898,2185363,Matched,Block,,N 45TH ST BETWEEN SUNNYSIDE AVE N AND EASTERN AVE N,,,2b,Serious Injury Collision,Cycles,2,0,1,1,1,1,0,2006-03-03T00:00:00.000Z,3/3/2006,Mid-Block (not related to intersection),56,PEDALCYCLIST STRUCK MOTOR VEHICLE LEFT SIDE SIDESWIPE,,0,Clear or Partly Cloudy,Dry,Daylight,,6062007.0,,45.0,Vehicle - Pedalcyclist,0,0,N,POINT (1271730.542387053 244830.2742867619),9056.0,1.5950430834439635e-05,Clear or Partly Cloudy,2006-03-03,00:00:00,,4,1,,Clear or Partly Cloudy
45832,60159,60159,2624560,Matched,Block,,N NORTHGATE WAY BETWEEN MIDVALE AVE N AND STONE AVE N,,,2,Injury Collision,Cycles,2,0,1,1,1,0,0,2006-09-09T00:00:00.000Z,9/9/2006,Mid-Block (not related to intersection),21,"MOTOR VEHICLE STRUCK PEDALCYCLIST, REAR END",,0,Raining,Wet,Dark - Street Lights On,,6252009.0,,45.0,Vehicle - Pedalcyclist,0,0,N,POINT (1268815.92427206 260824.0382071435),23304.0,1.868381474292105e-05,Raining,2006-09-09,00:00:00,,5,0,,Raining
45834,60158,60158,2618151,Matched,Intersection,27093.0,ROOSEVELT WAY NE AND NE 42ND S ST,,,2,Injury Collision,Cycles,2,0,1,1,1,0,0,2006-09-11T00:00:00.000Z,9/11/2006 11:14:00 PM,At Intersection (intersection related),18,"MOTOR VEHICLE STRUCK PEDALCYCLIST, FRONT END AT ANGLE",,0,Clear or Partly Cloudy,Dry,Dark - Street Lights On,Y,6254002.0,,45.0,Vehicle - Pedalcyclist,0,0,N,POINT (1274602.278453991 243369.3024452627),15971.0,0.0,Clear or Partly Cloudy,2006-09-11,23:14:00,23.0,0,1,0.0,Clear or Partly Cloudy
45838,60156,60156,2608894,Matched,Block,,4TH AVE S BETWEEN S WASHINGTON ST AND S MAIN ST,,,2,Injury Collision,Cycles,2,0,1,1,1,0,0,2006-10-13T00:00:00.000Z,10/13/2006 12:40:00 PM,Driveway Junction,18,"MOTOR VEHICLE STRUCK PEDALCYCLIST, FRONT END AT ANGLE",,0,Unknown,Unknown,Daylight,Y,6286001.0,,45.0,Vehicle - Pedalcyclist,0,0,N,POINT (1271447.613554761 222614.0247280151),2971.0,2.082735031432948e-05,,2006-10-13,12:40:00,12.0,4,1,0.0,
45878,59918,59918,2020844,Matched,Block,,N 85TH ST BETWEEN LINDEN AVE N AND AURORA AVE N,,,2b,Serious Injury Collision,Cycles,2,0,1,1,1,1,0,2006-04-10T00:00:00.000Z,4/10/2006 5:30:00 PM,Driveway Junction,18,"MOTOR VEHICLE STRUCK PEDALCYCLIST, FRONT END AT ANGLE",,0,Clear or Partly Cloudy,Dry,Daylight,Y,6100005.0,,45.0,Vehicle - Pedalcyclist,0,0,N,POINT (1267924.252463147 255558.0565697402),15368.0,2.108748633669969e-05,Clear or Partly Cloudy,2006-04-10,17:30:00,17.0,0,1,1.0,Clear or Partly Cloudy
45961,60073,60073,C672711,Matched,Intersection,28393.0,24TH AVE E AND E NORTH ST,,,1,Property Damage Only Collision,Cycles,2,0,1,1,0,0,0,2006-08-16T00:00:00.000Z,8/16/2006 4:50:00 PM,At Intersection (intersection related),51,PEDALCYCLIST STRUCK MOTOR VEHICLE FRONT END AT ANGLE,,0,Clear or Partly Cloudy,Dry,Daylight,,6228038.0,,45.0,Vehicle - Pedalcyclist,0,0,N,POINT (1278368.908089846 238270.3976080418),2601.0,0.0,Clear or Partly Cloudy,2006-08-16,16:50:00,16.0,2,1,1.0,Clear or Partly Cloudy
45981,60197,60197,2623759,Matched,Block,,BOREN AVE S BETWEEN E YESLER WAY AND 12TH AVE S TURN RD,,,2,Injury Collision,Cycles,5,0,1,1,1,0,0,2006-12-07T00:00:00.000Z,12/7/2006,Mid-Block (but intersection related),11,"MOTOR VEHICLE STRUCK MOTOR VEHICLE, FRONT END AT ANGLE",,0,Overcast,Wet,Dark - Street Lights On,Y,6341003.0,,45.0,Vehicle - Pedalcyclist,0,0,N,POINT (1274265.715381652 222919.5001843274),3394.0,2.9024370187948944e-05,Overcast,2006-12-07,00:00:00,,3,1,,Clear or Partly Cloudy
46007,59957,59957,2622254,Matched,Intersection,29739.0,11TH AVE AND E PINE ST,,,2,Injury Collision,Cycles,2,0,1,1,1,0,0,2006-08-25T00:00:00.000Z,8/25/2006 6:51:00 PM,At Intersection (intersection related),18,"MOTOR VEHICLE STRUCK PEDALCYCLIST, FRONT END AT ANGLE",,0,Clear or Partly Cloudy,Dry,Daylight,Y,6237019.0,,45.0,Vehicle - Pedalcyclist,0,0,N,POINT (1274216.837429598 227958.9433894902),28.0,0.0,Clear or Partly Cloudy,2006-08-25,18:51:00,18.0,4,1,1.0,Clear or Partly Cloudy
46028,60206,60206,2618027,Matched,Intersection,27149.0,15TH AVE NE AND NE PACIFIC ST,,,1,Property Damage Only Collision,Cycles,3,0,1,1,0,0,0,2006-09-02T00:00:00.000Z,9/2/2006,At Intersection (intersection related),18,"MOTOR VEHICLE STRUCK PEDALCYCLIST, FRONT END AT ANGLE",,0,Clear or Partly Cloudy,Dry,Daylight,Y,6245007.0,,45.0,Vehicle - Pedalcyclist,0,0,N,POINT (1275885.728567302 241688.8779955506),1534.0,0.0,Clear or Partly Cloudy,2006-09-02,00:00:00,,5,0,,Clear or Partly Cloudy
46120,59850,59850,2018653,Matched,Block,,BEACH DR SW BETWEEN SW BEACH DRIVE TER AND SW CANADA DR,,,1,Property Damage Only Collision,Cycles,2,0,1,1,0,0,0,2006-03-23T00:00:00.000Z,3/23/2006 9:11:00 PM,Mid-Block (not related to intersection),18,"MOTOR VEHICLE STRUCK PEDALCYCLIST, FRONT END AT ANGLE",,0,Clear or Partly Cloudy,Dry,Dark - Street Lights On,Y,6082027.0,,45.0,Vehicle - Pedalcyclist,0,0,N,POINT (1253479.738656357 206991.1114320159),18898.0,2.2828750559145457e-05,Clear or Partly Cloudy,2006-03-23,21:11:00,21.0,3,1,0.0,Clear or Partly Cloudy
46181,60511,60511,2061109,Matched,Intersection,27114.0,7TH AVE NE AND NE 40TH ST,,,1,Property Damage Only Collision,Cycles,2,0,1,1,0,0,0,2006-01-03T00:00:00.000Z,1/3/2006,At Intersection (intersection related),18,"MOTOR VEHICLE STRUCK PEDALCYCLIST, FRONT END AT ANGLE",,0,Clear or Partly Cloudy,Wet,Daylight,Y,6003008.0,,45.0,Vehicle - Pedalcyclist,0,0,N,POINT (1273838.842165202 242792.6606526673),1388.0,0.0,Clear or Partly Cloudy,2006-01-03,00:00:00,,1,1,,Clear or Partly Cloudy
46243,60657,60657,2187709,Matched,Intersection,30444.0,DEARBORN OFF RP AND S DEARBORN ST,,,2,Injury Collision,Cycles,2,0,1,1,1,0,0,2006-02-22T00:00:00.000Z,2/22/2006 10:54:00 AM,At Intersection (intersection related),51,PEDALCYCLIST STRUCK MOTOR VEHICLE FRONT END AT ANGLE,,0,Overcast,Dry,Daylight,,6053003.0,,45.0,Vehicle - Pedalcyclist,0,0,N,POINT (1273287.891764641 220890.7895262539),7667.0,0.0,Overcast,2006-02-22,10:54:00,10.0,2,1,0.0,Clear or Partly Cloudy
46294,60808,60808,2070289,Matched,Intersection,29592.0,2ND AVE AND PIKE ST,,,2,Injury Collision,Cycles,3,0,1,1,1,0,0,2006-05-26T00:00:00.000Z,5/26/2006 9:59:00 PM,At Intersection (intersection related),51,PEDALCYCLIST STRUCK MOTOR VEHICLE FRONT END AT ANGLE,,0,Clear or Partly Cloudy,Dry,Dark - Street Lights On,,6146004.0,,45.0,Vehicle - Pedalcyclist,0,0,N,POINT (1269058.773296311 225881.3874193579),135.0,0.0,Clear or Partly Cloudy,2006-05-26,21:59:00,21.0,4,1,0.0,Clear or Partly Cloudy
46382,60695,60695,2608656,Matched,Block,,6TH AVE BETWEEN BELL ST AND BATTERY ST,,,2,Injury Collision,Cycles,2,0,1,1,1,0,0,2006-07-19T00:00:00.000Z,7/19/2006 8:49:00 AM,Mid-Block (not related to intersection),18,"MOTOR VEHICLE STRUCK PEDALCYCLIST, FRONT END AT ANGLE",,0,Clear or Partly Cloudy,Dry,Daylight,,6200008.0,,45.0,Vehicle - Pedalcyclist,0,0,N,POINT (1268137.477039367 228743.8794542849),22797.0,2.8608480863603333e-06,Clear or Partly Cloudy,2006-07-19,08:49:00,8.0,2,1,1.0,Clear or Partly Cloudy
46385,60694,60694,2621011,Matched,Intersection,29878.0,BOREN AVE AND PIKE ST,,,2,Injury Collision,Cycles,2,0,1,1,1,0,0,2006-07-20T00:00:00.000Z,7/20/2006 9:45:00 PM,At Intersection (intersection related),18,"MOTOR VEHICLE STRUCK PEDALCYCLIST, FRONT END AT ANGLE",,0,Clear or Partly Cloudy,Dry,Dark - Street Lights On,Y,6201007.0,,45.0,Vehicle - Pedalcyclist,0,0,N,POINT (1271552.335410863 227358.0148768723),6588.0,0.0,Clear or Partly Cloudy,2006-07-20,21:45:00,21.0,3,1,0.0,Clear or Partly Cloudy
46413,60829,60829,2615293,Matched,Block,,26TH AVE E BETWEEN BOYER AVE E AND E NEWTON ST,,,2b,Serious Injury Collision,Cycles,2,0,1,1,1,1,0,2006-12-07T00:00:00.000Z,12/7/2006,Mid-Block (but intersection related),51,PEDALCYCLIST STRUCK MOTOR VEHICLE FRONT END AT ANGLE,,0,Overcast,Dry,Daylight,,6341001.0,,45.0,Vehicle - Pedalcyclist,0,0,N,POINT (1278968.479994461 235403.2652531117),8511.0,1.7366605418985038e-05,Overcast,2006-12-07,00:00:00,,3,1,,Clear or Partly Cloudy
46419,60568,60568,2192155,Matched,Intersection,30543.0,MAYNARD AVE S AND S DEARBORN ST,,,2,Injury Collision,Cycles,2,0,1,1,1,0,0,2006-04-10T00:00:00.000Z,4/10/2006 8:38:00 PM,At Intersection (intersection related),51,PEDALCYCLIST STRUCK MOTOR VEHICLE FRONT END AT ANGLE,,0,Clear or Partly Cloudy,Dry,Dark - Street Lights On,,6100006.0,,45.0,Vehicle - Pedalcyclist,0,0,N,POINT (1272375.796019703 220909.8349022716),3657.0,0.0,Clear or Partly Cloudy,2006-04-10,20:38:00,20.0,0,1,0.0,Clear or Partly Cloudy