OBJECTID,INCKEY,COLDETKEY,REPORTNO,STATUS,ADDRTYPE,INTKEY,LOCATION,EXCEPTRSNC,EXCEPTRSND,SEVERITYCO,SEVERITYDE,COLLISIONT,PERSONCOUN,PEDCOUNT,PEDCYLCOUN,VEHCOUNT,INJURIES,SERIOUSINJ,FATALITIES,INCDATE,INCDTTM,JUNCTIONTY,SDOT_COLCO,SDOT_COLDE,INATTENTIO,UNDERINFL,WEATHER,ROADCOND,LIGHTCOND,PEDROWNOTG,SDOTCOLNUM,SPEEDING,ST_COLCODE,ST_COLDESC,SEGLANEKEY,CROSSWALKK,HITPARKEDC,geometry,near_str_index,min_length,weather_group,date,time,hour,dayofweek,weekday,rushhour,weather_group2
46440,60582,60582,2625680,Matched,Intersection,33753.0,CALIFORNIA AVE SW AND SW BEVERIDGE PL,,,2,Injury Collision,Cycles,2,0,1,1,1,0,0,2006-11-03T00:00:00.000Z,11/3/2006,At Intersection (intersection related),51,PEDALCYCLIST STRUCK MOTOR VEHICLE FRONT END AT ANGLE,,0,Raining,Wet,Dark - Street Lights On,,6307005.0,,45.0,Vehicle - Pedalcyclist,0,0,N,POINT (1256674.261027634 202792.7363877147),9735.0,0.0,Raining,2006-11-03,00:00:00,,4,1,,Raining
46463,60446,60446,2618138,Matched,Intersection,36792.0,SAND POINT WAY NE AND NE 106TH ST,,,2,Injury Collision,Cycles,2,0,1,1,1,0,0,2006-10-06T00:00:00.000Z,10/6/2006,At Intersection (intersection related),18,"MOTOR VEHICLE STRUCK PEDALCYCLIST, FRONT END AT ANGLE",,0,Raining,Wet,Daylight,Y,6279032.0,,45.0,Vehicle - Pedalcyclist,0,0,N,POINT (1284658.195776284 260531.0568308383),4101.0,0.0,Raining,2006-10-06,00:00:00,,4,1,,Raining
46516,60337,60337,2058630,Matched,Intersection,26916.0,BURKE AVE N AND N NORTHLAKE WAY,,,2,Injury Collision,Cycles,2,0,1,1,1,0,0,2006-04-25T00:00:00.000Z,4/25/2006 6:36:00 PM,At Intersection (but not related to intersection),18,"MOTOR VEHICLE STRUCK PEDALCYCLIST, FRONT END AT ANGLE",,0,Clear or Partly Cloudy,Dry,Daylight,Y,6115007.0,,45.0,Vehicle - Pedalcyclist,0,0,N,POINT (1270247.452977523 239571.4920093715),7139.0,0.0,Clear or Partly Cloudy,2006-04-25,18:36:00,18.0,1,1,1.0,Clear or Partly Cloudy
46548,60340,60340,2187669,Matched,Block,,DEXTER AVE N BETWEEN HIGHLAND DR AND COMSTOCK ST,,,2,Injury Collision,Cycles,2,0,1,1,1,0,0,2006-04-24T00:00:00.000Z,4/24/2006 8:14:00 AM,Mid-Block (not related to intersection),56,PEDALCYCLIST STRUCK MOTOR VEHICLE LEFT SIDE SIDESWIPE,,0,Clear or Partly Cloudy,Dry,Daylight,,6114010.0,,45.0,Vehicle - Pedalcyclist,0,0,N,POINT (1268370.450863615 233507.7053151727),8780.0,1.6527839516039307e-05,Clear or Partly Cloudy,2006-04-24,08:14:00,8.0,0,1,1.0,Clear or Partly Cloudy
46549,60596,60596,1216470,Matched,Intersection,37393.0,EVANSTON AVE N AND N 102ND ST,,,2,Injury Collision,Cycles,2,0,1,1,1,0,0,2006-05-12T00:00:00.000Z,5/12/2006 6:54:00 PM,At Intersection (intersection related),51,PEDALCYCLIST STRUCK MOTOR VEHICLE FRONT END AT ANGLE,,0,Clear or Partly Cloudy,Dry,Daylight,,6132004.0,,45.0,Vehicle - Pedalcyclist,0,0,N,POINT (1266780.325677976 260078.5084783733),1187.0,0.0,Clear or Partly Cloudy,2006-05-12,18:54:00,18.0,4,1,1.0,Clear or Partly Cloudy
46653,60765,60765,2405309,Matched,Block,,12TH AVE NE BETWEEN NE 63RD ST AND NE 64TH ST,,,2,Injury Collision,Cycles,2,0,1,1,1,0,0,2006-06-21T00:00:00.000Z,6/21/2006 6:08:00 PM,Mid-Block (not related to intersection),18,"MOTOR VEHICLE STRUCK PEDALCYCLIST, FRONT END AT ANGLE",,0,Clear or Partly Cloudy,Dry,Daylight,Y,6172001.0,,45.0,Vehicle - Pedalcyclist,0,0,N,POINT (1275250.434358656 249578.1838596165),19419.0,5.395187840374843e-06,Clear or Partly Cloudy,2006-06-21,18:08:00,18.0,2,1,1.0,Clear or Partly Cloudy
46696,61170,61170,2023448,Matched,Intersection,27297.0,MONTLAKE BLVD NE AND NE PACIFIC PL,,,2,Injury Collision,Cycles,2,0,1,1,1,0,0,2006-05-06T00:00:00.000Z,5/6/2006,At Intersection (intersection related),18,"MOTOR VEHICLE STRUCK PEDALCYCLIST, FRONT END AT ANGLE",,0,Overcast,Dry,Daylight,Y,6126003.0,,45.0,Vehicle - Pedalcyclist,0,0,N,POINT (1277981.094969451 240958.2542507946),7414.0,0.0,Overcast,2006-05-06,00:00:00,,5,0,,Clear or Partly Cloudy
46764,60918,60918,2279864,Matched,Block,,MONTLAKE BLVD E BETWEEN E SHELBY ST AND MONTLAKE BR,,,2,Injury Collision,Cycles,2,0,1,1,1,0,0,2006-03-17T00:00:00.000Z,3/17/2006 8:30:00 AM,Mid-Block (not related to intersection),23,"MOTOR VEHICLE STRUCK PEDALCYCLIST, LEFT SIDE SIDESWIPE",,0,Overcast,Wet,Daylight,Y,6076010.0,,45.0,Vehicle - Pedalcyclist,0,0,N,POINT (1277776.145273238 239328.7498011291),13777.0,7.372871756004756e-06,Overcast,2006-03-17,08:30:00,8.0,4,1,1.0,Clear or Partly Cloudy
46805,60932,60932,2026487,Matched,Intersection,287145.0,BURKE GILMAN TRL AND NW 41ST ST,,,2,Injury Collision,Cycles,2,0,1,1,1,0,0,2006-03-09T00:00:00.000Z,3/9/2006,At Intersection (intersection related),18,"MOTOR VEHICLE STRUCK PEDALCYCLIST, FRONT END AT ANGLE",,0,Clear or Partly Cloudy,Dry,Daylight,,6068003.0,,45.0,Vehicle - Pedalcyclist,0,0,N,POINT (1263230.42487435 243379.3082052767),11615.0,0.0,Clear or Partly Cloudy,2006-03-09,00:00:00,,3,1,,Clear or Partly Cloudy
46863,60954,60954,1077134,Matched,Intersection,33135.0,CORSON AVE S AND S MICHIGAN ST,,,2,Injury Collision,Cycles,2,0,1,1,1,0,0,2006-06-20T00:00:00.000Z,6/20/2006 9:43:00 PM,At Intersection (intersection related),18,"MOTOR VEHICLE STRUCK PEDALCYCLIST, FRONT END AT ANGLE",,0,Clear or Partly Cloudy,Dry,Dark - Street Lights On,Y,6171002.0,,45.0,Vehicle - Pedalcyclist,0,0,N,POINT (1272930.271796271 203265.831556201),1843.0,0.0,Clear or Partly Cloudy,2006-06-20,21:43:00,21.0,1,1,0.0,Clear or Partly Cloudy
46918,60967,60967,2603644,Matched,Block,,WINONA AVE N BETWEEN AURORA AVE N AND STONE AVE N,,,2,Injury Collision,Cycles,2,0,1,1,1,0,0,2006-09-27T00:00:00.000Z,9/27/2006 4:58:00 PM,Mid-Block (not related to intersection),18,"MOTOR VEHICLE STRUCK PEDALCYCLIST, FRONT END AT ANGLE",Y,0,Clear or Partly Cloudy,Dry,Daylight,,6270002.0,,45.0,Vehicle - Pedalcyclist,0,0,N,POINT (1268429.024559662 252845.2575269639),17042.0,1.0156502660789878e-06,Clear or Partly Cloudy,2006-09-27,16:58:00,16.0,2,1,1.0,Clear or Partly Cloudy
46927,61097,61097,2127908,Matched,Block,,HIGHLAND PARK WAY SW BETWEEN 2ND AVE SW AND WEST MARGINAL WAY SW,,,3,Fatality Collision,Cycles,2,0,1,1,0,0,1,2006-03-17T00:00:00.000Z,3/17/2006 1:01:00 PM,Mid-Block (not related to intersection),18,"MOTOR VEHICLE STRUCK PEDALCYCLIST, FRONT END AT ANGLE",,0,Clear or Partly Cloudy,Dry,Daylight,,6076001.0,Y,45.0,Vehicle - Pedalcyclist,0,0,N,POINT (1268385.284399629 200697.2083215714),21800.0,2.741545457875173e-05,Clear or Partly Cloudy,2006-03-17,13:01:00,13.0,4,1,0.0,Clear or Partly Cloudy
46986,61238,61238,2616426,Matched,Block,,SW GRAHAM ST BETWEEN LANHAM PL SW AND 34TH AVE SW,,,1,Property Damage Only Collision,Cycles,2,0,1,1,0,0,0,2006-12-27T00:00:00.000Z,12/27/2006 4:55:00 PM,Mid-Block (not related to intersection),18,"MOTOR VEHICLE STRUCK PEDALCYCLIST, FRONT END AT ANGLE",,0,Overcast,Wet,Dark - Street Lights On,,6361003.0,,45.0,Vehicle - Pedalcyclist,0,0,N,POINT (1259913.251366943 203202.3146921396),22286.0,2.5244242640334844e-05,Overcast,2006-12-27,16:55:00,16.0,2,1,1.0,Clear or Partly Cloudy
47016,61340,61340,2603566,Matched,Block,,N 38TH ST BETWEEN FREMONT WAY N AND FREMONT TURN RD,,,1,Property Damage Only Collision,Cycles,3,0,1,1,0,0,0,2006-10-23T00:00:00.000Z,10/23/2006 5:13:00 PM,Mid-Block (not related to intersection),21,"MOTOR VEHICLE STRUCK PEDALCYCLIST, REAR END",Y,0,Clear or Partly Cloudy,Dry,Daylight,,6296004.0,,45.0,Vehicle - Pedalcyclist,0,0,N,POINT (1267091.569198295 241720.5094195753),21847.0,2.2876640898642262e-06,Clear or Partly Cloudy,2006-10-23,17:13:00,17.0,0,1,1.0,Clear or Partly Cloudy
47080,60999,60999,2390642,Matched,Intersection,26673.0,LEARY WAY NW AND NW 39TH ST,,,1,Property Damage Only Collision,Cycles,2,0,1,1,0,0,0,2006-04-18T00:00:00.000Z,4/18/2006 8:12:00 AM,At Intersection (intersection related),18,"MOTOR VEHICLE STRUCK PEDALCYCLIST, FRONT END AT ANGLE",Y,0,Clear or Partly Cloudy,Dry,Daylight,Y,6108028.0,,45.0,Vehicle - Pedalcyclist,0,0,N,POINT (1264164.958763301 242344.6294202209),3623.0,0.0,Clear or Partly Cloudy,2006-04-18,08:12:00,8.0,1,1,1.0,Clear or Partly Cloudy
47160,61284,61284,2390738,Matched,Block,,NE 45TH ST BETWEEN UNIVERSITY WAY NE AND 15TH AVE NE,,,2,Injury Collision,Cycles,2,0,1,1,1,0,0,2006-04-26T00:00:00.000Z,4/26/2006 9:21:00 PM,Driveway Junction,18,"MOTOR VEHICLE STRUCK PEDALCYCLIST, FRONT END AT ANGLE",,0,Clear or Partly Cloudy,Dry,Dusk,Y,6116003.0,,45.0,Vehicle - Pedalcyclist,0,0,N,POINT (1275919.362807333 244712.5918546468),16279.0,1.2081009833932566e-05,Clear or Partly Cloudy,2006-04-26,21:21:00,21.0,2,1,0.0,Clear or Partly Cloudy
47212,61822,61822,2622183,Matched,Intersection,29408.0,MCGILVRA BLVD E AND E GALER ST,,,2,Injury Collision,Cycles,2,0,1,1,1,0,0,2006-08-27T00:00:00.000Z,8/27/2006 5:28:00 PM,At Intersection (intersection related),18,"MOTOR VEHICLE STRUCK PEDALCYCLIST, FRONT END AT ANGLE",,0,Clear or Partly Cloudy,Dry,Daylight,Y,6239010.0,,45.0,Vehicle - Pedalcyclist,0,0,N,POINT (1283419.714623019 233952.2466916293),10352.0,0.0,Clear or Partly Cloudy,2006-08-27,17:28:00,17.0,6,0,1.0,Clear or Partly Cloudy
47214,61428,61428,C674143,Matched,Block,,SEAVIEW AVE NW BETWEEN NW 61ST ST AND NW 67TH ST,,,2,Injury Collision,Cycles,2,0,1,1,1,0,0,2006-09-11T00:00:00.000Z,9/11/2006 8:30:00 PM,Driveway Junction,18,"MOTOR VEHICLE STRUCK PEDALCYCLIST, FRONT END AT ANGLE",,0,Unknown,Unknown,Unknown,,6254034.0,,45.0,Vehicle - Pedalcyclist,0,0,N,POINT (1252911.162911773 250142.3932681978),19036.0,3.0751829384555464e-05,,2006-09-11,20:30:00,20.0,0,1,0.0,
47241,61439,61439,2625165,Matched,Intersection,29972.0,5TH AVE AND JAMES ST,,,2,Injury Collision,Cycles,2,0,1,1,1,0,0,2006-09-25T00:00:00.000Z,9/25/2006 9:20:00 AM,At Intersection (intersection related),24,MOTOR VEHCILE STRUCK PEDESTRIAN,Y,0,Clear or Partly Cloudy,Dry,Daylight,Y,6268001.0,,45.0,Vehicle - Pedalcyclist,0,0,N,POINT (1271415.525426731 223796.8638972193),3108.0,0.0,Clear or Partly Cloudy,2006-09-25,09:20:00,9.0,0,1,1.0,Clear or Partly Cloudy
47261,61695,61695,2128224,Matched,Block,,E MADISON ST BETWEEN 15TH AVE AND 16TH AVE,,,2,Injury Collision,Cycles,3,0,1,1,1,0,0,2006-01-18T00:00:00.000Z,1/18/2006 7:48:00 AM,Driveway Junction,18,"MOTOR VEHICLE STRUCK PEDALCYCLIST, FRONT END AT ANGLE",,0,Clear or Partly Cloudy,Wet,Dawn,Y,6018015.0,,45.0,Vehicle - Pedalcyclist,0,0,N,POINT (1275703.881015122 227754.2320932746),9845.0,6.420281679624856e-09,Clear or Partly Cloudy,2006-01-18,07:48:00,7.0,2,1,1.0,Clear or Partly Cloudy
47267,61842,61842,2191711,Matched,Intersection,26447.0,GILMAN AVE W AND W EMERSON PL,,,2,Injury Collision,Cycles,3,0,1,1,1,0,0,2006-02-06T00:00:00.000Z,2/6/2006,At Intersection (intersection related),51,PEDALCYCLIST STRUCK MOTOR VEHICLE FRONT END AT ANGLE,,0,Clear or Partly Cloudy,Dry,Daylight,,6037001.0,,45.0,Vehicle - Pedalcyclist,0,0,N,POINT (1257668.481060654 243104.1906369925),8210.0,0.0,Clear or Partly Cloudy,2006-02-06,00:00:00,,0,1,,Clear or Partly Cloudy
47329,61724,61724,1796151,Matched,Intersection,29060.0,15TH AVE E AND E JOHN SR ST,,,2,Injury Collision,Cycles,2,0,1,1,1,0,0,2006-01-13T00:00:00.000Z,1/13/2006 1:20:00 PM,At Intersection (intersection related),18,"MOTOR VEHICLE STRUCK PEDALCYCLIST, FRONT END AT ANGLE",,0,Raining,Wet,Daylight,Y,6013076.0,,45.0,Vehicle - Pedalcyclist,0,0,N,POINT (1275588.554807007 229541.2504630983),17446.0,0.0,Raining,2006-01-13,13:20:00,13.0,4,1,0.0,Raining
47381,61607,61607,2617179,Matched,Intersection,29612.0,2ND AVE AND SENECA ST,,,2,Injury Collision,Cycles,2,0,1,1,1,0,0,2006-09-09T00:00:00.000Z,9/9/2006,At Intersection (intersection related),51,PEDALCYCLIST STRUCK MOTOR VEHICLE FRONT END AT ANGLE,,0,Clear or Partly Cloudy,Dry,Dark - Street Lights On,,6252001.0,,45.0,Vehicle - Pedalcyclist,0,0,N,POINT (1269648.583728924 224885.0384903401),2490.0,0.0,Clear or Partly Cloudy,2006-09-09,00:00:00,,5,0,,Clear or Partly Cloudy
47479,61902,61902,2618737,Matched,Block,,ALASKAN WAY BETWEEN LENORA ST AND BLANCHARD ST,,,2,Injury Collision,Cycles,2,0,1,1,1,0,0,2006-09-07T00:00:00.000Z,9/7/2006,Driveway Junction,18,"MOTOR VEHICLE STRUCK PEDALCYCLIST, FRONT END AT ANGLE",,0,Clear or Partly Cloudy,Dry,Daylight,Y,6250001.0,,45.0,Vehicle - Pedalcyclist,0,0,N,POINT (1267081.411438286 226318.6523158103),15341.0,2.4766131918249388e-06,Clear or Partly Cloudy,2006-09-07,00:00:00,,3,1,,Clear or Partly Cloudy
47576,61782,61782,2623480,Matched,Intersection,29161.0,SUMMIT AVE E AND E OLIVE WAY,,,2,Injury Collision,Cycles,2,0,1,1,1,0,0,2006-11-08T00:00:00.000Z,11/8/2006,At Intersection (intersection related),18,"MOTOR VEHICLE STRUCK PEDALCYCLIST, FRONT END AT ANGLE",,0,Raining,Wet,Dark - Street Lights On,Y,6312005.0,,45.0,Vehicle - Pedalcyclist,0,0,N,POINT (1272484.614195824 229321.0292788744),975.0,0.0,Raining,2006-11-08,00:00:00,,2,1,,Raining
47648,61666,61666,2178709,Matched,Block,,N 34TH ST BETWEEN WOODLAND PARK AVE N AND STONE WAY N,,,2,Injury Collision,Cycles,2,0,1,1,1,0,0,2006-02-28T00:00:00.000Z,2/28/2006 5:04:00 PM,Driveway Junction,18,"MOTOR VEHICLE STRUCK PEDALCYCLIST, FRONT END AT ANGLE",,0,Clear or Partly Cloudy,Dry,Daylight,Y,6059005.0,,45.0,Vehicle - Pedalcyclist,0,0,N,POINT (1268229.432751462 240254.514986068),16565.0,7.236095260111585e-09,Clear or Partly Cloudy,2006-02-28,17:04:00,17.0,1,1,1.0,Clear or Partly Cloudy
47659,61661,61661,C674679,Matched,Intersection,23890.0,18TH AVE NW AND NW 77TH ST,,,2,Injury Collision,Cycles,2,0,1,1,1,0,0,2006-09-19T00:00:00.000Z,9/19/2006 3:00:00 PM,At Intersection (intersection related),11,"MOTOR VEHICLE STRUCK MOTOR VEHICLE, FRONT END AT ANGLE",,0,Clear or Partly Cloudy,Dry,Daylight,,6262043.0,,45.0,Vehicle - Pedalcyclist,0,0,N,POINT (1259476.8722305 253706.3802158535),7532.0,0.0,Clear or Partly Cloudy,2006-09-19,15:00:00,15.0,1,1,1.0,Clear or Partly Cloudy
47667,61549,61549,2071839,Matched,Intersection,29893.0,8TH AVE AND PIKE ST,,,2b,Serious Injury Collision,Cycles,2,1,1,0,2,1,0,2006-06-30T00:00:00.000Z,6/30/2006 8:12:00 AM,At Intersection (intersection related),64,PEDALCYCLIST STRUCK PEDESTRIAN,,0,Clear or Partly Cloudy,Dry,Daylight,,6181003.0,,45.0,Vehicle - Pedalcyclist,0,0,N,POINT (1270720.985650018 226865.1572763622),564.0,0.0,Clear or Partly Cloudy,2006-06-30,08:12:00,8.0,4,1,1.0,Clear or Partly Cloudy
47703,62335,62335,2614437,Matched,Intersection,25793.0,UNIVERSITY WAY NE AND NE 50TH ST,,,1,Property Damage Only Collision,Cycles,2,0,1,1,0,0,0,2006-08-27T00:00:00.000Z,8/27/2006 3:18:00 PM,At Intersection (intersection related),51,PEDALCYCLIST STRUCK MOTOR VEHICLE FRONT END AT ANGLE,Y,0,Clear or Partly Cloudy,Dry,Daylight,,6239002.0,,45.0,Vehicle - Pedalcyclist,0,0,N,POINT (1275819.041847229 246040.7075040042),999.0,0.0,Clear or Partly Cloudy,2006-08-27,15:18:00,15.0,6,0,1.0,Clear or Partly Cloudy
47706,61683,61683,1791187,Matched,Intersection,30134.0,16TH AVE AND E PINE ST,,,2,Injury Collision,Cycles,2,0,1,1,1,0,0,2006-05-16T00:00:00.000Z,5/16/2006 7:18:00 PM,At Intersection (intersection related),51,PEDALCYCLIST STRUCK MOTOR VEHICLE FRONT END AT ANGLE,,0,Clear or Partly Cloudy,Dry,Daylight,,6136042.0,,45.0,Vehicle - Pedalcyclist,0,0,N,POINT (1275868.608823285 227935.6348454654),3936.0,0.0,Clear or Partly Cloudy,2006-05-16,19:18:00,19.0,1,1,1.0,Clear or Partly Cloudy
47725,61550,61550,2187520,Matched,Block,,23RD AVE W BETWEEN W EMERSON PL AND W ELMORE ST,,,2,Injury Collision,Cycles,2,0,1,1,1,0,0,2006-06-30T00:00:00.000Z,6/30/2006 11:28:00 AM,Mid-Block (but intersection related),51,PEDALCYCLIST STRUCK MOTOR VEHICLE FRONT END AT ANGLE,,0,Clear or Partly Cloudy,Dry,Daylight,,6181002.0,,45.0,Vehicle - Pedalcyclist,0,0,N,POINT (1257809.422244787 243452.5369413495),2594.0,1.5959102270873777e-05,Clear or Partly Cloudy,2006-06-30,11:28:00,11.0,4,1,0.0,Clear or Partly Cloudy
47754,62208,62208,2803694,Matched,Intersection,27167.0,UNIVERSITY WAY NE AND NE PACIFIC ST,,,2,Injury Collision,Cycles,2,0,1,1,1,0,0,2006-12-09T00:00:00.000Z,12/9/2006,At Intersection (intersection related),18,"MOTOR VEHICLE STRUCK PEDALCYCLIST, FRONT END AT ANGLE",,0,Clear or Partly Cloudy,Dry,Daylight,,6343037.0,,45.0,Vehicle - Pedalcyclist,0,0,N,POINT (1275674.208311081 241847.4433717132),2203.0,0.0,Clear or Partly Cloudy,2006-12-09,00:00:00,,5,0,,Clear or Partly Cloudy
47786,61962,61962,2623191,Matched,Intersection,30337.0,E ALDER ST AND E SPRUCE ST,,,2,Injury Collision,Cycles,2,0,1,1,1,0,0,2006-09-30T00:00:00.000Z,9/30/2006 5:46:00 PM,At Intersection (intersection related),18,"MOTOR VEHICLE STRUCK PEDALCYCLIST, FRONT END AT ANGLE",,0,Clear or Partly Cloudy,Dry,Daylight,Y,6273005.0,,45.0,Vehicle - Pedalcyclist,0,0,N,POINT (1281979.397949547 223660.6265850812),1058.0,0.0,Clear or Partly Cloudy,2006-09-30,17:46:00,17.0,5,0,1.0,Clear or Partly Cloudy
47842,62110,62110,2625701,Matched,Intersection,35192.0,5TH AVE S AND S HENDERSON ST,,,2,Injury Collision,Cycles,2,0,1,1,1,0,0,2006-10-25T00:00:00.000Z,10/25/2006 1:20:00 PM,At Intersection (intersection related),18,"MOTOR VEHICLE STRUCK PEDALCYCLIST, FRONT END AT ANGLE",Y,0,Overcast,Dry,Daylight,,6298001.0,,45.0,Vehicle - Pedalcyclist,0,0,N,POINT (1271074.226482376 194391.9911631048),14712.0,0.0,Overcast,2006-10-25,13:20:00,13.0,2,1,0.0,Clear or Partly Cloudy
47867,62393,62393,2069901,Matched,Block,,WESTLAKE AVE N BETWEEN NEWELL ST AND NICKERSON ST,,,2b,Serious Injury Collision,Cycles,2,0,1,1,1,1,0,2006-05-18T00:00:00.000Z,5/18/2006 5:36:00 PM,Mid-Block (not related to intersection),51,PEDALCYCLIST STRUCK MOTOR VEHICLE FRONT END AT ANGLE,,0,Clear or Partly Cloudy,Dry,Daylight,,6138003.0,,45.0,Vehicle - Pedalcyclist,0,0,N,POINT (1267244.354094461 238957.8695447445),13817.0,1.4373915771824937e-06,Clear or Partly Cloudy,2006-05-18,17:36:00,17.0,3,1,1.0,Clear or Partly Cloudy
47901,62418,62418,2620905,Matched,Intersection,30748.0,16TH AVE S AND S JACKSON ST,,,2,Injury Collision,Cycles,2,0,1,1,1,0,0,2006-07-14T00:00:00.000Z,7/14/2006 7:40:00 AM,At Intersection (intersection related),18,"MOTOR VEHICLE STRUCK PEDALCYCLIST, FRONT END AT ANGLE",,0,Clear or Partly Cloudy,Dry,Daylight,Y,6195042.0,,45.0,Vehicle - Pedalcyclist,0,0,N,POINT (1275727.637047142 222081.6597994715),1804.0,0.0,Clear or Partly Cloudy,2006-07-14,07:40:00,7.0,4,1,1.0,Clear or Partly Cloudy
47937,62377,62377,2390702,Matched,Block,,NW MARKET ST BETWEEN 28TH AVE NW AND NW 54TH ST,,,1,Property Damage Only Collision,Cycles,4,0,1,1,0,0,0,2006-04-26T00:00:00.000Z,4/26/2006 3:04:00 PM,Mid-Block (but intersection related),55,PEDALCYCLIST STRUCK MOTOR VEHICLE RIGHT SIDE SIDESWIPE,,0,Clear or Partly Cloudy,Dry,Daylight,,6116004.0,,45.0,Vehicle - Pedalcyclist,0,0,N,POINT (1255987.824546933 247800.8483058065),12849.0,7.554727456820502e-09,Clear or Partly Cloudy,2006-04-26,15:04:00,15.0,2,1,1.0,Clear or Partly Cloudy
47983,62406,62406,2619529,Matched,Block,,FAUNTLEROY WAY SW BETWEEN SW MYRTLE ST AND SW OTHELLO ST,,,2,Injury Collision,Cycles,2,0,1,1,1,0,0,2006-07-22T00:00:00.000Z,7/22/2006 2:25:00 PM,Mid-Block (not related to intersection),56,PEDALCYCLIST STRUCK MOTOR VEHICLE LEFT SIDE SIDESWIPE,,0,Clear or Partly Cloudy,Dry,Daylight,Y,6203003.0,,45.0,Vehicle - Pedalcyclist,0,0,N,POINT (1255667.585762605 200439.8405133039),3525.0,5.419759273018035e-06,Clear or Partly Cloudy,2006-07-22,14:25:00,14.0,5,0,0.0,Clear or Partly Cloudy
47984,62405,62405,2188375,Matched,Block,,NE 45TH ST BETWEEN NE 45TH ST RP AND MONTLAKE BLVD NE,,,1,Property Damage Only Collision,Cycles,2,0,1,1,0,0,0,2006-05-14T00:00:00.000Z,5/14/2006 2:40:00 PM,Driveway Junction,18,"MOTOR VEHICLE STRUCK PEDALCYCLIST, FRONT END AT ANGLE",,0,Clear or Partly Cloudy,Dry,Daylight,,6134003.0,,45.0,Vehicle - Pedalcyclist,0,0,N,POINT (1279295.323130801 244632.1437265575),11330.0,1.692034436855287e-05,Clear or Partly Cloudy,2006-05-14,14:40:00,14.0,6,0,0.0,Clear or Partly Cloudy
47987,62014,62014,C665579,Matched,Intersection,29661.0,1ST AVE AND WARREN PL,,,2,Injury Collision,Cycles,2,0,1,1,1,0,0,2006-03-15T00:00:00.000Z,3/15/2006 4:40:00 PM,At Intersection (intersection related),18,"MOTOR VEHICLE STRUCK PEDALCYCLIST, FRONT END AT ANGLE",,0,Clear or Partly Cloudy,Dry,Unknown,,6074037.0,,45.0,Vehicle - Pedalcyclist,0,0,N,POINT (1265359.861292526 229093.2980786413),4942.0,0.0,Clear or Partly Cloudy,2006-03-15,16:40:00,16.0,2,1,1.0,Clear or Partly Cloudy
48015,62273,62273,2071199,Matched,Block,,EASTLAKE AVE E BETWEEN E BOSTON ST AND E LYNN ST,,,1,Property Damage Only Collision,Cycles,2,0,1,1,0,0,0,2006-06-05T00:00:00.000Z,6/5/2006,Mid-Block (not related to intersection),56,PEDALCYCLIST STRUCK MOTOR VEHICLE LEFT SIDE SIDESWIPE,,0,Overcast,Dry,Daylight,,6156004.0,,45.0,Vehicle - Pedalcyclist,0,0,N,POINT (1272477.548147812 236651.0616703928),12571.0,2.8641089257223292e-05,Overcast,2006-06-05,00:00:00,,0,1,,Clear or Partly Cloudy
48016,62403,62403,2400410,Matched,Block,,WEST GREEN LAKE WAY N BETWEEN GREEN LAKE TURN RD AND N 63RD ST,,,2,Injury Collision,Cycles,2,0,1,1,1,0,0,2006-05-16T00:00:00.000Z,5/16/2006 5:06:00 PM,Driveway Junction,18,"MOTOR VEHICLE STRUCK PEDALCYCLIST, FRONT END AT ANGLE",,0,Clear or Partly Cloudy,Dry,Daylight,Y,6136004.0,,45.0,Vehicle - Pedalcyclist,0,0,N,POINT (1268324.786223561 248604.0256506205),4797.0,2.0525931683325152e-05,Clear or Partly Cloudy,2006-05-16,17:06:00,17.0,1,1,1.0,Clear or Partly Cloudy
48066,62293,62293,2059234,Matched,Intersection,25823.0,CORLISS AVE N AND N 61ST ST,,,2,Injury Collision,Cycles,2,0,1,1,1,0,0,2006-03-14T00:00:00.000Z,3/14/2006 4:50:00 PM,At Intersection (intersection related),51,PEDALCYCLIST STRUCK MOTOR VEHICLE FRONT END AT ANGLE,,0,Clear or Partly Cloudy,Dry,Daylight,,6073003.0,,45.0,Vehicle - Pedalcyclist,0,0,N,POINT (1271485.714226797 249040.5339390785),1275.0,0.0,Clear or Partly Cloudy,2006-03-14,16:50:00,16.0,1,1,1.0,Clear or Partly Cloudy
48216,62869,62869,2622351,Matched,Block,,S JACKSON ST BETWEEN 20TH PL S AND 22ND AVE S,,,1,Property Damage Only Collision,Cycles,2,0,1,1,0,0,0,2006-09-05T00:00:00.000Z,9/5/2006,Mid-Block (not related to intersection),18,"MOTOR VEHICLE STRUCK PEDALCYCLIST, FRONT END AT ANGLE",,0,Clear or Partly Cloudy,Dry,Daylight,Y,6248008.0,,45.0,Vehicle - Pedalcyclist,0,0,N,POINT (1277611.016057074 222062.2398954481),13009.0,2.7620857969300294e-05,Clear or Partly Cloudy,2006-09-05,00:00:00,,1,1,,Clear or Partly Cloudy
48218,62868,62868,2618733,Matched,Intersection,29657.0,BROAD ST AND DENNY WAY,,,2,Injury Collision,Cycles,2,0,1,1,1,0,0,2006-09-05T00:00:00.000Z,9/5/2006,At Intersection (intersection related),18,"MOTOR VEHICLE STRUCK PEDALCYCLIST, FRONT END AT ANGLE",,0,Clear or Partly Cloudy,Dry,Daylight,Y,6248028.0,,45.0,Vehicle - Pedalcyclist,0,0,N,POINT (1266301.37143749 229327.3396788836),690.0,0.0,Clear or Partly Cloudy,2006-09-05,00:00:00,,1,1,,Clear or Partly Cloudy