OBJECTID,INCKEY,COLDETKEY,REPORTNO,STATUS,ADDRTYPE,INTKEY,LOCATION,EXCEPTRSNC,EXCEPTRSND,SEVERITYCO,SEVERITYDE,COLLISIONT,PERSONCOUN,PEDCOUNT,PEDCYLCOUN,VEHCOUNT,INJURIES,SERIOUSINJ,FATALITIES,INCDATE,INCDTTM,JUNCTIONTY,SDOT_COLCO,SDOT_COLDE,INATTENTIO,UNDERINFL,WEATHER,ROADCOND,LIGHTCOND,PEDROWNOTG,SDOTCOLNUM,SPEEDING,ST_COLCODE,ST_COLDESC,SEGLANEKEY,CROSSWALKK,HITPARKEDC,geometry,near_str_index,min_length,weather_group,date,time,hour,dayofweek,weekday,rushhour,weather_group2
48240,62328,62328,2058640,Matched,Intersection,26786.0,BURKE AVE N AND N 45TH ST,,,2,Injury Collision,Cycles,2,0,1,1,1,0,0,2006-05-31T00:00:00.000Z,5/31/2006 6:05:00 PM,At Intersection (intersection related),51,PEDALCYCLIST STRUCK MOTOR VEHICLE FRONT END AT ANGLE,,0,Clear or Partly Cloudy,Dry,Daylight,,6151006.0,,45.0,Vehicle - Pedalcyclist,0,0,N,POINT (1270374.488625661 244863.8409428),3417.0,0.0,Clear or Partly Cloudy,2006-05-31,18:05:00,18.0,2,1,1.0,Clear or Partly Cloudy
48289,62884,62884,2617918,Matched,Intersection,36802.0,SAND POINT WAY NE AND NE 123RD ST,,,2,Injury Collision,Cycles,3,0,1,1,1,0,0,2006-11-25T00:00:00.000Z,11/25/2006 5:30:00 PM,At Intersection (intersection related),24,MOTOR VEHCILE STRUCK PEDESTRIAN,,0,Clear or Partly Cloudy,Dry,Dark - Street Lights Off,Y,6329002.0,,45.0,Vehicle - Pedalcyclist,0,0,N,POINT (1283365.391678959 265039.1456674486),3754.0,0.0,Clear or Partly Cloudy,2006-11-25,17:30:00,17.0,5,0,1.0,Clear or Partly Cloudy
48291,62610,62610,2063960,Matched,Block,,LAKESIDE AVE S BETWEEN S KING ST AND S LANE ST,,,2,Injury Collision,Cycles,2,0,1,1,1,0,0,2006-06-11T00:00:00.000Z,6/11/2006 9:08:00 AM,Driveway Junction,18,"MOTOR VEHICLE STRUCK PEDALCYCLIST, FRONT END AT ANGLE",,0,Clear or Partly Cloudy,Dry,Daylight,Y,6162004.0,,45.0,Vehicle - Pedalcyclist,0,0,N,POINT (1281724.874813288 221249.6853986084),21979.0,2.409167122632225e-09,Clear or Partly Cloudy,2006-06-11,09:08:00,9.0,6,0,1.0,Clear or Partly Cloudy
48344,62626,62626,2610493,Matched,Block,,25TH AVE NE BETWEEN NE 44TH ST AND NE 47TH ST,,,2,Injury Collision,Cycles,2,0,1,1,1,0,0,2006-10-10T00:00:00.000Z,10/10/2006 1:02:00 PM,Driveway Junction,18,"MOTOR VEHICLE STRUCK PEDALCYCLIST, FRONT END AT ANGLE",,0,Clear or Partly Cloudy,Dry,Daylight,,6283004.0,,45.0,Vehicle - Pedalcyclist,0,0,N,POINT (1278795.832378283 244884.6664788127),21240.0,9.050042260167225e-06,Clear or Partly Cloudy,2006-10-10,13:02:00,13.0,1,1,0.0,Clear or Partly Cloudy
48409,62771,62771,2185217,Matched,Intersection,26053.0,16TH AVE NE AND NE 50TH ST,,,2,Injury Collision,Cycles,2,0,1,1,1,0,0,2006-03-27T00:00:00.000Z,3/27/2006 7:49:00 PM,At Intersection (intersection related),51,PEDALCYCLIST STRUCK MOTOR VEHICLE FRONT END AT ANGLE,,0,Clear or Partly Cloudy,Dry,Dark - Street Lights On,,6086007.0,,45.0,Vehicle - Pedalcyclist,0,0,N,POINT (1276378.692663804 246023.9366879761),2417.0,0.0,Clear or Partly Cloudy,2006-03-27,19:49:00,19.0,0,1,1.0,Clear or Partly Cloudy
48457,62918,62918,2070681,Matched,Block,,BOREN AVE BETWEEN MADISON ST AND SPRING ST,,,2,Injury Collision,Cycles,2,0,1,1,1,0,0,2006-03-17T00:00:00.000Z,3/17/2006 4:05:00 PM,Mid-Block (not related to intersection),23,"MOTOR VEHICLE STRUCK PEDALCYCLIST, LEFT SIDE SIDESWIPE",Y,1,Overcast,Dry,Daylight,,6076006.0,,45.0,Vehicle - Pedalcyclist,0,0,N,POINT (1272376.152947709 225965.8342674375),3391.0,7.614450965764195e-06,Overcast,2006-03-17,16:05:00,16.0,4,1,1.0,Clear or Partly Cloudy
48464,62788,62788,2400641,Matched,Block,,NE 45TH ST BETWEEN 1ST AVE NE AND 2ND AVE NE,,,2,Injury Collision,Cycles,4,0,1,1,1,0,0,2006-06-20T00:00:00.000Z,6/20/2006 12:22:00 PM,Driveway Junction,18,"MOTOR VEHICLE STRUCK PEDALCYCLIST, FRONT END AT ANGLE",,0,Clear or Partly Cloudy,Dry,Daylight,Y,6171003.0,Y,45.0,Vehicle - Pedalcyclist,0,0,N,POINT (1272176.522995502 244818.3334227502),18208.0,3.0169654243669977e-05,Clear or Partly Cloudy,2006-06-20,12:22:00,12.0,1,1,0.0,Clear or Partly Cloudy
48535,62542,62542,2108695,Matched,Block,,WESTLAKE AVE N BETWEEN VALLEY ST AND 9TH AVE N,,,1,Property Damage Only Collision,Cycles,2,0,1,1,0,0,0,2006-04-20T00:00:00.000Z,4/20/2006 8:51:00 PM,Mid-Block (not related to intersection),26,MOTOR VEHICLE STRUCK OBJECT IN ROAD,,0,Clear or Partly Cloudy,Dry,Dark - Street Lights On,Y,6110005.0,,45.0,Vehicle - Pedalcyclist,0,0,N,POINT (1269126.083504379 232154.5734737813),11198.0,6.764501899599643e-09,Clear or Partly Cloudy,2006-04-20,20:51:00,20.0,3,1,0.0,Clear or Partly Cloudy
48537,62541,62541,2614561,Matched,Block,,BROOKLYN AVE NE BETWEEN NE 50TH ST AND NE 52ND ST,,,2,Injury Collision,Cycles,2,0,1,1,1,0,0,2006-11-22T00:00:00.000Z,11/22/2006 9:15:00 AM,Mid-Block (not related to intersection),22,"MOTOR VEHICLE STRUCK PEDALCYCLIST, RIGHT SIDE SIDESWIPE",,0,Clear or Partly Cloudy,Wet,Daylight,Y,6326001.0,,45.0,Vehicle - Pedalcyclist,0,0,N,POINT (1275547.527734965 246328.7597282976),652.0,7.447319860309813e-09,Clear or Partly Cloudy,2006-11-22,09:15:00,9.0,2,1,1.0,Clear or Partly Cloudy
48575,62671,62671,2063981,Matched,Block,,S NORMAN ST BETWEEN 28TH AVE S AND 29TH AVE S,,,2,Injury Collision,Cycles,5,0,1,1,2,0,0,2006-05-30T00:00:00.000Z,5/30/2006 6:44:00 PM,Driveway Junction,51,PEDALCYCLIST STRUCK MOTOR VEHICLE FRONT END AT ANGLE,,0,Clear or Partly Cloudy,Dry,Daylight,,6150003.0,,45.0,Vehicle - Pedalcyclist,0,0,N,POINT (1279522.466363028 219853.9387091845),10662.0,0.0,Clear or Partly Cloudy,2006-05-30,18:44:00,18.0,1,1,1.0,Clear or Partly Cloudy
48624,62702,62702,2061111,Matched,Intersection,27167.0,UNIVERSITY WAY NE AND NE PACIFIC ST,,,2,Injury Collision,Cycles,2,0,1,1,1,0,0,2006-02-02T00:00:00.000Z,2/2/2006,At Intersection (intersection related),18,"MOTOR VEHICLE STRUCK PEDALCYCLIST, FRONT END AT ANGLE",,0,Overcast,Dry,Daylight,,6033013.0,,45.0,Vehicle - Pedalcyclist,0,0,N,POINT (1275674.208311081 241847.4433717132),2203.0,0.0,Overcast,2006-02-02,00:00:00,,3,1,,Clear or Partly Cloudy
48738,63378,63378,2604036,Matched,Block,,EASTLAKE AVE E BETWEEN E HOWE ST AND E NEWTON ST,,,2,Injury Collision,Cycles,3,0,1,1,2,0,0,2006-08-24T00:00:00.000Z,8/24/2006 8:36:00 AM,Mid-Block (not related to intersection),18,"MOTOR VEHICLE STRUCK PEDALCYCLIST, FRONT END AT ANGLE",,0,Overcast,Dry,Daylight,,6236005.0,,45.0,Vehicle - Pedalcyclist,0,0,N,POINT (1272495.951539829 235677.6184693873),11079.0,0.0,Overcast,2006-08-24,08:36:00,8.0,3,1,1.0,Clear or Partly Cloudy
48754,62998,62998,2179018,Matched,Intersection,25932.0,29TH AVE NE AND NE 55TH ST,,,2,Injury Collision,Cycles,2,0,1,1,1,0,0,2006-05-05T00:00:00.000Z,5/5/2006,At Intersection (intersection related),18,"MOTOR VEHICLE STRUCK PEDALCYCLIST, FRONT END AT ANGLE",,0,Clear or Partly Cloudy,Dry,Daylight,Y,6125049.0,,45.0,Vehicle - Pedalcyclist,0,0,N,POINT (1280001.020987526 247281.1281132698),4181.0,0.0,Clear or Partly Cloudy,2006-05-05,00:00:00,,4,1,,Clear or Partly Cloudy
48770,63135,63135,2024539,Matched,Intersection,29872.0,BOREN AVE AND PINE ST,,,2,Injury Collision,Cycles,2,0,1,1,1,0,0,2006-05-18T00:00:00.000Z,5/18/2006 3:09:00 PM,At Intersection (but not related to intersection),22,"MOTOR VEHICLE STRUCK PEDALCYCLIST, RIGHT SIDE SIDESWIPE",,0,Clear or Partly Cloudy,Dry,Daylight,Y,6138008.0,,45.0,Vehicle - Pedalcyclist,0,0,N,POINT (1271335.12145865 227723.9425572455),896.0,0.0,Clear or Partly Cloudy,2006-05-18,15:09:00,15.0,3,1,1.0,Clear or Partly Cloudy
48771,63134,63134,2058365,Matched,Block,,SAND POINT WAY NE BETWEEN NE 106TH ST AND NE 107TH ST,,,2,Injury Collision,Cycles,2,0,1,1,1,0,0,2006-05-18T00:00:00.000Z,5/18/2006 4:31:00 PM,Mid-Block (not related to intersection),18,"MOTOR VEHICLE STRUCK PEDALCYCLIST, FRONT END AT ANGLE",,0,Clear or Partly Cloudy,Dry,Daylight,,6138012.0,,45.0,Vehicle - Pedalcyclist,0,0,N,POINT (1284541.098816171 260886.8620792031),18025.0,9.730993439137877e-06,Clear or Partly Cloudy,2006-05-18,16:31:00,16.0,3,1,1.0,Clear or Partly Cloudy
48792,63383,63383,2400845,Matched,Intersection,29370.0,16TH AVE E AND E THOMAS ST,,,2,Injury Collision,Cycles,2,0,1,1,1,0,0,2006-06-21T00:00:00.000Z,6/21/2006 6:00:00 PM,At Intersection (intersection related),51,PEDALCYCLIST STRUCK MOTOR VEHICLE FRONT END AT ANGLE,,0,Clear or Partly Cloudy,Dry,Daylight,,6172006.0,,45.0,Vehicle - Pedalcyclist,0,0,N,POINT (1275924.470071346 229839.5828794092),3956.0,0.0,Clear or Partly Cloudy,2006-06-21,18:00:00,18.0,2,1,1.0,Clear or Partly Cloudy
48809,63392,63392,2618457,Matched,Intersection,29658.0,3RD AVE AND BROAD ST,,,2,Injury Collision,Cycles,2,0,1,1,1,0,0,2006-09-06T00:00:00.000Z,9/6/2006,At Intersection (intersection related),18,"MOTOR VEHICLE STRUCK PEDALCYCLIST, FRONT END AT ANGLE",,0,Clear or Partly Cloudy,Dry,Daylight,Y,6249044.0,,45.0,Vehicle - Pedalcyclist,0,0,N,POINT (1266192.460589379 229207.5984947681),5452.0,0.0,Clear or Partly Cloudy,2006-09-06,00:00:00,,2,1,,Clear or Partly Cloudy
48854,63279,63279,2400417,Matched,Intersection,26752.0,15TH AVE W AND W RUFFNER ST,,,2,Injury Collision,Cycles,2,0,1,1,1,0,0,2006-08-17T00:00:00.000Z,8/17/2006 5:10:00 PM,At Intersection (intersection related),18,"MOTOR VEHICLE STRUCK PEDALCYCLIST, FRONT END AT ANGLE",,0,Clear or Partly Cloudy,Dry,Daylight,,6229006.0,,45.0,Vehicle - Pedalcyclist,0,0,N,POINT (1260172.674087211 241702.6856115609),8203.0,0.0,Clear or Partly Cloudy,2006-08-17,17:10:00,17.0,3,1,1.0,Clear or Partly Cloudy
49037,63452,63452,2606704,Matched,Intersection,29508.0,DENNY WAY AND TERRY AVE,,,2b,Serious Injury Collision,Cycles,2,0,1,1,1,1,0,2006-10-23T00:00:00.000Z,10/23/2006 6:07:00 PM,At Intersection (intersection related),51,PEDALCYCLIST STRUCK MOTOR VEHICLE FRONT END AT ANGLE,,0,Clear or Partly Cloudy,Dry,Dusk,,6296001.0,,45.0,Vehicle - Pedalcyclist,0,0,N,POINT (1269556.96734482 229243.3586228043),11074.0,0.0,Clear or Partly Cloudy,2006-10-23,18:07:00,18.0,0,1,1.0,Clear or Partly Cloudy
49198,63362,63362,2614862,Matched,Block,,EASTLAKE AVE E BETWEEN HARVARD AVE E AND FUHRMAN AVE E,,,2,Injury Collision,Cycles,3,0,1,1,1,0,0,2006-09-12T00:00:00.000Z,9/12/2006 4:51:00 PM,Driveway Junction,18,"MOTOR VEHICLE STRUCK PEDALCYCLIST, FRONT END AT ANGLE",Y,0,Clear or Partly Cloudy,Dry,Daylight,,6255005.0,,45.0,Vehicle - Pedalcyclist,0,0,N,POINT (1273599.974708959 241029.8313388675),6317.0,1.4142158170737939e-05,Clear or Partly Cloudy,2006-09-12,16:51:00,16.0,1,1,1.0,Clear or Partly Cloudy
49282,63640,63640,2610054,Matched,Intersection,25114.0,24TH AVE NW AND NW 62ND ST,,,2,Injury Collision,Cycles,2,0,1,1,1,0,0,2006-11-14T00:00:00.000Z,11/14/2006 6:26:00 PM,At Intersection (intersection related),18,"MOTOR VEHICLE STRUCK PEDALCYCLIST, FRONT END AT ANGLE",,0,Overcast,Wet,Dark - Street Lights On,Y,6318002.0,,45.0,Vehicle - Pedalcyclist,0,0,N,POINT (1257528.172068506 249659.5718917102),8499.0,0.0,Overcast,2006-11-14,18:26:00,18.0,1,1,1.0,Clear or Partly Cloudy
49342,63655,63655,2619499,Matched,Intersection,30987.0,61ST AVE SW AND SW ADMIRAL WAY,,,1,Property Damage Only Collision,Cycles,2,0,1,1,0,0,0,2006-10-14T00:00:00.000Z,10/14/2006 12:34:00 PM,At Intersection (intersection related),18,"MOTOR VEHICLE STRUCK PEDALCYCLIST, FRONT END AT ANGLE",,0,Overcast,Dry,Daylight,Y,6287002.0,,45.0,Vehicle - Pedalcyclist,0,0,N,POINT (1251092.96847792 214063.3499032557),3225.0,0.0,Overcast,2006-10-14,12:34:00,12.0,5,0,0.0,Clear or Partly Cloudy
49373,63798,63798,2185320,Matched,Intersection,27035.0,FREMONT AVE N AND FREMONT PL N,,,2,Injury Collision,Cycles,2,0,1,1,1,0,0,2006-02-07T00:00:00.000Z,2/7/2006,At Intersection (intersection related),18,"MOTOR VEHICLE STRUCK PEDALCYCLIST, FRONT END AT ANGLE",,0,Clear or Partly Cloudy,Dry,Dark - Street Lights On,Y,6038003.0,,45.0,Vehicle - Pedalcyclist,0,0,N,POINT (1266658.612013862 240940.0040107816),6356.0,0.0,Clear or Partly Cloudy,2006-02-07,00:00:00,,1,1,,Clear or Partly Cloudy
49389,63793,63793,2071502,Matched,Intersection,30479.0,4TH AVE AND JAMES ST,,,2,Injury Collision,Angles,4,0,1,2,1,0,0,2006-03-29T00:00:00.000Z,3/29/2006 6:06:00 PM,At Intersection (intersection related),11,"MOTOR VEHICLE STRUCK MOTOR VEHICLE, FRONT END AT ANGLE",,0,Clear or Partly Cloudy,Dry,Daylight,,6088004.0,,10.0,Entering at angle,0,0,N,POINT (1271138.341426447 223632.6567930579),776.0,0.0,Clear or Partly Cloudy,2006-03-29,18:06:00,18.0,2,1,1.0,Clear or Partly Cloudy
49478,63980,63980,2624890,Matched,Intersection,24610.0,EAST GREEN LAKE WAY N AND NE RAVENNA SR BV,,,2,Injury Collision,Cycles,2,0,1,1,1,0,0,2006-08-14T00:00:00.000Z,8/14/2006 6:16:00 PM,At Intersection (intersection related),18,"MOTOR VEHICLE STRUCK PEDALCYCLIST, FRONT END AT ANGLE",,0,Clear or Partly Cloudy,Dry,Daylight,,6226005.0,,45.0,Vehicle - Pedalcyclist,0,0,N,POINT (1272668.561204016 251210.898613289),3883.0,0.0,Clear or Partly Cloudy,2006-08-14,18:16:00,18.0,0,1,1.0,Clear or Partly Cloudy
49482,63824,63824,2613403,Matched,Block,,HARBOR AVE SW BETWEEN SW SPOKANE NR ST AND SW AVALON WAY,,,2,Injury Collision,Cycles,1,0,1,0,1,0,0,2006-07-23T00:00:00.000Z,7/23/2006 12:04:00 PM,Driveway Junction,69,PEDALCYCLIST OVERTURNED IN ROAD,,0,Clear or Partly Cloudy,Dry,Daylight,,6204004.0,,45.0,Vehicle - Pedalcyclist,0,0,N,POINT (1260957.234536022 212319.9584774673),19831.0,2.2058015987832943e-06,Clear or Partly Cloudy,2006-07-23,12:04:00,12.0,6,0,0.0,Clear or Partly Cloudy
49483,63686,63686,1217211,Matched,Block,,E TERRACE ST BETWEEN 11TH AVE AND 12TH AVE,,,2,Injury Collision,Cycles,2,0,1,1,1,0,0,2006-01-10T00:00:00.000Z,1/10/2006 5:49:00 PM,Driveway Junction,18,"MOTOR VEHICLE STRUCK PEDALCYCLIST, FRONT END AT ANGLE",,0,Raining,Wet,Dark - Street Lights On,Y,6010006.0,,45.0,Vehicle - Pedalcyclist,0,0,N,POINT (1274321.958325699 224287.903833732),3953.0,2.67052842750274e-05,Raining,2006-01-10,17:49:00,17.0,1,1,1.0,Raining
49489,63561,63561,2611678,Matched,Intersection,26711.0,11TH AVE NW AND NW 45TH ST,,,2,Injury Collision,Cycles,2,0,1,1,1,0,0,2006-09-21T00:00:00.000Z,9/21/2006 6:38:00 AM,At Intersection (intersection related),18,"MOTOR VEHICLE STRUCK PEDALCYCLIST, FRONT END AT ANGLE",,0,Overcast,Wet,Daylight,,6264006.0,,45.0,Vehicle - Pedalcyclist,0,0,N,POINT (1261580.185640648 245068.0060629994),31.0,0.0,Overcast,2006-09-21,06:38:00,6.0,3,1,0.0,Clear or Partly Cloudy
49546,63962,63962,2622287,Matched,Block,,EASTLAKE AVE E BETWEEN PROSPECT ST AND E NELSON PL,,,2,Injury Collision,Cycles,2,0,1,1,1,0,0,2006-09-07T00:00:00.000Z,9/7/2006,Driveway Junction,18,"MOTOR VEHICLE STRUCK PEDALCYCLIST, FRONT END AT ANGLE",,0,Clear or Partly Cloudy,Dry,Daylight,Y,6250005.0,,45.0,Vehicle - Pedalcyclist,0,0,N,POINT (1271741.66072306 233260.7382109165),18550.0,3.084540861953878e-05,Clear or Partly Cloudy,2006-09-07,00:00:00,,3,1,,Clear or Partly Cloudy
49710,63622,63622,2623163,Matched,Block,,BROADWAY E BETWEEN E THOMAS ST AND E HARRISON ST,,,2,Injury Collision,Cycles,2,0,1,1,1,0,0,2006-11-17T00:00:00.000Z,11/17/2006 2:50:00 PM,Mid-Block (not related to intersection),18,"MOTOR VEHICLE STRUCK PEDALCYCLIST, FRONT END AT ANGLE",,0,Overcast,Dry,Daylight,Y,6321002.0,,45.0,Vehicle - Pedalcyclist,0,0,N,POINT (1273585.545588955 230261.4066238403),19760.0,6.052494278416865e-06,Overcast,2006-11-17,14:50:00,14.0,4,1,0.0,Clear or Partly Cloudy
49714,63614,63614,2178679,Matched,Intersection,36830.0,35TH AVE NE AND NE 115TH ST,,,2,Injury Collision,Cycles,2,0,1,1,1,0,0,2006-04-10T00:00:00.000Z,4/10/2006 7:23:00 AM,At Intersection (intersection related),18,"MOTOR VEHICLE STRUCK PEDALCYCLIST, FRONT END AT ANGLE",,0,Overcast,Dry,Daylight,,6100004.0,,45.0,Vehicle - Pedalcyclist,0,0,N,POINT (1281668.520509228 263097.6147854626),1345.0,0.0,Overcast,2006-04-10,07:23:00,7.0,0,1,1.0,Clear or Partly Cloudy
49766,63758,63758,2622255,Matched,Block,,LAKE WASHINGTON BLVD BETWEEN E ALDER ST AND E TERRACE ST,,,2,Injury Collision,Cycles,3,0,1,1,1,0,0,2006-08-26T00:00:00.000Z,8/26/2006 6:43:00 PM,Mid-Block (not related to intersection),18,"MOTOR VEHICLE STRUCK PEDALCYCLIST, FRONT END AT ANGLE",,0,Clear or Partly Cloudy,Dry,Daylight,,6238001.0,,45.0,Vehicle - Pedalcyclist,0,0,N,POINT (1282596.649278179 223730.8753531575),9775.0,3.221313135936493e-05,Clear or Partly Cloudy,2006-08-26,18:43:00,18.0,5,0,1.0,Clear or Partly Cloudy
49827,64306,64306,2827734,Matched,Intersection,29959.0,9TH AVE AND JAMES ST,,,1,Property Damage Only Collision,Cycles,4,0,1,1,0,0,0,2007-10-15T00:00:00.000Z,10/15/2007 1:00:00 PM,At Intersection (intersection related),51,PEDALCYCLIST STRUCK MOTOR VEHICLE FRONT END AT ANGLE,,0,Raining,Wet,Daylight,,7288001.0,,45.0,Vehicle - Pedalcyclist,11686,0,N,POINT (1272523.242035866 224452.9245698899),3285.0,0.0,Raining,2007-10-15,13:00:00,13.0,0,1,0.0,Raining
49834,64304,64304,2799344,Matched,Intersection,27100.0,ROOSEVELT WAY NE AND NE 41ST ST,,,2,Injury Collision,Cycles,2,0,1,1,1,0,0,2007-11-26T00:00:00.000Z,11/26/2007 4:36:00 PM,At Intersection (intersection related),18,"MOTOR VEHICLE STRUCK PEDALCYCLIST, FRONT END AT ANGLE",,0,Raining,Wet,Dark - Street Lights On,Y,7330014.0,,45.0,Vehicle - Pedalcyclist,0,0,N,POINT (1274593.717557982 243141.4757570326),6641.0,0.0,Raining,2007-11-26,16:36:00,16.0,0,1,1.0,Raining
49848,64443,64443,2806203,Matched,Block,,S JACKSON ST BETWEEN 14TH AVE S AND 16TH AVE S,,,2,Injury Collision,Cycles,2,0,1,1,1,0,0,2007-03-28T00:00:00.000Z,3/28/2007 5:11:00 PM,Mid-Block (not related to intersection),56,PEDALCYCLIST STRUCK MOTOR VEHICLE LEFT SIDE SIDESWIPE,,0,Clear or Partly Cloudy,Dry,Daylight,,7087004.0,,45.0,Vehicle - Pedalcyclist,11019,0,N,POINT (1275411.86482282 222085.1415274739),1804.0,2.9791262764691712e-05,Clear or Partly Cloudy,2007-03-28,17:11:00,17.0,2,1,1.0,Clear or Partly Cloudy
49869,64196,64196,2606477,Matched,Intersection,28767.0,DEXTER AVE N AND MERCER ST,,,2,Injury Collision,Cycles,2,0,1,1,1,0,0,2006-10-05T00:00:00.000Z,10/5/2006,At Intersection (intersection related),18,"MOTOR VEHICLE STRUCK PEDALCYCLIST, FRONT END AT ANGLE",,0,Clear or Partly Cloudy,Dry,Dark - Street Lights On,Y,6278001.0,,45.0,Vehicle - Pedalcyclist,0,0,N,POINT (1268318.102319553 231464.9540170729),696.0,0.0,Clear or Partly Cloudy,2006-10-05,00:00:00,,3,1,,Clear or Partly Cloudy
49884,64322,64322,2898306,Matched,Intersection,29563.0,3RD AVE AND VIRGINIA ST,,,2,Injury Collision,Cycles,2,0,1,1,1,0,0,2007-10-09T00:00:00.000Z,10/9/2007,At Intersection (intersection related),18,"MOTOR VEHICLE STRUCK PEDALCYCLIST, FRONT END AT ANGLE",,0,Raining,Wet,Dusk,Y,7282001.0,,45.0,Vehicle - Pedalcyclist,35736,0,N,POINT (1268590.538287833 227026.2439965308),262.0,0.0,Raining,2007-10-09,00:00:00,,1,1,,Raining
49888,64445,64445,2615398,Matched,Block,,UNIVERSITY BR BETWEEN POINT B AND EASTLAKE AVE NE,,,2,Injury Collision,Cycles,2,0,1,1,1,0,0,2007-02-09T00:00:00.000Z,2/9/2007,Mid-Block (but intersection related),18,"MOTOR VEHICLE STRUCK PEDALCYCLIST, FRONT END AT ANGLE",,0,Clear or Partly Cloudy,Dry,Daylight,,7040009.0,,45.0,Vehicle - Pedalcyclist,11718,0,N,POINT (1274226.014453605 242173.6891320348),12661.0,1.403072973435018e-06,Clear or Partly Cloudy,2007-02-09,00:00:00,,4,1,,Clear or Partly Cloudy
49912,64309,64309,2794405,Matched,Block,,1ST AVE BETWEEN MADISON ST AND SPRING ST,,,2,Injury Collision,Cycles,2,0,1,1,1,0,0,2007-06-14T00:00:00.000Z,6/14/2007 5:15:00 PM,Mid-Block (not related to intersection),21,"MOTOR VEHICLE STRUCK PEDALCYCLIST, REAR END",,0,Clear or Partly Cloudy,Dry,Daylight,,7165002.0,,45.0,Vehicle - Pedalcyclist,36773,0,N,POINT (1269605.467952877 224326.176665768),4939.0,8.605027257108728e-06,Clear or Partly Cloudy,2007-06-14,17:15:00,17.0,3,1,1.0,Clear or Partly Cloudy
50018,64336,64336,2803333,Matched,Block,,STONE WAY N BETWEEN N 40TH ST AND N LUCAS PL,,,2,Injury Collision,Cycles,5,0,1,1,1,0,0,2007-07-20T00:00:00.000Z,7/20/2007 8:20:00 AM,Driveway Junction,18,"MOTOR VEHICLE STRUCK PEDALCYCLIST, FRONT END AT ANGLE",,0,Raining,Wet,Daylight,Y,7201006.0,,45.0,Vehicle - Pedalcyclist,6322,0,N,POINT (1268521.776367769 242809.2760766894),14356.0,1.5754622891906598e-05,Raining,2007-07-20,08:20:00,8.0,4,1,1.0,Raining
50031,64349,64349,2825107,Matched,Block,,SW AVALON WAY BETWEEN SW GENESEE ST AND 35TH AVE SW,,,2,Injury Collision,Cycles,2,0,1,1,1,0,0,2007-11-09T00:00:00.000Z,11/9/2007,Driveway Junction,18,"MOTOR VEHICLE STRUCK PEDALCYCLIST, FRONT END AT ANGLE",,0,Clear or Partly Cloudy,Dry,Dusk,Y,7313003.0,,45.0,Vehicle - Pedalcyclist,41933,0,N,POINT (1260025.261287063 209566.121162653),16748.0,3.1542136811527646e-05,Clear or Partly Cloudy,2007-11-09,00:00:00,,4,1,,Clear or Partly Cloudy
50107,64239,64239,2108786,Matched,Intersection,30510.0,5TH AVE S AND S JACKSON ST,,,2,Injury Collision,Cycles,2,0,1,1,1,0,0,2006-02-11T00:00:00.000Z,2/11/2006 8:15:00 PM,At Intersection (intersection related),51,PEDALCYCLIST STRUCK MOTOR VEHICLE FRONT END AT ANGLE,Y,0,Clear or Partly Cloudy,Dry,Dark - Street Lights On,,6042006.0,,45.0,Vehicle - Pedalcyclist,0,0,N,POINT (1271758.558259085 222147.5001835376),7759.0,0.0,Clear or Partly Cloudy,2006-02-11,20:15:00,20.0,5,0,0.0,Clear or Partly Cloudy
50137,64377,64377,2624866,Matched,Block,,15TH AVE NE BETWEEN NE PACIFIC ST AND NE 40TH ST,,,2b,Serious Injury Collision,Cycles,3,0,1,1,1,1,0,2007-01-17T00:00:00.000Z,1/17/2007 9:20:00 AM,Mid-Block (not related to intersection),51,PEDALCYCLIST STRUCK MOTOR VEHICLE FRONT END AT ANGLE,,0,Clear or Partly Cloudy,Dry,Daylight,,7017003.0,,45.0,Vehicle - Pedalcyclist,0,0,N,POINT (1275964.14123939 242110.3842999786),19439.0,2.329099009314981e-05,Clear or Partly Cloudy,2007-01-17,09:20:00,9.0,2,1,1.0,Clear or Partly Cloudy
50153,63999,63999,2191978,Matched,Intersection,29515.0,DENNY WAY AND DEXTER AVE,,,2,Injury Collision,Cycles,2,0,1,1,1,0,0,2006-01-14T00:00:00.000Z,1/14/2006 6:16:00 PM,At Intersection (intersection related),18,"MOTOR VEHICLE STRUCK PEDALCYCLIST, FRONT END AT ANGLE",,0,Raining,Dry,Dark - Street Lights On,Y,6014029.0,,45.0,Vehicle - Pedalcyclist,0,0,N,POINT (1268262.3086555 229277.1954228282),6287.0,0.0,Raining,2006-01-14,18:16:00,18.0,5,0,1.0,Raining
50194,64394,64394,2618183,Matched,Intersection,26949.0,FREMONT AVE N AND N 43RD S ST,,,2,Injury Collision,Cycles,1,0,1,0,1,0,0,2007-04-24T00:00:00.000Z,4/24/2007 6:50:00 PM,At Intersection (intersection related),69,PEDALCYCLIST OVERTURNED IN ROAD,,0,Clear or Partly Cloudy,Dry,Daylight,,7114006.0,,45.0,Vehicle - Pedalcyclist,8427,0,N,POINT (1266675.922989875 244049.2105419636),3534.0,0.0,Clear or Partly Cloudy,2007-04-24,18:50:00,18.0,1,1,1.0,Clear or Partly Cloudy
50229,64408,64408,2806053,Matched,Intersection,28309.0,YALE AVE E AND E LYNN ST,,,2,Injury Collision,Cycles,2,0,1,1,1,0,0,2007-03-05T00:00:00.000Z,3/5/2007,At Intersection (intersection related),18,"MOTOR VEHICLE STRUCK PEDALCYCLIST, FRONT END AT ANGLE",,0,Overcast,Dry,Daylight,Y,7064003.0,,45.0,Vehicle - Pedalcyclist,0,0,N,POINT (1272183.356979519 236926.8230786622),1052.0,0.0,Overcast,2007-03-05,00:00:00,,0,1,,Clear or Partly Cloudy