OBJECTID,INCKEY,COLDETKEY,REPORTNO,STATUS,ADDRTYPE,INTKEY,LOCATION,EXCEPTRSNC,EXCEPTRSND,SEVERITYCO,SEVERITYDE,COLLISIONT,PERSONCOUN,PEDCOUNT,PEDCYLCOUN,VEHCOUNT,INJURIES,SERIOUSINJ,FATALITIES,INCDATE,INCDTTM,JUNCTIONTY,SDOT_COLCO,SDOT_COLDE,INATTENTIO,UNDERINFL,WEATHER,ROADCOND,LIGHTCOND,PEDROWNOTG,SDOTCOLNUM,SPEEDING,ST_COLCODE,ST_COLDESC,SEGLANEKEY,CROSSWALKK,HITPARKEDC,geometry,near_str_index,min_length,weather_group,date,time,hour,dayofweek,weekday,rushhour,weather_group2
50305,64815,64815,2615348,Matched,Intersection,28242.0,10TH AVE E AND E BOSTON ST,,,2,Injury Collision,Cycles,2,0,1,1,1,0,0,2007-08-10T00:00:00.000Z,8/10/2007 8:22:00 AM,At Intersection (intersection related),51,PEDALCYCLIST STRUCK MOTOR VEHICLE FRONT END AT ANGLE,,0,Overcast,Dry,Daylight,Y,7222003.0,,45.0,Vehicle - Pedalcyclist,6106,0,N,POINT (1273908.496181279 236410.3633021414),22.0,0.0,Overcast,2007-08-10,08:22:00,8.0,4,1,1.0,Clear or Partly Cloudy
50364,64967,64967,2791679,Matched,Intersection,29146.0,EASTLAKE AVE E AND THOMAS ST,,,2,Injury Collision,Cycles,3,0,1,1,1,0,0,2007-08-16T00:00:00.000Z,8/16/2007 1:36:00 PM,At Intersection (intersection related),51,PEDALCYCLIST STRUCK MOTOR VEHICLE FRONT END AT ANGLE,,0,Clear or Partly Cloudy,Dry,Daylight,,7228002.0,,45.0,Vehicle - Pedalcyclist,0,0,N,POINT (1271548.043058857 230042.5683516115),3792.0,0.0,Clear or Partly Cloudy,2007-08-16,13:36:00,13.0,3,1,0.0,Clear or Partly Cloudy
50408,64835,64835,2799451,Matched,Block,,NE 50TH ST BETWEEN UNIVERSITY WAY NE AND 15TH AVE NE,,,2b,Serious Injury Collision,Cycles,2,0,1,1,1,1,0,2007-07-11T00:00:00.000Z,7/11/2007 12:28:00 AM,Driveway Junction,18,"MOTOR VEHICLE STRUCK PEDALCYCLIST, FRONT END AT ANGLE",Y,0,Clear or Partly Cloudy,Dry,Dark - Street Lights On,,7192040.0,,45.0,Vehicle - Pedalcyclist,21411,0,N,POINT (1275958.54117538 246036.587568),1410.0,5.092622960389743e-06,Clear or Partly Cloudy,2007-07-11,00:28:00,,2,1,,Clear or Partly Cloudy
50420,64591,64591,2803030,Matched,Block,,NW MARKET ST BETWEEN BALLARD AVE NW AND 24TH AVE NW,,,2,Injury Collision,Cycles,2,0,1,1,1,0,0,2007-03-17T00:00:00.000Z,3/17/2007 12:11:00 PM,Mid-Block (not related to intersection),56,PEDALCYCLIST STRUCK MOTOR VEHICLE LEFT SIDE SIDESWIPE,,0,Raining,Wet,Daylight,,7076001.0,,45.0,Vehicle - Pedalcyclist,25847,0,N,POINT (1257641.320996627 247778.0252017826),7585.0,2.495447666219325e-05,Raining,2007-03-17,12:11:00,12.0,5,0,0.0,Raining
50474,65026,65026,2624159,Matched,Intersection,27043.0,TROLL AVE N AND N 34TH ST,,,2b,Serious Injury Collision,Cycles,2,0,1,1,1,1,0,2007-03-20T00:00:00.000Z,3/20/2007 7:42:00 AM,At Intersection (intersection related),18,"MOTOR VEHICLE STRUCK PEDALCYCLIST, FRONT END AT ANGLE",,0,Clear or Partly Cloudy,Dry,Daylight,Y,7079002.0,,45.0,Vehicle - Pedalcyclist,8816,0,N,POINT (1267245.477678463 240493.9652263224),1223.0,0.0,Clear or Partly Cloudy,2007-03-20,07:42:00,7.0,1,1,1.0,Clear or Partly Cloudy
50650,64773,64773,C688428,Matched,Block,,LINDEN AVE N BETWEEN N 143RD ST AND N 145TH ST,,,2,Injury Collision,Cycles,2,0,1,1,1,0,0,2007-07-04T00:00:00.000Z,7/4/2007,Mid-Block (but intersection related),21,"MOTOR VEHICLE STRUCK PEDALCYCLIST, REAR END",,0,Clear or Partly Cloudy,Dry,Daylight,,7185027.0,,45.0,Vehicle - Pedalcyclist,40812,0,N,POINT (1267756.659758985 271122.9418976903),3635.0,1.4492894568448236e-05,Clear or Partly Cloudy,2007-07-04,00:00:00,,2,1,,Clear or Partly Cloudy
50668,64651,64651,2799258,Matched,Intersection,27027.0,FREMONT AVE N AND N 36TH ST,,,2,Injury Collision,Cycles,3,0,1,1,1,0,0,2007-07-30T00:00:00.000Z,7/30/2007 4:14:00 PM,At Intersection (intersection related),18,"MOTOR VEHICLE STRUCK PEDALCYCLIST, FRONT END AT ANGLE",,0,Clear or Partly Cloudy,Dry,Daylight,Y,7211002.0,,45.0,Vehicle - Pedalcyclist,38078,0,N,POINT (1266640.677421838 241275.2014511228),11267.0,0.0,Clear or Partly Cloudy,2007-07-30,16:14:00,16.0,0,1,1.0,Clear or Partly Cloudy
50669,64914,64914,2614118,Matched,Intersection,24429.0,12TH AVE NE AND NE 75TH ST,,,2,Injury Collision,Cycles,2,0,1,1,1,0,0,2007-02-08T00:00:00.000Z,2/8/2007,At Intersection (intersection related),51,PEDALCYCLIST STRUCK MOTOR VEHICLE FRONT END AT ANGLE,,0,Clear or Partly Cloudy,Dry,Dusk,,7039001.0,,45.0,Vehicle - Pedalcyclist,0,521080,N,POINT (1275403.414582804 252683.3998627961),1474.0,0.0,Clear or Partly Cloudy,2007-02-08,00:00:00,,3,1,,Clear or Partly Cloudy
50672,64658,64658,2802792,Matched,Intersection,25131.0,24TH AVE NW AND NW 59TH ST,,,2b,Serious Injury Collision,Cycles,3,0,1,1,1,1,0,2007-05-03T00:00:00.000Z,5/3/2007,At Intersection (intersection related),18,"MOTOR VEHICLE STRUCK PEDALCYCLIST, FRONT END AT ANGLE",,0,Clear or Partly Cloudy,Dry,Daylight,Y,7123004.0,,45.0,Vehicle - Pedalcyclist,2112,0,N,POINT (1257511.66698049 248862.274482891),5333.0,0.0,Clear or Partly Cloudy,2007-05-03,00:00:00,,3,1,,Clear or Partly Cloudy
50673,64526,64526,2620590,Matched,Intersection,29196.0,24TH AVE E AND E LEE ST,,,2,Injury Collision,Cycles,2,0,1,1,1,0,0,2007-02-10T00:00:00.000Z,2/10/2007 5:20:00 PM,At Intersection (intersection related),18,"MOTOR VEHICLE STRUCK PEDALCYCLIST, FRONT END AT ANGLE",,0,Clear or Partly Cloudy,Dry,Daylight,Y,7041001.0,,45.0,Vehicle - Pedalcyclist,22515,0,N,POINT (1278404.439097881 233723.1269473881),5325.0,0.0,Clear or Partly Cloudy,2007-02-10,17:20:00,17.0,5,0,1.0,Clear or Partly Cloudy
50710,64531,64531,2616853,Matched,Intersection,29068.0,BROADWAY AND E DENNY WAY,,,2,Injury Collision,Cycles,3,0,1,1,1,0,0,2007-11-07T00:00:00.000Z,11/7/2007,At Intersection (intersection related),18,"MOTOR VEHICLE STRUCK PEDALCYCLIST, FRONT END AT ANGLE",,0,Overcast,Wet,Daylight,,7311004.0,,45.0,Vehicle - Pedalcyclist,0,0,N,POINT (1273576.816436946 229242.8036147952),650.0,0.0,Overcast,2007-11-07,00:00:00,,2,1,,Clear or Partly Cloudy
50740,64541,64541,2621656,Matched,Intersection,29054.0,11TH AVE E AND E JOHN ST,,,2b,Serious Injury Collision,Cycles,2,0,1,1,1,1,0,2007-02-06T00:00:00.000Z,2/6/2007,At Intersection (intersection related),51,PEDALCYCLIST STRUCK MOTOR VEHICLE FRONT END AT ANGLE,,0,Raining,Wet,Dark - Street Lights On,Y,7037002.0,,45.0,Vehicle - Pedalcyclist,35222,0,N,POINT (1274231.354165614 229663.4530872256),10807.0,0.0,Raining,2007-02-06,00:00:00,,1,1,,Raining
50842,65090,65090,2830030,Matched,Intersection,25389.0,9TH AVE NW AND NW 62ND ST,,,2,Injury Collision,Cycles,3,0,1,1,1,0,0,2007-06-06T00:00:00.000Z,6/6/2007,At Intersection (intersection related),18,"MOTOR VEHICLE STRUCK PEDALCYCLIST, FRONT END AT ANGLE",,0,Overcast,Dry,Daylight,,7157003.0,Y,45.0,Vehicle - Pedalcyclist,0,0,N,POINT (1262171.83748126 249558.6912516057),8719.0,0.0,Overcast,2007-06-06,00:00:00,,2,1,,Clear or Partly Cloudy
50862,65473,65473,2799415,Matched,Block,,AURORA AVE N BETWEEN N 84TH ST AND N 85TH ST,,,2,Injury Collision,Cycles,2,0,1,1,1,0,0,2007-08-20T00:00:00.000Z,8/20/2007 11:52:00 AM,Mid-Block (not related to intersection),54,PEDALCYCLIST STRUCK MOTOR VEHICLE REAR END,,0,Raining,Wet,Daylight,,7232001.0,,45.0,Vehicle - Pedalcyclist,16445,0,N,POINT (1268253.175215483 255417.0501056015),6144.0,1.8564566613925603e-05,Raining,2007-08-20,11:52:00,11.0,0,1,0.0,Raining
50863,65468,65468,2825797,Matched,Block,,5TH AVE BETWEEN UNION ST AND PIKE ST,,,2,Injury Collision,Cycles,2,0,1,1,1,0,0,2007-08-29T00:00:00.000Z,8/29/2007 4:10:00 PM,Mid-Block (not related to intersection),51,PEDALCYCLIST STRUCK MOTOR VEHICLE FRONT END AT ANGLE,,0,Clear or Partly Cloudy,Dry,Daylight,,7241050.0,,45.0,Vehicle - Pedalcyclist,24885,0,N,POINT (1269998.354161277 226190.107995674),22843.0,9.141760416568354e-06,Clear or Partly Cloudy,2007-08-29,16:10:00,16.0,2,1,1.0,Clear or Partly Cloudy
50874,65219,65219,2615207,Matched,Block,,BROADWAY BETWEEN E HOWELL ST AND E DENNY WAY,,,2,Injury Collision,Cycles,3,0,1,1,1,0,0,2007-03-06T00:00:00.000Z,3/6/2007,Mid-Block (not related to intersection),18,"MOTOR VEHICLE STRUCK PEDALCYCLIST, FRONT END AT ANGLE",,0,Clear or Partly Cloudy,Dry,Daylight,Y,7065002.0,,45.0,Vehicle - Pedalcyclist,6825,0,N,POINT (1273574.993460938 229029.2310705781),14763.0,1.6301366547239527e-05,Clear or Partly Cloudy,2007-03-06,00:00:00,,1,1,,Clear or Partly Cloudy
50892,65102,65102,2802621,Matched,Block,,NE NORTHGATE WAY BETWEEN 8TH AVE NE AND ROOSEVELT WAY NE,,,2,Injury Collision,Cycles,2,0,1,1,1,0,0,2007-11-07T00:00:00.000Z,11/7/2007,Driveway Junction,18,"MOTOR VEHICLE STRUCK PEDALCYCLIST, FRONT END AT ANGLE",,0,Clear or Partly Cloudy,Dry,Dark - Street Lights Off,Y,7311035.0,,45.0,Vehicle - Pedalcyclist,0,0,N,POINT (1274615.234998003 261995.6507523358),20134.0,7.168468939319858e-06,Clear or Partly Cloudy,2007-11-07,00:00:00,,2,1,,Clear or Partly Cloudy
50902,65351,65351,2793761,Matched,Block,,UNION ST BETWEEN 2ND AVE AND 3RD AVE,,,2,Injury Collision,Cycles,2,0,1,1,1,0,0,2007-06-15T00:00:00.000Z,6/15/2007 12:51:00 PM,Mid-Block (not related to intersection),21,"MOTOR VEHICLE STRUCK PEDALCYCLIST, REAR END",,0,Clear or Partly Cloudy,Dry,Daylight,,7166004.0,,45.0,Vehicle - Pedalcyclist,36553,0,N,POINT (1269413.906224683 225596.5600270629),13807.0,1.9257396556030773e-06,Clear or Partly Cloudy,2007-06-15,12:51:00,12.0,4,1,0.0,Clear or Partly Cloudy
50914,65114,65114,2829371,Matched,Block,,SW TRENTON ST BETWEEN 22ND AVE SW AND 24TH AVE SW,,,2,Injury Collision,Cycles,2,0,1,1,1,0,0,2007-07-17T00:00:00.000Z,7/17/2007 12:32:00 PM,Driveway Junction,51,PEDALCYCLIST STRUCK MOTOR VEHICLE FRONT END AT ANGLE,,0,Overcast,Dry,Daylight,,7198001.0,,45.0,Vehicle - Pedalcyclist,0,0,N,POINT (1262626.069801733 195144.3468118757),14515.0,1.3751912715517148e-05,Overcast,2007-07-17,12:32:00,12.0,1,1,0.0,Clear or Partly Cloudy
51021,65385,65385,2799149,Matched,Intersection,36062.0,27TH AVE NE AND NE 127TH ST,,,2,Injury Collision,Cycles,2,0,1,1,1,0,0,2007-10-17T00:00:00.000Z,10/17/2007 8:05:00 AM,At Intersection (intersection related),51,PEDALCYCLIST STRUCK MOTOR VEHICLE FRONT END AT ANGLE,,0,Overcast,Dry,Daylight,,7290003.0,,45.0,Vehicle - Pedalcyclist,0,0,N,POINT (1279651.046203166 266474.663620919),4127.0,0.0,Overcast,2007-10-17,08:05:00,8.0,2,1,1.0,Clear or Partly Cloudy
51026,65383,65383,2794601,Matched,Block,,CARKEEK DR S BETWEEN 40TH AVE S AND HARADEN PL S,,,2,Injury Collision,Cycles,2,0,1,1,1,0,0,2007-06-01T00:00:00.000Z,6/1/2007,Mid-Block (not related to intersection),21,"MOTOR VEHICLE STRUCK PEDALCYCLIST, REAR END",,0,Clear or Partly Cloudy,Dry,Daylight,,7152001.0,,45.0,Vehicle - Pedalcyclist,13462,0,N,POINT (1282268.884541839 191957.2318646163),8760.0,2.6094304148086685e-05,Clear or Partly Cloudy,2007-06-01,00:00:00,,4,1,,Clear or Partly Cloudy
51043,65261,65261,2881125,Matched,Block,,WALLINGFORD AVE N BETWEEN N 44TH ST AND N 45TH ST,,,2,Injury Collision,Cycles,3,0,1,2,1,0,0,2007-12-14T00:00:00.000Z,12/14/2007 2:38:00 PM,Mid-Block (not related to intersection),56,PEDALCYCLIST STRUCK MOTOR VEHICLE LEFT SIDE SIDESWIPE,,0,Overcast,Dry,Daylight,,7348005.0,,45.0,Vehicle - Pedalcyclist,6234,0,N,POINT (1270096.245425373 244677.5761106014),6743.0,4.274784561751509e-06,Overcast,2007-12-14,14:38:00,14.0,4,1,0.0,Clear or Partly Cloudy
51050,65135,65135,2390447,Matched,Intersection,24284.0,FREMONT AVE N AND N 80TH ST,,,2,Injury Collision,Cycles,2,0,1,1,1,0,0,2007-01-04T00:00:00.000Z,1/4/2007,At Intersection (intersection related),18,"MOTOR VEHICLE STRUCK PEDALCYCLIST, FRONT END AT ANGLE",,0,Overcast,Wet,Dark - Street Lights On,Y,7004002.0,,45.0,Vehicle - Pedalcyclist,27300,0,N,POINT (1266903.653934106 254254.656440407),3537.0,0.0,Overcast,2007-01-04,00:00:00,,3,1,,Clear or Partly Cloudy
51059,65152,65152,2608394,Matched,Intersection,29913.0,5TH AVE AND UNION ST,,,2,Injury Collision,Cycles,2,0,1,1,1,0,0,2007-05-08T00:00:00.000Z,5/8/2007,At Intersection (intersection related),51,PEDALCYCLIST STRUCK MOTOR VEHICLE FRONT END AT ANGLE,,0,Clear or Partly Cloudy,Dry,Daylight,,7128002.0,,45.0,Vehicle - Pedalcyclist,25512,0,N,POINT (1270106.840369388 226006.9446674883),6718.0,0.0,Clear or Partly Cloudy,2007-05-08,00:00:00,,1,1,,Clear or Partly Cloudy
51075,65145,65145,2829107,Matched,Block,,UNIVERSITY BR BETWEEN POINT B AND EASTLAKE AVE NE,,,2b,Serious Injury Collision,Cycles,1,0,1,0,1,1,0,2007-05-12T00:00:00.000Z,5/12/2007 9:28:00 AM,Mid-Block (not related to intersection),66,PEDALCYCLIST STRUCK OBJECT IN ROAD,,0,Clear or Partly Cloudy,Dry,Daylight,,7132001.0,,45.0,Vehicle - Pedalcyclist,11650,0,N,POINT (1274226.014453605 242173.6891320348),12661.0,1.403072973435018e-06,Clear or Partly Cloudy,2007-05-12,09:28:00,9.0,5,0,1.0,Clear or Partly Cloudy
51081,65536,65536,2617734,Matched,Block,,38TH AVE NE BETWEEN NE 80TH ST AND NE 82ND ST,,,1,Property Damage Only Collision,Cycles,2,0,1,1,0,0,0,2007-07-24T00:00:00.000Z,7/24/2007 7:11:00 PM,Mid-Block (not related to intersection),16,"MOTOR VEHICLE STRUCK MOTOR VEHICLE, LEFT SIDE SIDESWIPE",,0,Unknown,Unknown,Unknown,,7205009.0,,45.0,Vehicle - Pedalcyclist,0,0,N,POINT (1282294.132477865 254180.1423923373),16976.0,2.59047158805367e-05,,2007-07-24,19:11:00,19.0,1,1,1.0,
51114,65402,65402,2799312,Matched,Intersection,24404.0,5TH AVE NE AND BANNER WAY NE,,,1,Property Damage Only Collision,Cycles,2,0,1,1,0,0,0,2007-08-06T00:00:00.000Z,8/6/2007,At Intersection (intersection related),51,PEDALCYCLIST STRUCK MOTOR VEHICLE FRONT END AT ANGLE,,0,Clear or Partly Cloudy,Dry,Dark - Street Lights On,,7218021.0,,45.0,Vehicle - Pedalcyclist,7477,0,N,POINT (1273533.815604895 253444.2147115767),3118.0,0.0,Clear or Partly Cloudy,2007-08-06,00:00:00,,0,1,,Clear or Partly Cloudy
51126,65282,65282,2829286,Matched,Intersection,25949.0,25TH AVE NE AND NE BLAKELEY ST,,,2,Injury Collision,Cycles,3,0,1,1,1,0,0,2007-08-09T00:00:00.000Z,8/9/2007,At Intersection (intersection related),18,"MOTOR VEHICLE STRUCK PEDALCYCLIST, FRONT END AT ANGLE",,0,Clear or Partly Cloudy,Dry,Daylight,Y,7221001.0,,45.0,Vehicle - Pedalcyclist,0,521604,N,POINT (1278900.484922394 246480.058544457),210.0,0.0,Clear or Partly Cloudy,2007-08-09,00:00:00,,3,1,,Clear or Partly Cloudy
51284,65060,65060,2806063,Matched,Block,,12TH AVE BETWEEN E COLUMBIA ST AND E MARION ST,,,2b,Serious Injury Collision,Cycles,2,0,1,1,1,1,0,2007-06-15T00:00:00.000Z,6/15/2007 7:39:00 PM,Mid-Block (not related to intersection),56,PEDALCYCLIST STRUCK MOTOR VEHICLE LEFT SIDE SIDESWIPE,,0,Clear or Partly Cloudy,Dry,Daylight,Y,7166001.0,,45.0,Vehicle - Pedalcyclist,10710,0,N,POINT (1274518.8026779 225966.6191634387),8407.0,5.730560052789369e-06,Clear or Partly Cloudy,2007-06-15,19:39:00,19.0,4,1,1.0,Clear or Partly Cloudy
51552,65641,65641,2611993,Matched,Block,,BEACON AVE S BETWEEN BEACON WR N AVE S AND BEACON ER AVE S,,,2,Injury Collision,Cycles,2,0,1,1,1,0,0,2007-06-04T00:00:00.000Z,6/4/2007,Mid-Block (not related to intersection),18,"MOTOR VEHICLE STRUCK PEDALCYCLIST, FRONT END AT ANGLE",Y,0,Clear or Partly Cloudy,Dry,Daylight,,7155001.0,,45.0,Vehicle - Pedalcyclist,13073,0,N,POINT (1276758.518968195 210098.1481072009),12228.0,4.622993435865897e-06,Clear or Partly Cloudy,2007-06-04,00:00:00,,0,1,,Clear or Partly Cloudy
51579,66053,66053,C691870,Matched,Intersection,25949.0,25TH AVE NE AND NE BLAKELEY ST,,,2,Injury Collision,Cycles,2,0,1,1,1,0,0,2007-09-08T00:00:00.000Z,9/8/2007,At Intersection (intersection related),18,"MOTOR VEHICLE STRUCK PEDALCYCLIST, FRONT END AT ANGLE",,0,Clear or Partly Cloudy,Dry,Daylight,,7251040.0,,45.0,Vehicle - Pedalcyclist,0,0,N,POINT (1278900.484922394 246480.058544457),210.0,0.0,Clear or Partly Cloudy,2007-09-08,00:00:00,,5,0,,Clear or Partly Cloudy
51585,65664,65664,2825879,Matched,Block,,WALL ST BETWEEN ALASKAN WAY AND ELLIOTT AVE,,,1,Property Damage Only Collision,Cycles,2,0,1,1,0,0,0,2007-05-31T00:00:00.000Z,5/31/2007 5:34:00 PM,Driveway Junction,18,"MOTOR VEHICLE STRUCK PEDALCYCLIST, FRONT END AT ANGLE",,0,Clear or Partly Cloudy,Dry,Daylight,Y,7151001.0,,45.0,Vehicle - Pedalcyclist,0,0,N,POINT (1266146.21738933 227326.5637408346),6740.0,1.8300872351331008e-05,Clear or Partly Cloudy,2007-05-31,17:34:00,17.0,3,1,1.0,Clear or Partly Cloudy
51641,65675,65675,2798108,Matched,Block,,RAINIER AVE S BETWEEN S GENESEE S ST AND S OREGON ST,,,2,Injury Collision,Cycles,2,0,1,1,1,0,0,2007-08-03T00:00:00.000Z,8/3/2007,Driveway Junction,18,"MOTOR VEHICLE STRUCK PEDALCYCLIST, FRONT END AT ANGLE",Y,0,Clear or Partly Cloudy,Dry,Daylight,Y,7215042.0,,45.0,Vehicle - Pedalcyclist,0,0,N,POINT (1281294.260924846 208926.3086179942),16034.0,0.0,Clear or Partly Cloudy,2007-08-03,00:00:00,,4,1,,Clear or Partly Cloudy
51710,65685,65685,2806476,Matched,Block,,BOYLSTON AVE E BETWEEN LAKEVIEW N BV E AND E BOSTON ST,,,2,Injury Collision,Cycles,2,0,1,1,1,0,0,2007-05-17T00:00:00.000Z,5/17/2007 2:02:00 PM,Mid-Block (but intersection related),18,"MOTOR VEHICLE STRUCK PEDALCYCLIST, FRONT END AT ANGLE",,0,Clear or Partly Cloudy,Dry,Daylight,,7137023.0,,45.0,Vehicle - Pedalcyclist,37357,0,N,POINT (1273065.536052421 236107.1388538331),21780.0,0.0,Clear or Partly Cloudy,2007-05-17,14:02:00,14.0,3,1,0.0,Clear or Partly Cloudy
51783,65572,65572,2906135,Matched,Intersection,29601.0,3RD AVE AND UNIVERSITY ST,,,2,Injury Collision,Cycles,2,0,1,1,1,0,0,2007-12-13T00:00:00.000Z,12/13/2007 1:38:00 PM,At Intersection (intersection related),18,"MOTOR VEHICLE STRUCK PEDALCYCLIST, FRONT END AT ANGLE",,0,Overcast,Wet,Daylight,Y,7347003.0,,45.0,Vehicle - Pedalcyclist,32841,0,N,POINT (1269770.026033044 225312.2180107683),2713.0,0.0,Overcast,2007-12-13,13:38:00,13.0,3,1,0.0,Clear or Partly Cloudy
51790,65968,65968,2906357,Matched,Block,,10TH AVE E BETWEEN E MILLER ST AND E ROANOKE W ST,,,2,Injury Collision,Cycles,3,0,1,2,1,0,0,2007-12-08T00:00:00.000Z,12/8/2007,Mid-Block (not related to intersection),51,PEDALCYCLIST STRUCK MOTOR VEHICLE FRONT END AT ANGLE,,0,Clear or Partly Cloudy,Dry,Dark - Street Lights On,,7342004.0,,45.0,Vehicle - Pedalcyclist,6086,0,N,POINT (1273939.139125317 237821.7531915903),19407.0,2.2648803790169824e-05,Clear or Partly Cloudy,2007-12-08,00:00:00,,5,0,,Clear or Partly Cloudy
51814,65983,65983,2614335,Matched,Intersection,24573.0,LATONA AVE NE AND EAST GREEN LAKE DR N,,,2,Injury Collision,Cycles,2,0,1,1,1,0,0,2007-02-24T00:00:00.000Z,2/24/2007 7:05:00 AM,At Intersection (intersection related),18,"MOTOR VEHICLE STRUCK PEDALCYCLIST, FRONT END AT ANGLE",,0,Raining,Wet,Daylight,Y,7055002.0,,45.0,Vehicle - Pedalcyclist,7307,0,N,POINT (1272386.552627727 252220.6916383356),17956.0,0.0,Raining,2007-02-24,07:05:00,7.0,5,0,1.0,Raining
51883,66385,66385,2827553,Matched,Block,,BROADWAY BETWEEN E PINE ST AND XW E OLIVE ST,,,1,Property Damage Only Collision,Cycles,2,0,1,1,0,0,0,2007-08-21T00:00:00.000Z,8/21/2007 3:05:00 PM,Mid-Block (not related to intersection),54,PEDALCYCLIST STRUCK MOTOR VEHICLE REAR END,,0,Clear or Partly Cloudy,Dry,Daylight,,7233010.0,,45.0,Vehicle - Pedalcyclist,6853,0,N,POINT (1273567.713908926 228177.0842537135),8754.0,2.069417312261321e-05,Clear or Partly Cloudy,2007-08-21,15:05:00,15.0,1,1,1.0,Clear or Partly Cloudy
51890,66518,66518,2807045,Matched,Intersection,33741.0,SEWARD PARK AVE S AND S VAN DYKE RD,,,2,Injury Collision,Cycles,2,0,1,1,1,0,0,2007-04-15T00:00:00.000Z,4/15/2007 3:46:00 PM,At Intersection (intersection related),51,PEDALCYCLIST STRUCK MOTOR VEHICLE FRONT END AT ANGLE,,0,Clear or Partly Cloudy,Dry,Daylight,Y,7105006.0,,45.0,Vehicle - Pedalcyclist,37492,0,N,POINT (1287694.993987396 202686.3187236041),6665.0,0.0,Clear or Partly Cloudy,2007-04-15,15:46:00,15.0,6,0,1.0,Clear or Partly Cloudy
51904,66148,66148,2795845,Matched,Intersection,24248.0,EAST GREEN LAKE DR N AND N 78TH ST,,,2,Injury Collision,Cycles,3,0,1,1,1,0,0,2007-06-14T00:00:00.000Z,6/14/2007 5:04:00 PM,At Intersection (intersection related),18,"MOTOR VEHICLE STRUCK PEDALCYCLIST, FRONT END AT ANGLE",,0,Clear or Partly Cloudy,Dry,Daylight,Y,7165003.0,,45.0,Vehicle - Pedalcyclist,7354,0,N,POINT (1270389.221425682 253510.4275756478),6839.0,0.0,Clear or Partly Cloudy,2007-06-14,17:04:00,17.0,3,1,1.0,Clear or Partly Cloudy
51943,66528,66528,2906080,Matched,Intersection,29862.0,BELLEVUE AVE AND E PINE ST,,,2,Injury Collision,Cycles,2,0,1,1,1,0,0,2007-11-19T00:00:00.000Z,11/19/2007 11:56:00 AM,At Intersection (intersection related),18,"MOTOR VEHICLE STRUCK PEDALCYCLIST, FRONT END AT ANGLE",,0,Overcast,Wet,Daylight,Y,7323003.0,,45.0,Vehicle - Pedalcyclist,10342,0,N,POINT (1272084.808499411 227986.9833255112),633.0,0.0,Overcast,2007-11-19,11:56:00,11.0,0,1,0.0,Clear or Partly Cloudy
52095,66187,66187,2829051,Matched,Intersection,25836.0,1ST AVE NE AND NE 58TH ST,,,2,Injury Collision,Cycles,3,0,1,1,1,0,0,2007-05-22T00:00:00.000Z,5/22/2007 2:31:00 PM,At Intersection (intersection related),51,PEDALCYCLIST STRUCK MOTOR VEHICLE FRONT END AT ANGLE,,0,Clear or Partly Cloudy,Wet,Daylight,,7142002.0,,45.0,Vehicle - Pedalcyclist,0,0,N,POINT (1272126.28459546 248284.857266292),2276.0,0.0,Clear or Partly Cloudy,2007-05-22,14:31:00,14.0,1,1,0.0,Clear or Partly Cloudy
52138,66194,66194,2792384,Matched,Intersection,28329.0,EASTLAKE AVE E AND E BLAINE ST,,,2,Injury Collision,Cycles,2,0,1,1,1,0,0,2007-11-08T00:00:00.000Z,11/8/2007,At Intersection (intersection related),18,"MOTOR VEHICLE STRUCK PEDALCYCLIST, FRONT END AT ANGLE",,0,Overcast,Wet,Daylight,,7312006.0,,45.0,Vehicle - Pedalcyclist,24782,0,N,POINT (1272615.402035952 235144.8644208461),3856.0,0.0,Overcast,2007-11-08,00:00:00,,3,1,,Clear or Partly Cloudy
52209,66473,66473,C687197,Matched,Block,,26TH AVE E BETWEEN E GARFIELD ST AND BOYER AVE E,,,2,Injury Collision,Cycles,2,0,1,1,1,0,0,2007-05-09T00:00:00.000Z,5/9/2007,Mid-Block (but intersection related),51,PEDALCYCLIST STRUCK MOTOR VEHICLE FRONT END AT ANGLE,,0,Unknown,Unknown,Unknown,,7129052.0,,45.0,Vehicle - Pedalcyclist,0,0,N,POINT (1278817.349434301 234468.7604841441),12351.0,2.856395537044373e-05,,2007-05-09,00:00:00,,2,1,,
52212,66469,66469,2825963,Matched,Block,,HARRISON ST BETWEEN WESTLAKE AVE N AND TERRY AVE N,,,2,Injury Collision,Cycles,2,0,1,1,1,0,0,2007-09-11T00:00:00.000Z,9/11/2007 1:15:00 PM,Driveway Junction,51,PEDALCYCLIST STRUCK MOTOR VEHICLE FRONT END AT ANGLE,,0,Clear or Partly Cloudy,Dry,Daylight,,7254001.0,,45.0,Vehicle - Pedalcyclist,0,0,N,POINT (1269421.024048686 230527.3007681221),6394.0,7.448259037106235e-09,Clear or Partly Cloudy,2007-09-11,13:15:00,13.0,1,1,0.0,Clear or Partly Cloudy
52230,66345,66345,2791797,Matched,Intersection,28736.0,DEXTER AVE N AND VALLEY ST,,,2,Injury Collision,Cycles,2,0,1,1,1,0,0,2007-10-25T00:00:00.000Z,10/25/2007 6:57:00 PM,At Intersection (intersection related),18,"MOTOR VEHICLE STRUCK PEDALCYCLIST, FRONT END AT ANGLE",,1,Clear or Partly Cloudy,Dry,Dark - Street Lights On,Y,7298001.0,,45.0,Vehicle - Pedalcyclist,12719,0,N,POINT (1268334.096175566 232089.1498577148),9821.0,0.0,Clear or Partly Cloudy,2007-10-25,18:57:00,18.0,3,1,1.0,Clear or Partly Cloudy