OBJECTID,INCKEY,COLDETKEY,REPORTNO,STATUS,ADDRTYPE,INTKEY,LOCATION,EXCEPTRSNC,EXCEPTRSND,SEVERITYCO,SEVERITYDE,COLLISIONT,PERSONCOUN,PEDCOUNT,PEDCYLCOUN,VEHCOUNT,INJURIES,SERIOUSINJ,FATALITIES,INCDATE,INCDTTM,JUNCTIONTY,SDOT_COLCO,SDOT_COLDE,INATTENTIO,UNDERINFL,WEATHER,ROADCOND,LIGHTCOND,PEDROWNOTG,SDOTCOLNUM,SPEEDING,ST_COLCODE,ST_COLDESC,SEGLANEKEY,CROSSWALKK,HITPARKEDC,geometry,near_str_index,min_length,weather_group,date,time,hour,dayofweek,weekday,rushhour,weather_group2
54571,69018,69018,2805760,Matched,Intersection,29531.0,5TH AVE AND BELL ST,,,2,Injury Collision,Cycles,3,0,1,1,1,0,0,2007-06-18T00:00:00.000Z,6/18/2007 9:02:00 AM,At Intersection (intersection related),23,"MOTOR VEHICLE STRUCK PEDALCYCLIST, LEFT SIDE SIDESWIPE",,0,Clear or Partly Cloudy,Dry,Daylight,,7169004.0,,45.0,Vehicle - Pedalcyclist,14240,0,N,POINT (1268078.323247313 228362.4316459),3375.0,0.0,Clear or Partly Cloudy,2007-06-18,09:02:00,9.0,0,1,1.0,Clear or Partly Cloudy
54595,69156,69156,2794884,Matched,Block,,HOLMAN RD NW BETWEEN 9TH AVE NW AND 7TH AVE NW,,,2,Injury Collision,Cycles,2,0,1,1,1,0,0,2007-05-15T00:00:00.000Z,5/15/2007 3:01:00 PM,Driveway Junction,18,"MOTOR VEHICLE STRUCK PEDALCYCLIST, FRONT END AT ANGLE",,0,Clear or Partly Cloudy,Dry,Daylight,Y,7135007.0,,45.0,Vehicle - Pedalcyclist,0,0,N,POINT (1262853.049833953 258868.6394851357),6423.0,1.1062158574199893e-05,Clear or Partly Cloudy,2007-05-15,15:01:00,15.0,1,1,1.0,Clear or Partly Cloudy
54644,68910,68910,2803327,Matched,Intersection,25418.0,8TH AVE NW AND NW 56TH ST,,,2,Injury Collision,Cycles,2,0,2,0,2,0,0,2007-02-21T00:00:00.000Z,2/21/2007 6:40:00 AM,At Intersection (intersection related),58,PEDALCYCLIST STRUCK PEDALCYCLIST FRONT END AT ANGLE,,0,Overcast,Dry,Dawn,,7052003.0,,45.0,Vehicle - Pedalcyclist,2426,0,N,POINT (1262769.165609866 247948.7807219476),1580.0,0.0,Overcast,2007-02-21,06:40:00,6.0,2,1,0.0,Clear or Partly Cloudy
54661,69034,69034,C684509,Matched,Intersection,25756.0,ROOSEVELT WAY NE AND NE RAVENNA WB BV,,,2,Injury Collision,Cycles,2,0,1,1,1,0,0,2007-04-09T00:00:00.000Z,4/9/2007,At Intersection (intersection related),18,"MOTOR VEHICLE STRUCK PEDALCYCLIST, FRONT END AT ANGLE",,0,Clear or Partly Cloudy,Dry,Daylight,,7099035.0,,45.0,Vehicle - Pedalcyclist,0,0,N,POINT (1274814.161718205 248748.2492667735),936.0,0.0,Clear or Partly Cloudy,2007-04-09,00:00:00,,0,1,,Clear or Partly Cloudy
54694,68782,68782,2803556,Matched,Intersection,27078.0,15TH AVE NE AND NE 43RD ST,,,1,Property Damage Only Collision,Cycles,2,0,1,1,0,0,0,2007-01-29T00:00:00.000Z,1/29/2007 7:49:00 PM,At Intersection (intersection related),18,"MOTOR VEHICLE STRUCK PEDALCYCLIST, FRONT END AT ANGLE",,0,Clear or Partly Cloudy,Dry,Dark - Street Lights On,Y,7029004.0,,45.0,Vehicle - Pedalcyclist,0,524562,N,POINT (1276039.793975458 244168.7922380865),10523.0,0.0,Clear or Partly Cloudy,2007-01-29,19:49:00,19.0,0,1,1.0,Clear or Partly Cloudy
54723,69058,69058,2622389,Matched,Block,,20TH AVE BETWEEN E JAMES ST AND E CHERRY ST,,,2,Injury Collision,Cycles,3,0,1,1,1,0,0,2007-04-07T00:00:00.000Z,4/7/2007,Mid-Block (not related to intersection),18,"MOTOR VEHICLE STRUCK PEDALCYCLIST, FRONT END AT ANGLE",,0,Overcast,Dry,Daylight,,7097001.0,,45.0,Vehicle - Pedalcyclist,0,0,N,POINT (1277082.460792527 225108.6962185651),2512.0,1.665317108148814e-05,Overcast,2007-04-07,00:00:00,,5,0,,Clear or Partly Cloudy
54730,69191,69191,2792507,Matched,Intersection,29772.0,BROADWAY AND MADISON ST,,,2,Injury Collision,Cycles,5,0,1,1,1,0,0,2007-08-01T00:00:00.000Z,8/1/2007,At Intersection (intersection related),18,"MOTOR VEHICLE STRUCK PEDALCYCLIST, FRONT END AT ANGLE",,0,Clear or Partly Cloudy,Dry,Daylight,Y,7213008.0,,45.0,Vehicle - Pedalcyclist,0,523946,N,POINT (1273546.694964916 226481.4273559749),3410.0,0.0,Clear or Partly Cloudy,2007-08-01,00:00:00,,2,1,,Clear or Partly Cloudy
54792,68683,68683,2829958,Matched,Block,,NE 50TH ST BETWEEN 7TH AVE NE AND 8TH AVE NE,,,1,Property Damage Only Collision,Cycles,2,0,1,1,0,0,0,2007-09-13T00:00:00.000Z,9/13/2007 2:05:00 PM,Mid-Block (not related to intersection),23,"MOTOR VEHICLE STRUCK PEDALCYCLIST, LEFT SIDE SIDESWIPE",,0,Clear or Partly Cloudy,Dry,Daylight,Y,7256031.0,,45.0,Vehicle - Pedalcyclist,21501,0,N,POINT (1274082.502133459 246093.6582240611),7252.0,1.877971349884407e-05,Clear or Partly Cloudy,2007-09-13,14:05:00,14.0,3,1,0.0,Clear or Partly Cloudy
54793,68947,68947,2804903,Matched,Intersection,29529.0,7TH AVE AND BLANCHARD ST,,,2,Injury Collision,Cycles,3,0,1,1,1,0,0,2007-10-03T00:00:00.000Z,10/3/2007,At Intersection (intersection related),51,PEDALCYCLIST STRUCK MOTOR VEHICLE FRONT END AT ANGLE,,0,Overcast,Dry,Daylight,,7276031.0,,45.0,Vehicle - Pedalcyclist,14209,0,N,POINT (1268827.045424074 228552.6893100888),6026.0,0.0,Overcast,2007-10-03,00:00:00,,2,1,,Clear or Partly Cloudy
54825,69068,69068,2620787,Matched,Intersection,30054.0,25TH AVE AND E COLUMBIA ST,,,2,Injury Collision,Cycles,2,0,1,1,1,0,0,2007-03-09T00:00:00.000Z,3/9/2007,At Intersection (intersection related),51,PEDALCYCLIST STRUCK MOTOR VEHICLE FRONT END AT ANGLE,,0,Raining,Wet,Dark - Street Lights On,,7068002.0,,45.0,Vehicle - Pedalcyclist,0,0,N,POINT (1278612.09273009 225597.969307065),2618.0,0.0,Raining,2007-03-09,00:00:00,,4,1,,Raining
54921,68705,68705,2825802,Matched,Block,,1ST AVE BETWEEN LENORA ST AND BLANCHARD ST,,,2,Injury Collision,Cycles,2,0,1,1,1,0,0,2007-05-27T00:00:00.000Z,5/27/2007 1:05:00 AM,Driveway Junction,18,"MOTOR VEHICLE STRUCK PEDALCYCLIST, FRONT END AT ANGLE",,0,Clear or Partly Cloudy,Dry,Dark - Street Lights On,Y,7147001.0,,45.0,Vehicle - Pedalcyclist,13227,0,N,POINT (1267684.527726904 226979.4172444791),21687.0,4.30423418006055e-06,Clear or Partly Cloudy,2007-05-27,01:05:00,1.0,6,0,0.0,Clear or Partly Cloudy
54935,69495,69495,2614671,Matched,Intersection,37367.0,AURORA AVE N AND N 85TH ST,,,2,Injury Collision,Cycles,2,0,1,1,1,0,0,2007-11-17T00:00:00.000Z,11/17/2007 9:17:00 PM,At Intersection (intersection related),51,PEDALCYCLIST STRUCK MOTOR VEHICLE FRONT END AT ANGLE,,0,Overcast,Dry,Dark - Street Lights On,,7321003.0,,45.0,Vehicle - Pedalcyclist,16438,0,N,POINT (1268255.323439494 255550.0504897386),6144.0,0.0,Overcast,2007-11-17,21:17:00,21.0,5,0,0.0,Clear or Partly Cloudy
54966,69621,69621,2501875,Matched,Intersection,27167.0,UNIVERSITY WAY NE AND NE PACIFIC ST,,,1,Property Damage Only Collision,Cycles,2,0,1,1,0,0,0,2007-04-18T00:00:00.000Z,4/18/2007 10:30:00 PM,At Intersection (intersection related),18,"MOTOR VEHICLE STRUCK PEDALCYCLIST, FRONT END AT ANGLE",,0,Raining,Wet,Dark - Street Lights On,Y,7108048.0,,45.0,Vehicle - Pedalcyclist,0,522415,N,POINT (1275674.208311081 241847.4433717132),2203.0,0.0,Raining,2007-04-18,22:30:00,22.0,2,1,0.0,Raining
54967,69108,69108,2826901,Matched,Block,,CALIFORNIA AVE SW BETWEEN SW BARTON ST AND SW BRACE POINT E DR,,,2b,Serious Injury Collision,Cycles,2,0,1,1,1,1,0,2007-07-27T00:00:00.000Z,7/27/2007 6:10:00 PM,Mid-Block (not related to intersection),54,PEDALCYCLIST STRUCK MOTOR VEHICLE REAR END,,0,Clear or Partly Cloudy,Dry,Daylight,,7208003.0,,45.0,Vehicle - Pedalcyclist,29351,0,N,POINT (1256437.072803393 194220.6020429432),6232.0,2.1815649032279944e-06,Clear or Partly Cloudy,2007-07-27,18:10:00,18.0,4,1,1.0,Clear or Partly Cloudy
54986,69639,69639,2796740,Matched,Block,,AIRPORT WAY S BETWEEN CITY LIMITS C AND S NORFOLK ST,,,2,Injury Collision,Cycles,3,0,1,1,1,0,0,2007-08-13T00:00:00.000Z,8/13/2007 5:41:00 PM,Mid-Block (not related to intersection),51,PEDALCYCLIST STRUCK MOTOR VEHICLE FRONT END AT ANGLE,,0,Clear or Partly Cloudy,Dry,Daylight,,7225004.0,,45.0,Vehicle - Pedalcyclist,19366,0,N,POINT (1280551.312636077 191773.9178804308),6105.0,9.02666592184732e-06,Clear or Partly Cloudy,2007-08-13,17:41:00,17.0,0,1,1.0,Clear or Partly Cloudy
55137,69416,69416,2830058,Matched,Intersection,36618.0,33RD AVE NE AND NE 120TH ST,,,2,Injury Collision,Cycles,2,0,1,1,1,0,0,2007-07-04T00:00:00.000Z,7/4/2007,At Intersection (intersection related),51,PEDALCYCLIST STRUCK MOTOR VEHICLE FRONT END AT ANGLE,,0,Clear or Partly Cloudy,Dry,Daylight,,7185004.0,,45.0,Vehicle - Pedalcyclist,0,0,N,POINT (1281150.665020689 264410.4321948141),4118.0,0.0,Clear or Partly Cloudy,2007-07-04,00:00:00,,2,1,,Clear or Partly Cloudy
55152,69434,69434,2609840,Matched,Block,,11TH AVE NE BETWEEN NE 47TH ST AND NE 50TH ST,,,2,Injury Collision,Cycles,2,0,1,1,1,0,0,2007-02-09T00:00:00.000Z,2/9/2007,Mid-Block (not related to intersection),18,"MOTOR VEHICLE STRUCK PEDALCYCLIST, FRONT END AT ANGLE",,0,Overcast,Dry,Daylight,,7040004.0,,45.0,Vehicle - Pedalcyclist,9010,0,N,POINT (1275006.645686403 245734.4302556813),13569.0,9.566468075429996e-06,Overcast,2007-02-09,00:00:00,,4,1,,Clear or Partly Cloudy
55234,69310,69310,2829746,Matched,Block,,FREMONT AVE N BETWEEN N 104TH ST AND N 105TH ST,,,2,Injury Collision,Cycles,2,0,1,1,1,0,0,2007-09-28T00:00:00.000Z,9/28/2007 5:28:00 PM,Mid-Block (but intersection related),18,"MOTOR VEHICLE STRUCK PEDALCYCLIST, FRONT END AT ANGLE",Y,0,Clear or Partly Cloudy,Dry,Daylight,,7271001.0,,45.0,Vehicle - Pedalcyclist,0,0,N,POINT (1266990.9558222 260734.219135046),20570.0,2.583834966252682e-05,Clear or Partly Cloudy,2007-09-28,17:28:00,17.0,4,1,1.0,Clear or Partly Cloudy
55371,69482,69482,C691056,Matched,Block,,ELLIOTT AVE BETWEEN BELL ST AND BATTERY ST,,,2,Injury Collision,Cycles,2,0,1,1,1,0,0,2007-08-06T00:00:00.000Z,8/6/2007,Mid-Block (not related to intersection),55,PEDALCYCLIST STRUCK MOTOR VEHICLE RIGHT SIDE SIDESWIPE,,0,Clear or Partly Cloudy,Dry,Daylight,,7218029.0,,45.0,Vehicle - Pedalcyclist,13185,0,N,POINT (1266620.779885814 227076.3293725848),19800.0,2.6761841305326034e-05,Clear or Partly Cloudy,2007-08-06,00:00:00,,0,1,,Clear or Partly Cloudy
55405,69490,69490,2803431,Matched,Intersection,29757.0,BROADWAY AND E UNION ST,,,1,Property Damage Only Collision,Cycles,5,0,1,1,0,0,0,2007-01-25T00:00:00.000Z,1/25/2007 6:40:00 PM,At Intersection (intersection related),18,"MOTOR VEHICLE STRUCK PEDALCYCLIST, FRONT END AT ANGLE",,0,Clear or Partly Cloudy,Wet,Dark - Street Lights On,,7025002.0,,45.0,Vehicle - Pedalcyclist,9235,0,N,POINT (1273558.806836918 227135.8089246452),6210.0,0.0,Clear or Partly Cloudy,2007-01-25,18:40:00,18.0,3,1,1.0,Clear or Partly Cloudy
55414,69233,69233,2614623,Matched,Intersection,35876.0,15TH AVE NE AND NE BROCKMAN S PL,,,2b,Serious Injury Collision,Cycles,2,0,1,1,1,1,0,2007-08-14T00:00:00.000Z,8/14/2007 5:53:00 AM,At Intersection (intersection related),51,PEDALCYCLIST STRUCK MOTOR VEHICLE FRONT END AT ANGLE,,0,Clear or Partly Cloudy,Dry,Dawn,Y,7226005.0,,45.0,Vehicle - Pedalcyclist,13559,0,N,POINT (1276335.188535765 267591.1095740646),82.0,0.0,Clear or Partly Cloudy,2007-08-14,05:53:00,5.0,1,1,0.0,Clear or Partly Cloudy
55424,69756,69756,2621207,Matched,Intersection,29055.0,12TH AVE E AND E JOHN ST,,,2,Injury Collision,Cycles,2,0,1,1,1,0,0,2007-01-03T00:00:00.000Z,1/3/2007,At Intersection (intersection related),51,PEDALCYCLIST STRUCK MOTOR VEHICLE FRONT END AT ANGLE,,0,Clear or Partly Cloudy,Dry,Dark - Street Lights On,,7003004.0,,45.0,Vehicle - Pedalcyclist,35229,0,N,POINT (1274553.345845938 229660.7164472342),10813.0,0.0,Clear or Partly Cloudy,2007-01-03,00:00:00,,2,1,,Clear or Partly Cloudy
55446,69887,69887,2804685,Matched,Intersection,28775.0,DEXTER AVE N AND REPUBLICAN ST,,,2b,Serious Injury Collision,Cycles,2,0,1,1,1,1,0,2007-09-05T00:00:00.000Z,9/5/2007,At Intersection (intersection related),18,"MOTOR VEHICLE STRUCK PEDALCYCLIST, FRONT END AT ANGLE",,0,Clear or Partly Cloudy,Dry,Daylight,,7248002.0,,45.0,Vehicle - Pedalcyclist,12628,0,N,POINT (1268305.74238354 230981.4332485795),6636.0,0.0,Clear or Partly Cloudy,2007-09-05,00:00:00,,2,1,,Clear or Partly Cloudy
55473,70019,70019,2803176,Matched,Intersection,25490.0,EAST GREEN LAKE WAY N AND N 57TH ST,,,2b,Serious Injury Collision,Cycles,2,0,1,1,1,1,0,2007-04-07T00:00:00.000Z,4/7/2007,At Intersection (intersection related),18,"MOTOR VEHICLE STRUCK PEDALCYCLIST, FRONT END AT ANGLE",,0,Unknown,Unknown,Unknown,Y,7097004.0,,45.0,Vehicle - Pedalcyclist,41100,0,N,POINT (1269247.084592506 248102.9359861165),4044.0,0.0,,2007-04-07,00:00:00,,5,0,,
55482,69763,69763,2793624,Matched,Intersection,28915.0,4TH AVE N AND MERCER ST,,,2,Injury Collision,Cycles,2,0,1,1,1,0,0,2007-07-06T00:00:00.000Z,7/6/2007,At Intersection (intersection related),18,"MOTOR VEHICLE STRUCK PEDALCYCLIST, FRONT END AT ANGLE",,0,Clear or Partly Cloudy,Dry,Daylight,Y,7187014.0,Y,45.0,Vehicle - Pedalcyclist,0,521962,N,POINT (1266708.919853911 231501.9083851129),847.0,0.0,Clear or Partly Cloudy,2007-07-06,00:00:00,,4,1,,Clear or Partly Cloudy
55487,69771,69771,2881163,Matched,Intersection,37430.0,DAYTON AVE N AND N 92ND ST,,,2b,Serious Injury Collision,Cycles,3,0,1,1,1,1,0,2007-09-28T00:00:00.000Z,9/28/2007 7:32:00 AM,At Intersection (intersection related),18,"MOTOR VEHICLE STRUCK PEDALCYCLIST, FRONT END AT ANGLE",,0,Overcast,Dry,Daylight,,7271007.0,,45.0,Vehicle - Pedalcyclist,0,0,N,POINT (1266288.91422148 257579.906747818),6277.0,0.0,Overcast,2007-09-28,07:32:00,7.0,4,1,1.0,Clear or Partly Cloudy
55523,70175,70175,2798703,Matched,Intersection,32070.0,DELRIDGE WAY SW AND SW OREGON ST,,,2,Injury Collision,Cycles,2,0,1,1,1,0,0,2007-06-08T00:00:00.000Z,6/8/2007,At Intersection (intersection related),18,"MOTOR VEHICLE STRUCK PEDALCYCLIST, FRONT END AT ANGLE",,0,Clear or Partly Cloudy,Dry,Daylight,,7159002.0,,45.0,Vehicle - Pedalcyclist,22928,0,N,POINT (1262690.592809796 209082.8811621517),2032.0,0.0,Clear or Partly Cloudy,2007-06-08,00:00:00,,4,1,,Clear or Partly Cloudy
55551,70046,70046,2802387,Matched,Block,,WESTLAKE AVE N BETWEEN 8TH N AVE N AND BLAINE ST,,,1,Property Damage Only Collision,Cycles,2,0,1,1,0,0,0,2007-04-16T00:00:00.000Z,4/16/2007 5:00:00 PM,Driveway Junction,18,"MOTOR VEHICLE STRUCK PEDALCYCLIST, FRONT END AT ANGLE",,0,Clear or Partly Cloudy,Dry,Daylight,Y,7106001.0,,45.0,Vehicle - Pedalcyclist,0,0,N,POINT (1268832.569264084 234753.9229804426),16477.0,1.8482673261553713e-05,Clear or Partly Cloudy,2007-04-16,17:00:00,17.0,0,1,1.0,Clear or Partly Cloudy
55567,69914,69914,2880831,Matched,Block,,25TH AVE NE BETWEEN NE 60TH ST AND NE 65TH ST,,,2,Injury Collision,Cycles,4,0,1,1,1,0,0,2007-08-29T00:00:00.000Z,8/29/2007 6:39:00 PM,Mid-Block (not related to intersection),23,"MOTOR VEHICLE STRUCK PEDALCYCLIST, LEFT SIDE SIDESWIPE",,0,Clear or Partly Cloudy,Dry,Daylight,,7241004.0,,45.0,Vehicle - Pedalcyclist,0,0,N,POINT (1278944.086266443 249286.24798733),16792.0,6.167442334729122e-06,Clear or Partly Cloudy,2007-08-29,18:39:00,18.0,2,1,1.0,Clear or Partly Cloudy
55576,70181,70181,2792129,Matched,Intersection,29086.0,BELMONT AVE E AND LAKEVIEW BLVD E,,,2b,Serious Injury Collision,Cycles,1,0,1,0,1,1,0,2007-06-02T00:00:00.000Z,6/2/2007,At Intersection (intersection related),69,PEDALCYCLIST OVERTURNED IN ROAD,,1,Clear or Partly Cloudy,Dry,Dark - Street Lights On,,7153001.0,,45.0,Vehicle - Pedalcyclist,36179,0,N,POINT (1272104.67205143 232768.242594406),17954.0,0.0,Clear or Partly Cloudy,2007-06-02,00:00:00,,5,0,,Clear or Partly Cloudy
55609,70055,70055,2829684,Matched,Block,,STONE WAY N BETWEEN N 45TH ST AND N 46TH ST,,,2b,Serious Injury Collision,Cycles,3,0,1,1,1,1,0,2007-08-15T00:00:00.000Z,8/15/2007 7:20:00 AM,Driveway Junction,18,"MOTOR VEHICLE STRUCK PEDALCYCLIST, FRONT END AT ANGLE",,0,Clear or Partly Cloudy,Dry,Daylight,Y,7227004.0,,45.0,Vehicle - Pedalcyclist,6394,0,N,POINT (1268638.131375879 245032.1031509638),9814.0,2.055019729617459e-05,Clear or Partly Cloudy,2007-08-15,07:20:00,7.0,2,1,1.0,Clear or Partly Cloudy
55625,69931,69931,2907451,Matched,Block,,S ALASKA ST BETWEEN RAINIER AVE S AND 38TH AVE S,,,1,Property Damage Only Collision,Cycles,2,0,1,1,0,0,0,2007-12-27T00:00:00.000Z,12/27/2007 6:38:00 PM,Driveway Junction,18,"MOTOR VEHICLE STRUCK PEDALCYCLIST, FRONT END AT ANGLE",,0,Raining,Wet,Dark - Street Lights On,,7361006.0,,45.0,Vehicle - Pedalcyclist,0,0,N,POINT (1281780.24556534 207927.6570969671),12851.0,3.125888216282759e-05,Raining,2007-12-27,18:38:00,18.0,3,1,1.0,Raining
55658,69809,69809,2608348,Matched,Intersection,29911.0,7TH AVE AND UNION ST,,,2,Injury Collision,Cycles,2,0,1,1,1,0,0,2007-06-18T00:00:00.000Z,6/18/2007 5:48:00 AM,At Intersection (intersection related),18,"MOTOR VEHICLE STRUCK PEDALCYCLIST, FRONT END AT ANGLE",,0,Overcast,Wet,Daylight,,7169001.0,,45.0,Vehicle - Pedalcyclist,37095,0,N,POINT (1270660.664369956 226334.9807638228),4931.0,0.0,Overcast,2007-06-18,05:48:00,5.0,0,1,0.0,Clear or Partly Cloudy
55685,69948,69948,2798416,Matched,Alley,,,,,2,Injury Collision,Cycles,2,0,1,1,1,0,0,2007-05-19T00:00:00.000Z,5/19/2007 6:30:00 PM,Mid-Block (not related to intersection),18,"MOTOR VEHICLE STRUCK PEDALCYCLIST, FRONT END AT ANGLE",,0,Overcast,Wet,Daylight,,7139004.0,,45.0,Vehicle - Pedalcyclist,0,0,N,,,,Overcast,2007-05-19,18:30:00,18.0,5,0,1.0,Clear or Partly Cloudy
55719,69831,69831,C695696,Matched,Intersection,25793.0,UNIVERSITY WAY NE AND NE 50TH ST,,,2,Injury Collision,Cycles,2,0,1,1,1,0,0,2007-11-28T00:00:00.000Z,11/28/2007 10:30:00 PM,At Intersection (intersection related),18,"MOTOR VEHICLE STRUCK PEDALCYCLIST, FRONT END AT ANGLE",,0,Overcast,Wet,Dark - Street Lights On,,7332041.0,,45.0,Vehicle - Pedalcyclist,21411,0,N,POINT (1275819.041847229 246040.7075040042),999.0,0.0,Overcast,2007-11-28,22:30:00,22.0,2,1,0.0,Clear or Partly Cloudy
55822,69721,69721,2827629,Matched,Intersection,29747.0,11TH AVE AND E PIKE ST,,,2,Injury Collision,Cycles,2,0,1,1,1,0,0,2007-08-23T00:00:00.000Z,8/23/2007 7:25:00 AM,At Intersection (intersection related),18,"MOTOR VEHICLE STRUCK PEDALCYCLIST, FRONT END AT ANGLE",Y,0,Clear or Partly Cloudy,Dry,Daylight,Y,7235002.0,,45.0,Vehicle - Pedalcyclist,31243,0,N,POINT (1274213.232437596 227535.8214690536),1145.0,0.0,Clear or Partly Cloudy,2007-08-23,07:25:00,7.0,3,1,1.0,Clear or Partly Cloudy
55881,69868,69868,2799032,Matched,Intersection,23879.0,18TH AVE NW AND NW 80TH ST,,,2b,Serious Injury Collision,Cycles,2,0,1,1,1,1,0,2007-09-07T00:00:00.000Z,9/7/2007,At Intersection (intersection related),51,PEDALCYCLIST STRUCK MOTOR VEHICLE FRONT END AT ANGLE,,0,Clear or Partly Cloudy,Dry,Daylight,Y,7250002.0,,45.0,Vehicle - Pedalcyclist,27509,0,N,POINT (1259488.603686512 254371.850936532),7538.0,0.0,Clear or Partly Cloudy,2007-09-07,00:00:00,,4,1,,Clear or Partly Cloudy
55893,69738,69738,2827471,Matched,Intersection,34082.0,HIGHLAND PARK WAY SW AND WEST MARGINAL WAY SW,,,2,Injury Collision,Cycles,3,0,1,1,1,0,0,2007-08-22T00:00:00.000Z,8/22/2007 4:38:00 PM,At Intersection (intersection related),18,"MOTOR VEHICLE STRUCK PEDALCYCLIST, FRONT END AT ANGLE",,0,Clear or Partly Cloudy,Dry,Daylight,Y,7234029.0,,45.0,Vehicle - Pedalcyclist,0,525317,N,POINT (1267757.458734974 200758.0125456303),2126.0,0.0,Clear or Partly Cloudy,2007-08-22,16:38:00,16.0,2,1,1.0,Clear or Partly Cloudy
55973,70416,70416,2804880,Matched,Block,,MAGNOLIA BR BETWEEN W GARFIELD ST OFF RP AND W GALER ST,,,2,Injury Collision,Cycles,2,1,1,0,2,0,0,2007-11-16T00:00:00.000Z,11/16/2007 7:58:00 AM,Mid-Block (not related to intersection),64,PEDALCYCLIST STRUCK PEDESTRIAN,,0,Overcast,Dry,Daylight,Y,7320006.0,,45.0,Vehicle - Pedalcyclist,0,0,N,POINT (1257267.562020242 234941.6689006388),829.0,1.5541668489198715e-05,Overcast,2007-11-16,07:58:00,7.0,4,1,1.0,Clear or Partly Cloudy
56043,70551,70551,2795036,Matched,Intersection,25132.0,24TH AVE NW AND NW 58TH ST,,,2,Injury Collision,Cycles,3,0,1,1,1,0,0,2007-06-17T00:00:00.000Z,6/17/2007 1:40:00 PM,At Intersection (intersection related),18,"MOTOR VEHICLE STRUCK PEDALCYCLIST, FRONT END AT ANGLE",,0,Clear or Partly Cloudy,Dry,Daylight,Y,7168001.0,,45.0,Vehicle - Pedalcyclist,0,520925,N,POINT (1257506.266148478 248596.4105466157),7478.0,0.0,Clear or Partly Cloudy,2007-06-17,13:40:00,13.0,6,0,0.0,Clear or Partly Cloudy
56065,70564,70564,2603719,Matched,Intersection,36052.0,LAKE CITY WAY NE AND NE 130TH ST,,,1,Property Damage Only Collision,Cycles,3,0,1,1,0,0,0,2007-05-06T00:00:00.000Z,5/6/2007,At Intersection (intersection related),18,"MOTOR VEHICLE STRUCK PEDALCYCLIST, FRONT END AT ANGLE",,0,Clear or Partly Cloudy,Dry,Dusk,,7126022.0,,45.0,Vehicle - Pedalcyclist,0,630790,N,POINT (1281118.143548667 267099.184069559),9113.0,0.0,Clear or Partly Cloudy,2007-05-06,00:00:00,,6,0,,Clear or Partly Cloudy
56081,70689,70689,2624522,Matched,Block,,15TH AVE NW BETWEEN NW 64TH ST AND NW 65TH ST,,,2,Injury Collision,Cycles,2,0,1,1,1,0,0,2007-03-15T00:00:00.000Z,3/15/2007 8:08:00 PM,Driveway Junction,18,"MOTOR VEHICLE STRUCK PEDALCYCLIST, FRONT END AT ANGLE",,0,Raining,Wet,Dark - Street Lights On,Y,7074006.0,,45.0,Vehicle - Pedalcyclist,0,0,N,POINT (1260343.19651939 250261.2293643206),5106.0,1.5635624874577072e-05,Raining,2007-03-15,20:08:00,20.0,3,1,0.0,Raining
56101,70451,70451,2797239,Matched,Intersection,34479.0,RAINIER AVE S AND S AUSTIN ST,,,2,Injury Collision,Cycles,2,0,1,1,1,0,0,2007-08-24T00:00:00.000Z,8/24/2007 7:20:00 PM,At Intersection (intersection related),18,"MOTOR VEHICLE STRUCK PEDALCYCLIST, FRONT END AT ANGLE",,0,Clear or Partly Cloudy,Dry,Dusk,Y,7236008.0,,45.0,Vehicle - Pedalcyclist,0,0,N,POINT (1285546.604609191 198344.8595191538),915.0,0.0,Clear or Partly Cloudy,2007-08-24,19:20:00,19.0,4,1,1.0,Clear or Partly Cloudy
56117,70323,70323,2613598,Matched,Intersection,30974.0,61ST AVE SW AND SW STEVENS ST,,,2b,Serious Injury Collision,Cycles,2,0,1,1,1,1,0,2007-07-26T00:00:00.000Z,7/26/2007 7:35:00 PM,At Intersection (intersection related),18,"MOTOR VEHICLE STRUCK PEDALCYCLIST, FRONT END AT ANGLE",,0,Clear or Partly Cloudy,Dry,Daylight,,7207002.0,,45.0,Vehicle - Pedalcyclist,0,0,N,POINT (1251119.764765948 214732.5065119416),548.0,0.0,Clear or Partly Cloudy,2007-07-26,19:35:00,19.0,3,1,1.0,Clear or Partly Cloudy
56353,70373,70373,2792498,Matched,Block,,NE 47TH ST BETWEEN 7TH AVE NE AND 8TH AVE NE,,,1,Property Damage Only Collision,Cycles,3,0,1,1,0,0,0,2007-09-03T00:00:00.000Z,9/3/2007,Driveway Junction,18,"MOTOR VEHICLE STRUCK PEDALCYCLIST, FRONT END AT ANGLE",,0,Unknown,Unknown,Unknown,,7246004.0,,45.0,Vehicle - Pedalcyclist,0,0,N,POINT (1274066.592309445 245430.9046233743),11331.0,2.5616259935669994e-05,,2007-09-03,00:00:00,,0,1,,
56357,70522,70522,2607897,Matched,Intersection,29515.0,DENNY WAY AND DEXTER AVE,,,2b,Serious Injury Collision,Cycles,2,0,1,1,1,1,0,2007-06-28T00:00:00.000Z,6/28/2007 8:30:00 AM,At Intersection (intersection related),18,"MOTOR VEHICLE STRUCK PEDALCYCLIST, FRONT END AT ANGLE",,0,Raining,Wet,Daylight,,7179008.0,,45.0,Vehicle - Pedalcyclist,12567,0,N,POINT (1268262.3086555 229277.1954228282),6287.0,0.0,Raining,2007-06-28,08:30:00,8.0,3,1,1.0,Raining