OBJECTID,INCKEY,COLDETKEY,REPORTNO,STATUS,ADDRTYPE,INTKEY,LOCATION,EXCEPTRSNC,EXCEPTRSND,SEVERITYCO,SEVERITYDE,COLLISIONT,PERSONCOUN,PEDCOUNT,PEDCYLCOUN,VEHCOUNT,INJURIES,SERIOUSINJ,FATALITIES,INCDATE,INCDTTM,JUNCTIONTY,SDOT_COLCO,SDOT_COLDE,INATTENTIO,UNDERINFL,WEATHER,ROADCOND,LIGHTCOND,PEDROWNOTG,SDOTCOLNUM,SPEEDING,ST_COLCODE,ST_COLDESC,SEGLANEKEY,CROSSWALKK,HITPARKEDC,geometry,near_str_index,min_length,weather_group,date,time,hour,dayofweek,weekday,rushhour,weather_group2
59535,73654,73654,2795071,Matched,Intersection,25929.0,30TH AVE NE AND NE 55TH E ST,,,2,Injury Collision,Cycles,2,0,1,1,1,0,0,2007-12-17T00:00:00.000Z,12/17/2007 4:53:00 PM,At Intersection (intersection related),18,"MOTOR VEHICLE STRUCK PEDALCYCLIST, FRONT END AT ANGLE",,0,Overcast,Dry,Dark - Street Lights On,Y,7351007.0,,45.0,Vehicle - Pedalcyclist,33957,0,N,POINT (1280281.238587812 247275.2457452714),7270.0,0.0,Overcast,2007-12-17,16:53:00,16.0,0,1,1.0,Clear or Partly Cloudy
59611,74060,74060,2827831,Matched,Block,,BROADWAY E BETWEEN E DENNY WAY AND E OLIVE WAY,,,2,Injury Collision,Cycles,2,1,1,0,1,0,0,2007-09-12T00:00:00.000Z,9/12/2007 8:54:00 AM,Mid-Block (not related to intersection),64,PEDALCYCLIST STRUCK PEDESTRIAN,Y,0,Clear or Partly Cloudy,Dry,Daylight,,7255001.0,,45.0,Vehicle - Pedalcyclist,6823,0,N,POINT (1273578.660532936 229455.3690550178),650.0,2.2848738557753853e-05,Clear or Partly Cloudy,2007-09-12,08:54:00,8.0,2,1,1.0,Clear or Partly Cloudy
59632,74193,74193,2792426,Matched,Block,,E HARRISON ST BETWEEN 31ST AVE E AND 32ND AVE E,,,2,Injury Collision,Cycles,2,0,1,1,1,0,0,2007-07-19T00:00:00.000Z,7/19/2007 7:25:00 PM,Mid-Block (not related to intersection),53,PEDALCYCLIST STRUCK MOTOR VEHICLE LEFT SIDE AT ANGLE,,0,Clear or Partly Cloudy,Dry,Daylight,,7200002.0,,45.0,Vehicle - Pedalcyclist,0,0,N,POINT (1280828.267964363 230468.9707840532),8979.0,0.0,Clear or Partly Cloudy,2007-07-19,19:25:00,19.0,3,1,1.0,Clear or Partly Cloudy
59687,73950,73950,2805820,Matched,Block,,3RD AVE BETWEEN MADISON ST AND SPRING ST,,,2,Injury Collision,Cycles,4,0,1,1,1,0,0,2007-11-08T00:00:00.000Z,11/8/2007,Mid-Block (not related to intersection),55,PEDALCYCLIST STRUCK MOTOR VEHICLE RIGHT SIDE SIDESWIPE,,0,Overcast,Dry,Daylight,,7312005.0,,45.0,Vehicle - Pedalcyclist,35854,0,N,POINT (1270159.476145446 224654.2809861004),9627.0,6.411861220358931e-09,Overcast,2007-11-08,00:00:00,,3,1,,Clear or Partly Cloudy
59753,74102,74102,2880955,Matched,Intersection,24058.0,6TH AVE NW AND NW 80TH ST,,,2,Injury Collision,Cycles,2,0,1,1,1,0,0,2007-08-28T00:00:00.000Z,8/28/2007 6:17:00 PM,At Intersection (intersection related),18,"MOTOR VEHICLE STRUCK PEDALCYCLIST, FRONT END AT ANGLE",,0,Clear or Partly Cloudy,Dry,Daylight,Y,7240030.0,,45.0,Vehicle - Pedalcyclist,27352,0,N,POINT (1263598.788906723 254319.6097844839),3209.0,0.0,Clear or Partly Cloudy,2007-08-28,18:17:00,18.0,1,1,1.0,Clear or Partly Cloudy
59838,74389,74389,2827906,Matched,Intersection,30405.0,14TH AVE AND E FIR ST,,,2,Injury Collision,Cycles,2,0,1,1,1,0,0,2007-09-10T00:00:00.000Z,9/10/2007 3:36:00 PM,At Intersection (intersection related),18,"MOTOR VEHICLE STRUCK PEDALCYCLIST, FRONT END AT ANGLE",Y,0,Clear or Partly Cloudy,Dry,Daylight,Y,7253003.0,,45.0,Vehicle - Pedalcyclist,0,0,N,POINT (1275105.698358506 223354.7309047729),3875.0,0.0,Clear or Partly Cloudy,2007-09-10,15:36:00,15.0,0,1,1.0,Clear or Partly Cloudy
59856,74128,74128,2614638,Matched,Block,,20TH AVE NE BETWEEN NE 63RD ST AND NE 65TH ST,,,2,Injury Collision,Cycles,2,0,1,1,1,0,0,2007-02-27T00:00:00.000Z,2/27/2007 8:20:00 AM,Mid-Block (not related to intersection),18,"MOTOR VEHICLE STRUCK PEDALCYCLIST, FRONT END AT ANGLE",,0,Clear or Partly Cloudy,Dry,Daylight,,7058006.0,,45.0,Vehicle - Pedalcyclist,33146,0,N,POINT (1277506.110200956 249796.2452358454),19480.0,2.117749949036769e-05,Clear or Partly Cloudy,2007-02-27,08:20:00,8.0,1,1,1.0,Clear or Partly Cloudy
59945,74150,74150,2825967,Matched,Intersection,29604.0,1ST AVE AND UNIVERSITY ST,,,2,Injury Collision,Cycles,2,0,1,1,1,0,0,2007-09-25T00:00:00.000Z,9/25/2007 5:28:00 PM,At Intersection (intersection related),18,"MOTOR VEHICLE STRUCK PEDALCYCLIST, FRONT END AT ANGLE",,0,Clear or Partly Cloudy,Dry,Daylight,Y,7268001.0,,45.0,Vehicle - Pedalcyclist,36738,0,N,POINT (1269215.582000479 224984.4235784411),0.0,0.0,Clear or Partly Cloudy,2007-09-25,17:28:00,17.0,1,1,1.0,Clear or Partly Cloudy
61026,75317,75317,2827403,Matched,Intersection,29774.0,12TH AVE AND E SPRING ST,,,2,Injury Collision,Cycles,2,0,1,1,1,0,0,2007-10-29T00:00:00.000Z,10/29/2007 12:52:00 PM,At Intersection (intersection related),18,"MOTOR VEHICLE STRUCK PEDALCYCLIST, FRONT END AT ANGLE",,0,Overcast,Wet,Daylight,,7302004.0,Y,45.0,Vehicle - Pedalcyclist,0,0,N,POINT (1274531.320117921 226606.0179481059),15593.0,0.0,Overcast,2007-10-29,12:52:00,12.0,0,1,0.0,Clear or Partly Cloudy
61063,74945,74945,2791385,Matched,Block,,7TH AVE BETWEEN STEWART ST AND VIRGINIA ST,,,2,Injury Collision,Cycles,2,0,1,1,1,0,0,2007-08-10T00:00:00.000Z,8/10/2007 10:34:00 PM,Driveway Junction,18,"MOTOR VEHICLE STRUCK PEDALCYCLIST, FRONT END AT ANGLE",Y,0,Clear or Partly Cloudy,Dry,Dark - No Street Lights,Y,7222005.0,,45.0,Vehicle - Pedalcyclist,0,0,N,POINT (1269614.874800876 227835.9557413608),15808.0,5.014720122571429e-09,Clear or Partly Cloudy,2007-08-10,22:34:00,22.0,4,1,0.0,Clear or Partly Cloudy
61073,75474,75474,2804507,Matched,Block,,5TH AVE BETWEEN COLUMBIA ST AND MARION ST,,,2,Injury Collision,Cycles,2,0,1,1,1,0,0,2007-09-04T00:00:00.000Z,9/4/2007,Mid-Block (not related to intersection),16,"MOTOR VEHICLE STRUCK MOTOR VEHICLE, LEFT SIDE SIDESWIPE",,0,Overcast,Dry,Daylight,,7247021.0,,45.0,Vehicle - Pedalcyclist,36266,0,N,POINT (1271025.434162334 224455.7321218997),15944.0,0.0,Overcast,2007-09-04,00:00:00,,1,1,,Clear or Partly Cloudy
61103,75339,75339,2804741,Matched,Intersection,29872.0,BOREN AVE AND PINE ST,,,2,Injury Collision,Cycles,2,0,1,1,1,0,0,2007-10-15T00:00:00.000Z,10/15/2007 11:50:00 AM,At Intersection (intersection related),18,"MOTOR VEHICLE STRUCK PEDALCYCLIST, FRONT END AT ANGLE",,0,Raining,Wet,Daylight,,7288002.0,,45.0,Vehicle - Pedalcyclist,10320,0,N,POINT (1271335.12145865 227723.9425572455),896.0,0.0,Raining,2007-10-15,11:50:00,11.0,0,1,0.0,Raining
61121,75729,75729,2805984,Matched,Block,,BROADWAY E BETWEEN E THOMAS ST AND E HARRISON ST,,,2,Injury Collision,Cycles,2,0,1,1,1,0,0,2007-02-24T00:00:00.000Z,2/24/2007 5:21:00 PM,Driveway Junction,51,PEDALCYCLIST STRUCK MOTOR VEHICLE FRONT END AT ANGLE,,0,Overcast,Dry,Dusk,,7055001.0,,45.0,Vehicle - Pedalcyclist,6788,0,N,POINT (1273585.545588955 230261.4066238403),19760.0,6.052494278416865e-06,Overcast,2007-02-24,17:21:00,17.0,5,0,1.0,Clear or Partly Cloudy
61131,75607,75607,2828148,Matched,Intersection,32410.0,RAINIER AVE S AND S BYRON ST,,,2,Injury Collision,Cycles,2,0,1,1,1,0,0,2007-11-19T00:00:00.000Z,11/19/2007 8:38:00 AM,At Intersection (intersection related),18,"MOTOR VEHICLE STRUCK PEDALCYCLIST, FRONT END AT ANGLE",,0,Raining,Wet,Dawn,Y,7323001.0,,45.0,Vehicle - Pedalcyclist,23771,0,N,POINT (1279694.187835202 212782.3753099442),13339.0,0.0,Raining,2007-11-19,08:38:00,8.0,0,1,1.0,Raining
61144,75741,75741,2793878,Matched,Block,,W MCGRAW ST BETWEEN 6TH AVE W AND 7TH AVE W,,,2,Injury Collision,Cycles,3,0,1,1,1,0,0,2007-03-25T00:00:00.000Z,3/25/2007 3:38:00 PM,Mid-Block (not related to intersection),56,PEDALCYCLIST STRUCK MOTOR VEHICLE LEFT SIDE SIDESWIPE,,0,Clear or Partly Cloudy,Dry,Daylight,,7084002.0,,45.0,Vehicle - Pedalcyclist,34947,0,N,POINT (1262690.650921792 237065.5311108083),20377.0,8.623405764797356e-06,Clear or Partly Cloudy,2007-03-25,15:38:00,15.0,6,0,1.0,Clear or Partly Cloudy
61274,75762,75762,2806307,Matched,Intersection,29289.0,29TH AVE AND E DENNY WAY,,,2,Injury Collision,Cycles,2,0,1,1,1,0,0,2007-04-10T00:00:00.000Z,4/10/2007 6:20:00 PM,At Intersection (intersection related),18,"MOTOR VEHICLE STRUCK PEDALCYCLIST, FRONT END AT ANGLE",,0,Clear or Partly Cloudy,Dry,Daylight,,7100005.0,,45.0,Vehicle - Pedalcyclist,0,0,N,POINT (1279999.78348352 229175.5979827344),253.0,0.0,Clear or Partly Cloudy,2007-04-10,18:20:00,18.0,1,1,1.0,Clear or Partly Cloudy
61287,75657,75657,2805153,Matched,Intersection,29882.0,8TH AVE AND PINE ST,,,2,Injury Collision,Cycles,2,0,1,1,1,0,0,2007-02-22T00:00:00.000Z,2/22/2007 6:30:00 AM,At Intersection (intersection related),18,"MOTOR VEHICLE STRUCK PEDALCYCLIST, FRONT END AT ANGLE",,0,Overcast,Wet,Dawn,,7053001.0,,45.0,Vehicle - Pedalcyclist,21789,0,N,POINT (1270503.986225799 227231.7984287441),564.0,0.0,Overcast,2007-02-22,06:30:00,6.0,3,1,0.0,Clear or Partly Cloudy
61292,75655,75655,2807473,Matched,Block,,4TH AVE BETWEEN VINE ST AND CEDAR ST,,,2b,Serious Injury Collision,Cycles,3,0,1,1,1,1,0,2007-01-19T00:00:00.000Z,1/19/2007 6:24:00 PM,Mid-Block (not related to intersection),55,PEDALCYCLIST STRUCK MOTOR VEHICLE RIGHT SIDE SIDESWIPE,,0,Clear or Partly Cloudy,Dry,Dark - Street Lights On,,7019008.0,,45.0,Vehicle - Pedalcyclist,12877,0,N,POINT (1266980.044718191 228926.297374472),21023.0,5.012809334699396e-09,Clear or Partly Cloudy,2007-01-19,18:24:00,18.0,4,1,1.0,Clear or Partly Cloudy
61301,75933,75933,2893293,Matched,Intersection,24578.0,EAST GREEN LAKE DR N AND NE MAPLE LEAF PL,,,2,Injury Collision,Cycles,2,0,1,1,1,0,0,2007-11-26T00:00:00.000Z,11/26/2007 6:19:00 PM,At Intersection (intersection related),18,"MOTOR VEHICLE STRUCK PEDALCYCLIST, FRONT END AT ANGLE",,0,Raining,Wet,Dark - Street Lights On,,7330012.0,,45.0,Vehicle - Pedalcyclist,7286,0,N,POINT (1272714.38494806 251868.6532379687),6838.0,0.0,Raining,2007-11-26,18:19:00,18.0,0,1,1.0,Raining
61381,75928,75928,2792009,Matched,Block,,12TH AVE BETWEEN E MARION ST AND E SPRING ST,,,2,Injury Collision,Cycles,2,0,1,1,1,0,0,2007-05-15T00:00:00.000Z,5/15/2007 8:39:00 AM,Mid-Block (but intersection related),18,"MOTOR VEHICLE STRUCK PEDALCYCLIST, FRONT END AT ANGLE",,0,Clear or Partly Cloudy,Dry,Daylight,Y,7135008.0,,45.0,Vehicle - Pedalcyclist,10728,0,N,POINT (1274527.158005908 226393.0969878882),18595.0,1.3906977835739267e-05,Clear or Partly Cloudy,2007-05-15,08:39:00,8.0,1,1,1.0,Clear or Partly Cloudy
61436,75430,75430,2828961,Matched,Block,,DEXTER AVE N BETWEEN HAYES ST AND HOWE ST,,,1,Property Damage Only Collision,Cycles,2,0,1,1,0,0,0,2007-11-01T00:00:00.000Z,11/1/2007,Mid-Block (not related to intersection),54,PEDALCYCLIST STRUCK MOTOR VEHICLE REAR END,Y,0,Clear or Partly Cloudy,Dry,Daylight,,7305002.0,,45.0,Vehicle - Pedalcyclist,0,0,N,POINT (1268408.639919654 235271.560932979),15565.0,6.7242681277130444e-06,Clear or Partly Cloudy,2007-11-01,00:00:00,,3,1,,Clear or Partly Cloudy
61499,75827,75827,2615423,Matched,Intersection,28258.0,10TH AVE E AND E NEWTON ST,,,2,Injury Collision,Cycles,2,0,1,1,1,0,0,2007-02-06T00:00:00.000Z,2/6/2007,At Intersection (intersection related),18,"MOTOR VEHICLE STRUCK PEDALCYCLIST, FRONT END AT ANGLE",,0,Overcast,Dry,Daylight,Y,7037005.0,,45.0,Vehicle - Pedalcyclist,6111,0,N,POINT (1273898.280501276 235990.4813177139),9849.0,0.0,Overcast,2007-02-06,00:00:00,,1,1,,Clear or Partly Cloudy
61548,75840,75840,2617312,Matched,Block,,EASTLAKE AVE E BETWEEN E SHELBY ST AND E ALLISON ST,,,2,Injury Collision,Cycles,2,0,1,1,1,0,0,2007-01-20T00:00:00.000Z,1/20/2007 2:26:00 PM,Driveway Junction,18,"MOTOR VEHICLE STRUCK PEDALCYCLIST, FRONT END AT ANGLE",,0,Clear or Partly Cloudy,Dry,Daylight,Y,7020001.0,,45.0,Vehicle - Pedalcyclist,24676,0,N,POINT (1273014.144436359 239959.6311457753),14311.0,6.534807990617901e-09,Clear or Partly Cloudy,2007-01-20,14:26:00,14.0,5,0,0.0,Clear or Partly Cloudy
61558,75836,75836,C691055,Matched,Intersection,27146.0,BROOKLYN AVE NE AND NE PACIFIC ST,,,2,Injury Collision,Cycles,2,0,1,1,1,0,0,2007-08-16T00:00:00.000Z,8/16/2007 2:50:00 PM,At Intersection (intersection related),51,PEDALCYCLIST STRUCK MOTOR VEHICLE FRONT END AT ANGLE,,0,Clear or Partly Cloudy,Dry,Daylight,,7228034.0,,45.0,Vehicle - Pedalcyclist,31308,0,N,POINT (1275391.259190798 241925.637547791),9193.0,0.0,Clear or Partly Cloudy,2007-08-16,14:50:00,14.0,3,1,0.0,Clear or Partly Cloudy
61568,75459,75459,2805254,Matched,Block,,E MADISON ST BETWEEN 28TH AVE E AND 29TH W AVE E,,,2,Injury Collision,Cycles,2,0,1,1,1,0,0,2007-09-22T00:00:00.000Z,9/22/2007 11:25:00 AM,Mid-Block (not related to intersection),23,"MOTOR VEHICLE STRUCK PEDALCYCLIST, LEFT SIDE SIDESWIPE",,0,Clear or Partly Cloudy,Dry,Daylight,,7265001.0,,45.0,Vehicle - Pedalcyclist,34621,0,N,POINT (1279781.067579299 230939.4231365323),16159.0,1.0534625056287564e-08,Clear or Partly Cloudy,2007-09-22,11:25:00,11.0,5,0,0.0,Clear or Partly Cloudy
61572,75722,75722,C690783,Matched,Block,,EAST GREEN LAKE WAY N BETWEEN SUNNYSIDE AVE N AND 1ST AVE NE,,,2,Injury Collision,Cycles,2,0,1,1,1,0,0,2007-08-14T00:00:00.000Z,8/14/2007 7:00:00 PM,Mid-Block (not related to intersection),54,PEDALCYCLIST STRUCK MOTOR VEHICLE REAR END,,0,Clear or Partly Cloudy,Dry,Daylight,,7226041.0,,45.0,Vehicle - Pedalcyclist,7398,0,N,POINT (1272031.674803361 251015.1543570906),3882.0,7.424841883541168e-09,Clear or Partly Cloudy,2007-08-14,19:00:00,19.0,1,1,1.0,Clear or Partly Cloudy
61583,75466,75466,2607570,Matched,Block,,1ST AVE BETWEEN BLANCHARD ST AND BELL ST,,,1,Property Damage Only Collision,Cycles,2,0,1,1,0,0,0,2007-03-30T00:00:00.000Z,3/30/2007 6:48:00 PM,Mid-Block (not related to intersection),21,"MOTOR VEHICLE STRUCK PEDALCYCLIST, REAR END",Y,0,Clear or Partly Cloudy,Dry,Daylight,,7089007.0,,45.0,Vehicle - Pedalcyclist,13233,0,N,POINT (1267368.977454588 227266.4868127704),2269.0,5.014503332264041e-09,Clear or Partly Cloudy,2007-03-30,18:48:00,18.0,4,1,1.0,Clear or Partly Cloudy
61650,76387,76387,2802539,Matched,Intersection,36635.0,LAKE CITY WAY NE AND NE 117TH ST,,,2,Injury Collision,Cycles,2,0,1,1,1,0,0,2007-04-17T00:00:00.000Z,4/17/2007 2:46:00 PM,At Intersection (intersection related),18,"MOTOR VEHICLE STRUCK PEDALCYCLIST, FRONT END AT ANGLE",,0,Overcast,Dry,Daylight,,7107003.0,,45.0,Vehicle - Pedalcyclist,0,0,N,POINT (1279818.53343533 263954.7071383446),8831.0,0.0,Overcast,2007-04-17,14:46:00,14.0,1,1,0.0,Clear or Partly Cloudy
61674,76006,76006,2828106,Matched,Intersection,29744.0,HARVARD AVE AND E PIKE ST,,,2,Injury Collision,Cycles,2,0,1,1,1,0,0,2007-10-06T00:00:00.000Z,10/6/2007,At Intersection (intersection related),51,PEDALCYCLIST STRUCK MOTOR VEHICLE FRONT END AT ANGLE,,0,Clear or Partly Cloudy,Dry,Dark - Street Lights On,,7279007.0,,45.0,Vehicle - Pedalcyclist,31201,0,N,POINT (1273234.02603659 227544.4404770583),1144.0,0.0,Clear or Partly Cloudy,2007-10-06,00:00:00,,5,0,,Clear or Partly Cloudy
61696,76271,76271,2621862,Matched,Block,,E UNION ST BETWEEN 10TH AVE AND 11TH AVE,,,1,Property Damage Only Collision,Cycles,2,0,1,1,0,0,0,2007-09-11T00:00:00.000Z,9/11/2007 2:14:00 PM,Mid-Block (but intersection related),51,PEDALCYCLIST STRUCK MOTOR VEHICLE FRONT END AT ANGLE,,0,Clear or Partly Cloudy,Dry,Daylight,,7254004.0,,45.0,Vehicle - Pedalcyclist,0,0,N,POINT (1274047.846965417 227116.2463006228),6955.0,7.230044418084724e-09,Clear or Partly Cloudy,2007-09-11,14:14:00,14.0,1,1,0.0,Clear or Partly Cloudy
61698,76007,76007,2621165,Matched,Intersection,29920.0,BOREN AVE AND MADISON ST,,,1,Property Damage Only Collision,Cycles,2,0,1,1,0,0,0,2007-09-25T00:00:00.000Z,9/25/2007 10:55:00 AM,At Intersection (intersection related),18,"MOTOR VEHICLE STRUCK PEDALCYCLIST, FRONT END AT ANGLE",,0,Raining,Wet,Daylight,Y,7268007.0,,45.0,Vehicle - Pedalcyclist,0,523649,N,POINT (1272453.844275787 225834.5358353108),3391.0,0.0,Raining,2007-09-25,10:55:00,10.0,1,1,0.0,Raining
61725,76268,76268,2791552,Matched,Intersection,29679.0,ALASKAN WAY AND BROAD ST,,,2,Injury Collision,Cycles,2,0,1,1,1,0,0,2007-08-16T00:00:00.000Z,8/16/2007 7:58:00 AM,At Intersection (intersection related),51,PEDALCYCLIST STRUCK MOTOR VEHICLE FRONT END AT ANGLE,,0,Overcast,Dry,Unknown,,7228001.0,,45.0,Vehicle - Pedalcyclist,15668,0,N,POINT (1265161.024812326 228055.2974375784),2197.0,0.0,Overcast,2007-08-16,07:58:00,7.0,3,1,1.0,Clear or Partly Cloudy
61809,76293,76293,2793550,Matched,Block,,DEXTER AVE N BETWEEN DENNY WAY AND JOHN ST,,,2,Injury Collision,Cycles,2,0,1,1,1,0,0,2007-05-09T00:00:00.000Z,5/9/2007,Mid-Block (but intersection related),21,"MOTOR VEHICLE STRUCK PEDALCYCLIST, REAR END",,0,Clear or Partly Cloudy,Dry,Daylight,,7129002.0,,45.0,Vehicle - Pedalcyclist,12566,0,N,POINT (1268267.740975499 229490.4169270545),20563.0,7.63792373631657e-09,Clear or Partly Cloudy,2007-05-09,00:00:00,,2,1,,Clear or Partly Cloudy
61823,76046,76046,2806503,Matched,Intersection,29141.0,BELMONT AVE E AND E HARRISON ST,,,2,Injury Collision,Cycles,2,0,1,1,1,0,0,2007-04-27T00:00:00.000Z,4/27/2007 8:53:00 PM,At Intersection (intersection related),51,PEDALCYCLIST STRUCK MOTOR VEHICLE FRONT END AT ANGLE,,0,Clear or Partly Cloudy,Dry,Dark - Street Lights On,,7117006.0,Y,45.0,Vehicle - Pedalcyclist,0,0,N,POINT (1272818.216756165 230443.1807040274),6179.0,0.0,Clear or Partly Cloudy,2007-04-27,20:53:00,20.0,4,1,0.0,Clear or Partly Cloudy
61838,76306,76306,2793912,Matched,Block,,2ND AVE BETWEEN COLUMBIA ST AND MARION ST,,,2,Injury Collision,Cycles,3,0,2,1,2,0,0,2007-05-08T00:00:00.000Z,5/8/2007,Mid-Block (not related to intersection),61,PEDALCYCLIST STRUCK PEDALCYCLIST REAR END,,0,Clear or Partly Cloudy,Dry,Daylight,,7128008.0,,45.0,Vehicle - Pedalcyclist,12047,0,N,POINT (1270194.225905478 223963.2776573896),15133.0,1.1472702889980625e-05,Clear or Partly Cloudy,2007-05-08,00:00:00,,1,1,,Clear or Partly Cloudy
61862,76051,76051,2830060,Matched,Block,,FREMONT AVE N BETWEEN FREMONT PL N AND N 36TH ST,,,2,Injury Collision,Cycles,2,0,1,1,1,0,0,2007-07-13T00:00:00.000Z,7/13/2007 2:49:00 PM,Mid-Block (not related to intersection),18,"MOTOR VEHICLE STRUCK PEDALCYCLIST, FRONT END AT ANGLE",Y,0,Clear or Partly Cloudy,Dry,Daylight,Y,7194009.0,,45.0,Vehicle - Pedalcyclist,8357,0,N,POINT (1266649.644717842 241107.6027309448),11938.0,7.838010636447276e-09,Clear or Partly Cloudy,2007-07-13,14:49:00,14.0,4,1,0.0,Clear or Partly Cloudy
61883,76180,76180,2825753,Matched,Intersection,28057.0,NICKERSON ST AND WESTLAKE AVE N,,,2,Injury Collision,Cycles,2,0,1,1,1,0,0,2007-05-30T00:00:00.000Z,5/30/2007 12:19:00 PM,At Intersection (intersection related),51,PEDALCYCLIST STRUCK MOTOR VEHICLE FRONT END AT ANGLE,,0,Clear or Partly Cloudy,Dry,Daylight,,7150040.0,,45.0,Vehicle - Pedalcyclist,13898,0,N,POINT (1266650.960429847 239377.199529171),13817.0,0.0,Clear or Partly Cloudy,2007-05-30,12:19:00,12.0,2,1,0.0,Clear or Partly Cloudy
61891,76187,76187,2613282,Matched,Intersection,32672.0,RAINIER AVE S AND S CHARLESTOWN ST,,,2,Injury Collision,Cycles,2,0,1,1,1,0,0,2007-04-07T00:00:00.000Z,4/7/2007,At Intersection (intersection related),18,"MOTOR VEHICLE STRUCK PEDALCYCLIST, FRONT END AT ANGLE",,0,Raining,Wet,Dark - Street Lights On,Y,7097002.0,Y,45.0,Vehicle - Pedalcyclist,0,524336,N,POINT (1280674.396732211 211241.5609723628),912.0,0.0,Raining,2007-04-07,00:00:00,,5,0,,Raining
61907,76056,76056,C692291,Matched,Block,,E UNION ST BETWEEN 10TH AVE AND 11TH AVE,,,2,Injury Collision,Cycles,2,0,1,1,1,0,0,2007-09-19T00:00:00.000Z,9/19/2007 6:00:00 PM,Mid-Block (not related to intersection),56,PEDALCYCLIST STRUCK MOTOR VEHICLE LEFT SIDE SIDESWIPE,,0,Clear or Partly Cloudy,Dry,Daylight,,7262037.0,,45.0,Vehicle - Pedalcyclist,6255,0,N,POINT (1274047.846965417 227116.2463006228),6955.0,7.230044418084724e-09,Clear or Partly Cloudy,2007-09-19,18:00:00,18.0,2,1,1.0,Clear or Partly Cloudy
61932,75945,75945,2826905,Matched,Intersection,31904.0,CALIFORNIA AVE SW AND SW OREGON ST,,,2,Injury Collision,Cycles,2,0,1,1,1,0,0,2007-07-30T00:00:00.000Z,7/30/2007 7:32:00 PM,At Intersection (intersection related),18,"MOTOR VEHICLE STRUCK PEDALCYCLIST, FRONT END AT ANGLE",,0,Clear or Partly Cloudy,Dry,Daylight,,7211001.0,,45.0,Vehicle - Pedalcyclist,0,525186,N,POINT (1256911.100451872 209204.0741222799),2033.0,0.0,Clear or Partly Cloudy,2007-07-30,19:32:00,19.0,0,1,1.0,Clear or Partly Cloudy
61945,76195,76195,2613355,Matched,Intersection,30968.0,61ST AVE SW AND ALKI AVE SW,,,2,Injury Collision,Cycles,3,0,1,1,1,0,0,2007-06-23T00:00:00.000Z,6/23/2007 8:45:00 PM,At Intersection (intersection related),18,"MOTOR VEHICLE STRUCK PEDALCYCLIST, FRONT END AT ANGLE",Y,0,Clear or Partly Cloudy,Dry,Daylight,,7174026.0,,45.0,Vehicle - Pedalcyclist,0,0,N,POINT (1251139.562525958 215236.7663524598),548.0,0.0,Clear or Partly Cloudy,2007-06-23,20:45:00,20.0,5,0,0.0,Clear or Partly Cloudy
61968,76082,76082,2609986,Matched,Intersection,27071.0,5TH AVE NE AND NE 45TH ST,,,2,Injury Collision,Cycles,4,0,1,1,1,0,0,2007-06-30T00:00:00.000Z,6/30/2007 2:44:00 PM,At Intersection (intersection related),18,"MOTOR VEHICLE STRUCK PEDALCYCLIST, FRONT END AT ANGLE",,0,Clear or Partly Cloudy,Dry,Daylight,,7181004.0,,45.0,Vehicle - Pedalcyclist,0,521817,N,POINT (1273359.264308721 244786.6692307144),1399.0,0.0,Clear or Partly Cloudy,2007-06-30,14:44:00,14.0,5,0,0.0,Clear or Partly Cloudy
61969,76337,76337,2829083,Matched,Block,,BALLARD AVE NW BETWEEN NW VERNON PL AND 22ND AVE NW,,,1,Property Damage Only Collision,Cycles,2,0,1,1,0,0,0,2007-07-25T00:00:00.000Z,7/25/2007 11:15:00 PM,Mid-Block (not related to intersection),56,PEDALCYCLIST STRUCK MOTOR VEHICLE LEFT SIDE SIDESWIPE,,1,Clear or Partly Cloudy,Dry,Dark - Street Lights On,,7206025.0,,45.0,Vehicle - Pedalcyclist,26297,0,N,POINT (1258374.231397375 247166.5688811541),11897.0,4.3740077421697855e-06,Clear or Partly Cloudy,2007-07-25,23:15:00,23.0,2,1,0.0,Clear or Partly Cloudy
61986,76205,76205,2829031,Matched,Intersection,27094.0,9TH AVE NE AND NE 42ND ST,,,2b,Serious Injury Collision,Cycles,2,0,1,1,1,1,0,2007-05-21T00:00:00.000Z,5/21/2007 9:14:00 PM,At Intersection (intersection related),18,"MOTOR VEHICLE STRUCK PEDALCYCLIST, FRONT END AT ANGLE",,0,Raining,Wet,Dark - Street Lights On,,7141004.0,,45.0,Vehicle - Pedalcyclist,21701,0,N,POINT (1274357.341237739 243374.6300612688),6079.0,0.0,Raining,2007-05-21,21:14:00,21.0,0,1,0.0,Raining
62007,76348,76348,2798620,Matched,Block,,LAKE WASHINGTON BLVD S BETWEEN LAKE PARK DR S AND S HORTON NR ST,,,1,Property Damage Only Collision,Cycles,2,0,1,1,0,0,0,2007-06-18T00:00:00.000Z,6/18/2007 5:00:00 PM,Mid-Block (not related to intersection),23,"MOTOR VEHICLE STRUCK PEDALCYCLIST, LEFT SIDE SIDESWIPE",,0,Clear or Partly Cloudy,Dry,Daylight,,7169003.0,,45.0,Vehicle - Pedalcyclist,38078,0,N,POINT (1282466.716670036 214528.5998877287),16656.0,1.729022140382883e-05,Clear or Partly Cloudy,2007-06-18,17:00:00,17.0,0,1,1.0,Clear or Partly Cloudy