OBJECTID,INCKEY,COLDETKEY,REPORTNO,STATUS,ADDRTYPE,INTKEY,LOCATION,EXCEPTRSNC,EXCEPTRSND,SEVERITYCO,SEVERITYDE,COLLISIONT,PERSONCOUN,PEDCOUNT,PEDCYLCOUN,VEHCOUNT,INJURIES,SERIOUSINJ,FATALITIES,INCDATE,INCDTTM,JUNCTIONTY,SDOT_COLCO,SDOT_COLDE,INATTENTIO,UNDERINFL,WEATHER,ROADCOND,LIGHTCOND,PEDROWNOTG,SDOTCOLNUM,SPEEDING,ST_COLCODE,ST_COLDESC,SEGLANEKEY,CROSSWALKK,HITPARKEDC,geometry,near_str_index,min_length,weather_group,date,time,hour,dayofweek,weekday,rushhour,weather_group2
62026,75960,75960,2791313,Matched,Intersection,28915.0,4TH AVE N AND MERCER ST,,,2,Injury Collision,Cycles,2,0,1,1,1,0,0,2007-08-29T00:00:00.000Z,8/29/2007 5:46:00 PM,At Intersection (intersection related),18,"MOTOR VEHICLE STRUCK PEDALCYCLIST, FRONT END AT ANGLE",,0,Clear or Partly Cloudy,Dry,Daylight,Y,7241002.0,Y,45.0,Vehicle - Pedalcyclist,12377,0,N,POINT (1266708.919853911 231501.9083851129),847.0,0.0,Clear or Partly Cloudy,2007-08-29,17:46:00,17.0,2,1,1.0,Clear or Partly Cloudy
62059,76360,76360,2614347,Matched,Intersection,27128.0,9TH AVE NE AND NE 40TH ALLEY ST,,,2,Injury Collision,Cycles,2,0,1,1,1,0,0,2007-03-05T00:00:00.000Z,3/5/2007,At Intersection (intersection related),18,"MOTOR VEHICLE STRUCK PEDALCYCLIST, FRONT END AT ANGLE",,0,Clear or Partly Cloudy,Dry,Dusk,,7064004.0,,45.0,Vehicle - Pedalcyclist,0,0,N,POINT (1274346.205237731 242872.8122047633),6079.0,0.0,Clear or Partly Cloudy,2007-03-05,00:00:00,,0,1,,Clear or Partly Cloudy
62108,75977,75977,C694031,Matched,Intersection,27424.0,SURBER DR NE AND NE BELVOIR PL,,,2b,Serious Injury Collision,Cycles,2,0,1,1,1,1,0,2007-09-05T00:00:00.000Z,9/5/2007,At Intersection (intersection related),18,"MOTOR VEHICLE STRUCK PEDALCYCLIST, FRONT END AT ANGLE",,0,Clear or Partly Cloudy,Dry,Daylight,,7248052.0,,45.0,Vehicle - Pedalcyclist,0,0,N,POINT (1282324.428861901 242984.7392448783),3783.0,0.0,Clear or Partly Cloudy,2007-09-05,00:00:00,,2,1,,Clear or Partly Cloudy
62179,76773,76773,2806839,Matched,Block,,38TH AVE S BETWEEN S ANDOVER ST AND S DAKOTA ST,,,2,Injury Collision,Cycles,2,0,1,1,1,0,0,2007-04-20T00:00:00.000Z,4/20/2007 1:16:00 PM,Mid-Block (not related to intersection),21,"MOTOR VEHICLE STRUCK PEDALCYCLIST, REAR END",Y,0,Clear or Partly Cloudy,Dry,Daylight,,7110003.0,,45.0,Vehicle - Pedalcyclist,13760,0,N,POINT (1282056.317181617 210223.456395328),15686.0,2.603167884876893e-05,Clear or Partly Cloudy,2007-04-20,13:16:00,13.0,4,1,0.0,Clear or Partly Cloudy
62213,76917,76917,2826306,Matched,Block,,TAYLOR AVE N BETWEEN TAYLOR UPPER AVE N AND GALER ST,,,2,Injury Collision,Cycles,2,0,1,1,1,0,0,2007-10-30T00:00:00.000Z,10/30/2007 7:54:00 AM,Mid-Block (not related to intersection),54,PEDALCYCLIST STRUCK MOTOR VEHICLE REAR END,,0,Overcast,Dry,Daylight,,7303001.0,,45.0,Vehicle - Pedalcyclist,11198,0,N,POINT (1267464.790766686 234193.6449638754),6705.0,2.8548366357701868e-05,Overcast,2007-10-30,07:54:00,7.0,1,1,1.0,Clear or Partly Cloudy
62222,76922,76922,2825853,Matched,Intersection,27614.0,MAGNOLIA BR AND MAGNOLIA EB E BR,,,2,Injury Collision,Cycles,2,0,1,1,1,0,0,2007-06-11T00:00:00.000Z,6/11/2007 3:45:00 PM,At Intersection (intersection related),18,"MOTOR VEHICLE STRUCK PEDALCYCLIST, FRONT END AT ANGLE",Y,0,Overcast,Dry,Daylight,,7162004.0,,45.0,Vehicle - Pedalcyclist,0,0,N,POINT (1259186.598950207 234909.7752685994),832.0,0.0,Overcast,2007-06-11,15:45:00,15.0,0,1,1.0,Clear or Partly Cloudy
62232,76540,76540,2621630,Matched,Intersection,29878.0,BOREN AVE AND PIKE ST,,,2b,Serious Injury Collision,Cycles,3,0,1,1,1,1,0,2007-02-07T00:00:00.000Z,2/7/2007,At Intersection (intersection related),18,"MOTOR VEHICLE STRUCK PEDALCYCLIST, FRONT END AT ANGLE",,0,Raining,Wet,Dark - Street Lights On,Y,7038027.0,,45.0,Vehicle - Pedalcyclist,31090,0,N,POINT (1271552.335410863 227358.0148768723),6588.0,0.0,Raining,2007-02-07,00:00:00,,2,1,,Raining
62323,76979,76979,2794808,Matched,Block,,NE NORTHGATE WAY BETWEEN 5TH AVE NE AND 8TH AVE NE,,,1,Property Damage Only Collision,Cycles,2,0,1,1,0,0,0,2007-06-29T00:00:00.000Z,6/29/2007 2:05:00 PM,Driveway Junction,18,"MOTOR VEHICLE STRUCK PEDALCYCLIST, FRONT END AT ANGLE",,0,Overcast,Dry,Daylight,,7180001.0,,45.0,Vehicle - Pedalcyclist,14523,0,N,POINT (1273947.872117326 262014.5961603522),18258.0,2.9695336695744496e-05,Overcast,2007-06-29,14:05:00,14.0,4,1,0.0,Clear or Partly Cloudy
62338,76950,76950,2805906,Matched,Intersection,30410.0,12TH AVE AND E YESLER WAY,,,2,Injury Collision,Cycles,2,0,1,1,1,0,0,2007-02-21T00:00:00.000Z,2/21/2007 3:00:00 PM,At Intersection (intersection related),21,"MOTOR VEHICLE STRUCK PEDALCYCLIST, REAR END",,0,Clear or Partly Cloudy,Dry,Daylight,,7052036.0,,45.0,Vehicle - Pedalcyclist,10532,0,N,POINT (1274461.188917845 223006.7211764157),8412.0,0.0,Clear or Partly Cloudy,2007-02-21,15:00:00,15.0,2,1,1.0,Clear or Partly Cloudy
62376,76706,76706,2794137,Matched,Block,,RAINIER AVE S BETWEEN 75TH AVE S AND CITY LIMITS,,,2,Injury Collision,Cycles,2,0,2,0,2,0,0,2007-05-24T00:00:00.000Z,5/24/2007 12:00:00 PM,Mid-Block (not related to intersection),61,PEDALCYCLIST STRUCK PEDALCYCLIST REAR END,,0,Clear or Partly Cloudy,Dry,Daylight,,7144031.0,,45.0,Vehicle - Pedalcyclist,4991,0,N,POINT (1293052.154248878 189388.287349984),6621.0,1.810412273296187e-05,Clear or Partly Cloudy,2007-05-24,12:00:00,12.0,3,1,0.0,Clear or Partly Cloudy
62387,76576,76576,2793304,Matched,Intersection,29508.0,DENNY WAY AND TERRY AVE,,,2,Injury Collision,Cycles,1,0,1,0,1,0,0,2007-01-09T00:00:00.000Z,1/9/2007,At Intersection (intersection related),18,"MOTOR VEHICLE STRUCK PEDALCYCLIST, FRONT END AT ANGLE",,0,Clear or Partly Cloudy,Dry,Daylight,,7009005.0,,45.0,Vehicle - Pedalcyclist,23506,0,N,POINT (1269556.96734482 229243.3586228043),11074.0,0.0,Clear or Partly Cloudy,2007-01-09,00:00:00,,1,1,,Clear or Partly Cloudy
62409,76956,76956,2791501,Matched,Intersection,29559.0,2ND AVE AND BLANCHARD ST,,,1,Property Damage Only Collision,Cycles,2,0,1,1,0,0,0,2007-07-13T00:00:00.000Z,7/13/2007 10:58:00 PM,At Intersection (intersection related),18,"MOTOR VEHICLE STRUCK PEDALCYCLIST, FRONT END AT ANGLE",,0,Clear or Partly Cloudy,Dry,Dark - Street Lights On,,7194007.0,,45.0,Vehicle - Pedalcyclist,12203,0,N,POINT (1267743.290158972 227361.4358048737),3388.0,0.0,Clear or Partly Cloudy,2007-07-13,22:58:00,22.0,4,1,0.0,Clear or Partly Cloudy
62417,76582,76582,2806887,Matched,Block,,S ALASKA ST BETWEEN MCCOY PL S AND M L KING JR WR WAY S,,,2,Injury Collision,Cycles,2,0,1,1,1,0,0,2007-06-19T00:00:00.000Z,6/19/2007 4:30:00 PM,Mid-Block (but intersection related),18,"MOTOR VEHICLE STRUCK PEDALCYCLIST, FRONT END AT ANGLE",,0,Clear or Partly Cloudy,Dry,Daylight,Y,7170026.0,,45.0,Vehicle - Pedalcyclist,15688,0,N,POINT (1279829.41279535 207995.6217690408),14459.0,3.9038759674743085e-10,Clear or Partly Cloudy,2007-06-19,16:30:00,16.0,1,1,1.0,Clear or Partly Cloudy
62478,76475,76475,2829538,Matched,Block,,NE 65TH ST BETWEEN 5TH E AVE NE AND HILLMAN PL NE,,,2,Injury Collision,Cycles,2,0,1,1,1,0,0,2007-05-05T00:00:00.000Z,5/5/2007,Mid-Block (but intersection related),51,PEDALCYCLIST STRUCK MOTOR VEHICLE FRONT END AT ANGLE,,0,Clear or Partly Cloudy,Dry,Daylight,,7125003.0,,45.0,Vehicle - Pedalcyclist,6669,0,N,POINT (1273457.831924811 250090.7645321488),1446.0,2.533544628072619e-05,Clear or Partly Cloudy,2007-05-05,00:00:00,,5,0,,Clear or Partly Cloudy
62497,76599,76599,2793546,Matched,Block,,ELLIOTT AVE W BETWEEN ELLIOTT ER AVE W AND W THOMAS S ST,,,2,Injury Collision,Cycles,2,0,1,1,1,0,0,2007-04-08T00:00:00.000Z,4/8/2007,Mid-Block (but intersection related),18,"MOTOR VEHICLE STRUCK PEDALCYCLIST, FRONT END AT ANGLE",,1,Clear or Partly Cloudy,Dry,Daylight,Y,7098018.0,,45.0,Vehicle - Pedalcyclist,0,606528,N,POINT (1263815.777450949 230000.7794235796),21582.0,0.0,Clear or Partly Cloudy,2007-04-08,00:00:00,,6,0,,Clear or Partly Cloudy
62504,76745,76745,2828428,Matched,Intersection,29761.0,12TH AVE AND E MADISON ST,,,2,Injury Collision,Cycles,2,0,1,1,1,0,0,2007-09-14T00:00:00.000Z,9/14/2007 12:00:00 PM,At Intersection (intersection related),18,"MOTOR VEHICLE STRUCK PEDALCYCLIST, FRONT END AT ANGLE",,0,Clear or Partly Cloudy,Dry,Daylight,,7257005.0,,45.0,Vehicle - Pedalcyclist,10773,0,N,POINT (1274551.867445946 227089.5945245922),39.0,0.0,Clear or Partly Cloudy,2007-09-14,12:00:00,12.0,4,1,0.0,Clear or Partly Cloudy
62527,76615,76615,2798550,Matched,Block,,CALIFORNIA AVE SW BETWEEN SW ADMIRAL WAY AND SW LANDER ST,,,2,Injury Collision,Cycles,2,0,1,1,1,0,0,2007-08-07T00:00:00.000Z,8/7/2007,Mid-Block (not related to intersection),54,PEDALCYCLIST STRUCK MOTOR VEHICLE REAR END,Y,0,Overcast,Dry,Daylight,,7219001.0,,45.0,Vehicle - Pedalcyclist,2587,0,N,POINT (1257086.092964053 215527.2628647536),22530.0,0.0,Overcast,2007-08-07,00:00:00,,1,1,,Clear or Partly Cloudy
62577,76874,76874,2793563,Matched,Block,,10TH AVE E BETWEEN E MILLER ST AND E ROANOKE W ST,,,2b,Serious Injury Collision,Cycles,2,0,1,1,1,1,0,2007-06-28T00:00:00.000Z,6/28/2007 7:50:00 AM,Mid-Block (but intersection related),54,PEDALCYCLIST STRUCK MOTOR VEHICLE REAR END,Y,0,Raining,Wet,Daylight,,7179006.0,,45.0,Vehicle - Pedalcyclist,6090,0,N,POINT (1273939.139125317 237821.7531915903),19407.0,2.2648803790169824e-05,Raining,2007-06-28,07:50:00,7.0,3,1,1.0,Raining
62604,77424,77424,2805623,Matched,Block,,4TH AVE BETWEEN STEWART ST AND VIRGINIA ST,,,2,Injury Collision,Cycles,2,0,1,1,1,0,0,2007-06-09T00:00:00.000Z,6/9/2007,Driveway Junction,18,"MOTOR VEHICLE STRUCK PEDALCYCLIST, FRONT END AT ANGLE",Y,0,Overcast,Wet,Dusk,Y,7160001.0,,45.0,Vehicle - Pedalcyclist,0,0,N,POINT (1268965.238000214 227120.8087326288),397.0,5.768065277769347e-06,Overcast,2007-06-09,00:00:00,,5,0,,Clear or Partly Cloudy
62610,76886,76886,2825305,Matched,Block,,ALKI TRL BETWEEN HARBOR AVE SW AND SW FLORIDA ST,,,2,Injury Collision,Cycles,2,0,1,1,1,0,0,2007-09-25T00:00:00.000Z,9/25/2007 7:30:00 AM,Driveway Junction,18,"MOTOR VEHICLE STRUCK PEDALCYCLIST, FRONT END AT ANGLE",,0,Raining,Wet,Daylight,Y,7268002.0,,45.0,Vehicle - Pedalcyclist,4286,0,N,POINT (1260843.487463906 214144.4367513359),8266.0,2.9988749736722468e-05,Raining,2007-09-25,07:30:00,7.0,1,1,1.0,Raining
62618,77027,77027,2892955,Matched,Intersection,36360.0,AURORA AVE N AND N NORTHGATE WAY,,,1,Property Damage Only Collision,Cycles,6,0,1,1,0,0,0,2007-12-08T00:00:00.000Z,12/8/2007,At Intersection (intersection related),18,"MOTOR VEHICLE STRUCK PEDALCYCLIST, FRONT END AT ANGLE",,0,Clear or Partly Cloudy,Dry,Dark - Street Lights On,Y,7342019.0,,45.0,Vehicle - Pedalcyclist,0,521685,N,POINT (1268316.704303548 260834.8269431442),6973.0,0.0,Clear or Partly Cloudy,2007-12-08,00:00:00,,5,0,,Clear or Partly Cloudy
62732,77042,77042,2610396,Matched,Block,,EASTLAKE AVE E BETWEEN HARVARD AVE E AND FUHRMAN AVE E,,,2,Injury Collision,Cycles,2,0,1,1,1,0,0,2007-05-17T00:00:00.000Z,5/17/2007 3:00:00 PM,Driveway Junction,18,"MOTOR VEHICLE STRUCK PEDALCYCLIST, FRONT END AT ANGLE",,0,Clear or Partly Cloudy,Dry,Daylight,Y,7137022.0,,45.0,Vehicle - Pedalcyclist,6064,0,N,POINT (1273599.974708959 241029.8313388675),6317.0,1.4142158170737939e-05,Clear or Partly Cloudy,2007-05-17,15:00:00,15.0,3,1,1.0,Clear or Partly Cloudy
62866,77087,77087,2609911,Matched,Intersection,25661.0,PHINNEY AVE N AND N 50TH E ST,,,2,Injury Collision,Cycles,2,0,1,1,1,0,0,2007-02-15T00:00:00.000Z,2/15/2007 8:24:00 AM,At Intersection (intersection related),18,"MOTOR VEHICLE STRUCK PEDALCYCLIST, FRONT END AT ANGLE",,0,Overcast,Dry,Daylight,,7046006.0,,45.0,Vehicle - Pedalcyclist,28288,0,N,POINT (1265747.218988925 246280.3613922447),20389.0,0.0,Overcast,2007-02-15,08:24:00,8.0,3,1,1.0,Clear or Partly Cloudy
62896,77355,77355,C696090,Matched,Intersection,27063.0,BROOKLYN AVE NE AND NE 45TH ST,,,2,Injury Collision,Cycles,2,0,1,1,1,0,0,2007-11-24T00:00:00.000Z,11/24/2007 2:00:00 PM,At Intersection (intersection related),18,"MOTOR VEHICLE STRUCK PEDALCYCLIST, FRONT END AT ANGLE",,0,Clear or Partly Cloudy,Dry,Daylight,,7328027.0,,45.0,Vehicle - Pedalcyclist,31442,0,N,POINT (1275495.099958912 244724.8767186552),1400.0,0.0,Clear or Partly Cloudy,2007-11-24,14:00:00,14.0,5,0,0.0,Clear or Partly Cloudy
62924,77363,77363,2798868,Matched,Block,,NE 45TH ST BETWEEN 5TH AVE NE AND 7TH AVE NE,,,2,Injury Collision,Cycles,2,0,1,1,1,0,0,2007-09-21T00:00:00.000Z,9/21/2007 10:02:00 AM,Mid-Block (but intersection related),54,PEDALCYCLIST STRUCK MOTOR VEHICLE REAR END,,0,Clear or Partly Cloudy,Dry,Daylight,,7264035.0,,45.0,Vehicle - Pedalcyclist,7058,0,N,POINT (1273633.238325 244778.7874387056),4158.0,7.859963991686803e-06,Clear or Partly Cloudy,2007-09-21,10:02:00,10.0,4,1,0.0,Clear or Partly Cloudy
62974,77248,77248,2827834,Matched,Block,,15TH AVE E BETWEEN E THOMAS N ST AND E HARRISON S ST,,,2,Injury Collision,Cycles,3,0,2,1,2,0,0,2007-09-12T00:00:00.000Z,9/12/2007 12:55:00 PM,Mid-Block (not related to intersection),18,"MOTOR VEHICLE STRUCK PEDALCYCLIST, FRONT END AT ANGLE",,0,Clear or Partly Cloudy,Dry,Daylight,,7255006.0,,45.0,Vehicle - Pedalcyclist,8576,0,N,POINT (1275617.637175024 230224.8432957977),10827.0,2.8587934741148853e-05,Clear or Partly Cloudy,2007-09-12,12:55:00,12.0,2,1,0.0,Clear or Partly Cloudy
64014,78360,78360,2805961,Matched,Intersection,30144.0,18TH AVE AND E UNION ST,,,2b,Serious Injury Collision,Cycles,2,0,1,1,1,1,0,2007-04-03T00:00:00.000Z,4/3/2007,At Intersection (intersection related),18,"MOTOR VEHICLE STRUCK PEDALCYCLIST, FRONT END AT ANGLE",,0,Clear or Partly Cloudy,Dry,Daylight,Y,7093029.0,,45.0,Vehicle - Pedalcyclist,9330,0,N,POINT (1276493.390135929 227056.8316445649),3962.0,0.0,Clear or Partly Cloudy,2007-04-03,00:00:00,,1,1,,Clear or Partly Cloudy
64054,77843,77843,2825909,Matched,Intersection,28916.0,3RD AVE N AND MERCER ST,,,2,Injury Collision,Cycles,2,0,1,1,1,0,0,2007-11-15T00:00:00.000Z,11/15/2007 5:10:00 AM,At Intersection (intersection related),18,"MOTOR VEHICLE STRUCK PEDALCYCLIST, FRONT END AT ANGLE",,0,Raining,Wet,Dark - Street Lights Off,,7319007.0,,45.0,Vehicle - Pedalcyclist,0,521619,N,POINT (1266065.304877251 231516.6509131342),3662.0,0.0,Raining,2007-11-15,05:10:00,5.0,3,1,0.0,Raining
64193,79432,79432,2899377,Matched,Intersection,29056.0,13TH AVE E AND E JOHN ST,,,2,Injury Collision,Cycles,2,0,1,1,1,0,0,2008-09-12T00:00:00.000Z,9/12/2008 9:18:00 PM,At Intersection (intersection related),18,"MOTOR VEHICLE STRUCK PEDALCYCLIST, FRONT END AT ANGLE",,0,Clear or Partly Cloudy,Dry,Dark - Street Lights On,Y,8256004.0,,45.0,Vehicle - Pedalcyclist,35234,0,N,POINT (1274876.260406271 229657.9918392301),2353.0,0.0,Clear or Partly Cloudy,2008-09-12,21:18:00,21.0,4,1,0.0,Clear or Partly Cloudy
64267,80369,80369,3279759,Matched,Intersection,32555.0,43RD AVE S AND LAKE WASHINGTON BLVD S,,,2,Injury Collision,Cycles,2,0,1,1,1,0,0,2008-08-07T00:00:00.000Z,8/7/2008,At Intersection (intersection related),51,PEDALCYCLIST STRUCK MOTOR VEHICLE FRONT END AT ANGLE,,0,Clear or Partly Cloudy,Dry,Dark - No Street Lights,,8220006.0,,45.0,Vehicle - Pedalcyclist,38085,0,N,POINT (1283428.003135026 211322.7219324559),5796.0,0.0,Clear or Partly Cloudy,2008-08-07,00:00:00,,3,1,,Clear or Partly Cloudy
64341,79709,79709,3288628,Matched,Intersection,29699.0,BATTERY ST AND WESTERN AVE,,,2,Injury Collision,Cycles,2,0,1,1,1,0,0,2008-10-23T00:00:00.000Z,10/23/2008 12:00:00 PM,At Intersection (intersection related),18,"MOTOR VEHICLE STRUCK PEDALCYCLIST, FRONT END AT ANGLE",,0,Clear or Partly Cloudy,Dry,Daylight,Y,8297028.0,,45.0,Vehicle - Pedalcyclist,13107,0,N,POINT (1266679.474989876 227458.3750689775),1027.0,0.0,Clear or Partly Cloudy,2008-10-23,12:00:00,12.0,3,1,0.0,Clear or Partly Cloudy
64400,80103,80103,3287376,Matched,Intersection,30147.0,21ST AVE AND E UNION ST,,,2,Injury Collision,Cycles,2,0,1,1,1,0,0,2008-11-20T00:00:00.000Z,11/20/2008 4:31:00 PM,At Intersection (intersection related),51,PEDALCYCLIST STRUCK MOTOR VEHICLE FRONT END AT ANGLE,,0,Overcast,Wet,Dark - Street Lights On,Y,8325003.0,,45.0,Vehicle - Pedalcyclist,9353,0,N,POINT (1277458.103608921 227045.4847005457),12034.0,0.0,Overcast,2008-11-20,16:31:00,16.0,3,1,1.0,Clear or Partly Cloudy
64423,80522,80522,C698846,Matched,Intersection,29860.0,SUMMIT AVE AND E PINE ST,,,2,Injury Collision,Cycles,2,0,1,1,1,0,0,2008-01-19T00:00:00.000Z,1/19/2008 4:40:00 PM,At Intersection (intersection related),51,PEDALCYCLIST STRUCK MOTOR VEHICLE FRONT END AT ANGLE,,0,Raining,Wet,Daylight,,8019044.0,,45.0,Vehicle - Pedalcyclist,10354,0,N,POINT (1272399.309875742 227981.0989095122),1148.0,0.0,Raining,2008-01-19,16:40:00,16.0,5,0,1.0,Raining
64449,79316,79316,C698720,Matched,Intersection,37267.0,14TH AVE NW AND NW 85TH ST,,,2,Injury Collision,Cycles,2,0,1,1,1,0,0,2008-01-19T00:00:00.000Z,1/19/2008 6:20:00 PM,At Intersection (intersection related),18,"MOTOR VEHICLE STRUCK PEDALCYCLIST, FRONT END AT ANGLE",,0,Overcast,Wet,Dark - No Street Lights,,8019043.0,,45.0,Vehicle - Pedalcyclist,0,0,N,POINT (1260971.707688034 255715.7272899151),10823.0,0.0,Overcast,2008-01-19,18:20:00,18.0,5,0,1.0,Clear or Partly Cloudy
64452,79054,79054,2617572,Matched,Intersection,25389.0,9TH AVE NW AND NW 62ND ST,,,2b,Serious Injury Collision,Cycles,3,0,1,1,1,1,0,2007-03-09T00:00:00.000Z,3/9/2007,At Intersection (intersection related),18,"MOTOR VEHICLE STRUCK PEDALCYCLIST, FRONT END AT ANGLE",,0,Overcast,Dry,Daylight,,7068003.0,,45.0,Vehicle - Pedalcyclist,0,0,N,POINT (1262171.83748126 249558.6912516057),8719.0,0.0,Overcast,2007-03-09,00:00:00,,4,1,,Clear or Partly Cloudy
64473,79183,79183,2807315,Matched,Block,,DEXTER AVE N BETWEEN JOHN ST AND THOMAS ST,,,1,Property Damage Only Collision,Cycles,3,0,1,1,0,0,0,2007-06-29T00:00:00.000Z,6/29/2007 5:29:00 AM,Driveway Junction,18,"MOTOR VEHICLE STRUCK PEDALCYCLIST, FRONT END AT ANGLE",,0,Clear or Partly Cloudy,Dry,Daylight,Y,7180002.0,,45.0,Vehicle - Pedalcyclist,12611,0,N,POINT (1268278.570927516 229916.2397754937),3489.0,1.3003542269227931e-06,Clear or Partly Cloudy,2007-06-29,05:29:00,5.0,4,1,0.0,Clear or Partly Cloudy
64511,79716,79716,2905433,Matched,Block,,WOODLAND PARK AVE N BETWEEN N 49TH ST AND N 50TH ST,,,2,Injury Collision,Cycles,2,0,1,1,1,0,0,2008-06-18T00:00:00.000Z,6/18/2008 7:45:00 PM,Mid-Block (not related to intersection),56,PEDALCYCLIST STRUCK MOTOR VEHICLE LEFT SIDE SIDESWIPE,,0,Clear or Partly Cloudy,Dry,Dark - Street Lights On,,8170003.0,,45.0,Vehicle - Pedalcyclist,0,0,N,POINT (1268069.463919297 246098.496944055),6783.0,1.8895095215939067e-05,Clear or Partly Cloudy,2008-06-18,19:45:00,19.0,2,1,1.0,Clear or Partly Cloudy
64553,78801,78801,2401872,Matched,Block,,LAKE WASHINGTON BLVD S BETWEEN 48TH AVE S AND 49TH AVE S,,,2,Injury Collision,Cycles,2,0,1,1,1,0,0,2007-05-23T00:00:00.000Z,5/23/2007 1:08:00 PM,Mid-Block (not related to intersection),69,PEDALCYCLIST OVERTURNED IN ROAD,,0,Clear or Partly Cloudy,Dry,Daylight,,7143003.0,,45.0,Vehicle - Pedalcyclist,0,0,N,POINT (1285116.831360757 210570.9706996828),23235.0,2.474325474214259e-06,Clear or Partly Cloudy,2007-05-23,13:08:00,13.0,2,1,0.0,Clear or Partly Cloudy
64596,79324,79324,3284109,Matched,Block,,25TH AVE NE BETWEEN NE 60TH ST AND NE 65TH ST,,,1,Property Damage Only Collision,Cycles,2,0,1,1,0,0,0,2008-08-15T00:00:00.000Z,8/15/2008 9:16:00 PM,Mid-Block (not related to intersection),51,PEDALCYCLIST STRUCK MOTOR VEHICLE FRONT END AT ANGLE,Y,0,Clear or Partly Cloudy,Dry,Dark - Street Lights On,Y,8228026.0,,45.0,Vehicle - Pedalcyclist,18789,0,N,POINT (1278944.086266443 249286.24798733),16792.0,6.167442334729122e-06,Clear or Partly Cloudy,2008-08-15,21:16:00,21.0,4,1,0.0,Clear or Partly Cloudy
64646,80255,80255,3286501,Matched,Intersection,25220.0,26TH AVE NW AND NW 56TH ST,,,2b,Serious Injury Collision,Cycles,2,0,1,1,1,1,0,2008-07-10T00:00:00.000Z,7/10/2008 7:00:00 AM,At Intersection (intersection related),18,"MOTOR VEHICLE STRUCK PEDALCYCLIST, FRONT END AT ANGLE",,0,Clear or Partly Cloudy,Dry,Daylight,,8192006.0,,45.0,Vehicle - Pedalcyclist,0,0,N,POINT (1256865.611811832 248078.1062900871),5380.0,0.0,Clear or Partly Cloudy,2008-07-10,07:00:00,7.0,3,1,1.0,Clear or Partly Cloudy
64657,79987,79987,2882646,Matched,Block,,MADISON ST BETWEEN SUMMIT AVE AND BOYLSTON AVE,,,2,Injury Collision,Cycles,2,0,1,1,1,0,0,2008-05-30T00:00:00.000Z,5/30/2008 2:44:00 PM,Mid-Block (not related to intersection),56,PEDALCYCLIST STRUCK MOTOR VEHICLE LEFT SIDE SIDESWIPE,,0,Clear or Partly Cloudy,Dry,Daylight,,8151003.0,,45.0,Vehicle - Pedalcyclist,22834,0,N,POINT (1273146.046836495 226244.2770197242),11125.0,3.618770974935172e-05,Clear or Partly Cloudy,2008-05-30,14:44:00,14.0,4,1,0.0,Clear or Partly Cloudy
64721,79463,79463,2794875,Matched,Block,,35TH AVE NE BETWEEN NE 125TH ST AND NE 130TH S ST,,,2,Injury Collision,Cycles,2,0,1,1,1,0,0,2008-10-30T00:00:00.000Z,10/30/2008 5:17:00 PM,Driveway Junction,18,"MOTOR VEHICLE STRUCK PEDALCYCLIST, FRONT END AT ANGLE",,0,Clear or Partly Cloudy,Dry,Daylight,Y,8304032.0,,45.0,Vehicle - Pedalcyclist,0,0,N,POINT (1281694.206013247 266375.3065648228),15418.0,2.5367007528655135e-05,Clear or Partly Cloudy,2008-10-30,17:17:00,17.0,3,1,1.0,Clear or Partly Cloudy
64785,79732,79732,3278010,Matched,Intersection,36601.0,LAKE CITY WAY NE AND NE 125TH ST,,,2,Injury Collision,Cycles,2,0,1,1,1,0,0,2008-10-17T00:00:00.000Z,10/17/2008 10:31:00 AM,At Intersection (intersection related),18,"MOTOR VEHICLE STRUCK PEDALCYCLIST, FRONT END AT ANGLE",,0,Clear or Partly Cloudy,Dry,Daylight,Y,8291005.0,,45.0,Vehicle - Pedalcyclist,0,524531,N,POINT (1280591.207740128 265788.3795882165),3610.0,0.0,Clear or Partly Cloudy,2008-10-17,10:31:00,10.0,4,1,0.0,Clear or Partly Cloudy
64795,79997,79997,2906846,Matched,Block,,S JACKSON ST BETWEEN 4TH AVE S AND 5TH AVE S,,,2,Injury Collision,Cycles,2,0,1,1,1,0,0,2008-07-22T00:00:00.000Z,7/22/2008 10:51:00 AM,Mid-Block (not related to intersection),21,"MOTOR VEHICLE STRUCK PEDALCYCLIST, REAR END",,0,Overcast,Dry,Daylight,Y,8204026.0,,45.0,Vehicle - Pedalcyclist,4875,0,N,POINT (1271598.163634911 222150.9747435302),9322.0,1.8193646041666734e-05,Overcast,2008-07-22,10:51:00,10.0,1,1,0.0,Clear or Partly Cloudy
64827,80399,80399,3276779,Matched,Block,,FREMONT AVE N BETWEEN N 36TH ST AND N 38TH ST,,,2,Injury Collision,Cycles,3,0,2,1,2,0,0,2008-09-11T00:00:00.000Z,9/11/2008 9:15:00 AM,Mid-Block (not related to intersection),56,PEDALCYCLIST STRUCK MOTOR VEHICLE LEFT SIDE SIDESWIPE,,0,Clear or Partly Cloudy,Dry,Daylight,,8255005.0,,45.0,Vehicle - Pedalcyclist,8360,0,N,POINT (1266647.413421839 241526.9393073767),15191.0,7.447914690328972e-09,Clear or Partly Cloudy,2008-09-11,09:15:00,9.0,3,1,1.0,Clear or Partly Cloudy