OBJECTID,INCKEY,COLDETKEY,REPORTNO,STATUS,ADDRTYPE,INTKEY,LOCATION,EXCEPTRSNC,EXCEPTRSND,SEVERITYCO,SEVERITYDE,COLLISIONT,PERSONCOUN,PEDCOUNT,PEDCYLCOUN,VEHCOUNT,INJURIES,SERIOUSINJ,FATALITIES,INCDATE,INCDTTM,JUNCTIONTY,SDOT_COLCO,SDOT_COLDE,INATTENTIO,UNDERINFL,WEATHER,ROADCOND,LIGHTCOND,PEDROWNOTG,SDOTCOLNUM,SPEEDING,ST_COLCODE,ST_COLDESC,SEGLANEKEY,CROSSWALKK,HITPARKEDC,geometry,near_str_index,min_length,weather_group,date,time,hour,dayofweek,weekday,rushhour,weather_group2
64846,79608,79608,2905431,Matched,Intersection,24800.0,21ST AVE NE AND NE 65TH W ST,,,2,Injury Collision,Cycles,2,0,1,1,1,0,0,2008-06-17T00:00:00.000Z,6/17/2008 8:38:00 PM,At Intersection (intersection related),18,"MOTOR VEHICLE STRUCK PEDALCYCLIST, FRONT END AT ANGLE",,0,Clear or Partly Cloudy,Dry,Daylight,,8169005.0,,45.0,Vehicle - Pedalcyclist,29720,0,N,POINT (1277768.58450523 249971.551668033),1448.0,0.0,Clear or Partly Cloudy,2008-06-17,20:38:00,20.0,1,1,0.0,Clear or Partly Cloudy
64936,78703,78703,2825384,Matched,Intersection,34131.0,16TH AVE SW AND SW ORCHARD ST,,,2,Injury Collision,Cycles,3,0,1,1,1,0,0,2007-12-12T00:00:00.000Z,12/12/2007 9:00:00 AM,At Intersection (intersection related),51,PEDALCYCLIST STRUCK MOTOR VEHICLE FRONT END AT ANGLE,,0,Clear or Partly Cloudy,Wet,Daylight,,7346034.0,,45.0,Vehicle - Pedalcyclist,0,0,N,POINT (1264577.127979726 200040.0131848902),2432.0,0.0,Clear or Partly Cloudy,2007-12-12,09:00:00,9.0,2,1,1.0,Clear or Partly Cloudy
64949,80409,80409,2900006,Matched,Intersection,29531.0,5TH AVE AND BELL ST,,,2,Injury Collision,Cycles,2,0,1,1,1,0,0,2008-06-09T00:00:00.000Z,6/9/2008,At Intersection (intersection related),18,"MOTOR VEHICLE STRUCK PEDALCYCLIST, FRONT END AT ANGLE",,0,Overcast,Dry,Daylight,Y,8161001.0,,45.0,Vehicle - Pedalcyclist,0,522672,N,POINT (1268078.323247313 228362.4316459),3375.0,0.0,Overcast,2008-06-09,00:00:00,,0,1,,Clear or Partly Cloudy
64956,80406,80406,2905014,Matched,Intersection,24933.0,35TH AVE NE AND NE 75TH ST,,,2,Injury Collision,Cycles,2,0,1,1,1,0,0,2008-06-10T00:00:00.000Z,6/10/2008 11:22:00 AM,At Intersection (intersection related),18,"MOTOR VEHICLE STRUCK PEDALCYCLIST, FRONT END AT ANGLE",,0,Raining,Wet,Daylight,Y,8162005.0,,45.0,Vehicle - Pedalcyclist,0,524379,N,POINT (1281511.016765058 252552.8821026683),2851.0,0.0,Raining,2008-06-10,11:22:00,11.0,1,1,0.0,Raining
64984,78954,78954,2614977,Matched,Intersection,30748.0,16TH AVE S AND S JACKSON ST,,,2,Injury Collision,Cycles,2,0,1,1,1,0,0,2007-01-19T00:00:00.000Z,1/19/2007 7:26:00 AM,At Intersection (intersection related),18,"MOTOR VEHICLE STRUCK PEDALCYCLIST, FRONT END AT ANGLE",,0,Raining,Wet,Dawn,Y,7019002.0,,45.0,Vehicle - Pedalcyclist,11024,0,N,POINT (1275727.637047142 222081.6597994715),1804.0,0.0,Raining,2007-01-19,07:26:00,7.0,4,1,1.0,Raining
63110,77272,77272,2803453,Matched,Intersection,26886.0,STONE WAY N AND N 36TH ST,,,2,Injury Collision,Cycles,2,0,1,1,1,0,0,2007-07-06T00:00:00.000Z,7/6/2007,At Intersection (intersection related),51,PEDALCYCLIST STRUCK MOTOR VEHICLE FRONT END AT ANGLE,,0,Clear or Partly Cloudy,Dry,Daylight,,7187007.0,,45.0,Vehicle - Pedalcyclist,0,0,N,POINT (1268422.925103664 240942.7122347802),1227.0,0.0,Clear or Partly Cloudy,2007-07-06,00:00:00,,4,1,,Clear or Partly Cloudy
63127,77144,77144,2794986,Matched,Block,,NW MARKET ST BETWEEN 26TH AVE NW AND 28TH AVE NW,,,2,Injury Collision,Cycles,2,0,1,1,1,0,0,2007-03-16T00:00:00.000Z,3/16/2007 8:05:00 PM,Mid-Block (not related to intersection),23,"MOTOR VEHICLE STRUCK PEDALCYCLIST, LEFT SIDE SIDESWIPE",,0,Clear or Partly Cloudy,Dry,Dark - Street Lights On,,7075003.0,,45.0,Vehicle - Pedalcyclist,25921,0,N,POINT (1256525.421475485 247793.6906737983),1669.0,7.545689592421729e-09,Clear or Partly Cloudy,2007-03-16,20:05:00,20.0,4,1,0.0,Clear or Partly Cloudy
63216,77604,77604,2806308,Matched,Intersection,30410.0,12TH AVE AND E YESLER WAY,,,2,Injury Collision,Cycles,2,0,1,1,1,0,0,2007-04-12T00:00:00.000Z,4/12/2007 5:58:00 PM,At Intersection (intersection related),18,"MOTOR VEHICLE STRUCK PEDALCYCLIST, FRONT END AT ANGLE",Y,0,Clear or Partly Cloudy,Dry,Daylight,,7102002.0,,45.0,Vehicle - Pedalcyclist,10532,0,N,POINT (1274461.188917845 223006.7211764157),8412.0,0.0,Clear or Partly Cloudy,2007-04-12,17:58:00,17.0,3,1,1.0,Clear or Partly Cloudy
63223,78124,78124,2617192,Matched,Block,,23RD AVE S BETWEEN S JUDKINS ST AND MOUNTAINS TO SOUND TRL,,,2,Injury Collision,Cycles,2,0,1,1,1,0,0,2007-05-15T00:00:00.000Z,5/15/2007 8:08:00 PM,Mid-Block (not related to intersection),18,"MOTOR VEHICLE STRUCK PEDALCYCLIST, FRONT END AT ANGLE",,0,Clear or Partly Cloudy,Dry,Daylight,,7135002.0,,45.0,Vehicle - Pedalcyclist,0,630876,N,POINT (1277978.043513447 219080.5609803945),12336.0,2.2178296767391785e-05,Clear or Partly Cloudy,2007-05-15,20:08:00,20.0,1,1,0.0,Clear or Partly Cloudy
63268,78387,78387,2618329,Matched,Block,,1ST AVE BETWEEN UNION ST AND PIKE ST,,,2,Injury Collision,Cycles,2,0,1,1,1,0,0,2007-07-06T00:00:00.000Z,7/6/2007,Mid-Block (not related to intersection),56,PEDALCYCLIST STRUCK MOTOR VEHICLE LEFT SIDE SIDESWIPE,,0,Clear or Partly Cloudy,Dry,Daylight,,7187006.0,,45.0,Vehicle - Pedalcyclist,36670,0,N,POINT (1268890.208304137 225534.2326029986),16932.0,0.0,Clear or Partly Cloudy,2007-07-06,00:00:00,,4,1,,Clear or Partly Cloudy
63276,78259,78259,2799264,Matched,Intersection,25142.0,24TH AVE NW AND NW 57TH ST,,,2,Injury Collision,Cycles,2,0,1,1,1,0,0,2007-08-28T00:00:00.000Z,8/28/2007 12:20:00 PM,At Intersection (intersection related),18,"MOTOR VEHICLE STRUCK PEDALCYCLIST, FRONT END AT ANGLE",,0,Clear or Partly Cloudy,Dry,Daylight,,7240001.0,,45.0,Vehicle - Pedalcyclist,1884,0,N,POINT (1257500.908068478 248330.5460983515),4323.0,0.0,Clear or Partly Cloudy,2007-08-28,12:20:00,12.0,1,1,0.0,Clear or Partly Cloudy
63279,78136,78136,2806116,Matched,Block,,BOYLSTON AVE E BETWEEN LAKEVIEW N BV E AND E BOSTON ST,,,2,Injury Collision,Cycles,2,0,1,1,1,0,0,2007-07-10T00:00:00.000Z,7/10/2007 11:18:00 PM,Mid-Block (not related to intersection),23,"MOTOR VEHICLE STRUCK PEDALCYCLIST, LEFT SIDE SIDESWIPE",,0,Clear or Partly Cloudy,Dry,Dark - Street Lights On,Y,7191006.0,,45.0,Vehicle - Pedalcyclist,37363,0,N,POINT (1273065.536052421 236107.1388538331),21780.0,0.0,Clear or Partly Cloudy,2007-07-10,23:18:00,23.0,1,1,0.0,Clear or Partly Cloudy
63280,78135,78135,2829082,Matched,Intersection,27185.0,SUNNYSIDE AVE N AND N 45TH ST,,,2,Injury Collision,Cycles,2,0,1,1,1,0,0,2007-07-10T00:00:00.000Z,7/10/2007 6:20:00 PM,At Intersection (intersection related),51,PEDALCYCLIST STRUCK MOTOR VEHICLE FRONT END AT ANGLE,,0,Unknown,Unknown,Daylight,,7191040.0,,45.0,Vehicle - Pedalcyclist,6519,0,N,POINT (1271584.0799229 244834.1738707721),9056.0,0.0,,2007-07-10,18:20:00,18.0,1,1,1.0,
63395,78411,78411,C684046,Matched,Block,,EASTLAKE AVE E BETWEEN REPUBLICAN ST AND MERCER ST,,,2,Injury Collision,Cycles,2,0,1,1,1,0,0,2007-03-22T00:00:00.000Z,3/22/2007 8:10:00 AM,Mid-Block (not related to intersection),56,PEDALCYCLIST STRUCK MOTOR VEHICLE LEFT SIDE SIDESWIPE,,0,Overcast,Dry,Daylight,,7081043.0,,45.0,Vehicle - Pedalcyclist,11575,0,N,POINT (1271564.013874874 231092.1008326858),704.0,1.4943602323535406e-05,Overcast,2007-03-22,08:10:00,8.0,3,1,1.0,Clear or Partly Cloudy
63403,77764,77764,2898786,Matched,Intersection,29689.0,3RD AVE AND BELL ST,,,2,Injury Collision,Cycles,2,0,1,1,1,0,0,2007-11-28T00:00:00.000Z,11/28/2007 4:51:00 PM,At Intersection (intersection related),51,PEDALCYCLIST STRUCK MOTOR VEHICLE FRONT END AT ANGLE,,0,Raining,Wet,Dark - Street Lights On,,7332003.0,,45.0,Vehicle - Pedalcyclist,14229,0,N,POINT (1267645.022254869 227886.3074854165),11049.0,0.0,Raining,2007-11-28,16:51:00,16.0,2,1,1.0,Raining
63441,78149,78149,2609095,Matched,Intersection,26688.0,3RD AVE W AND W NICKERSON ST,,,2,Injury Collision,Cycles,3,0,1,1,1,0,0,2007-05-07T00:00:00.000Z,5/7/2007,At Intersection (intersection related),51,PEDALCYCLIST STRUCK MOTOR VEHICLE FRONT END AT ANGLE,,0,Clear or Partly Cloudy,Dry,Dusk,Y,7127001.0,,45.0,Vehicle - Pedalcyclist,12501,0,N,POINT (1263940.345131069 241139.0465709865),277.0,0.0,Clear or Partly Cloudy,2007-05-07,00:00:00,,0,1,,Clear or Partly Cloudy
63485,78160,78160,2827876,Matched,Intersection,27153.0,EASTLAKE AVE E AND FUHRMAN AVE E,,,3,Fatality Collision,Cycles,3,0,2,1,1,0,1,2007-09-07T00:00:00.000Z,9/7/2007,At Intersection (intersection related),18,"MOTOR VEHICLE STRUCK PEDALCYCLIST, FRONT END AT ANGLE",,0,Clear or Partly Cloudy,Dry,Daylight,Y,7250001.0,,45.0,Vehicle - Pedalcyclist,6078,0,N,POINT (1273704.647989064 241221.0042030662),995.0,0.0,Clear or Partly Cloudy,2007-09-07,00:00:00,,4,1,,Clear or Partly Cloudy
63509,77778,77778,2799462,Matched,Intersection,37625.0,RAVENNA AVE NE AND NE 98TH ST,,,2,Injury Collision,Cycles,3,0,1,1,1,0,0,2007-11-08T00:00:00.000Z,11/8/2007,At Intersection (intersection related),18,"MOTOR VEHICLE STRUCK PEDALCYCLIST, FRONT END AT ANGLE",,0,Overcast,Dry,Dusk,Y,7312001.0,,45.0,Vehicle - Pedalcyclist,33401,0,N,POINT (1278961.278778449 258879.4236771464),923.0,0.0,Overcast,2007-11-08,00:00:00,,3,1,,Clear or Partly Cloudy
63539,77641,77641,2805925,Matched,Block,,E MADISON ST BETWEEN BROADWAY AND BROADWAY CT,,,2,Injury Collision,Cycles,2,0,1,1,1,0,0,2007-04-02T00:00:00.000Z,4/2/2007,Mid-Block (but intersection related),18,"MOTOR VEHICLE STRUCK PEDALCYCLIST, FRONT END AT ANGLE",,0,Clear or Partly Cloudy,Dry,Daylight,Y,7092003.0,,45.0,Vehicle - Pedalcyclist,22911,0,N,POINT (1273658.292789027 226547.2916760445),18100.0,0.0,Clear or Partly Cloudy,2007-04-02,00:00:00,,0,1,,Clear or Partly Cloudy
63588,77524,77524,2802848,Matched,Intersection,27016.0,FREMONT AVE N AND N 38TH ST,,,2,Injury Collision,Cycles,5,0,1,1,1,0,0,2007-07-02T00:00:00.000Z,7/2/2007,At Intersection (intersection related),18,"MOTOR VEHICLE STRUCK PEDALCYCLIST, FRONT END AT ANGLE",,0,Clear or Partly Cloudy,Dry,Daylight,Y,7183003.0,,45.0,Vehicle - Pedalcyclist,8368,0,N,POINT (1266654.149421856 241778.6771636307),4008.0,0.0,Clear or Partly Cloudy,2007-07-02,00:00:00,,0,1,,Clear or Partly Cloudy
63599,77784,77784,2829640,Matched,Block,,LAKE WASHINGTON BLVD S BETWEEN LAKE PARK DR S AND S HORTON NR ST,,,2b,Serious Injury Collision,Cycles,2,0,1,1,1,1,0,2007-07-31T00:00:00.000Z,7/31/2007 3:00:00 PM,Mid-Block (not related to intersection),18,"MOTOR VEHICLE STRUCK PEDALCYCLIST, FRONT END AT ANGLE",,0,Clear or Partly Cloudy,Dry,Daylight,,7212005.0,,45.0,Vehicle - Pedalcyclist,38078,0,N,POINT (1282466.716670036 214528.5998877287),16656.0,1.729022140382883e-05,Clear or Partly Cloudy,2007-07-31,15:00:00,15.0,1,1,1.0,Clear or Partly Cloudy
63773,78188,78188,2607320,Matched,Block,,1ST AVE BETWEEN COLUMBIA ST AND MARION ST,,,1,Property Damage Only Collision,Cycles,2,0,1,1,0,0,0,2007-07-23T00:00:00.000Z,7/23/2007 2:28:00 PM,Mid-Block (but intersection related),18,"MOTOR VEHICLE STRUCK PEDALCYCLIST, FRONT END AT ANGLE",,0,Clear or Partly Cloudy,Dry,Daylight,Y,7204002.0,,45.0,Vehicle - Pedalcyclist,36808,0,N,POINT (1269916.982065186 223799.7438972294),19393.0,3.791369886321815e-09,Clear or Partly Cloudy,2007-07-23,14:28:00,14.0,0,1,0.0,Clear or Partly Cloudy
63808,78071,78071,2792505,Matched,Intersection,29900.0,SENECA ST AND SUMMIT AVE,,,1,Property Damage Only Collision,Cycles,2,0,1,1,0,0,0,2007-08-01T00:00:00.000Z,8/1/2007,At Intersection (intersection related),18,"MOTOR VEHICLE STRUCK PEDALCYCLIST, FRONT END AT ANGLE",,0,Clear or Partly Cloudy,Dry,Daylight,Y,7213006.0,,45.0,Vehicle - Pedalcyclist,0,0,N,POINT (1272696.30597204 226689.518492192),952.0,0.0,Clear or Partly Cloudy,2007-08-01,00:00:00,,2,1,,Clear or Partly Cloudy
63839,77553,77553,2802541,Matched,Intersection,23942.0,15TH AVE NW AND NW 67TH ST,,,2,Injury Collision,Cycles,2,0,1,1,1,0,0,2007-04-20T00:00:00.000Z,4/20/2007 3:32:00 PM,At Intersection (intersection related),18,"MOTOR VEHICLE STRUCK PEDALCYCLIST, FRONT END AT ANGLE",,0,Clear or Partly Cloudy,Dry,Daylight,,7110005.0,,45.0,Vehicle - Pedalcyclist,0,521274,N,POINT (1260222.598183259 251041.4163731188),84.0,0.0,Clear or Partly Cloudy,2007-04-20,15:32:00,15.0,4,1,1.0,Clear or Partly Cloudy
63841,78468,78468,2608975,Matched,Block,,1ST AVE BETWEEN LENORA ST AND BLANCHARD ST,,,2,Injury Collision,Cycles,2,0,1,1,1,0,0,2007-03-16T00:00:00.000Z,3/16/2007 11:37:00 PM,Mid-Block (not related to intersection),56,PEDALCYCLIST STRUCK MOTOR VEHICLE LEFT SIDE SIDESWIPE,,0,Clear or Partly Cloudy,Dry,Dark - Street Lights On,,7075002.0,,45.0,Vehicle - Pedalcyclist,13227,0,N,POINT (1267684.527726904 226979.4172444791),21687.0,4.30423418006055e-06,Clear or Partly Cloudy,2007-03-16,23:37:00,23.0,4,1,0.0,Clear or Partly Cloudy
63842,78198,78198,2826091,Matched,Block,,4TH AVE S BETWEEN S FOREST ST AND S HANFORD ST,,,2b,Serious Injury Collision,Cycles,3,0,1,1,1,1,0,2007-06-17T00:00:00.000Z,6/17/2007 2:37:00 PM,Driveway Junction,18,"MOTOR VEHICLE STRUCK PEDALCYCLIST, FRONT END AT ANGLE",,0,Overcast,Dry,Daylight,Y,7168004.0,,45.0,Vehicle - Pedalcyclist,0,0,N,POINT (1271255.576498568 213932.587663129),8616.0,8.16848527454014e-06,Overcast,2007-06-17,14:37:00,14.0,6,0,0.0,Clear or Partly Cloudy
63893,77688,77688,2830052,Matched,Block,,32ND AVE NE BETWEEN NE 118TH ST AND NE 120TH ST,,,2,Injury Collision,Cycles,2,0,1,1,1,0,0,2007-06-10T00:00:00.000Z,6/10/2007 2:44:00 PM,Driveway Junction,51,PEDALCYCLIST STRUCK MOTOR VEHICLE FRONT END AT ANGLE,,0,Clear or Partly Cloudy,Dry,Daylight,,7161002.0,,45.0,Vehicle - Pedalcyclist,0,0,N,POINT (1280843.473532379 264167.5802265555),308.0,2.902930052599457e-05,Clear or Partly Cloudy,2007-06-10,14:44:00,14.0,6,0,0.0,Clear or Partly Cloudy
65140,79221,79221,2807396,Matched,Intersection,28918.0,MERCER ST AND WARREN AVE N,,,2,Injury Collision,Cycles,2,0,1,1,1,0,0,2007-02-05T00:00:00.000Z,2/5/2007,At Intersection (intersection related),51,PEDALCYCLIST STRUCK MOTOR VEHICLE FRONT END AT ANGLE,,0,Clear or Partly Cloudy,Wet,Daylight,Y,7036036.0,,45.0,Vehicle - Pedalcyclist,12352,0,N,POINT (1265421.58391659 231531.3898571432),846.0,0.0,Clear or Partly Cloudy,2007-02-05,00:00:00,,0,1,,Clear or Partly Cloudy
65153,79892,79892,2625919,Matched,Block,,9TH AVE SW BETWEEN SW TRENTON ST AND SW HENDERSON ST,,,2,Injury Collision,Cycles,3,0,1,1,1,0,0,2008-02-18T00:00:00.000Z,2/18/2008 9:30:00 PM,Driveway Junction,18,"MOTOR VEHICLE STRUCK PEDALCYCLIST, FRONT END AT ANGLE",,0,Clear or Partly Cloudy,Dry,Dark - Street Lights On,,8049006.0,,45.0,Vehicle - Pedalcyclist,0,0,N,POINT (1266514.576621711 194716.5365074426),6091.0,1.6556820412479114e-06,Clear or Partly Cloudy,2008-02-18,21:30:00,21.0,0,1,0.0,Clear or Partly Cloudy
65199,78842,78842,2617799,Matched,Block,,NE 55TH ST BETWEEN ROOSEVELT WAY NE AND 11TH AVE NE,,,1,Property Damage Only Collision,Cycles,2,0,1,1,0,0,0,2007-07-05T00:00:00.000Z,7/5/2007,Driveway Junction,18,"MOTOR VEHICLE STRUCK PEDALCYCLIST, FRONT END AT ANGLE",,0,Clear or Partly Cloudy,Dry,Daylight,,7186007.0,,45.0,Vehicle - Pedalcyclist,0,0,N,POINT (1274920.275510311 247397.9853933901),4179.0,2.204946027617214e-05,Clear or Partly Cloudy,2007-07-05,00:00:00,,3,1,,Clear or Partly Cloudy
65260,79630,79630,2830089,Matched,Intersection,25226.0,28TH AVE NW AND NW MARKET ST,,,2b,Serious Injury Collision,Cycles,2,0,1,1,1,1,0,2008-07-07T00:00:00.000Z,7/7/2008,At Intersection (intersection related),18,"MOTOR VEHICLE STRUCK PEDALCYCLIST, FRONT END AT ANGLE",,0,Clear or Partly Cloudy,Dry,Daylight,Y,8189002.0,,45.0,Vehicle - Pedalcyclist,25916,0,N,POINT (1256191.168291137 247797.9854577929),1669.0,0.0,Clear or Partly Cloudy,2008-07-07,00:00:00,,0,1,,Clear or Partly Cloudy
65288,80035,80035,2904998,Matched,Intersection,36054.0,30TH AVE NE AND NE 130TH ST,,,2,Injury Collision,Cycles,3,0,1,1,1,0,0,2008-05-14T00:00:00.000Z,5/14/2008 4:40:00 PM,At Intersection (intersection related),18,"MOTOR VEHICLE STRUCK PEDALCYCLIST, FRONT END AT ANGLE",,0,Overcast,Dry,Daylight,Y,8135006.0,,45.0,Vehicle - Pedalcyclist,0,521375,N,POINT (1280339.335227862 267114.3351735771),282.0,0.0,Overcast,2008-05-14,16:40:00,16.0,2,1,1.0,Clear or Partly Cloudy
65295,79763,79763,2798119,Matched,Intersection,25411.0,11TH AVE NW AND NW 57TH ST,,,2,Injury Collision,Cycles,2,0,1,1,1,0,0,2008-10-01T00:00:00.000Z,10/1/2008,At Intersection (intersection related),18,"MOTOR VEHICLE STRUCK PEDALCYCLIST, FRONT END AT ANGLE",,0,Clear or Partly Cloudy,Dry,Daylight,,8275026.0,,45.0,Vehicle - Pedalcyclist,0,0,N,POINT (1261646.872616723 248239.9052022547),1581.0,0.0,Clear or Partly Cloudy,2008-10-01,00:00:00,,2,1,,Clear or Partly Cloudy
65299,79762,79762,2899022,Matched,Block,,E INTERLAKEN BLVD BETWEEN DELMAR DR E AND INTERLAKEN DR E,,,2,Injury Collision,Cycles,3,0,1,1,1,0,0,2008-10-02T00:00:00.000Z,10/2/2008,Mid-Block (not related to intersection),23,"MOTOR VEHICLE STRUCK PEDALCYCLIST, LEFT SIDE SIDESWIPE",,0,Overcast,Dry,Daylight,,8276022.0,,45.0,Vehicle - Pedalcyclist,0,0,N,POINT (1275657.492919073 236488.7401342243),1101.0,1.371186270947862e-05,Overcast,2008-10-02,00:00:00,,3,1,,Clear or Partly Cloudy
65314,79898,79898,C709517,Matched,Intersection,27045.0,ETRURIA ST AND WARREN AVE N,,,1,Property Damage Only Collision,Cycles,2,0,1,1,0,0,0,2008-09-08T00:00:00.000Z,9/8/2008,At Intersection (intersection related),18,"MOTOR VEHICLE STRUCK PEDALCYCLIST, FRONT END AT ANGLE",,0,Clear or Partly Cloudy,Dry,Dark - No Street Lights,,8252037.0,,45.0,Vehicle - Pedalcyclist,0,0,N,POINT (1265490.647596657 239992.7428258061),712.0,0.0,Clear or Partly Cloudy,2008-09-08,00:00:00,,0,1,,Clear or Partly Cloudy
65333,78731,78731,2607440,Matched,Intersection,38474.0,TERRACE ST AND YESLER WAY,,,2b,Serious Injury Collision,Cycles,2,0,1,1,1,1,0,2007-04-17T00:00:00.000Z,4/17/2007 10:33:00 PM,At Intersection (intersection related),18,"MOTOR VEHICLE STRUCK PEDALCYCLIST, FRONT END AT ANGLE",,0,Raining,Wet,Dark - Street Lights On,Y,7107007.0,,45.0,Vehicle - Pedalcyclist,9972,0,N,POINT (1271442.458162755 223075.3440244794),985.0,0.0,Raining,2007-04-17,22:33:00,22.0,1,1,0.0,Raining
65340,80430,80430,3289542,Matched,Block,,M L KING JR ER WAY S BETWEEN S HANFORD N ST AND S HANFORD S ST,,,2,Injury Collision,Cycles,2,0,1,1,1,0,0,2008-11-26T00:00:00.000Z,11/26/2008 9:45:00 AM,Mid-Block (not related to intersection),18,"MOTOR VEHICLE STRUCK PEDALCYCLIST, FRONT END AT ANGLE",,0,Clear or Partly Cloudy,Dry,Daylight,,8331036.0,,45.0,Vehicle - Pedalcyclist,0,525542,N,POINT (1279231.375162736 213084.5848462582),8309.0,0.0,Clear or Partly Cloudy,2008-11-26,09:45:00,9.0,2,1,1.0,Clear or Partly Cloudy
65473,78742,78742,2799480,Matched,Block,,15TH AVE NE BETWEEN NE 73RD ST AND NE 75TH ST,,,2b,Serious Injury Collision,Cycles,2,0,1,1,1,1,0,2007-08-15T00:00:00.000Z,8/15/2007 2:51:00 PM,Mid-Block (not related to intersection),54,PEDALCYCLIST STRUCK MOTOR VEHICLE REAR END,,0,Clear or Partly Cloudy,Dry,Daylight,,7227003.0,,45.0,Vehicle - Pedalcyclist,29132,0,N,POINT (1276280.374967709 252325.3579424322),19440.0,2.178725297839812e-05,Clear or Partly Cloudy,2007-08-15,14:51:00,14.0,2,1,0.0,Clear or Partly Cloudy
65549,80178,80178,2892283,Matched,Block,,RAINIER AVE S BETWEEN S BAYVIEW ST AND S MCCLELLAN ST,,,2,Injury Collision,Cycles,2,0,1,1,1,0,0,2008-05-17T00:00:00.000Z,5/17/2008 11:20:00 AM,Driveway Junction,18,"MOTOR VEHICLE STRUCK PEDALCYCLIST, FRONT END AT ANGLE",,0,Unknown,Unknown,Daylight,,8138038.0,,45.0,Vehicle - Pedalcyclist,0,0,N,POINT (1278654.949498147 214892.784080103),18006.0,3.117599138004668e-06,,2008-05-17,11:20:00,11.0,5,0,0.0,
65637,78991,78991,2898905,Matched,Intersection,28791.0,THOMAS ST AND WESTLAKE AVE N,,,2,Injury Collision,Cycles,2,0,1,1,1,0,0,2007-12-19T00:00:00.000Z,12/19/2007 5:47:00 PM,At Intersection (intersection related),18,"MOTOR VEHICLE STRUCK PEDALCYCLIST, FRONT END AT ANGLE",,0,Raining,Wet,Dark - Street Lights On,Y,7353039.0,,45.0,Vehicle - Pedalcyclist,0,622502,N,POINT (1269249.545520514 230105.7063996792),3827.0,0.0,Raining,2007-12-19,17:47:00,17.0,2,1,1.0,Raining
65655,79658,79658,2799360,Matched,Block,,25TH AVE NE BETWEEN NE 80TH ST AND RAVENNA S AVE NE,,,2,Injury Collision,Cycles,3,0,1,1,1,0,0,2008-06-16T00:00:00.000Z,6/16/2008 6:40:00 PM,Mid-Block (not related to intersection),56,PEDALCYCLIST STRUCK MOTOR VEHICLE LEFT SIDE SIDESWIPE,,0,Clear or Partly Cloudy,Dry,Daylight,,8168002.0,,45.0,Vehicle - Pedalcyclist,11215,0,N,POINT (1278894.110842392 254109.2129202634),212.0,1.502028016788416e-05,Clear or Partly Cloudy,2008-06-16,18:40:00,18.0,0,1,1.0,Clear or Partly Cloudy
65774,78751,78751,2826162,Matched,Intersection,29717.0,1ST AVE AND DENNY WAY,,,2,Injury Collision,Cycles,2,0,1,1,1,0,0,2007-06-19T00:00:00.000Z,6/19/2007 7:48:00 PM,At Intersection (intersection related),21,"MOTOR VEHICLE STRUCK PEDALCYCLIST, REAR END",,0,Clear or Partly Cloudy,Dry,Daylight,Y,7170002.0,,45.0,Vehicle - Pedalcyclist,14438,0,N,POINT (1265044.496684209 229359.511198923),8367.0,0.0,Clear or Partly Cloudy,2007-06-19,19:48:00,19.0,1,1,1.0,Clear or Partly Cloudy
65785,80201,80201,2900226,Matched,Block,,3RD AVE BETWEEN PIKE ST AND PINE ST,,,2,Injury Collision,Cycles,2,1,1,0,1,0,0,2008-06-27T00:00:00.000Z,6/27/2008 4:21:00 PM,Mid-Block (not related to intersection),64,PEDALCYCLIST STRUCK PEDESTRIAN,,1,Clear or Partly Cloudy,Dry,Daylight,,8179004.0,,45.0,Vehicle - Pedalcyclist,35770,0,N,POINT (1269227.76408048 226228.3216277063),12368.0,2.0960438628920944e-05,Clear or Partly Cloudy,2008-06-27,16:21:00,16.0,4,1,1.0,Clear or Partly Cloudy
65814,79667,79667,3288906,Matched,Block,,WESTLAKE AVE BETWEEN 6TH AVE AND VIRGINIA ST,,,2,Injury Collision,Cycles,4,0,1,1,1,0,0,2008-12-11T00:00:00.000Z,12/11/2008 1:29:00 PM,Mid-Block (not related to intersection),56,PEDALCYCLIST STRUCK MOTOR VEHICLE LEFT SIDE SIDESWIPE,,0,Clear or Partly Cloudy,Dry,Daylight,,8346013.0,,45.0,Vehicle - Pedalcyclist,25288,0,N,POINT (1269403.39966467 227736.8653092533),16041.0,2.217021401446734e-05,Clear or Partly Cloudy,2008-12-11,13:29:00,13.0,3,1,0.0,Clear or Partly Cloudy
65815,79530,79530,2906221,Matched,Intersection,29164.0,BELLEVUE AVE AND E DENNY WAY,,,2,Injury Collision,Cycles,2,0,1,1,1,0,0,2008-02-02T00:00:00.000Z,2/2/2008,At Intersection (intersection related),18,"MOTOR VEHICLE STRUCK PEDALCYCLIST, FRONT END AT ANGLE",,0,Overcast,Dry,Daylight,,8033003.0,,45.0,Vehicle - Pedalcyclist,23311,0,N,POINT (1272127.268403456 229180.8052787334),6176.0,0.0,Overcast,2008-02-02,00:00:00,,5,0,,Clear or Partly Cloudy
65883,80335,80335,2908712,Matched,Intersection,31299.0,AIRPORT WAY S AND S LANDER N ST,,,2,Injury Collision,Cycles,2,0,1,1,1,0,0,2008-10-13T00:00:00.000Z,10/13/2008 10:37:00 PM,At Intersection (intersection related),18,"MOTOR VEHICLE STRUCK PEDALCYCLIST, FRONT END AT ANGLE",,0,Raining,Wet,Dark - Street Lights On,Y,8287020.0,,45.0,Vehicle - Pedalcyclist,0,524934,N,POINT (1273168.277812526 215047.1118242592),3310.0,0.0,Raining,2008-10-13,22:37:00,22.0,0,1,0.0,Raining