OBJECTID,INCKEY,COLDETKEY,REPORTNO,STATUS,ADDRTYPE,INTKEY,LOCATION,EXCEPTRSNC,EXCEPTRSND,SEVERITYCO,SEVERITYDE,COLLISIONT,PERSONCOUN,PEDCOUNT,PEDCYLCOUN,VEHCOUNT,INJURIES,SERIOUSINJ,FATALITIES,INCDATE,INCDTTM,JUNCTIONTY,SDOT_COLCO,SDOT_COLDE,INATTENTIO,UNDERINFL,WEATHER,ROADCOND,LIGHTCOND,PEDROWNOTG,SDOTCOLNUM,SPEEDING,ST_COLCODE,ST_COLDESC,SEGLANEKEY,CROSSWALKK,HITPARKEDC,geometry,near_str_index,min_length,weather_group,date,time,hour,dayofweek,weekday,rushhour,weather_group2
65889,79007,79007,2906084,Matched,Block,,EASTLAKE AVE E BETWEEN HARVARD AVE E AND FUHRMAN AVE E,,,2,Injury Collision,Cycles,2,0,1,1,1,0,0,2007-11-23T00:00:00.000Z,11/23/2007 12:34:00 PM,Mid-Block (but intersection related),69,PEDALCYCLIST OVERTURNED IN ROAD,,0,Clear or Partly Cloudy,Dry,Daylight,Y,7327004.0,,45.0,Vehicle - Pedalcyclist,6078,0,N,POINT (1273599.974708959 241029.8313388675),6317.0,1.4142158170737939e-05,Clear or Partly Cloudy,2007-11-23,12:34:00,12.0,4,1,0.0,Clear or Partly Cloudy
65931,79403,79403,2904585,Matched,Intersection,27043.0,TROLL AVE N AND N 34TH ST,,,2,Injury Collision,Cycles,2,0,1,1,1,0,0,2008-02-23T00:00:00.000Z,2/23/2008 9:05:00 AM,At Intersection (intersection related),18,"MOTOR VEHICLE STRUCK PEDALCYCLIST, FRONT END AT ANGLE",,0,Clear or Partly Cloudy,Dry,Daylight,Y,8054002.0,,45.0,Vehicle - Pedalcyclist,8824,0,N,POINT (1267245.477678463 240493.9652263224),1223.0,0.0,Clear or Partly Cloudy,2008-02-23,09:05:00,9.0,5,0,1.0,Clear or Partly Cloudy
65938,79011,79011,2795795,Matched,Intersection,37178.0,6TH AVE NW AND NW 87TH ST,,,2,Injury Collision,Cycles,2,0,1,1,1,0,0,2007-09-28T00:00:00.000Z,9/28/2007 7:00:00 AM,At Intersection (intersection related),51,PEDALCYCLIST STRUCK MOTOR VEHICLE FRONT END AT ANGLE,,0,Overcast,Wet,Daylight,Y,7271009.0,,45.0,Vehicle - Pedalcyclist,0,0,N,POINT (1263634.890282765 256189.8974023908),5990.0,0.0,Overcast,2007-09-28,07:00:00,7.0,4,1,1.0,Clear or Partly Cloudy
65964,80203,80203,2908029,Matched,Block,,2ND AVE BETWEEN UNIVERSITY ST AND UNION ST,,,2,Injury Collision,Cycles,3,0,1,1,1,0,0,2008-03-17T00:00:00.000Z,3/17/2008 8:35:00 AM,Mid-Block (but intersection related),18,"MOTOR VEHICLE STRUCK PEDALCYCLIST, FRONT END AT ANGLE",Y,0,Overcast,Dry,Daylight,Y,8077003.0,,45.0,Vehicle - Pedalcyclist,12162,0,N,POINT (1269384.209328651 225331.5899147987),16946.0,0.0,Overcast,2008-03-17,08:35:00,8.0,0,1,1.0,Clear or Partly Cloudy
65975,79937,79937,2898683,Matched,Intersection,29969.0,2ND AVE AND COLUMBIA ST,,,2b,Serious Injury Collision,Cycles,2,0,1,1,1,1,0,2008-04-09T00:00:00.000Z,4/9/2008,At Intersection (intersection related),51,PEDALCYCLIST STRUCK MOTOR VEHICLE FRONT END AT ANGLE,,0,Clear or Partly Cloudy,Dry,Daylight,Y,8100007.0,,45.0,Vehicle - Pedalcyclist,12042,0,N,POINT (1270271.923249558 223832.0001532584),5206.0,0.0,Clear or Partly Cloudy,2008-04-09,00:00:00,,2,1,,Clear or Partly Cloudy
67105,82272,82272,2623995,Matched,Intersection,24205.0,8TH AVE NW AND NW 67TH ST,,,2,Injury Collision,Cycles,2,0,1,1,1,0,0,2008-11-30T00:00:00.000Z,11/30/2008 2:37:00 PM,At Intersection (intersection related),51,PEDALCYCLIST STRUCK MOTOR VEHICLE FRONT END AT ANGLE,,0,Overcast,Wet,Daylight,Y,8335004.0,,45.0,Vehicle - Pedalcyclist,2504,0,N,POINT (1262868.684585974 250989.5379730612),6060.0,0.0,Overcast,2008-11-30,14:37:00,14.0,6,0,0.0,Clear or Partly Cloudy
67142,81079,81079,2794173,Matched,Intersection,34625.0,SEWARD PARK AVE S AND S BRIGHTON ST,,,2,Injury Collision,Cycles,2,0,1,1,1,0,0,2008-09-18T00:00:00.000Z,9/18/2008 8:08:00 AM,At Intersection (intersection related),51,PEDALCYCLIST STRUCK MOTOR VEHICLE FRONT END AT ANGLE,,0,Clear or Partly Cloudy,Dry,Daylight,,8262003.0,,45.0,Vehicle - Pedalcyclist,0,0,N,POINT (1286812.310082495 200840.6429457217),954.0,0.0,Clear or Partly Cloudy,2008-09-18,08:08:00,8.0,3,1,1.0,Clear or Partly Cloudy
67204,81359,81359,2882553,Matched,Intersection,30430.0,12TH AVE S AND S KING ST,,,2,Injury Collision,Cycles,2,0,1,1,1,0,0,2008-05-16T00:00:00.000Z,5/16/2008 12:50:00 PM,At Intersection (intersection related),18,"MOTOR VEHICLE STRUCK PEDALCYCLIST, FRONT END AT ANGLE",,0,Clear or Partly Cloudy,Dry,Daylight,Y,8137009.0,,45.0,Vehicle - Pedalcyclist,16232,0,N,POINT (1274327.555381715 221785.0008551627),9996.0,0.0,Clear or Partly Cloudy,2008-05-16,12:50:00,12.0,4,1,0.0,Clear or Partly Cloudy
67231,82284,82284,2830021,Matched,Intersection,27167.0,UNIVERSITY WAY NE AND NE PACIFIC ST,,,2,Injury Collision,Cycles,2,0,1,1,1,0,0,2008-01-04T00:00:00.000Z,1/4/2008,At Intersection (intersection related),18,"MOTOR VEHICLE STRUCK PEDALCYCLIST, FRONT END AT ANGLE",,0,Raining,Wet,Dark - Street Lights On,Y,8004004.0,,45.0,Vehicle - Pedalcyclist,0,522415,N,POINT (1275674.208311081 241847.4433717132),2203.0,0.0,Raining,2008-01-04,00:00:00,,4,1,,Raining
67249,82416,82416,2894797,Matched,Block,,NE RAVENNA EB BV BETWEEN NE 63RD ST AND NE RAVENNA BV OFF RP,,,1,Property Damage Only Collision,Cycles,3,0,1,1,0,0,0,2008-04-14T00:00:00.000Z,4/14/2008 10:00:00 AM,Mid-Block (not related to intersection),55,PEDALCYCLIST STRUCK MOTOR VEHICLE RIGHT SIDE SIDESWIPE,Y,0,Overcast,Dry,Daylight,,8105004.0,,45.0,Vehicle - Pedalcyclist,15745,0,N,POINT (1274087.51211746 249277.7696513087),13369.0,3.829156633182215e-09,Overcast,2008-04-14,10:00:00,10.0,0,1,0.0,Clear or Partly Cloudy
67280,80957,80957,2894881,Matched,Block,,FREMONT AVE N BETWEEN N 36TH ST AND N 38TH ST,,,2,Injury Collision,Cycles,2,0,1,1,1,0,0,2008-02-05T00:00:00.000Z,2/5/2008,Mid-Block (not related to intersection),56,PEDALCYCLIST STRUCK MOTOR VEHICLE LEFT SIDE SIDESWIPE,,0,Overcast,Wet,Daylight,,8036007.0,,45.0,Vehicle - Pedalcyclist,8358,0,N,POINT (1266647.413421839 241526.9393073767),15191.0,7.447914690328972e-09,Overcast,2008-02-05,00:00:00,,1,1,,Clear or Partly Cloudy
67313,81365,81365,2803142,Matched,Intersection,25602.0,PHINNEY AVE N AND N 62ND ST,,,2,Injury Collision,Cycles,2,0,1,1,1,0,0,2008-04-25T00:00:00.000Z,4/25/2008 9:50:00 PM,At Intersection (intersection related),51,PEDALCYCLIST STRUCK MOTOR VEHICLE FRONT END AT ANGLE,,0,Clear or Partly Cloudy,Dry,Other,Y,8116037.0,,45.0,Vehicle - Pedalcyclist,3862,0,N,POINT (1265710.049068883 249508.4036355466),888.0,0.0,Clear or Partly Cloudy,2008-04-25,21:50:00,21.0,4,1,0.0,Clear or Partly Cloudy
67333,82159,82159,3287051,Matched,Intersection,25949.0,25TH AVE NE AND NE BLAKELEY ST,,,2,Injury Collision,Cycles,3,0,1,1,1,0,0,2008-10-18T00:00:00.000Z,10/18/2008 8:12:00 PM,At Intersection (intersection related),18,"MOTOR VEHICLE STRUCK PEDALCYCLIST, FRONT END AT ANGLE",,0,Clear or Partly Cloudy,Dry,Dark - Street Lights On,,8292006.0,,45.0,Vehicle - Pedalcyclist,0,524372,N,POINT (1278900.484922394 246480.058544457),210.0,0.0,Clear or Partly Cloudy,2008-10-18,20:12:00,20.0,5,0,0.0,Clear or Partly Cloudy
67341,82155,82155,2896986,Matched,Intersection,27109.0,BROOKLYN AVE NE AND NE 40TH ST,,,2,Injury Collision,Cycles,2,0,1,1,1,0,0,2008-10-21T00:00:00.000Z,10/21/2008 9:20:00 AM,At Intersection (intersection related),18,"MOTOR VEHICLE STRUCK PEDALCYCLIST, FRONT END AT ANGLE",,0,Clear or Partly Cloudy,Dry,Daylight,,8295006.0,,45.0,Vehicle - Pedalcyclist,0,631432,N,POINT (1275415.350326821 242570.489516452),20084.0,0.0,Clear or Partly Cloudy,2008-10-21,09:20:00,9.0,1,1,1.0,Clear or Partly Cloudy
67348,81761,81761,3277336,Matched,Block,,12TH AVE BETWEEN E MADISON ST AND E PIKE ST,,,2,Injury Collision,Cycles,3,0,1,1,1,0,0,2008-09-10T00:00:00.000Z,9/10/2008 8:00:00 AM,Mid-Block (not related to intersection),56,PEDALCYCLIST STRUCK MOTOR VEHICLE LEFT SIDE SIDESWIPE,,0,Clear or Partly Cloudy,Dry,Daylight,,8254006.0,,45.0,Vehicle - Pedalcyclist,10789,0,N,POINT (1274543.503669932 227311.3066528141),39.0,2.808636349384009e-10,Clear or Partly Cloudy,2008-09-10,08:00:00,8.0,2,1,1.0,Clear or Partly Cloudy
67413,81374,81374,3277991,Matched,Intersection,25789.0,ROOSEVELT WAY NE AND NE 50TH ST,,,1,Property Damage Only Collision,Cycles,2,0,1,1,0,0,0,2008-10-24T00:00:00.000Z,10/24/2008 5:30:00 PM,At Intersection (intersection related),18,"MOTOR VEHICLE STRUCK PEDALCYCLIST, FRONT END AT ANGLE",,0,Clear or Partly Cloudy,Dry,Daylight,Y,8298010.0,,45.0,Vehicle - Pedalcyclist,0,523566,N,POINT (1274752.641334146 246074.6052320302),7253.0,0.0,Clear or Partly Cloudy,2008-10-24,17:30:00,17.0,4,1,1.0,Clear or Partly Cloudy
67419,81371,81371,2882324,Matched,Intersection,29821.0,12TH AVE AND E TERRACE ST,,,2,Injury Collision,Cycles,3,0,1,1,1,0,0,2008-05-02T00:00:00.000Z,5/2/2008,At Intersection (intersection related),18,"MOTOR VEHICLE STRUCK PEDALCYCLIST, FRONT END AT ANGLE",,0,Clear or Partly Cloudy,Dry,Daylight,Y,8123012.0,,45.0,Vehicle - Pedalcyclist,10597,0,N,POINT (1274486.065461874 224284.2699777186),3953.0,0.0,Clear or Partly Cloudy,2008-05-02,00:00:00,,4,1,,Clear or Partly Cloudy
67431,81237,81237,2893010,Matched,Block,,LAKE CITY WAY NE BETWEEN NE 125TH ST AND NE 127TH ST,,,2,Injury Collision,Cycles,3,0,1,1,1,0,0,2008-05-18T00:00:00.000Z,5/18/2008 5:27:00 PM,Mid-Block (not related to intersection),18,"MOTOR VEHICLE STRUCK PEDALCYCLIST, FRONT END AT ANGLE",,0,Overcast,Dry,Daylight,Y,8139005.0,,45.0,Vehicle - Pedalcyclist,0,523060,N,POINT (1280729.433404267 266116.4105005562),23290.0,2.9417775550482812e-05,Overcast,2008-05-18,17:27:00,17.0,6,0,1.0,Clear or Partly Cloudy
67520,82296,82296,2898687,Matched,Block,,6TH AVE BETWEEN PINE ST AND OLIVE WAY,,,1,Property Damage Only Collision,Cycles,5,0,1,1,0,0,0,2008-04-09T00:00:00.000Z,4/9/2008,Mid-Block (not related to intersection),18,"MOTOR VEHICLE STRUCK PEDALCYCLIST, FRONT END AT ANGLE",,0,Unknown,Unknown,Dusk,,8100009.0,,45.0,Vehicle - Pedalcyclist,25420,0,N,POINT (1269841.285361111 227087.6141725928),3200.0,2.4618179339475416e-05,,2008-04-09,00:00:00,,2,1,,
67565,80704,80704,2908162,Matched,Block,,S DEARBORN ST BETWEEN 6TH AVE S AND MAYNARD AVE S,,,1,Property Damage Only Collision,Cycles,2,0,1,1,0,0,0,2008-05-18T00:00:00.000Z,5/18/2008 12:52:00 PM,Mid-Block (not related to intersection),18,"MOTOR VEHICLE STRUCK PEDALCYCLIST, FRONT END AT ANGLE",,0,Clear or Partly Cloudy,Dry,Daylight,,8139004.0,,45.0,Vehicle - Pedalcyclist,5805,0,N,POINT (1272214.297011539 220913.320406273),18338.0,7.602412436582547e-06,Clear or Partly Cloudy,2008-05-18,12:52:00,12.0,6,0,0.0,Clear or Partly Cloudy
67628,82311,82311,2882251,Matched,Intersection,29050.0,BOYLSTON AVE E AND E OLIVE E WAY,,,2b,Serious Injury Collision,Cycles,2,0,1,1,1,1,0,2008-04-21T00:00:00.000Z,4/21/2008 6:38:00 PM,At Intersection (intersection related),18,"MOTOR VEHICLE STRUCK PEDALCYCLIST, FRONT END AT ANGLE",,0,Raining,Wet,Daylight,Y,8112018.0,,45.0,Vehicle - Pedalcyclist,23232,0,N,POINT (1273038.029620394 229665.2279352248),3929.0,0.0,Raining,2008-04-21,18:38:00,18.0,0,1,1.0,Raining
67676,80982,80982,2802351,Matched,Block,,NE 45TH ST BETWEEN 7TH AVE NE AND 8TH W AVE NE,,,2,Injury Collision,Cycles,2,0,1,1,1,0,0,2008-11-06T00:00:00.000Z,11/6/2008,Mid-Block (not related to intersection),23,"MOTOR VEHICLE STRUCK PEDALCYCLIST, LEFT SIDE SIDESWIPE",,0,Raining,Wet,Daylight,Y,8311017.0,,45.0,Vehicle - Pedalcyclist,7040,0,N,POINT (1274025.332853392 244767.4182866961),15853.0,2.272866297706576e-05,Raining,2008-11-06,00:00:00,,3,1,,Raining
67840,81666,81666,3274187,Matched,Intersection,30482.0,2ND AVE AND JAMES ST,,,2,Injury Collision,Cycles,2,0,1,1,1,0,0,2008-09-28T00:00:00.000Z,9/28/2008 1:30:00 PM,At Intersection (intersection related),18,"MOTOR VEHICLE STRUCK PEDALCYCLIST, FRONT END AT ANGLE",,0,Clear or Partly Cloudy,Dry,Daylight,,8272011.0,,45.0,Vehicle - Pedalcyclist,12032,0,N,POINT (1270583.694641873 223305.2345847189),134.0,0.0,Clear or Partly Cloudy,2008-09-28,13:30:00,13.0,6,0,0.0,Clear or Partly Cloudy
67879,81796,81796,3286833,Matched,Intersection,26605.0,8TH AVE NW AND NW 45TH ST,,,2b,Serious Injury Collision,Cycles,2,0,1,1,1,1,0,2008-11-23T00:00:00.000Z,11/23/2008 4:59:00 PM,At Intersection (intersection related),51,PEDALCYCLIST STRUCK MOTOR VEHICLE FRONT END AT ANGLE,,0,Clear or Partly Cloudy,Dry,Dark - Street Lights On,Y,8328013.0,,45.0,Vehicle - Pedalcyclist,2280,0,N,POINT (1262712.39504981 245042.3817429841),6057.0,0.0,Clear or Partly Cloudy,2008-11-23,16:59:00,16.0,6,0,1.0,Clear or Partly Cloudy
67931,80867,80867,2881084,Matched,Intersection,26965.0,FREMONT AVE N AND N 42ND ST,,,2,Injury Collision,Cycles,2,0,1,1,1,0,0,2008-03-06T00:00:00.000Z,3/6/2008,At Intersection (intersection related),51,PEDALCYCLIST STRUCK MOTOR VEHICLE FRONT END AT ANGLE,,0,Clear or Partly Cloudy,Dry,Daylight,Y,8066034.0,,45.0,Vehicle - Pedalcyclist,8396,0,N,POINT (1266674.953261867 243605.607341513),1243.0,0.0,Clear or Partly Cloudy,2008-03-06,00:00:00,,3,1,,Clear or Partly Cloudy
67935,82455,82455,3289079,Matched,Block,,2ND AVE BETWEEN UNION ST AND PIKE ST,,,2,Injury Collision,Cycles,2,0,1,1,1,0,0,2008-11-21T00:00:00.000Z,11/21/2008 6:15:00 PM,Driveway Junction,18,"MOTOR VEHICLE STRUCK PEDALCYCLIST, FRONT END AT ANGLE",,0,Raining,Wet,Dark - Street Lights On,Y,8326003.0,,45.0,Vehicle - Pedalcyclist,12168,0,N,POINT (1269167.241392419 225698.1291791648),135.0,1.0206619767903732e-08,Raining,2008-11-21,18:15:00,18.0,4,1,1.0,Raining
67956,81269,81269,2829495,Matched,Block,,ROOSEVELT WAY NE BETWEEN NE 47TH ST AND NE 50TH ST,,,1,Property Damage Only Collision,Cycles,2,0,1,1,0,0,0,2008-03-31T00:00:00.000Z,3/31/2008 9:20:00 AM,Mid-Block (not related to intersection),18,"MOTOR VEHICLE STRUCK PEDALCYCLIST, FRONT END AT ANGLE",,0,Clear or Partly Cloudy,Dry,Daylight,,8091010.0,,45.0,Vehicle - Pedalcyclist,9118,0,N,POINT (1274743.822390139 245742.8497117013),13341.0,1.9798688392947268e-10,Clear or Partly Cloudy,2008-03-31,09:20:00,9.0,0,1,1.0,Clear or Partly Cloudy
67982,81403,81403,2826624,Matched,Intersection,29851.0,BOREN AVE AND STEWART ST,,,2,Injury Collision,Cycles,2,0,1,1,1,0,0,2008-03-04T00:00:00.000Z,3/4/2008,At Intersection (intersection related),18,"MOTOR VEHICLE STRUCK PEDALCYCLIST, FRONT END AT ANGLE",,0,Clear or Partly Cloudy,Dry,Dark - Street Lights On,,8064007.0,,45.0,Vehicle - Pedalcyclist,13701,0,N,POINT (1270638.711345926 228645.0983981937),3393.0,0.0,Clear or Partly Cloudy,2008-03-04,00:00:00,,1,1,,Clear or Partly Cloudy
68055,80740,80740,2882505,Matched,Intersection,29861.0,CRAWFORD PL AND E PINE ST,,,2,Injury Collision,Cycles,2,0,1,1,1,0,0,2008-05-04T00:00:00.000Z,5/4/2008,At Intersection (intersection related),51,PEDALCYCLIST STRUCK MOTOR VEHICLE FRONT END AT ANGLE,,0,Clear or Partly Cloudy,Dry,Daylight,Y,8125021.0,,45.0,Vehicle - Pedalcyclist,10348,0,N,POINT (1272237.122099563 227982.7903015018),1148.0,0.0,Clear or Partly Cloudy,2008-05-04,00:00:00,,6,0,,Clear or Partly Cloudy
68077,82595,82595,3277290,Matched,Intersection,25716.0,ROOSEVELT WAY NE AND NE 62ND ST,,,2,Injury Collision,Cycles,2,0,1,1,1,0,0,2008-07-15T00:00:00.000Z,7/15/2008 7:49:00 AM,At Intersection (intersection related),69,PEDALCYCLIST OVERTURNED IN ROAD,,0,Clear or Partly Cloudy,Dry,Daylight,Y,8197004.0,,45.0,Vehicle - Pedalcyclist,9202,0,N,POINT (1274821.663286209 249136.9402111769),7288.0,0.0,Clear or Partly Cloudy,2008-07-15,07:49:00,7.0,1,1,1.0,Clear or Partly Cloudy
68081,82594,82594,2616707,Matched,Intersection,27153.0,EASTLAKE AVE E AND FUHRMAN AVE E,,,2,Injury Collision,Cycles,2,0,1,1,1,0,0,2008-07-16T00:00:00.000Z,7/16/2008 9:34:00 AM,At Intersection (intersection related),51,PEDALCYCLIST STRUCK MOTOR VEHICLE FRONT END AT ANGLE,,0,Clear or Partly Cloudy,Dry,Daylight,Y,8198005.0,,45.0,Vehicle - Pedalcyclist,6078,0,N,POINT (1273704.647989064 241221.0042030662),995.0,0.0,Clear or Partly Cloudy,2008-07-16,09:34:00,9.0,2,1,1.0,Clear or Partly Cloudy
68111,81418,81418,2829915,Matched,Intersection,24183.0,8TH AVE NW AND NW 70TH ST,,,2,Injury Collision,Cycles,2,0,1,1,1,0,0,2008-07-21T00:00:00.000Z,7/21/2008 5:55:00 PM,At Intersection (intersection related),18,"MOTOR VEHICLE STRUCK PEDALCYCLIST, FRONT END AT ANGLE",,0,Clear or Partly Cloudy,Dry,Daylight,Y,8203031.0,,45.0,Vehicle - Pedalcyclist,3176,0,N,POINT (1262882.377001986 251637.319349736),4345.0,0.0,Clear or Partly Cloudy,2008-07-21,17:55:00,17.0,0,1,1.0,Clear or Partly Cloudy
68129,82071,82071,2908306,Matched,Intersection,29665.0,1ST AVE AND BROAD ST,,,2,Injury Collision,Cycles,2,0,1,1,1,0,0,2008-03-26T00:00:00.000Z,3/26/2008 11:15:00 AM,At Intersection (intersection related),18,"MOTOR VEHICLE STRUCK PEDALCYCLIST, FRONT END AT ANGLE",,0,Clear or Partly Cloudy,Dry,Daylight,,8086005.0,,45.0,Vehicle - Pedalcyclist,13269,0,N,POINT (1265758.944812939 228731.1069742739),9555.0,0.0,Clear or Partly Cloudy,2008-03-26,11:15:00,11.0,2,1,0.0,Clear or Partly Cloudy
68160,82343,82343,2892007,Matched,Block,,S GENESEE ST BETWEEN 37TH AVE S AND 38TH AVE S,,,2,Injury Collision,Cycles,2,0,1,1,1,0,0,2008-03-06T00:00:00.000Z,3/6/2008,Driveway Junction,18,"MOTOR VEHICLE STRUCK PEDALCYCLIST, FRONT END AT ANGLE",,0,Overcast,Dry,Dark - Street Lights On,Y,8066001.0,,45.0,Vehicle - Pedalcyclist,0,0,N,POINT (1281916.299837485 209155.4770662338),22267.0,2.0125062718801386e-06,Overcast,2008-03-06,00:00:00,,3,1,,Clear or Partly Cloudy
68257,82082,82082,2617892,Matched,Block,,N 36TH ST BETWEEN FREMONT PL N AND FREMONT AVE N,,,1,Property Damage Only Collision,Cycles,2,0,1,1,0,0,0,2008-05-14T00:00:00.000Z,5/14/2008 6:09:00 PM,Mid-Block (not related to intersection),54,PEDALCYCLIST STRUCK MOTOR VEHICLE REAR END,,0,Clear or Partly Cloudy,Dry,Daylight,,8135005.0,Y,45.0,Vehicle - Pedalcyclist,0,0,N,POINT (1266466.768685654 241311.4794031531),23302.0,1.4955877454844535e-05,Clear or Partly Cloudy,2008-05-14,18:09:00,18.0,2,1,1.0,Clear or Partly Cloudy
68266,82080,82080,C707628,Matched,Block,,ALKI TRL BETWEEN HARBOR AVE SW AND SW FLORIDA ST,,,2,Injury Collision,Cycles,2,0,1,1,1,0,0,2008-07-16T00:00:00.000Z,7/16/2008 5:10:00 PM,Driveway Junction,51,PEDALCYCLIST STRUCK MOTOR VEHICLE FRONT END AT ANGLE,,0,Clear or Partly Cloudy,Dry,Daylight,,8198049.0,,45.0,Vehicle - Pedalcyclist,4286,0,N,POINT (1260843.487463906 214144.4367513359),8266.0,2.9988749736722468e-05,Clear or Partly Cloudy,2008-07-16,17:10:00,17.0,2,1,1.0,Clear or Partly Cloudy
68301,82610,82610,2805294,Matched,Block,,WESTLAKE AVE N BETWEEN NEWELL ST AND NICKERSON ST,,,2,Injury Collision,Cycles,2,0,1,1,1,0,0,2008-06-27T00:00:00.000Z,6/27/2008 8:40:00 PM,Mid-Block (not related to intersection),23,"MOTOR VEHICLE STRUCK PEDALCYCLIST, LEFT SIDE SIDESWIPE",,0,Clear or Partly Cloudy,Dry,Daylight,,8179005.0,,45.0,Vehicle - Pedalcyclist,20053,0,N,POINT (1267244.354094461 238957.8695447445),13817.0,1.4373915771824937e-06,Clear or Partly Cloudy,2008-06-27,20:40:00,20.0,4,1,0.0,Clear or Partly Cloudy
68322,80887,80887,2825337,Matched,Block,,ALKI AVE SW BETWEEN MARINE AVE SW AND 59TH AVE SW,,,2,Injury Collision,Cycles,2,0,1,1,1,0,0,2008-05-26T00:00:00.000Z,5/26/2008 5:30:00 PM,Mid-Block (not related to intersection),51,PEDALCYCLIST STRUCK MOTOR VEHICLE FRONT END AT ANGLE,,0,Clear or Partly Cloudy,Dry,Daylight,Y,8147005.0,,45.0,Vehicle - Pedalcyclist,3634,0,N,POINT (1251919.407326758 215638.7134248614),8727.0,1.5759288158035606e-05,Clear or Partly Cloudy,2008-05-26,17:30:00,17.0,0,1,1.0,Clear or Partly Cloudy
68338,81158,81158,2795539,Matched,Intersection,27183.0,1ST AVE NE AND NE 45TH ST,,,2b,Serious Injury Collision,Cycles,5,0,1,1,1,1,0,2008-04-11T00:00:00.000Z,4/11/2008 12:32:00 PM,At Intersection (intersection related),51,PEDALCYCLIST STRUCK MOTOR VEHICLE FRONT END AT ANGLE,,0,Clear or Partly Cloudy,Dry,Daylight,,8102004.0,,45.0,Vehicle - Pedalcyclist,6528,0,N,POINT (1272052.552243382 244821.6562387496),2275.0,0.0,Clear or Partly Cloudy,2008-04-11,12:32:00,12.0,4,1,0.0,Clear or Partly Cloudy
68388,84598,84598,2897200,Matched,Intersection,36974.0,24TH AVE NW AND NW 85TH ST,,,2b,Serious Injury Collision,Cycles,2,0,1,1,1,1,0,2008-07-22T00:00:00.000Z,7/22/2008 8:30:00 PM,At Intersection (intersection related),51,PEDALCYCLIST STRUCK MOTOR VEHICLE FRONT END AT ANGLE,,0,Clear or Partly Cloudy,Dry,Daylight,,8204027.0,,45.0,Vehicle - Pedalcyclist,2246,0,N,POINT (1257648.442148626 255766.0274499655),5335.0,0.0,Clear or Partly Cloudy,2008-07-22,20:30:00,20.0,1,1,0.0,Clear or Partly Cloudy
68394,84210,84210,3287063,Matched,Intersection,26711.0,11TH AVE NW AND NW 45TH ST,,,2,Injury Collision,Cycles,2,0,1,1,1,0,0,2008-11-03T00:00:00.000Z,11/3/2008,At Intersection (intersection related),18,"MOTOR VEHICLE STRUCK PEDALCYCLIST, FRONT END AT ANGLE",,0,Overcast,Wet,Daylight,Y,8308010.0,,45.0,Vehicle - Pedalcyclist,41860,0,N,POINT (1261580.185640648 245068.0060629994),31.0,0.0,Overcast,2008-11-03,00:00:00,,0,1,,Clear or Partly Cloudy
68449,82882,82882,2895617,Matched,Intersection,32116.0,HARBOR AVE SW AND SW SPOKANE NR ST,,,2,Injury Collision,Cycles,2,0,1,1,1,0,0,2008-10-20T00:00:00.000Z,10/20/2008 7:58:00 AM,At Intersection (intersection related),18,"MOTOR VEHICLE STRUCK PEDALCYCLIST, FRONT END AT ANGLE",Y,0,Raining,Wet,Daylight,,8294004.0,,45.0,Vehicle - Pedalcyclist,0,524810,N,POINT (1260954.943272009 212361.5148935169),8300.0,0.0,Raining,2008-10-20,07:58:00,7.0,0,1,1.0,Raining
68453,83022,83022,2899634,Matched,Block,,DEXTER AVE N BETWEEN HIGHLAND DR AND COMSTOCK ST,,,2,Injury Collision,Cycles,4,0,1,1,1,0,0,2008-07-30T00:00:00.000Z,7/30/2008 8:06:00 AM,Mid-Block (not related to intersection),18,"MOTOR VEHICLE STRUCK PEDALCYCLIST, FRONT END AT ANGLE",,0,Clear or Partly Cloudy,Dry,Daylight,Y,8212035.0,,45.0,Vehicle - Pedalcyclist,12797,0,N,POINT (1268370.450863615 233507.7053151727),8780.0,1.6527839516039307e-05,Clear or Partly Cloudy,2008-07-30,08:06:00,8.0,2,1,1.0,Clear or Partly Cloudy
68456,83553,83553,2826294,Matched,Block,,DEXTER AVE N BETWEEN 6TH AVE N AND WHEELER ST,,,2,Injury Collision,Cycles,2,0,1,1,1,0,0,2008-11-25T00:00:00.000Z,11/25/2008 5:16:00 PM,Mid-Block (not related to intersection),18,"MOTOR VEHICLE STRUCK PEDALCYCLIST, FRONT END AT ANGLE",,0,Overcast,Wet,Dark - Street Lights On,,8330034.0,,45.0,Vehicle - Pedalcyclist,0,522526,N,POINT (1267905.256687135 237334.5344390869),11929.0,1.4741621737447864e-05,Overcast,2008-11-25,17:16:00,17.0,1,1,1.0,Clear or Partly Cloudy
68512,84081,84081,2899108,Matched,Block,,12TH AVE BETWEEN E COLUMBIA ST AND E MARION ST,,,2,Injury Collision,Cycles,3,0,1,1,1,0,0,2008-09-03T00:00:00.000Z,9/3/2008,Mid-Block (not related to intersection),56,PEDALCYCLIST STRUCK MOTOR VEHICLE LEFT SIDE SIDESWIPE,Y,0,Clear or Partly Cloudy,Dry,Daylight,,8247012.0,,45.0,Vehicle - Pedalcyclist,10714,0,N,POINT (1274518.8026779 225966.6191634387),8407.0,5.730560052789369e-06,Clear or Partly Cloudy,2008-09-03,00:00:00,,2,1,,Clear or Partly Cloudy