OBJECTID,INCKEY,COLDETKEY,REPORTNO,STATUS,ADDRTYPE,INTKEY,LOCATION,EXCEPTRSNC,EXCEPTRSND,SEVERITYCO,SEVERITYDE,COLLISIONT,PERSONCOUN,PEDCOUNT,PEDCYLCOUN,VEHCOUNT,INJURIES,SERIOUSINJ,FATALITIES,INCDATE,INCDTTM,JUNCTIONTY,SDOT_COLCO,SDOT_COLDE,INATTENTIO,UNDERINFL,WEATHER,ROADCOND,LIGHTCOND,PEDROWNOTG,SDOTCOLNUM,SPEEDING,ST_COLCODE,ST_COLDESC,SEGLANEKEY,CROSSWALKK,HITPARKEDC,geometry,near_str_index,min_length,weather_group,date,time,hour,dayofweek,weekday,rushhour,weather_group2
68546,84211,84211,3287142,Matched,Intersection,29863.0,MELROSE AVE AND PINE ST,,,2,Injury Collision,Cycles,4,0,1,1,1,0,0,2008-11-03T00:00:00.000Z,11/3/2008,At Intersection (intersection related),18,"MOTOR VEHICLE STRUCK PEDALCYCLIST, FRONT END AT ANGLE",,0,Raining,Wet,Dark - Street Lights On,Y,8308009.0,,45.0,Vehicle - Pedalcyclist,10336,0,N,POINT (1271813.802035138 227999.6394535303),897.0,0.0,Raining,2008-11-03,00:00:00,,0,1,,Raining
68549,83945,83945,2828765,Matched,Intersection,25423.0,14TH AVE NW AND NW MARKET ST,,,2,Injury Collision,Cycles,2,0,1,1,1,0,0,2008-01-03T00:00:00.000Z,1/3/2008,At Intersection (intersection related),18,"MOTOR VEHICLE STRUCK PEDALCYCLIST, FRONT END AT ANGLE",,0,Raining,Wet,Dusk,Y,8003003.0,,45.0,Vehicle - Pedalcyclist,0,520757,N,POINT (1260938.171943992 247706.2063857019),7584.0,0.0,Raining,2008-01-03,00:00:00,,3,1,,Raining
68570,84611,84611,3281664,Matched,Block,,BEACON ER AVE S BETWEEN S ANGELINE ST AND S COLUMBIAN WAY,,,2,Injury Collision,Cycles,4,0,1,2,1,0,0,2008-10-17T00:00:00.000Z,10/17/2008 6:44:00 PM,Mid-Block (not related to intersection),18,"MOTOR VEHICLE STRUCK PEDALCYCLIST, FRONT END AT ANGLE",,0,Clear or Partly Cloudy,Dry,Dark - Street Lights On,Y,8291004.0,,45.0,Vehicle - Pedalcyclist,15929,0,N,POINT (1277208.996088654 207697.8138967305),8242.0,2.197069666105545e-05,Clear or Partly Cloudy,2008-10-17,18:44:00,18.0,4,1,1.0,Clear or Partly Cloudy
68619,83827,83827,2798392,Matched,Intersection,29862.0,BELLEVUE AVE AND E PINE ST,,,2,Injury Collision,Cycles,2,0,1,1,1,0,0,2008-05-18T00:00:00.000Z,5/18/2008 8:15:00 PM,At Intersection (intersection related),51,PEDALCYCLIST STRUCK MOTOR VEHICLE FRONT END AT ANGLE,,0,Clear or Partly Cloudy,Dry,Dusk,Y,8139003.0,,45.0,Vehicle - Pedalcyclist,10342,0,N,POINT (1272084.808499411 227986.9833255112),633.0,0.0,Clear or Partly Cloudy,2008-05-18,20:15:00,20.0,6,0,0.0,Clear or Partly Cloudy
68620,83693,83693,3281916,Matched,Block,,RAINIER AVE S BETWEEN S KENNY ST AND S GRAHAM ST,,,1,Property Damage Only Collision,Cycles,2,0,1,1,0,0,0,2008-11-24T00:00:00.000Z,11/24/2008 7:27:00 AM,Driveway Junction,51,PEDALCYCLIST STRUCK MOTOR VEHICLE FRONT END AT ANGLE,,0,Overcast,Dry,Daylight,Y,8329001.0,,45.0,Vehicle - Pedalcyclist,23924,0,N,POINT (1283966.699007586 203029.5958439559),17166.0,7.73097949648209e-06,Overcast,2008-11-24,07:27:00,7.0,0,1,1.0,Clear or Partly Cloudy
68643,83426,83426,2827948,Matched,Intersection,30136.0,15TH AVE AND E MADISON ST,,,2,Injury Collision,Cycles,2,0,1,1,1,0,0,2008-05-02T00:00:00.000Z,5/2/2008,At Intersection (intersection related),18,"MOTOR VEHICLE STRUCK PEDALCYCLIST, FRONT END AT ANGLE",,0,Clear or Partly Cloudy,Dry,Daylight,,8123013.0,Y,45.0,Vehicle - Pedalcyclist,22976,0,N,POINT (1275540.203574955 227657.8561571836),1117.0,0.0,Clear or Partly Cloudy,2008-05-02,00:00:00,,4,1,,Clear or Partly Cloudy
68658,84219,84219,2897979,Matched,Block,,GOLF DR S BETWEEN S CHARLES ST AND 14TH AVE S,,,1,Property Damage Only Collision,Cycles,2,0,1,1,0,0,0,2008-03-28T00:00:00.000Z,3/28/2008 8:55:00 AM,Mid-Block (but intersection related),23,"MOTOR VEHICLE STRUCK PEDALCYCLIST, LEFT SIDE SIDESWIPE",,0,Snowing,Wet,Daylight,Y,8088001.0,,45.0,Vehicle - Pedalcyclist,14098,0,N,POINT (1274704.568502098 220075.2641494125),15192.0,1.81343842276008e-05,Raining,2008-03-28,08:55:00,8.0,4,1,1.0,Raining
68680,82764,82764,3284280,Matched,Intersection,25159.0,17TH AVE NW AND BARNES AVE NW,,,2b,Serious Injury Collision,Cycles,2,0,1,1,1,1,0,2008-08-07T00:00:00.000Z,8/7/2008,At Intersection (intersection related),18,"MOTOR VEHICLE STRUCK PEDALCYCLIST, FRONT END AT ANGLE",,0,Clear or Partly Cloudy,Dry,Daylight,Y,8220003.0,,45.0,Vehicle - Pedalcyclist,0,0,N,POINT (1259624.423462659 247281.2806892693),10282.0,0.0,Clear or Partly Cloudy,2008-08-07,00:00:00,,3,1,,Clear or Partly Cloudy
68693,84752,84752,2799018,Matched,Intersection,27106.0,15TH AVE NE AND NE 41ST ST,,,2,Injury Collision,Cycles,2,0,1,1,1,0,0,2008-08-05T00:00:00.000Z,8/5/2008,At Intersection (intersection related),18,"MOTOR VEHICLE STRUCK PEDALCYCLIST, FRONT END AT ANGLE",,0,Clear or Partly Cloudy,Dry,Dark - Street Lights On,Y,8218002.0,,45.0,Vehicle - Pedalcyclist,21313,0,N,POINT (1275999.922743425 243088.9660609812),15665.0,0.0,Clear or Partly Cloudy,2008-08-05,00:00:00,,1,1,,Clear or Partly Cloudy
68733,82767,82767,3283761,Matched,Intersection,24286.0,AURORA AVE N AND N 80TH ST,,,2,Injury Collision,Cycles,2,0,1,1,1,0,0,2008-09-10T00:00:00.000Z,9/10/2008 1:07:00 PM,At Intersection (intersection related),51,PEDALCYCLIST STRUCK MOTOR VEHICLE FRONT END AT ANGLE,,0,Clear or Partly Cloudy,Dry,Daylight,Y,8254007.0,,45.0,Vehicle - Pedalcyclist,27296,0,N,POINT (1268233.995567471 254229.6219443828),13877.0,0.0,Clear or Partly Cloudy,2008-09-10,13:07:00,13.0,2,1,0.0,Clear or Partly Cloudy
68815,84494,84494,3284079,Matched,Block,,LEARY WAY NW BETWEEN NW 43RD ST AND 7TH AVE NW,,,1,Property Damage Only Collision,Cycles,2,0,1,1,0,0,0,2008-09-05T00:00:00.000Z,9/5/2008,Mid-Block (not related to intersection),55,PEDALCYCLIST STRUCK MOTOR VEHICLE RIGHT SIDE SIDESWIPE,,0,Clear or Partly Cloudy,Dry,Dark - Street Lights On,,8249004.0,,45.0,Vehicle - Pedalcyclist,17378,0,N,POINT (1263012.838442117 244182.1631180942),6470.0,0.0,Clear or Partly Cloudy,2008-09-05,00:00:00,,4,1,,Clear or Partly Cloudy
68844,83044,83044,3277819,Matched,Intersection,25177.0,SHILSHOLE AVE NW AND NW DOCK PL,,,2,Injury Collision,Cycles,2,0,1,1,1,0,0,2008-09-08T00:00:00.000Z,9/8/2008,At Intersection (intersection related),18,"MOTOR VEHICLE STRUCK PEDALCYCLIST, FRONT END AT ANGLE",,0,Clear or Partly Cloudy,Dry,Daylight,Y,8252005.0,,45.0,Vehicle - Pedalcyclist,17205,0,N,POINT (1258882.278181896 246034.5076959878),7579.0,0.0,Clear or Partly Cloudy,2008-09-08,00:00:00,,0,1,,Clear or Partly Cloudy
68856,82775,82775,3274510,Matched,Intersection,30511.0,6TH AVE S AND S JACKSON ST,,,2,Injury Collision,Cycles,2,0,1,1,1,0,0,2008-12-01T00:00:00.000Z,12/1/2008,At Intersection (intersection related),18,"MOTOR VEHICLE STRUCK PEDALCYCLIST, FRONT END AT ANGLE",,0,Overcast,Dry,Daylight,Y,8336005.0,,45.0,Vehicle - Pedalcyclist,24416,0,N,POINT (1272080.813875407 222140.4535275251),1803.0,0.0,Overcast,2008-12-01,00:00:00,,0,1,,Clear or Partly Cloudy
68859,82910,82910,3274261,Matched,Block,,NW 58TH ST BETWEEN 17TH AVE NW AND 20TH AVE NW,,,1,Property Damage Only Collision,Cycles,3,0,1,1,0,0,0,2008-09-15T00:00:00.000Z,9/15/2008 6:00:00 PM,Mid-Block (not related to intersection),21,"MOTOR VEHICLE STRUCK PEDALCYCLIST, REAR END",,0,Clear or Partly Cloudy,Dry,Daylight,Y,8259008.0,,45.0,Vehicle - Pedalcyclist,0,0,N,POINT (1259251.153446272 248557.6448505819),17265.0,0.0,Clear or Partly Cloudy,2008-09-15,18:00:00,18.0,0,1,1.0,Clear or Partly Cloudy
66012,79019,79019,2881383,Matched,Block,,NE 65TH ST BETWEEN 14TH AVE NE AND 15TH AVE NE,,,2,Injury Collision,Cycles,2,0,1,1,1,0,0,2007-08-15T00:00:00.000Z,8/15/2007 9:26:00 PM,Mid-Block (not related to intersection),56,PEDALCYCLIST STRUCK MOTOR VEHICLE LEFT SIDE SIDESWIPE,Y,0,Clear or Partly Cloudy,Dry,Dark - Street Lights On,,7227001.0,,45.0,Vehicle - Pedalcyclist,29273,0,N,POINT (1276028.822263449 250008.9285640568),13193.0,1.8817534798047847e-06,Clear or Partly Cloudy,2007-08-15,21:26:00,21.0,2,1,0.0,Clear or Partly Cloudy
66018,79151,79151,2798500,Matched,Block,,HIGH POINT DR SW BETWEEN SW RAYMOND ST AND 30TH N AVE SW,,,2,Injury Collision,Cycles,2,0,1,1,1,0,0,2007-07-15T00:00:00.000Z,7/15/2007 6:43:00 PM,Driveway Junction,51,PEDALCYCLIST STRUCK MOTOR VEHICLE FRONT END AT ANGLE,,0,Clear or Partly Cloudy,Dry,Daylight,,7196002.0,,45.0,Vehicle - Pedalcyclist,0,0,N,POINT (1261221.575208291 204088.4123570472),3580.0,7.585860458918739e-06,Clear or Partly Cloudy,2007-07-15,18:43:00,18.0,6,0,1.0,Clear or Partly Cloudy
66118,80480,80480,2907604,Matched,Block,,EAST MARGINAL WAY S BETWEEN S HANFORD ST AND S HORTON ST,,,2b,Serious Injury Collision,Cycles,3,0,2,1,2,2,0,2008-01-31T00:00:00.000Z,1/31/2008 9:15:00 AM,Mid-Block (but intersection related),21,"MOTOR VEHICLE STRUCK PEDALCYCLIST, REAR END",,0,Raining,Dry,Daylight,,8031005.0,,45.0,Vehicle - Pedalcyclist,4678,0,N,POINT (1268551.714159802 213377.0764945596),6885.0,2.8763684152588e-05,Raining,2008-01-31,09:15:00,9.0,3,1,1.0,Raining
66167,78905,78905,2906126,Matched,Block,,MELROSE AVE BETWEEN PINE ST AND YALE AVE,,,2b,Serious Injury Collision,Cycles,2,0,1,1,1,1,0,2007-11-18T00:00:00.000Z,11/18/2007 8:31:00 PM,Driveway Junction,51,PEDALCYCLIST STRUCK MOTOR VEHICLE FRONT END AT ANGLE,,0,Clear or Partly Cloudy,Dry,Dark - Street Lights On,Y,7322003.0,,45.0,Vehicle - Pedalcyclist,11516,0,N,POINT (1271816.64773114 228084.3372456133),22389.0,2.7838682641779773e-05,Clear or Partly Cloudy,2007-11-18,20:31:00,20.0,6,0,0.0,Clear or Partly Cloudy
66175,79687,79687,2826266,Matched,Block,,DEXTER AVE N BETWEEN REPUBLICAN ST AND MERCER ST,,,2,Injury Collision,Cycles,4,0,1,1,1,0,0,2008-07-01T00:00:00.000Z,7/1/2008,Mid-Block (but intersection related),51,PEDALCYCLIST STRUCK MOTOR VEHICLE FRONT END AT ANGLE,,0,Clear or Partly Cloudy,Dry,Daylight,Y,8183002.0,,45.0,Vehicle - Pedalcyclist,12640,0,N,POINT (1268311.922351554 231223.1936328262),11928.0,7.448147300580169e-09,Clear or Partly Cloudy,2008-07-01,00:00:00,,1,1,,Clear or Partly Cloudy
66177,79691,79691,2895867,Matched,Intersection,30988.0,60TH AVE SW AND SW ADMIRAL WAY,,,2b,Serious Injury Collision,Cycles,2,0,1,1,1,1,0,2008-06-30T00:00:00.000Z,6/30/2008 3:23:00 PM,At Intersection (intersection related),18,"MOTOR VEHICLE STRUCK PEDALCYCLIST, FRONT END AT ANGLE",,0,Clear or Partly Cloudy,Dry,Daylight,Y,8182002.0,,45.0,Vehicle - Pedalcyclist,28783,0,N,POINT (1251414.303774253 214050.2962072492),547.0,0.0,Clear or Partly Cloudy,2008-06-30,15:23:00,15.0,0,1,1.0,Clear or Partly Cloudy
66182,79560,79560,2905505,Matched,Block,,ALASKAN WAY BETWEEN VINE ST AND CLAY ST,,,1,Property Damage Only Collision,Cycles,2,0,1,1,0,0,0,2008-05-14T00:00:00.000Z,5/14/2008 5:30:00 PM,Mid-Block (not related to intersection),18,"MOTOR VEHICLE STRUCK PEDALCYCLIST, FRONT END AT ANGLE",,0,Overcast,Dry,Daylight,Y,8135004.0,,45.0,Vehicle - Pedalcyclist,20771,0,N,POINT (1265591.06423676 227627.3577251434),21288.0,5.0245207272725325e-09,Overcast,2008-05-14,17:30:00,17.0,2,1,1.0,Clear or Partly Cloudy
66194,79554,79554,3277178,Matched,Intersection,23943.0,24TH AVE NW AND NW 65TH ST,,,2,Injury Collision,Cycles,2,0,1,1,1,0,0,2008-07-21T00:00:00.000Z,7/21/2008 7:10:00 PM,At Intersection (intersection related),18,"MOTOR VEHICLE STRUCK PEDALCYCLIST, FRONT END AT ANGLE",,0,Clear or Partly Cloudy,Dry,Daylight,Y,8203001.0,,45.0,Vehicle - Pedalcyclist,2255,0,N,POINT (1257543.986724526 250431.6320524961),200.0,0.0,Clear or Partly Cloudy,2008-07-21,19:10:00,19.0,0,1,1.0,Clear or Partly Cloudy
66201,79424,79424,2615022,Matched,Intersection,29160.0,SUMMIT AVE AND E DENNY WAY,,,2,Injury Collision,Cycles,2,0,1,1,1,0,0,2008-11-15T00:00:00.000Z,11/15/2008 7:26:00 PM,At Intersection (intersection related),51,PEDALCYCLIST STRUCK MOTOR VEHICLE FRONT END AT ANGLE,,0,Clear or Partly Cloudy,Dry,Dark - Street Lights On,,8320030.0,,45.0,Vehicle - Pedalcyclist,35189,0,N,POINT (1272482.360115826 229172.0925747305),1074.0,0.0,Clear or Partly Cloudy,2008-11-15,19:26:00,19.0,5,0,1.0,Clear or Partly Cloudy
66377,81169,81169,2804999,Matched,Block,,WESTLAKE AVE N BETWEEN NEWELL ST AND NICKERSON ST,,,2,Injury Collision,Cycles,2,0,1,1,1,0,0,2008-05-22T00:00:00.000Z,5/22/2008 8:30:00 AM,Driveway Junction,18,"MOTOR VEHICLE STRUCK PEDALCYCLIST, FRONT END AT ANGLE",Y,0,Raining,Wet,Daylight,Y,8143038.0,,45.0,Vehicle - Pedalcyclist,0,0,N,POINT (1267244.354094461 238957.8695447445),13817.0,1.4373915771824937e-06,Raining,2008-05-22,08:30:00,8.0,3,1,1.0,Raining
66382,81172,81172,C711074,Matched,Block,,FREMONT AVE N BETWEEN N 36TH ST AND N 38TH ST,,,2,Injury Collision,Cycles,2,0,1,1,1,0,0,2008-09-10T00:00:00.000Z,9/10/2008 5:00:00 PM,Mid-Block (not related to intersection),56,PEDALCYCLIST STRUCK MOTOR VEHICLE LEFT SIDE SIDESWIPE,,0,Clear or Partly Cloudy,Dry,Daylight,,8254038.0,,45.0,Vehicle - Pedalcyclist,8358,0,N,POINT (1266647.413421839 241526.9393073767),15191.0,7.447914690328972e-09,Clear or Partly Cloudy,2008-09-10,17:00:00,17.0,2,1,1.0,Clear or Partly Cloudy
66384,81031,81031,2804011,Matched,Intersection,30732.0,22ND AVE AND E YESLER WAY,,,2,Injury Collision,Cycles,2,0,1,1,1,0,0,2008-10-22T00:00:00.000Z,10/22/2008 5:56:00 AM,At Intersection (intersection related),18,"MOTOR VEHICLE STRUCK PEDALCYCLIST, FRONT END AT ANGLE",,0,Overcast,Dry,Dark - Street Lights On,Y,8296002.0,,45.0,Vehicle - Pedalcyclist,10048,0,N,POINT (1277678.22623314 222936.1837043464),10456.0,0.0,Overcast,2008-10-22,05:56:00,5.0,2,1,0.0,Clear or Partly Cloudy
66394,81027,81027,2905226,Matched,Intersection,24426.0,15TH AVE NE AND NE 75TH ST,,,1,Property Damage Only Collision,Cycles,2,0,1,1,0,0,0,2008-05-05T00:00:00.000Z,5/5/2008,At Intersection (intersection related),18,"MOTOR VEHICLE STRUCK PEDALCYCLIST, FRONT END AT ANGLE",,0,Clear or Partly Cloudy,Dry,Dusk,Y,8126002.0,,45.0,Vehicle - Pedalcyclist,27762,0,N,POINT (1276191.318327621 252653.5057187676),1475.0,0.0,Clear or Partly Cloudy,2008-05-05,00:00:00,,0,1,,Clear or Partly Cloudy
66475,80774,80774,2896804,Matched,Block,,BEACH DR SW BETWEEN 64TH AVE SW AND 63RD AVE SW,,,2,Injury Collision,Cycles,2,0,1,1,1,0,0,2008-06-30T00:00:00.000Z,6/30/2008 7:30:00 AM,Driveway Junction,18,"MOTOR VEHICLE STRUCK PEDALCYCLIST, FRONT END AT ANGLE",,0,Clear or Partly Cloudy,Dry,Daylight,Y,8182005.0,,45.0,Vehicle - Pedalcyclist,3987,0,N,POINT (1250247.332957044 212948.6681741178),11898.0,9.573286683253247e-06,Clear or Partly Cloudy,2008-06-30,07:30:00,7.0,0,1,1.0,Clear or Partly Cloudy
66517,81184,81184,2616168,Matched,Intersection,28993.0,BROADWAY E AND E ROY E ST,,,2,Injury Collision,Cycles,2,0,1,1,1,0,0,2008-02-28T00:00:00.000Z,2/28/2008 7:09:00 AM,At Intersection (intersection related),18,"MOTOR VEHICLE STRUCK PEDALCYCLIST, FRONT END AT ANGLE",,0,Clear or Partly Cloudy,Dry,Daylight,Y,8059011.0,,45.0,Vehicle - Pedalcyclist,0,522274,N,POINT (1273611.807540983 231544.1028171629),6211.0,0.0,Clear or Partly Cloudy,2008-02-28,07:09:00,7.0,3,1,1.0,Clear or Partly Cloudy
66568,81584,81584,2899214,Matched,Intersection,30444.0,DEARBORN OFF RP AND S DEARBORN ST,,,1,Property Damage Only Collision,Cycles,2,0,1,1,0,0,0,2008-10-22T00:00:00.000Z,10/22/2008 1:54:00 PM,At Intersection (intersection related),18,"MOTOR VEHICLE STRUCK PEDALCYCLIST, FRONT END AT ANGLE",,0,Clear or Partly Cloudy,Dry,Daylight,Y,8296004.0,,45.0,Vehicle - Pedalcyclist,0,525652,N,POINT (1273287.891764641 220890.7895262539),7667.0,0.0,Clear or Partly Cloudy,2008-10-22,13:54:00,13.0,2,1,0.0,Clear or Partly Cloudy
66657,81189,81189,3284051,Matched,Intersection,24297.0,AURORA AVE N AND N 77TH ST,,,2,Injury Collision,Cycles,2,0,1,1,1,0,0,2008-09-03T00:00:00.000Z,9/3/2008,At Intersection (intersection related),18,"MOTOR VEHICLE STRUCK PEDALCYCLIST, FRONT END AT ANGLE",Y,0,Clear or Partly Cloudy,Dry,Daylight,,8247014.0,,45.0,Vehicle - Pedalcyclist,0,0,N,POINT (1268221.185583457 253436.5359915793),3342.0,0.0,Clear or Partly Cloudy,2008-09-03,00:00:00,,2,1,,Clear or Partly Cloudy
66664,81453,81453,2906552,Matched,Intersection,29750.0,14TH AVE AND E PIKE ST,,,2,Injury Collision,Cycles,3,0,1,1,1,0,0,2008-01-02T00:00:00.000Z,1/2/2008,At Intersection (intersection related),18,"MOTOR VEHICLE STRUCK PEDALCYCLIST, FRONT END AT ANGLE",,0,Clear or Partly Cloudy,Dry,Dark - Street Lights On,Y,8002003.0,,45.0,Vehicle - Pedalcyclist,11896,0,N,POINT (1275179.35186258 227527.3153570443),64.0,0.0,Clear or Partly Cloudy,2008-01-02,00:00:00,,2,1,,Clear or Partly Cloudy
66702,82380,82380,2798647,Matched,Intersection,31949.0,49TH AVE SW AND SW SPOKANE ST,,,2,Injury Collision,Cycles,3,0,1,1,1,0,0,2008-11-27T00:00:00.000Z,11/27/2008 12:40:00 PM,At Intersection (intersection related),51,PEDALCYCLIST STRUCK MOTOR VEHICLE FRONT END AT ANGLE,Y,0,Clear or Partly Cloudy,Dry,Daylight,,8332016.0,,45.0,Vehicle - Pedalcyclist,0,0,N,POINT (1255011.333921924 212592.8270217478),4740.0,0.0,Clear or Partly Cloudy,2008-11-27,12:40:00,12.0,3,1,0.0,Clear or Partly Cloudy
66771,81330,81330,2897844,Matched,Intersection,29739.0,11TH AVE AND E PINE ST,,,2,Injury Collision,Cycles,3,0,1,1,1,0,0,2008-03-21T00:00:00.000Z,3/21/2008 10:06:00 AM,At Intersection (intersection related),18,"MOTOR VEHICLE STRUCK PEDALCYCLIST, FRONT END AT ANGLE",,0,Clear or Partly Cloudy,Dry,Daylight,Y,8081002.0,,45.0,Vehicle - Pedalcyclist,10420,0,N,POINT (1274216.837429598 227958.9433894902),28.0,0.0,Clear or Partly Cloudy,2008-03-21,10:06:00,10.0,4,1,0.0,Clear or Partly Cloudy
66833,81462,81462,2881008,Matched,Block,,EAST GREEN LAKE WAY N BETWEEN GREEN LAKE WAY N AND WEST GREEN LAKE WAY N,,,2,Injury Collision,Cycles,2,0,1,1,1,0,0,2008-08-16T00:00:00.000Z,8/16/2008 5:00:00 PM,Mid-Block (but intersection related),18,"MOTOR VEHICLE STRUCK PEDALCYCLIST, FRONT END AT ANGLE",,0,Clear or Partly Cloudy,Dry,Daylight,Y,8229049.0,,45.0,Vehicle - Pedalcyclist,8784,0,N,POINT (1269215.550704479 247688.0406256914),21990.0,2.2393194371558488e-05,Clear or Partly Cloudy,2008-08-16,17:00:00,17.0,5,0,1.0,Clear or Partly Cloudy
66873,80935,80935,2899085,Matched,Block,,S JACKSON ST BETWEEN 14TH AVE S AND 16TH AVE S,,,2,Injury Collision,Cycles,3,0,1,1,1,0,0,2008-08-25T00:00:00.000Z,8/25/2008 3:45:00 PM,Driveway Junction,18,"MOTOR VEHICLE STRUCK PEDALCYCLIST, FRONT END AT ANGLE",,0,Raining,Wet,Daylight,Y,8238007.0,,45.0,Vehicle - Pedalcyclist,11014,0,N,POINT (1275411.86482282 222085.1415274739),1804.0,2.9791262764691712e-05,Raining,2008-08-25,15:45:00,15.0,0,1,1.0,Raining
66879,81060,81060,2899567,Matched,Intersection,29862.0,BELLEVUE AVE AND E PINE ST,,,2,Injury Collision,Cycles,3,0,1,1,1,0,0,2008-10-24T00:00:00.000Z,10/24/2008 11:28:00 AM,At Intersection (intersection related),51,PEDALCYCLIST STRUCK MOTOR VEHICLE FRONT END AT ANGLE,,0,Clear or Partly Cloudy,Dry,Daylight,Y,8298005.0,,45.0,Vehicle - Pedalcyclist,10342,0,N,POINT (1272084.808499411 227986.9833255112),633.0,0.0,Clear or Partly Cloudy,2008-10-24,11:28:00,11.0,4,1,0.0,Clear or Partly Cloudy
69115,83331,83331,3277362,Matched,Intersection,25418.0,8TH AVE NW AND NW 56TH ST,,,2,Injury Collision,Cycles,2,0,1,1,1,0,0,2008-06-30T00:00:00.000Z,6/30/2008 8:53:00 AM,At Intersection (intersection related),51,PEDALCYCLIST STRUCK MOTOR VEHICLE FRONT END AT ANGLE,,0,Clear or Partly Cloudy,Dry,Daylight,Y,8182008.0,,45.0,Vehicle - Pedalcyclist,2426,0,N,POINT (1262769.165609866 247948.7807219476),1580.0,0.0,Clear or Partly Cloudy,2008-06-30,08:53:00,8.0,0,1,1.0,Clear or Partly Cloudy
69119,83188,83188,2908613,Matched,Block,,E PIKE ST BETWEEN BROADWAY AND 10TH AVE,,,2,Injury Collision,Cycles,2,0,1,1,1,0,0,2008-07-19T00:00:00.000Z,7/19/2008 7:04:00 PM,Mid-Block (but intersection related),21,"MOTOR VEHICLE STRUCK PEDALCYCLIST, REAR END",Y,0,Unknown,Unknown,Daylight,,8201032.0,,45.0,Vehicle - Pedalcyclist,31226,0,N,POINT (1273726.678581089 227540.1029410511),6915.0,7.450292674380054e-09,,2008-07-19,19:04:00,19.0,5,0,1.0,
69126,83329,83329,2624105,Matched,Intersection,27244.0,LATONA AVE NE AND NE PACIFIC ST,,,1,Property Damage Only Collision,Cycles,3,0,1,1,0,0,0,2008-06-30T00:00:00.000Z,6/30/2008 7:11:00 AM,At Intersection (intersection related),18,"MOTOR VEHICLE STRUCK PEDALCYCLIST, FRONT END AT ANGLE",,0,Clear or Partly Cloudy,Dry,Daylight,,8182019.0,,45.0,Vehicle - Pedalcyclist,0,576113,N,POINT (1272637.023795977 242449.5139003247),7415.0,0.0,Clear or Partly Cloudy,2008-06-30,07:11:00,7.0,0,1,1.0,Clear or Partly Cloudy
69168,83464,83464,2899393,Matched,Block,,E UNION ST BETWEEN 27TH AVE AND M L KING JR WAY,,,2,Injury Collision,Cycles,3,0,1,1,1,0,0,2008-09-19T00:00:00.000Z,9/19/2008 3:59:00 PM,Mid-Block (not related to intersection),56,PEDALCYCLIST STRUCK MOTOR VEHICLE LEFT SIDE SIDESWIPE,,0,Clear or Partly Cloudy,Dry,Daylight,,8263005.0,,45.0,Vehicle - Pedalcyclist,9486,0,N,POINT (1279455.714106962 227013.5168285221),15462.0,7.549854411711671e-09,Clear or Partly Cloudy,2008-09-19,15:59:00,15.0,4,1,1.0,Clear or Partly Cloudy
69237,84784,84784,C704839,Matched,Intersection,28237.0,10TH AVE E AND E LYNN ST,,,2,Injury Collision,Cycles,2,0,1,1,1,0,0,2008-05-29T00:00:00.000Z,5/29/2008 11:45:00 PM,At Intersection (intersection related),51,PEDALCYCLIST STRUCK MOTOR VEHICLE FRONT END AT ANGLE,,0,Clear or Partly Cloudy,Dry,Dark - Street Lights On,,8150027.0,,45.0,Vehicle - Pedalcyclist,6101,0,N,POINT (1273918.633013293 236827.4961025715),22.0,0.0,Clear or Partly Cloudy,2008-05-29,23:45:00,23.0,3,1,0.0,Clear or Partly Cloudy
69274,83467,83467,2614999,Matched,Block,,S JACKSON ST BETWEEN 14TH AVE S AND 16TH AVE S,,,2,Injury Collision,Cycles,3,0,1,1,1,0,0,2008-09-14T00:00:00.000Z,9/14/2008 3:16:00 PM,Driveway Junction,18,"MOTOR VEHICLE STRUCK PEDALCYCLIST, FRONT END AT ANGLE",,0,Clear or Partly Cloudy,Dry,Daylight,Y,8258006.0,,45.0,Vehicle - Pedalcyclist,11014,0,N,POINT (1275411.86482282 222085.1415274739),1804.0,2.9791262764691712e-05,Clear or Partly Cloudy,2008-09-14,15:16:00,15.0,6,0,1.0,Clear or Partly Cloudy
69375,82946,82946,3277984,Matched,Intersection,25949.0,25TH AVE NE AND NE BLAKELEY ST,,,2,Injury Collision,Cycles,2,0,1,1,1,0,0,2008-08-30T00:00:00.000Z,8/30/2008 11:50:00 AM,At Intersection (intersection related),18,"MOTOR VEHICLE STRUCK PEDALCYCLIST, FRONT END AT ANGLE",,0,Clear or Partly Cloudy,Dry,Daylight,,8243028.0,,45.0,Vehicle - Pedalcyclist,0,521604,N,POINT (1278900.484922394 246480.058544457),210.0,0.0,Clear or Partly Cloudy,2008-08-30,11:50:00,11.0,5,0,0.0,Clear or Partly Cloudy
69397,83479,83479,C712479,Matched,Block,,2ND AVE BETWEEN COLUMBIA ST AND MARION ST,,,2,Injury Collision,Cycles,2,0,1,1,1,0,0,2008-11-12T00:00:00.000Z,11/12/2008 5:40:00 PM,Mid-Block (not related to intersection),18,"MOTOR VEHICLE STRUCK PEDALCYCLIST, FRONT END AT ANGLE",,0,Overcast,Wet,Dark - Street Lights On,,8317068.0,,45.0,Vehicle - Pedalcyclist,12047,0,N,POINT (1270194.225905478 223963.2776573896),15133.0,1.1472702889980625e-05,Overcast,2008-11-12,17:40:00,17.0,2,1,1.0,Clear or Partly Cloudy