OBJECTID,INCKEY,COLDETKEY,REPORTNO,STATUS,ADDRTYPE,INTKEY,LOCATION,EXCEPTRSNC,EXCEPTRSND,SEVERITYCO,SEVERITYDE,COLLISIONT,PERSONCOUN,PEDCOUNT,PEDCYLCOUN,VEHCOUNT,INJURIES,SERIOUSINJ,FATALITIES,INCDATE,INCDTTM,JUNCTIONTY,SDOT_COLCO,SDOT_COLDE,INATTENTIO,UNDERINFL,WEATHER,ROADCOND,LIGHTCOND,PEDROWNOTG,SDOTCOLNUM,SPEEDING,ST_COLCODE,ST_COLDESC,SEGLANEKEY,CROSSWALKK,HITPARKEDC,geometry,near_str_index,min_length,weather_group,date,time,hour,dayofweek,weekday,rushhour,weather_group2
73959,87066,87066,2899332,Matched,Block,,E JEFFERSON ST BETWEEN 11TH AVE AND 12TH AVE,,,2,Injury Collision,Cycles,2,0,1,1,1,0,0,2008-08-02T00:00:00.000Z,8/2/2008,Driveway Junction,51,PEDALCYCLIST STRUCK MOTOR VEHICLE FRONT END AT ANGLE,,0,Clear or Partly Cloudy,Dry,Daylight,Y,8215002.0,,45.0,Vehicle - Pedalcyclist,10458,0,N,POINT (1274328.733749703 224655.0855301023),13834.0,2.3858037551314784e-05,Clear or Partly Cloudy,2008-08-02,00:00:00,,5,0,,Clear or Partly Cloudy
73973,87445,87445,2900042,Matched,Intersection,29603.0,2ND AVE AND UNIVERSITY ST,,,2,Injury Collision,Cycles,2,0,1,1,1,0,0,2008-07-01T00:00:00.000Z,7/1/2008,At Intersection (intersection related),18,"MOTOR VEHICLE STRUCK PEDALCYCLIST, FRONT END AT ANGLE",,0,Clear or Partly Cloudy,Dry,Daylight,Y,8183003.0,,45.0,Vehicle - Pedalcyclist,12162,0,N,POINT (1269492.709168762 225148.3088906109),2490.0,0.0,Clear or Partly Cloudy,2008-07-01,00:00:00,,1,1,,Clear or Partly Cloudy
71038,86225,86225,3276817,Matched,Block,,NE 45TH ST BETWEEN 7TH AVE NE AND 8TH W AVE NE,,,2,Injury Collision,Cycles,2,0,1,1,1,0,0,2008-10-22T00:00:00.000Z,10/22/2008 12:15:00 PM,Driveway Junction,18,"MOTOR VEHICLE STRUCK PEDALCYCLIST, FRONT END AT ANGLE",Y,0,Clear or Partly Cloudy,Dry,Daylight,,8296005.0,Y,45.0,Vehicle - Pedalcyclist,0,0,N,POINT (1274025.332853392 244767.4182866961),15853.0,2.272866297706576e-05,Clear or Partly Cloudy,2008-10-22,12:15:00,12.0,2,1,0.0,Clear or Partly Cloudy
71087,86760,86760,3281651,Matched,Block,,S DAWSON ST BETWEEN BEACON WR AVE S AND BEACON ER AVE S,,,2,Injury Collision,Cycles,2,0,1,1,1,0,0,2008-10-03T00:00:00.000Z,10/3/2008,Mid-Block (but intersection related),18,"MOTOR VEHICLE STRUCK PEDALCYCLIST, FRONT END AT ANGLE",,0,Raining,Wet,Dark - Street Lights On,Y,8277060.0,,45.0,Vehicle - Pedalcyclist,0,630863,N,POINT (1277446.748472899 206256.0817992538),15097.0,7.318630394678255e-09,Raining,2008-10-03,00:00:00,,4,1,,Raining
71209,85173,85173,2896383,Matched,Intersection,30911.0,54TH PL SW AND ALKI AVE SW,,,2,Injury Collision,Cycles,2,0,1,1,1,0,0,2008-08-16T00:00:00.000Z,8/16/2008 8:40:00 PM,At Intersection (intersection related),51,PEDALCYCLIST STRUCK MOTOR VEHICLE FRONT END AT ANGLE,Y,0,Clear or Partly Cloudy,Dry,Dark - Street Lights On,,8229041.0,,45.0,Vehicle - Pedalcyclist,0,0,N,POINT (1253282.013984159 216498.6466737539),6118.0,0.0,Clear or Partly Cloudy,2008-08-16,20:40:00,20.0,5,0,0.0,Clear or Partly Cloudy
71230,85038,85038,2897260,Matched,Intersection,27043.0,TROLL AVE N AND N 34TH ST,,,2,Injury Collision,Cycles,2,0,1,1,1,0,0,2008-05-21T00:00:00.000Z,5/21/2008 9:10:00 AM,At Intersection (intersection related),18,"MOTOR VEHICLE STRUCK PEDALCYCLIST, FRONT END AT ANGLE",,0,Overcast,Dry,Daylight,Y,8142006.0,,45.0,Vehicle - Pedalcyclist,8816,0,N,POINT (1267245.477678463 240493.9652263224),1223.0,0.0,Overcast,2008-05-21,09:10:00,9.0,2,1,1.0,Clear or Partly Cloudy
71263,85842,85842,2897602,Matched,Intersection,28258.0,10TH AVE E AND E NEWTON ST,,,2,Injury Collision,Cycles,2,0,1,1,1,0,0,2008-01-16T00:00:00.000Z,1/16/2008 5:21:00 PM,At Intersection (intersection related),18,"MOTOR VEHICLE STRUCK PEDALCYCLIST, FRONT END AT ANGLE",,0,Clear or Partly Cloudy,Wet,Dark - Street Lights On,Y,8016004.0,,45.0,Vehicle - Pedalcyclist,6111,0,N,POINT (1273898.280501276 235990.4813177139),9849.0,0.0,Clear or Partly Cloudy,2008-01-16,17:21:00,17.0,2,1,1.0,Clear or Partly Cloudy
71345,84918,84918,2623543,Matched,Intersection,28300.0,EASTLAKE AVE E AND E ROANOKE ST,,,2,Injury Collision,Cycles,2,0,1,1,1,0,0,2008-03-04T00:00:00.000Z,3/4/2008,At Intersection (intersection related),51,PEDALCYCLIST STRUCK MOTOR VEHICLE FRONT END AT ANGLE,,0,Overcast,Dry,Dusk,Y,8064006.0,,45.0,Vehicle - Pedalcyclist,24724,0,N,POINT (1272508.910643846 238184.0703119487),3943.0,0.0,Overcast,2008-03-04,00:00:00,,1,1,,Clear or Partly Cloudy
71488,85184,85184,2907472,Matched,Block,,RAINIER AVE S BETWEEN S HENDERSON ST AND S DIRECTOR N ST,,,2,Injury Collision,Cycles,2,0,1,1,1,0,0,2008-04-27T00:00:00.000Z,4/27/2008 12:00:00 PM,Driveway Junction,51,PEDALCYCLIST STRUCK MOTOR VEHICLE FRONT END AT ANGLE,,0,Clear or Partly Cloudy,Dry,Daylight,Y,8118001.0,,45.0,Vehicle - Pedalcyclist,24134,0,N,POINT (1285466.46284911 194020.8907467276),16666.0,1.5881773688968475e-05,Clear or Partly Cloudy,2008-04-27,12:00:00,12.0,6,0,0.0,Clear or Partly Cloudy
71502,85859,85859,3286499,Matched,Block,,12TH AVE BETWEEN E YESLER WAY AND E FIR ST,,,2,Injury Collision,Cycles,3,0,1,1,1,0,0,2008-09-16T00:00:00.000Z,9/16/2008 4:35:00 PM,Mid-Block (but intersection related),51,PEDALCYCLIST STRUCK MOTOR VEHICLE FRONT END AT ANGLE,,0,Clear or Partly Cloudy,Dry,Daylight,Y,8260003.0,,45.0,Vehicle - Pedalcyclist,10536,0,N,POINT (1274464.679541856 223187.2106485963),12266.0,2.189364124587166e-05,Clear or Partly Cloudy,2008-09-16,16:35:00,16.0,1,1,1.0,Clear or Partly Cloudy
71529,86131,86131,2828425,Matched,Block,,S ALBRO PL BETWEEN CORGIAT DR S AND SWIFT AVE S,,,2,Injury Collision,Cycles,2,0,1,1,1,0,0,2008-03-16T00:00:00.000Z,3/16/2008 4:18:00 AM,Mid-Block (not related to intersection),51,PEDALCYCLIST STRUCK MOTOR VEHICLE FRONT END AT ANGLE,,1,Raining,Wet,Dark - Street Lights On,,8076008.0,,45.0,Vehicle - Pedalcyclist,38523,0,N,POINT (1275313.183030725 203591.5070765316),7598.0,5.723267697347832e-06,Raining,2008-03-16,04:18:00,4.0,6,0,0.0,Raining
71567,86659,86659,2621798,Matched,Intersection,29469.0,LAKE WASHINGTON BLVD E AND MCGILVRA BLVD E,,,2,Injury Collision,Cycles,2,0,1,1,1,0,0,2008-05-25T00:00:00.000Z,5/25/2008 4:51:00 PM,At Intersection (intersection related),18,"MOTOR VEHICLE STRUCK PEDALCYCLIST, FRONT END AT ANGLE",,0,Clear or Partly Cloudy,Dry,Daylight,Y,8146007.0,,45.0,Vehicle - Pedalcyclist,35989,0,N,POINT (1282910.412350491 229978.4139835536),2930.0,0.0,Clear or Partly Cloudy,2008-05-25,16:51:00,16.0,6,0,1.0,Clear or Partly Cloudy
71574,86657,86657,2894074,Matched,Block,,DAYTON AVE N BETWEEN N 67TH ST AND N 68TH ST,,,2,Injury Collision,Cycles,2,0,1,1,1,0,0,2008-10-29T00:00:00.000Z,10/29/2008 7:10:00 AM,Mid-Block (but intersection related),14,"MOTOR VEHICLE STRUCK MOTOR VEHICLE, REAR END",,0,Clear or Partly Cloudy,Dry,Dawn,,8303005.0,,45.0,Vehicle - Pedalcyclist,0,0,N,POINT (1266175.470765367 251106.3442451805),16243.0,7.603099552403309e-09,Clear or Partly Cloudy,2008-10-29,07:10:00,7.0,2,1,1.0,Clear or Partly Cloudy
71624,85062,85062,2906708,Matched,Block,,2ND AVE BETWEEN UNIVERSITY ST AND UNION ST,,,2,Injury Collision,Cycles,3,0,1,1,1,0,0,2008-03-22T00:00:00.000Z,3/22/2008 6:48:00 PM,Driveway Junction,18,"MOTOR VEHICLE STRUCK PEDALCYCLIST, FRONT END AT ANGLE",Y,0,Clear or Partly Cloudy,Dry,Daylight,Y,8082025.0,,45.0,Vehicle - Pedalcyclist,0,0,N,POINT (1269384.209328651 225331.5899147987),16946.0,0.0,Clear or Partly Cloudy,2008-03-22,18:48:00,18.0,5,0,1.0,Clear or Partly Cloudy
71657,85868,85868,C698602,Matched,Intersection,27149.0,15TH AVE NE AND NE PACIFIC ST,,,2,Injury Collision,Cycles,2,0,1,1,1,0,0,2008-01-04T00:00:00.000Z,1/4/2008,At Intersection (intersection related),18,"MOTOR VEHICLE STRUCK PEDALCYCLIST, FRONT END AT ANGLE",,0,Clear or Partly Cloudy,Unknown,Dark - Street Lights On,,8004034.0,,45.0,Vehicle - Pedalcyclist,0,520838,N,POINT (1275885.728567302 241688.8779955506),1534.0,0.0,Clear or Partly Cloudy,2008-01-04,00:00:00,,4,1,,Clear or Partly Cloudy
71685,86265,86265,2899394,Matched,Block,,E UNION ST BETWEEN 18TH AVE AND 19TH AVE,,,2,Injury Collision,Cycles,2,0,1,1,1,0,0,2008-09-19T00:00:00.000Z,9/19/2008 8:50:00 PM,Mid-Block (but intersection related),18,"MOTOR VEHICLE STRUCK PEDALCYCLIST, FRONT END AT ANGLE",,0,Overcast,Dry,Dark - Street Lights On,,8263004.0,,45.0,Vehicle - Pedalcyclist,9334,0,N,POINT (1276660.086328104 227053.0027165562),16269.0,7.411635155469193e-06,Overcast,2008-09-19,20:50:00,20.0,4,1,0.0,Clear or Partly Cloudy
71695,86665,86665,2616262,Matched,Intersection,30501.0,5TH AVE S AND S MAIN ST,,,2,Injury Collision,Cycles,2,0,1,1,1,0,0,2008-07-15T00:00:00.000Z,7/15/2008 8:30:00 AM,At Intersection (intersection related),51,PEDALCYCLIST STRUCK MOTOR VEHICLE FRONT END AT ANGLE,,0,Clear or Partly Cloudy,Dry,Daylight,,8197002.0,,45.0,Vehicle - Pedalcyclist,35997,0,N,POINT (1271765.404467091 222453.5182318538),5902.0,0.0,Clear or Partly Cloudy,2008-07-15,08:30:00,8.0,1,1,1.0,Clear or Partly Cloudy
71709,85071,85071,2795699,Matched,Intersection,29809.0,12TH AVE AND E JEFFERSON ST,,,2,Injury Collision,Cycles,2,0,1,1,1,0,0,2008-01-26T00:00:00.000Z,1/26/2008 2:06:00 AM,At Intersection (intersection related),18,"MOTOR VEHICLE STRUCK PEDALCYCLIST, FRONT END AT ANGLE",,1,Clear or Partly Cloudy,Dry,Dark - Street Lights On,Y,8026002.0,,45.0,Vehicle - Pedalcyclist,10636,0,N,POINT (1274493.248053879 224651.3819140941),2320.0,0.0,Clear or Partly Cloudy,2008-01-26,02:06:00,2.0,5,0,0.0,Clear or Partly Cloudy
71722,84938,84938,2827550,Matched,Block,,29TH AVE E BETWEEN E REPUBLICAN ST AND E MADISON W ST,,,2,Injury Collision,Cycles,2,0,1,1,1,0,0,2008-07-17T00:00:00.000Z,7/17/2008 8:36:00 AM,Mid-Block (not related to intersection),56,PEDALCYCLIST STRUCK MOTOR VEHICLE LEFT SIDE SIDESWIPE,,0,Overcast,Dry,Daylight,Y,8199003.0,,45.0,Vehicle - Pedalcyclist,0,0,N,POINT (1279941.729915455 230971.7000005692),5436.0,1.5784890282912938e-06,Overcast,2008-07-17,08:36:00,8.0,3,1,1.0,Clear or Partly Cloudy
71758,85201,85201,2827599,Matched,Block,,BROADWAY BETWEEN E PIKE ST AND E PINE ST,,,2,Injury Collision,Cycles,2,0,1,1,1,0,0,2008-01-07T00:00:00.000Z,1/7/2008,Driveway Junction,51,PEDALCYCLIST STRUCK MOTOR VEHICLE FRONT END AT ANGLE,,0,Clear or Partly Cloudy,Dry,Dark - Street Lights On,Y,8007008.0,,45.0,Vehicle - Pedalcyclist,0,0,N,POINT (1273564.040884927 227752.5528612733),15815.0,2.877603720450791e-05,Clear or Partly Cloudy,2008-01-07,00:00:00,,0,1,,Clear or Partly Cloudy
71799,86007,86007,3282893,Matched,Block,,W MCGRAW ST BETWEEN 33RD AVE W AND 34TH AVE W,,,2,Injury Collision,Cycles,2,0,1,1,1,0,0,2008-09-12T00:00:00.000Z,9/12/2008 10:15:00 AM,Mid-Block (not related to intersection),56,PEDALCYCLIST STRUCK MOTOR VEHICLE LEFT SIDE SIDESWIPE,,0,Clear or Partly Cloudy,Dry,Daylight,,8256007.0,,45.0,Vehicle - Pedalcyclist,34144,0,N,POINT (1254138.070817038 237223.3875589669),12978.0,0.0,Clear or Partly Cloudy,2008-09-12,10:15:00,10.0,4,1,0.0,Clear or Partly Cloudy
71804,86538,86538,2882705,Matched,Intersection,29292.0,M L KING JR WAY E AND E MADISON ST,,,2,Injury Collision,Cycles,2,0,1,1,1,0,0,2008-06-13T00:00:00.000Z,6/13/2008 6:54:00 PM,At Intersection (intersection related),18,"MOTOR VEHICLE STRUCK PEDALCYCLIST, FRONT END AT ANGLE",Y,0,Clear or Partly Cloudy,Dry,Dusk,,8165003.0,,45.0,Vehicle - Pedalcyclist,0,524071,N,POINT (1279632.640827134 230796.7868483961),6879.0,0.0,Clear or Partly Cloudy,2008-06-13,18:54:00,18.0,4,1,1.0,Clear or Partly Cloudy
71830,86276,86276,2898286,Matched,Intersection,29508.0,DENNY WAY AND TERRY AVE,,,2,Injury Collision,Cycles,2,0,1,1,1,0,0,2008-03-04T00:00:00.000Z,3/4/2008,At Intersection (intersection related),51,PEDALCYCLIST STRUCK MOTOR VEHICLE FRONT END AT ANGLE,,0,Clear or Partly Cloudy,Dry,Dusk,,8064005.0,,45.0,Vehicle - Pedalcyclist,23507,0,N,POINT (1269556.96734482 229243.3586228043),11074.0,0.0,Clear or Partly Cloudy,2008-03-04,00:00:00,,1,1,,Clear or Partly Cloudy
71843,85214,85214,2613297,Matched,Intersection,31581.0,RAINIER AVE S AND S COLLEGE N ST,,,2,Injury Collision,Cycles,4,0,1,1,3,0,0,2008-09-23T00:00:00.000Z,9/23/2008 7:52:00 PM,At Intersection (intersection related),51,PEDALCYCLIST STRUCK MOTOR VEHICLE FRONT END AT ANGLE,,0,Clear or Partly Cloudy,Dry,Dark - Street Lights On,,8267021.0,,45.0,Vehicle - Pedalcyclist,19994,0,N,POINT (1278025.18226549 216171.4133934081),8892.0,0.0,Clear or Partly Cloudy,2008-09-23,19:52:00,19.0,1,1,1.0,Clear or Partly Cloudy
71865,85080,85080,2906668,Matched,Block,,BELL ST BETWEEN 1ST AVE AND 2ND AVE,,,2,Injury Collision,Cycles,2,0,1,1,1,0,0,2008-05-16T00:00:00.000Z,5/16/2008 7:35:00 PM,Driveway Junction,18,"MOTOR VEHICLE STRUCK PEDALCYCLIST, FRONT END AT ANGLE",,1,Clear or Partly Cloudy,Dry,Daylight,,8137010.0,,45.0,Vehicle - Pedalcyclist,0,0,N,POINT (1267319.502254531 227528.5551650375),6173.0,1.0311578928451351e-05,Clear or Partly Cloudy,2008-05-16,19:35:00,19.0,4,1,1.0,Clear or Partly Cloudy
74001,87971,87971,2906239,Matched,Block,,LAKEVIEW BLVD E BETWEEN E GARFIELD ST AND HARVARD AVE E,,,1,Property Damage Only Collision,Cycles,2,0,1,1,0,0,0,2008-05-05T00:00:00.000Z,5/5/2008,Mid-Block (but intersection related),23,"MOTOR VEHICLE STRUCK PEDALCYCLIST, LEFT SIDE SIDESWIPE",,0,Clear or Partly Cloudy,Dry,Daylight,,8126005.0,,45.0,Vehicle - Pedalcyclist,41909,0,N,POINT (1273313.356532663 235256.0079089552),6462.0,9.056032802750305e-07,Clear or Partly Cloudy,2008-05-05,00:00:00,,0,1,,Clear or Partly Cloudy
74049,88624,88624,2898058,Matched,Intersection,27153.0,EASTLAKE AVE E AND FUHRMAN AVE E,,,2,Injury Collision,Cycles,2,0,1,1,1,0,0,2008-05-09T00:00:00.000Z,5/9/2008,At Intersection (intersection related),18,"MOTOR VEHICLE STRUCK PEDALCYCLIST, FRONT END AT ANGLE",,0,Overcast,Dry,Daylight,Y,8130021.0,,45.0,Vehicle - Pedalcyclist,6078,0,N,POINT (1273704.647989064 241221.0042030662),995.0,0.0,Overcast,2008-05-09,00:00:00,,4,1,,Clear or Partly Cloudy
74103,87451,87451,3283836,Matched,Block,,EAST GREEN LAKE DR N BETWEEN WALLINGFORD AVE N AND GREEN LAKE DR N,,,2,Injury Collision,Cycles,2,0,1,1,1,0,0,2008-09-26T00:00:00.000Z,9/26/2008 4:44:00 PM,Mid-Block (but intersection related),23,"MOTOR VEHICLE STRUCK PEDALCYCLIST, LEFT SIDE SIDESWIPE",,0,Clear or Partly Cloudy,Dry,Daylight,Y,8270021.0,,45.0,Vehicle - Pedalcyclist,9780,0,N,POINT (1270004.423153281 253729.813175872),19978.0,5.571539719707784e-06,Clear or Partly Cloudy,2008-09-26,16:44:00,16.0,4,1,1.0,Clear or Partly Cloudy
74146,88234,88234,2617745,Matched,Block,,35TH AVE NE BETWEEN NE 100TH ST AND NE 103RD ST,,,2b,Serious Injury Collision,Cycles,1,0,1,0,1,1,0,2008-10-04T00:00:00.000Z,10/4/2008,Mid-Block (not related to intersection),69,PEDALCYCLIST OVERTURNED IN ROAD,,0,Clear or Partly Cloudy,Dry,Dark - Street Lights On,,8278008.0,Y,45.0,Vehicle - Pedalcyclist,4124,0,N,POINT (1281576.232573137 259496.6206057817),340.0,1.6246700707833485e-05,Clear or Partly Cloudy,2008-10-04,00:00:00,,5,0,,Clear or Partly Cloudy
74152,88109,88109,2792421,Matched,Block,,BROADWAY E BETWEEN E THOMAS ST AND E HARRISON ST,,,2,Injury Collision,Cycles,1,0,1,0,1,0,0,2008-03-24T00:00:00.000Z,3/24/2008 12:07:00 PM,Mid-Block (but intersection related),69,PEDALCYCLIST OVERTURNED IN ROAD,,0,Clear or Partly Cloudy,Dry,Daylight,,8084008.0,,45.0,Vehicle - Pedalcyclist,6791,0,N,POINT (1273585.545588955 230261.4066238403),19760.0,6.052494278416865e-06,Clear or Partly Cloudy,2008-03-24,12:07:00,12.0,0,1,0.0,Clear or Partly Cloudy
74208,87215,87215,2806190,Matched,Intersection,27153.0,EASTLAKE AVE E AND FUHRMAN AVE E,,,2,Injury Collision,Cycles,2,0,1,1,1,0,0,2008-06-27T00:00:00.000Z,6/27/2008 12:47:00 PM,At Intersection (intersection related),51,PEDALCYCLIST STRUCK MOTOR VEHICLE FRONT END AT ANGLE,,0,Clear or Partly Cloudy,Dry,Daylight,Y,8179006.0,,45.0,Vehicle - Pedalcyclist,6078,0,N,POINT (1273704.647989064 241221.0042030662),995.0,0.0,Clear or Partly Cloudy,2008-06-27,12:47:00,12.0,4,1,0.0,Clear or Partly Cloudy
74246,87722,87722,3276936,Matched,Intersection,26215.0,37TH AVE NE AND NE 55TH ST,,,2b,Serious Injury Collision,Cycles,2,0,1,1,1,1,0,2008-11-24T00:00:00.000Z,11/24/2008 2:05:00 PM,At Intersection (intersection related),51,PEDALCYCLIST STRUCK MOTOR VEHICLE FRONT END AT ANGLE,,0,Clear or Partly Cloudy,Dry,Daylight,,8329005.0,,45.0,Vehicle - Pedalcyclist,0,0,N,POINT (1282029.061693594 247239.3742572218),2898.0,0.0,Clear or Partly Cloudy,2008-11-24,14:05:00,14.0,0,1,0.0,Clear or Partly Cloudy
74275,88243,88243,2882243,Matched,Intersection,29052.0,BROADWAY E AND E OLIVE WAY,,,2,Injury Collision,Cycles,2,0,1,1,1,0,0,2008-09-14T00:00:00.000Z,9/14/2008 3:39:00 PM,At Intersection (intersection related),18,"MOTOR VEHICLE STRUCK PEDALCYCLIST, FRONT END AT ANGLE",,0,Clear or Partly Cloudy,Dry,Daylight,,8258005.0,,45.0,Vehicle - Pedalcyclist,6798,0,N,POINT (1273580.513332948 229668.9325112402),650.0,0.0,Clear or Partly Cloudy,2008-09-14,15:39:00,15.0,6,0,1.0,Clear or Partly Cloudy
74406,87599,87599,3279680,Matched,Intersection,32498.0,S ALASKA ST AND S COLUMBIAN WAY,,,2,Injury Collision,Cycles,1,0,1,0,1,0,0,2008-09-17T00:00:00.000Z,9/17/2008 4:46:00 PM,At Intersection (intersection related),69,PEDALCYCLIST OVERTURNED IN ROAD,,0,Clear or Partly Cloudy,Dry,Daylight,,8261007.0,Y,45.0,Vehicle - Pedalcyclist,0,0,N,POINT (1278992.878138483 208306.1922653615),1718.0,0.0,Clear or Partly Cloudy,2008-09-17,16:46:00,16.0,2,1,1.0,Clear or Partly Cloudy
74489,87604,87604,2793570,Matched,Intersection,29366.0,19TH AVE E AND E THOMAS ST,,,2,Injury Collision,Cycles,2,0,1,1,1,0,0,2008-01-11T00:00:00.000Z,1/11/2008 10:02:00 AM,At Intersection (intersection related),51,PEDALCYCLIST STRUCK MOTOR VEHICLE FRONT END AT ANGLE,,0,Clear or Partly Cloudy,Wet,Daylight,,8011004.0,,45.0,Vehicle - Pedalcyclist,35317,0,N,POINT (1276918.858552366 229816.1215033829),1173.0,0.0,Clear or Partly Cloudy,2008-01-11,10:02:00,10.0,4,1,0.0,Clear or Partly Cloudy
74538,88263,88263,C705012,Matched,Intersection,29053.0,10TH AVE E AND E JOHN ST,,,2,Injury Collision,Cycles,2,0,1,1,1,0,0,2008-05-31T00:00:00.000Z,5/31/2008 1:00:00 PM,At Intersection (intersection related),18,"MOTOR VEHICLE STRUCK PEDALCYCLIST, FRONT END AT ANGLE",,0,Unknown,Dry,Daylight,,8152038.0,,45.0,Vehicle - Pedalcyclist,35215,0,N,POINT (1273909.412661284 229666.025887236),2286.0,0.0,,2008-05-31,13:00:00,13.0,5,0,0.0,
74557,88523,88523,C703284,Matched,Block,,NW 65TH ST BETWEEN 9TH AVE NW AND 10TH AVE NW,,,2,Injury Collision,Cycles,2,0,1,1,1,0,0,2008-04-23T00:00:00.000Z,4/23/2008 8:40:00 AM,Driveway Junction,18,"MOTOR VEHICLE STRUCK PEDALCYCLIST, FRONT END AT ANGLE",,0,Clear or Partly Cloudy,Dry,Daylight,,8114029.0,,45.0,Vehicle - Pedalcyclist,0,0,N,POINT (1262058.589481145 250350.3121804148),7494.0,3.019918453772681e-05,Clear or Partly Cloudy,2008-04-23,08:40:00,8.0,2,1,1.0,Clear or Partly Cloudy
74576,88652,88652,2882786,Matched,Intersection,29054.0,11TH AVE E AND E JOHN ST,,,2,Injury Collision,Cycles,3,0,1,1,1,0,0,2008-06-30T00:00:00.000Z,6/30/2008 1:09:00 AM,At Intersection (intersection related),18,"MOTOR VEHICLE STRUCK PEDALCYCLIST, FRONT END AT ANGLE",,1,Clear or Partly Cloudy,Dry,Dark - Street Lights On,Y,8182001.0,,45.0,Vehicle - Pedalcyclist,35222,0,N,POINT (1274231.354165614 229663.4530872256),10807.0,0.0,Clear or Partly Cloudy,2008-06-30,01:09:00,1.0,0,1,0.0,Clear or Partly Cloudy
74584,89857,89857,C710136,Matched,Block,,BEACON AVE S BETWEEN S STEVENS ST AND S HANFORD ST,,,2,Injury Collision,Cycles,2,0,1,1,1,0,0,2008-09-23T00:00:00.000Z,9/23/2008 11:18:00 AM,Mid-Block (not related to intersection),56,PEDALCYCLIST STRUCK MOTOR VEHICLE LEFT SIDE SIDESWIPE,,0,Clear or Partly Cloudy,Dry,Daylight,,8267043.0,,45.0,Vehicle - Pedalcyclist,13384,0,N,POINT (1276073.880119503 213628.7618708163),6164.0,3.0301576491192494e-05,Clear or Partly Cloudy,2008-09-23,11:18:00,11.0,1,1,0.0,Clear or Partly Cloudy
74631,90391,90391,2898109,Matched,Block,,EASTLAKE AVE E BETWEEN E SHELBY ST AND E ALLISON ST,,,2,Injury Collision,Cycles,2,0,1,1,1,0,0,2008-06-10T00:00:00.000Z,6/10/2008 3:20:00 PM,Mid-Block (not related to intersection),51,PEDALCYCLIST STRUCK MOTOR VEHICLE FRONT END AT ANGLE,,0,Overcast,Dry,Daylight,,8162004.0,,45.0,Vehicle - Pedalcyclist,24676,0,N,POINT (1273014.144436359 239959.6311457753),14311.0,6.534807990617901e-09,Overcast,2008-06-10,15:20:00,15.0,1,1,1.0,Clear or Partly Cloudy
74642,90123,90123,2799513,Matched,Intersection,27091.0,15TH AVE NE AND NE 42ND ST,,,2,Injury Collision,Cycles,2,0,1,1,1,0,0,2008-02-12T00:00:00.000Z,2/12/2008 8:31:00 PM,At Intersection (intersection related),18,"MOTOR VEHICLE STRUCK PEDALCYCLIST, FRONT END AT ANGLE",,0,Overcast,Dry,Dark - Street Lights On,,8043004.0,,45.0,Vehicle - Pedalcyclist,0,520845,N,POINT (1276019.869751438 243629.2156615257),9126.0,0.0,Overcast,2008-02-12,20:31:00,20.0,1,1,0.0,Clear or Partly Cloudy
74677,90923,90923,2906715,Matched,Block,,2ND AVE BETWEEN UNIVERSITY ST AND UNION ST,,,2,Injury Collision,Cycles,2,0,1,1,1,0,0,2008-05-27T00:00:00.000Z,5/27/2008 4:18:00 PM,Mid-Block (not related to intersection),18,"MOTOR VEHICLE STRUCK PEDALCYCLIST, FRONT END AT ANGLE",,0,Clear or Partly Cloudy,Dry,Daylight,,8148004.0,,45.0,Vehicle - Pedalcyclist,12163,0,N,POINT (1269384.209328651 225331.5899147987),16946.0,0.0,Clear or Partly Cloudy,2008-05-27,16:18:00,16.0,1,1,1.0,Clear or Partly Cloudy
74702,89195,89195,3277458,Matched,Intersection,25124.0,24TH AVE NW AND NW 60TH ST,,,1,Property Damage Only Collision,Cycles,2,0,1,1,0,0,0,2008-06-19T00:00:00.000Z,6/19/2008 7:47:00 PM,At Intersection (intersection related),51,PEDALCYCLIST STRUCK MOTOR VEHICLE FRONT END AT ANGLE,,0,Clear or Partly Cloudy,Dry,Dusk,Y,8171002.0,,45.0,Vehicle - Pedalcyclist,2115,0,N,POINT (1257517.066020489 249128.0490751565),1587.0,0.0,Clear or Partly Cloudy,2008-06-19,19:47:00,19.0,3,1,1.0,Clear or Partly Cloudy
74714,89601,89601,2803879,Matched,Block,,SW BARTON ST BETWEEN 16TH AVE SW AND 17TH AVE SW,,,2,Injury Collision,Cycles,2,0,1,1,1,0,0,2008-11-21T00:00:00.000Z,11/21/2008 4:38:00 PM,Driveway Junction,51,PEDALCYCLIST STRUCK MOTOR VEHICLE FRONT END AT ANGLE,,0,Overcast,Dry,Dark - Street Lights On,,8326033.0,,45.0,Vehicle - Pedalcyclist,0,0,N,POINT (1264256.121003389 193778.1459144801),7945.0,1.672205431987867e-05,Overcast,2008-11-21,16:38:00,16.0,4,1,1.0,Clear or Partly Cloudy
74722,91186,91186,2908524,Matched,Intersection,28744.0,WESTLAKE AVE N AND VALLEY ST,,,2,Injury Collision,Cycles,2,0,1,1,1,0,0,2008-08-28T00:00:00.000Z,8/28/2008 4:20:00 PM,At Intersection (intersection related),18,"MOTOR VEHICLE STRUCK PEDALCYCLIST, FRONT END AT ANGLE",,0,Clear or Partly Cloudy,Dry,Daylight,,8241002.0,,45.0,Vehicle - Pedalcyclist,0,523374,N,POINT (1269242.945584506 231901.4393935204),3828.0,0.0,Clear or Partly Cloudy,2008-08-28,16:20:00,16.0,3,1,1.0,Clear or Partly Cloudy