OBJECTID,INCKEY,COLDETKEY,REPORTNO,STATUS,ADDRTYPE,INTKEY,LOCATION,EXCEPTRSNC,EXCEPTRSND,SEVERITYCO,SEVERITYDE,COLLISIONT,PERSONCOUN,PEDCOUNT,PEDCYLCOUN,VEHCOUNT,INJURIES,SERIOUSINJ,FATALITIES,INCDATE,INCDTTM,JUNCTIONTY,SDOT_COLCO,SDOT_COLDE,INATTENTIO,UNDERINFL,WEATHER,ROADCOND,LIGHTCOND,PEDROWNOTG,SDOTCOLNUM,SPEEDING,ST_COLCODE,ST_COLDESC,SEGLANEKEY,CROSSWALKK,HITPARKEDC,geometry,near_str_index,min_length,weather_group,date,time,hour,dayofweek,weekday,rushhour,weather_group2
76506,90371,90371,3277879,Matched,Intersection,24244.0,WALLINGFORD AVE N AND EAST GREEN LAKE DR N,,,2,Injury Collision,Cycles,2,0,1,1,1,0,0,2008-08-15T00:00:00.000Z,8/15/2008 4:58:00 PM,At Intersection (intersection related),18,"MOTOR VEHICLE STRUCK PEDALCYCLIST, FRONT END AT ANGLE",Y,0,Clear or Partly Cloudy,Dry,Daylight,Y,8228027.0,,45.0,Vehicle - Pedalcyclist,7370,0,N,POINT (1270130.000177413 253707.3386798501),9824.0,0.0,Clear or Partly Cloudy,2008-08-15,16:58:00,16.0,4,1,1.0,Clear or Partly Cloudy
76513,91167,91167,3288822,Matched,Block,,WESTLAKE AVE BETWEEN LENORA ST AND BLANCHARD ST,,,2,Injury Collision,Cycles,2,0,1,1,1,0,0,2008-11-24T00:00:00.000Z,11/24/2008 5:23:00 PM,Driveway Junction,51,PEDALCYCLIST STRUCK MOTOR VEHICLE FRONT END AT ANGLE,,0,Clear or Partly Cloudy,Dry,Dark - Street Lights On,Y,8329004.0,,45.0,Vehicle - Pedalcyclist,37218,0,N,POINT (1269303.789040565 228734.0190382749),1029.0,8.056711351935307e-06,Clear or Partly Cloudy,2008-11-24,17:23:00,17.0,0,1,1.0,Clear or Partly Cloudy
76559,89576,89576,2795124,Matched,Block,,24TH AVE NW BETWEEN NW 56TH ST AND NW 57TH ST,,,2,Injury Collision,Cycles,3,0,1,1,1,0,0,2008-02-26T00:00:00.000Z,2/26/2008 4:51:00 PM,Mid-Block (not related to intersection),51,PEDALCYCLIST STRUCK MOTOR VEHICLE FRONT END AT ANGLE,,0,Clear or Partly Cloudy,Dry,Dusk,Y,8057002.0,,45.0,Vehicle - Pedalcyclist,1876,0,N,POINT (1257498.216548473 248197.0392822027),19507.0,4.705980645790648e-06,Clear or Partly Cloudy,2008-02-26,16:51:00,16.0,1,1,1.0,Clear or Partly Cloudy
76717,91708,91708,2881011,Matched,Intersection,24388.0,ROOSEVELT WAY NE AND NE 82ND S ST,,,2b,Serious Injury Collision,Cycles,5,0,1,1,2,1,0,2008-12-10T00:00:00.000Z,12/10/2008 7:08:00 PM,At Intersection (intersection related),18,"MOTOR VEHICLE STRUCK PEDALCYCLIST, FRONT END AT ANGLE",,0,Clear or Partly Cloudy,Dry,Dark - Street Lights On,Y,8345023.0,,45.0,Vehicle - Pedalcyclist,16603,0,N,POINT (1274873.225014269 254558.6208567172),938.0,0.0,Clear or Partly Cloudy,2008-12-10,19:08:00,19.0,2,1,1.0,Clear or Partly Cloudy
76737,92371,92371,2907157,Matched,Block,,WESTLAKE AVE BETWEEN LENORA ST AND BLANCHARD ST,,,2,Injury Collision,Cycles,2,0,1,1,1,0,0,2008-08-02T00:00:00.000Z,8/2/2008,Mid-Block (not related to intersection),21,"MOTOR VEHICLE STRUCK PEDALCYCLIST, REAR END",,0,Clear or Partly Cloudy,Dry,Daylight,Y,8215003.0,,45.0,Vehicle - Pedalcyclist,37217,0,N,POINT (1269303.789040565 228734.0190382749),1029.0,8.056711351935307e-06,Clear or Partly Cloudy,2008-08-02,00:00:00,,5,0,,Clear or Partly Cloudy
76783,92776,92776,2895603,Matched,Intersection,30968.0,61ST AVE SW AND ALKI AVE SW,,,2,Injury Collision,Cycles,2,0,1,1,1,0,0,2008-07-15T00:00:00.000Z,7/15/2008 6:01:00 PM,At Intersection (intersection related),18,"MOTOR VEHICLE STRUCK PEDALCYCLIST, FRONT END AT ANGLE",,0,Clear or Partly Cloudy,Dry,Daylight,,8197003.0,,45.0,Vehicle - Pedalcyclist,3646,0,N,POINT (1251139.562525958 215236.7663524598),548.0,0.0,Clear or Partly Cloudy,2008-07-15,18:01:00,18.0,1,1,1.0,Clear or Partly Cloudy
76789,92774,92774,2894367,Matched,Block,,LAKE WASHINGTON BLVD S BETWEEN 46TH AVE S AND 48TH AVE S,,,2b,Serious Injury Collision,Cycles,2,0,1,1,1,1,0,2008-07-16T00:00:00.000Z,7/16/2008 6:30:00 PM,Mid-Block (not related to intersection),21,"MOTOR VEHICLE STRUCK PEDALCYCLIST, REAR END",,0,Clear or Partly Cloudy,Dry,Daylight,,8198004.0,,45.0,Vehicle - Pedalcyclist,38094,0,N,POINT (1284587.908352211 211183.4512123019),6456.0,2.15904295872232e-05,Clear or Partly Cloudy,2008-07-16,18:30:00,18.0,2,1,1.0,Clear or Partly Cloudy
76828,93305,93305,C699408,Matched,Intersection,29188.0,E JOHN ST AND E OLIVE WAY,,,2,Injury Collision,Cycles,2,0,1,1,1,0,0,2008-01-17T00:00:00.000Z,1/17/2008 7:30:00 PM,At Intersection (intersection related),18,"MOTOR VEHICLE STRUCK PEDALCYCLIST, FRONT END AT ANGLE",,0,Clear or Partly Cloudy,Dry,Dark - Street Lights On,,8017035.0,,45.0,Vehicle - Pedalcyclist,23258,0,N,POINT (1272743.709492087 229563.6079671234),6913.0,0.0,Clear or Partly Cloudy,2008-01-17,19:30:00,19.0,3,1,1.0,Clear or Partly Cloudy
76872,92520,92520,2807597,Matched,Intersection,29589.0,4TH AVE AND PIKE ST,,,1,Property Damage Only Collision,Cycles,2,0,1,1,0,0,0,2008-10-08T00:00:00.000Z,10/8/2008,At Intersection (intersection related),18,"MOTOR VEHICLE STRUCK PEDALCYCLIST, FRONT END AT ANGLE",,0,Overcast,Dry,Daylight,,8282031.0,,45.0,Vehicle - Pedalcyclist,12755,0,N,POINT (1269612.963888884 226209.446555689),6586.0,0.0,Overcast,2008-10-08,00:00:00,,2,1,,Clear or Partly Cloudy
76935,93312,93312,2899312,Matched,Intersection,29446.0,32ND AVE E AND LAKE WASHINGTON BLVD E,,,2,Injury Collision,Cycles,2,0,1,1,1,0,0,2008-08-15T00:00:00.000Z,8/15/2008 6:04:00 PM,At Intersection (intersection related),51,PEDALCYCLIST STRUCK MOTOR VEHICLE FRONT END AT ANGLE,,0,Clear or Partly Cloudy,Dry,Daylight,Y,8228025.0,,45.0,Vehicle - Pedalcyclist,8960,0,N,POINT (1280968.790844515 231367.6325449795),2795.0,0.0,Clear or Partly Cloudy,2008-08-15,18:04:00,18.0,4,1,1.0,Clear or Partly Cloudy
77065,91198,91198,2897506,Matched,Intersection,26787.0,WALLINGFORD AVE N AND N 45TH ST,,,2,Injury Collision,Cycles,3,0,1,1,1,0,0,2008-03-15T00:00:00.000Z,3/15/2008 11:10:00 PM,At Intersection (intersection related),51,PEDALCYCLIST STRUCK MOTOR VEHICLE FRONT END AT ANGLE,,0,Clear or Partly Cloudy,Dry,Dark - Street Lights On,,8075003.0,,45.0,Vehicle - Pedalcyclist,6488,0,N,POINT (1270073.455921352 244869.6531668007),1013.0,0.0,Clear or Partly Cloudy,2008-03-15,23:10:00,23.0,5,0,0.0,Clear or Partly Cloudy
77122,92532,92532,2893744,Matched,Block,,NICKERSON TURN RD BETWEEN W NICKERSON ST AND 15TH AV W ON RP,,,2,Injury Collision,Cycles,3,0,1,1,1,0,0,2008-09-12T00:00:00.000Z,9/12/2008 2:52:00 PM,Mid-Block (but intersection related),51,PEDALCYCLIST STRUCK MOTOR VEHICLE FRONT END AT ANGLE,,0,Clear or Partly Cloudy,Dry,Daylight,,8256005.0,,45.0,Vehicle - Pedalcyclist,0,0,N,POINT (1260292.12995933 242429.8202683032),6555.0,2.5384862688762924e-05,Clear or Partly Cloudy,2008-09-12,14:52:00,14.0,4,1,0.0,Clear or Partly Cloudy
77204,91607,91607,2613996,Matched,Intersection,35011.0,16TH AVE SW AND SW CLOVERDALE ST,,,2,Injury Collision,Cycles,5,0,1,1,1,0,0,2008-08-09T00:00:00.000Z,8/9/2008,At Intersection (intersection related),18,"MOTOR VEHICLE STRUCK PEDALCYCLIST, FRONT END AT ANGLE",,0,Raining,Wet,Daylight,,8222004.0,,45.0,Vehicle - Pedalcyclist,0,0,N,POINT (1264474.086443618 195774.508924529),102.0,0.0,Raining,2008-08-09,00:00:00,,5,0,,Raining
77325,92809,92809,2826703,Matched,Intersection,29621.0,1ST AVE AND MADISON ST,,,2,Injury Collision,Cycles,3,1,1,1,2,0,0,2008-01-14T00:00:00.000Z,1/14/2008 5:09:00 PM,At Intersection (intersection related),51,PEDALCYCLIST STRUCK MOTOR VEHICLE FRONT END AT ANGLE,,0,Raining,Wet,Dark - Street Lights On,,8014009.0,,45.0,Vehicle - Pedalcyclist,25537,0,N,POINT (1269683.396144956 224194.549401626),4939.0,0.0,Raining,2008-01-14,17:09:00,17.0,0,1,1.0,Raining
77326,93071,93071,3281705,Matched,Block,,15TH AVE S BETWEEN S HILL ST AND S WALKER ST,,,2b,Serious Injury Collision,Cycles,2,0,1,1,1,1,0,2008-10-31T00:00:00.000Z,10/31/2008 5:06:00 AM,Mid-Block (but intersection related),51,PEDALCYCLIST STRUCK MOTOR VEHICLE FRONT END AT ANGLE,,0,Raining,Wet,Dark - Street Lights On,Y,8305041.0,,45.0,Vehicle - Pedalcyclist,14065,0,N,POINT (1275176.327094585 216581.4345138371),18622.0,0.0,Raining,2008-10-31,05:06:00,5.0,4,1,0.0,Raining
77374,92283,92283,2895150,Matched,Block,,MELROSE AVE E BETWEEN E DENNY WAY AND E THOMAS ST,,,1,Property Damage Only Collision,Cycles,2,0,1,1,0,0,0,2008-08-11T00:00:00.000Z,8/11/2008 3:36:00 PM,Mid-Block (not related to intersection),51,PEDALCYCLIST STRUCK MOTOR VEHICLE FRONT END AT ANGLE,,0,Clear or Partly Cloudy,Dry,Daylight,,8224001.0,,45.0,Vehicle - Pedalcyclist,11534,0,N,POINT (1271857.189235181 229612.1718071848),8859.0,1.7651655022509205e-05,Clear or Partly Cloudy,2008-08-11,15:36:00,15.0,0,1,1.0,Clear or Partly Cloudy
77428,92420,92420,2897990,Matched,Block,,20TH AVE BETWEEN E FIR ST AND E SPRUCE ST,,,1,Property Damage Only Collision,Cycles,3,0,1,1,0,0,0,2008-04-05T00:00:00.000Z,4/5/2008,Mid-Block (but intersection related),18,"MOTOR VEHICLE STRUCK PEDALCYCLIST, FRONT END AT ANGLE",,0,Clear or Partly Cloudy,Dry,Daylight,,8096042.0,,45.0,Vehicle - Pedalcyclist,0,0,N,POINT (1277044.115768492 223467.2531448901),5230.0,3.13276715568136e-05,Clear or Partly Cloudy,2008-04-05,00:00:00,,5,0,,Clear or Partly Cloudy
77505,92027,92027,3282443,Matched,Intersection,30477.0,6TH AVE AND JEFFERSON ST,,,2,Injury Collision,Cycles,2,0,1,1,1,0,0,2008-12-10T00:00:00.000Z,12/10/2008 3:49:00 PM,At Intersection (intersection related),18,"MOTOR VEHICLE STRUCK PEDALCYCLIST, FRONT END AT ANGLE",,0,Overcast,Dry,Dusk,Y,8345024.0,,45.0,Vehicle - Pedalcyclist,0,0,N,POINT (1271848.696115166 223696.6158331186),3197.0,0.0,Overcast,2008-12-10,15:49:00,15.0,2,1,1.0,Clear or Partly Cloudy
77521,92430,92430,2882556,Matched,Block,,ALDER ST BETWEEN DEAD END AND 9TH AVE,,,1,Property Damage Only Collision,Cycles,2,0,1,1,0,0,0,2008-05-22T00:00:00.000Z,5/22/2008 3:20:00 PM,Mid-Block (not related to intersection),51,PEDALCYCLIST STRUCK MOTOR VEHICLE FRONT END AT ANGLE,,0,Overcast,Dry,Daylight,,8143036.0,,45.0,Vehicle - Pedalcyclist,0,0,N,POINT (1272804.601332143 223552.7854329795),18884.0,4.642872825350288e-06,Overcast,2008-05-22,15:20:00,15.0,3,1,1.0,Clear or Partly Cloudy
77528,92160,92160,3287235,Matched,Intersection,29859.0,BELMONT AVE AND E PINE ST,,,1,Property Damage Only Collision,Cycles,2,0,1,1,0,0,0,2008-12-09T00:00:00.000Z,12/9/2008,At Intersection (intersection related),18,"MOTOR VEHICLE STRUCK PEDALCYCLIST, FRONT END AT ANGLE",,0,Clear or Partly Cloudy,Dry,Dark - Street Lights Off,Y,8344023.0,,45.0,Vehicle - Pedalcyclist,10368,0,N,POINT (1272659.811123997 227978.3315495104),6178.0,0.0,Clear or Partly Cloudy,2008-12-09,00:00:00,,1,1,,Clear or Partly Cloudy
77538,92689,92689,2625825,Matched,Block,,SW SPOKANE ST BETWEEN SW KLICKITAT SR WAY AND 11TH CR AVE SW,,,2b,Serious Injury Collision,Cycles,3,0,1,1,3,1,0,2008-05-12T00:00:00.000Z,5/12/2008 6:19:00 PM,Mid-Block (but intersection related),51,PEDALCYCLIST STRUCK MOTOR VEHICLE FRONT END AT ANGLE,,0,Clear or Partly Cloudy,Dry,Daylight,,8133003.0,,45.0,Vehicle - Pedalcyclist,39193,0,N,POINT (1266646.509229839 212124.0900612772),8075.0,2.422839771644671e-05,Clear or Partly Cloudy,2008-05-12,18:19:00,18.0,0,1,1.0,Clear or Partly Cloudy
77618,91496,91496,2899577,Matched,Intersection,28368.0,25TH AVE E AND E LYNN W ST,,,2,Injury Collision,Cycles,2,0,1,1,1,0,0,2008-10-09T00:00:00.000Z,10/9/2008,At Intersection (intersection related),51,PEDALCYCLIST STRUCK MOTOR VEHICLE FRONT END AT ANGLE,,0,Clear or Partly Cloudy,Dry,Daylight,Y,8283004.0,,45.0,Vehicle - Pedalcyclist,0,0,N,POINT (1278740.254778221 236726.582182467),1115.0,0.0,Clear or Partly Cloudy,2008-10-09,00:00:00,,3,1,,Clear or Partly Cloudy
77623,91232,91232,2826563,Matched,Block,,NICKERSON ST BETWEEN WARREN AVE N AND ETRURIA ST,,,2b,Serious Injury Collision,Cycles,2,0,1,1,1,1,0,2008-09-11T00:00:00.000Z,9/11/2008 11:25:00 PM,Mid-Block (not related to intersection),54,PEDALCYCLIST STRUCK MOTOR VEHICLE REAR END,Y,1,Clear or Partly Cloudy,Dry,Dark - Street Lights Off,,8255004.0,,45.0,Vehicle - Pedalcyclist,12453,0,N,POINT (1265637.231020808 240088.1165859103),14820.0,2.4737661997471852e-05,Clear or Partly Cloudy,2008-09-11,23:25:00,23.0,3,1,0.0,Clear or Partly Cloudy
77634,92301,92301,2895369,Matched,Intersection,37340.0,AURORA AVE N AND N 90TH ST,,,2,Injury Collision,Cycles,2,0,1,1,1,0,0,2008-09-25T00:00:00.000Z,9/25/2008 5:39:00 PM,At Intersection (intersection related),51,PEDALCYCLIST STRUCK MOTOR VEHICLE FRONT END AT ANGLE,,0,Overcast,Dry,Dusk,Y,8269004.0,,45.0,Vehicle - Pedalcyclist,0,0,N,POINT (1268270.673711509 256871.5821390897),1305.0,0.0,Overcast,2008-09-25,17:39:00,17.0,3,1,1.0,Clear or Partly Cloudy
77753,91637,91637,3286576,Matched,Intersection,29542.0,7TH AVE AND WESTLAKE AVE,,,2,Injury Collision,Cycles,2,1,1,0,1,0,0,2008-11-19T00:00:00.000Z,11/19/2008 4:40:00 PM,At Intersection (intersection related),64,PEDALCYCLIST STRUCK PEDESTRIAN,,0,Clear or Partly Cloudy,Unknown,Daylight,Y,8324021.0,,45.0,Vehicle - Pedalcyclist,25294,622404,N,POINT (1269364.609328628 228063.7656615973),554.0,0.0,Clear or Partly Cloudy,2008-11-19,16:40:00,16.0,2,1,1.0,Clear or Partly Cloudy
77779,92577,92577,2609742,Matched,Intersection,26711.0,11TH AVE NW AND NW 45TH ST,,,2,Injury Collision,Cycles,2,0,1,1,1,0,0,2008-11-24T00:00:00.000Z,11/24/2008 7:00:00 PM,At Intersection (intersection related),18,"MOTOR VEHICLE STRUCK PEDALCYCLIST, FRONT END AT ANGLE",,0,Clear or Partly Cloudy,Dry,Unknown,,8329013.0,,45.0,Vehicle - Pedalcyclist,0,0,N,POINT (1261580.185640648 245068.0060629994),31.0,0.0,Clear or Partly Cloudy,2008-11-24,19:00:00,19.0,0,1,1.0,Clear or Partly Cloudy
77802,92177,92177,3277330,Matched,Intersection,25789.0,ROOSEVELT WAY NE AND NE 50TH ST,,,2,Injury Collision,Cycles,3,0,1,1,1,0,0,2008-07-07T00:00:00.000Z,7/7/2008,At Intersection (intersection related),18,"MOTOR VEHICLE STRUCK PEDALCYCLIST, FRONT END AT ANGLE",,0,Clear or Partly Cloudy,Dry,Daylight,,8189022.0,,45.0,Vehicle - Pedalcyclist,9124,0,N,POINT (1274752.641334146 246074.6052320302),7253.0,0.0,Clear or Partly Cloudy,2008-07-07,00:00:00,,0,1,,Clear or Partly Cloudy
77834,93106,93106,2616457,Matched,Intersection,30355.0,2ND AVE AND CHERRY ST,,,2,Injury Collision,Cycles,2,0,1,1,1,0,0,2008-12-02T00:00:00.000Z,12/2/2008,At Intersection (intersection related),51,PEDALCYCLIST STRUCK MOTOR VEHICLE FRONT END AT ANGLE,,0,Raining,Wet,Dark - Street Lights On,,8337022.0,,45.0,Vehicle - Pedalcyclist,12035,0,N,POINT (1270427.74891372 223568.6895609945),2488.0,0.0,Raining,2008-12-02,00:00:00,,1,1,,Raining
77965,93249,93249,2898139,Matched,Intersection,30403.0,12TH AVE AND E FIR ST,,,2,Injury Collision,Cycles,3,0,1,1,1,0,0,2008-08-14T00:00:00.000Z,8/14/2008 8:49:00 AM,At Intersection (intersection related),51,PEDALCYCLIST STRUCK MOTOR VEHICLE FRONT END AT ANGLE,,0,Clear or Partly Cloudy,Dry,Daylight,Y,8227037.0,,45.0,Vehicle - Pedalcyclist,10566,0,N,POINT (1274468.18949385 223368.6972407848),1080.0,0.0,Clear or Partly Cloudy,2008-08-14,08:49:00,8.0,3,1,1.0,Clear or Partly Cloudy
79030,94802,94802,3198693,Matched,Block,,DAYTON AVE N BETWEEN N 36TH ST AND N 39TH E ST,,,2,Injury Collision,Cycles,2,0,1,1,1,0,0,2009-11-20T00:00:00.000Z,11/20/2009 11:55:00 AM,Driveway Junction,18,"MOTOR VEHICLE STRUCK PEDALCYCLIST, FRONT END AT ANGLE",,0,Overcast,Dry,Daylight,Y,9324030.0,,45.0,Vehicle - Pedalcyclist,0,0,N,POINT (1266056.198509246 241871.7122997344),9749.0,2.1946287607007918e-05,Overcast,2009-11-20,11:55:00,11.0,4,1,0.0,Clear or Partly Cloudy
79043,93713,93713,C721126,Matched,Intersection,29004.0,11TH AVE E AND E MERCER ST,,,2,Injury Collision,Cycles,2,0,1,1,1,0,0,2009-05-21T00:00:00.000Z,5/21/2009 8:45:00 AM,At Intersection (intersection related),11,"MOTOR VEHICLE STRUCK MOTOR VEHICLE, FRONT END AT ANGLE",,0,Clear or Partly Cloudy,Dry,Daylight,,9141038.0,,45.0,Vehicle - Pedalcyclist,0,0,N,POINT (1274372.085557759 231242.9213768542),4997.0,0.0,Clear or Partly Cloudy,2009-05-21,08:45:00,8.0,3,1,1.0,Clear or Partly Cloudy
79085,94129,94129,3207417,Matched,Block,,EASTLAKE AVE E BETWEEN E LYNN ST AND E LOUISA ST,,,2,Injury Collision,Cycles,2,0,1,1,1,0,0,2009-10-07T00:00:00.000Z,10/7/2009,Mid-Block (not related to intersection),18,"MOTOR VEHICLE STRUCK PEDALCYCLIST, FRONT END AT ANGLE",,1,Clear or Partly Cloudy,Dry,Daylight,Y,9280030.0,,45.0,Vehicle - Pedalcyclist,24736,0,N,POINT (1272491.78142783 237340.4494470954),17909.0,2.8952388918938843e-05,Clear or Partly Cloudy,2009-10-07,00:00:00,,2,1,,Clear or Partly Cloudy
79095,93864,93864,3198422,Matched,Intersection,24319.0,GREENWOOD AVE N AND N 74TH ST,,,2,Injury Collision,Cycles,2,0,1,1,1,0,0,2009-11-10T00:00:00.000Z,11/10/2009 6:10:00 PM,At Intersection (intersection related),51,PEDALCYCLIST STRUCK MOTOR VEHICLE FRONT END AT ANGLE,,0,Raining,Wet,Dark - Street Lights On,Y,9314031.0,,45.0,Vehicle - Pedalcyclist,4451,0,N,POINT (1265543.467308715 252681.5878947973),1286.0,0.0,Raining,2009-11-10,18:10:00,18.0,1,1,1.0,Raining
79099,94133,94133,3200779,Matched,Block,,1ST AVE BETWEEN UNION ST AND PIKE ST,,,2,Injury Collision,Cycles,2,0,1,1,1,0,0,2009-05-28T00:00:00.000Z,5/28/2009 6:28:00 PM,Mid-Block (not related to intersection),18,"MOTOR VEHICLE STRUCK PEDALCYCLIST, FRONT END AT ANGLE",,0,Clear or Partly Cloudy,Dry,Daylight,,9148023.0,,45.0,Vehicle - Pedalcyclist,36675,0,N,POINT (1268890.208304137 225534.2326029986),16932.0,0.0,Clear or Partly Cloudy,2009-05-28,18:28:00,18.0,3,1,1.0,Clear or Partly Cloudy
79107,94939,94939,2608024,Matched,Block,,DEXTER AVE N BETWEEN WARD ST AND PROSPECT ST,,,2,Injury Collision,Cycles,2,0,1,1,1,0,0,2009-08-13T00:00:00.000Z,8/13/2009 7:30:00 AM,Mid-Block (but intersection related),23,"MOTOR VEHICLE STRUCK PEDALCYCLIST, LEFT SIDE SIDESWIPE",,0,Overcast,Dry,Daylight,Y,9225012.0,,45.0,Vehicle - Pedalcyclist,12740,0,N,,,,Overcast,2009-08-13,07:30:00,7.0,3,1,1.0,Clear or Partly Cloudy
79129,94405,94405,3285606,Matched,Intersection,34861.0,DELRIDGE WAY SW AND SW TRENTON ST,,,2,Injury Collision,Cycles,2,0,1,1,1,0,0,2009-07-09T00:00:00.000Z,7/9/2009,At Intersection (intersection related),18,"MOTOR VEHICLE STRUCK PEDALCYCLIST, FRONT END AT ANGLE",,0,Clear or Partly Cloudy,Dry,Daylight,,9190005.0,,45.0,Vehicle - Pedalcyclist,0,0,N,POINT (1263125.492266238 195136.1959638745),2061.0,0.0,Clear or Partly Cloudy,2009-07-09,00:00:00,,3,1,,Clear or Partly Cloudy
79190,93591,93591,3333226,Matched,Block,,N 125TH ST BETWEEN NORTH PARK AVE N AND INTERURBAN TRL,,,2,Injury Collision,Cycles,3,0,1,1,1,0,0,2009-12-22T00:00:00.000Z,12/22/2009 5:41:00 PM,Driveway Junction,18,"MOTOR VEHICLE STRUCK PEDALCYCLIST, FRONT END AT ANGLE",,0,Raining,Wet,Unknown,,9356005.0,,45.0,Vehicle - Pedalcyclist,0,0,N,POINT (1267330.173294544 266156.301316604),3986.0,1.9068998889711767e-05,Raining,2009-12-22,17:41:00,17.0,1,1,1.0,Raining
79209,94270,94270,2796230,Matched,Intersection,29054.0,11TH AVE E AND E JOHN ST,,,2,Injury Collision,Cycles,3,0,1,1,1,0,0,2009-09-29T00:00:00.000Z,9/29/2009 9:25:00 AM,At Intersection (intersection related),18,"MOTOR VEHICLE STRUCK PEDALCYCLIST, FRONT END AT ANGLE",,0,Overcast,Dry,Daylight,Y,9272009.0,,45.0,Vehicle - Pedalcyclist,35222,0,N,POINT (1274231.354165614 229663.4530872256),10807.0,0.0,Overcast,2009-09-29,09:25:00,9.0,1,1,1.0,Clear or Partly Cloudy
79219,94138,94138,3205977,Matched,Block,,38TH AVE NE BETWEEN NE 82ND ST AND NE 85TH E ST,,,2,Injury Collision,Cycles,2,0,1,1,1,0,0,2009-05-31T00:00:00.000Z,5/31/2009 11:48:00 AM,Driveway Junction,18,"MOTOR VEHICLE STRUCK PEDALCYCLIST, FRONT END AT ANGLE",,0,Clear or Partly Cloudy,Dry,Daylight,,9151002.0,,45.0,Vehicle - Pedalcyclist,0,0,N,POINT (1282295.268413872 254822.9841209948),5677.0,0.0,Clear or Partly Cloudy,2009-05-31,11:48:00,11.0,6,0,0.0,Clear or Partly Cloudy
79263,94275,94275,3283150,Matched,Intersection,29734.0,BOYLSTON AVE AND E PINE ST,,,2b,Serious Injury Collision,Cycles,2,0,1,1,1,1,0,2009-03-24T00:00:00.000Z,3/24/2009 10:16:00 PM,At Intersection (intersection related),69,PEDALCYCLIST OVERTURNED IN ROAD,,0,Overcast,Dry,Dark - Street Lights On,Y,9083002.0,,45.0,Vehicle - Pedalcyclist,10374,0,N,POINT (1272920.548660263 227975.5196454972),6198.0,0.0,Overcast,2009-03-24,22:16:00,22.0,1,1,0.0,Clear or Partly Cloudy
79278,94950,94950,3286938,Matched,Block,,NE 45TH ST BETWEEN ROOSEVELT WAY NE AND 11TH AVE NE,,,2,Injury Collision,Cycles,1,0,1,0,1,0,0,2009-08-03T00:00:00.000Z,8/3/2009,Driveway Junction,68,PEDALCYCLIST RAN OFF ROAD - HIT FIXED OBJECT,,0,Clear or Partly Cloudy,Dry,Daylight,,9215026.0,,45.0,Vehicle - Pedalcyclist,7005,0,N,POINT (1274799.267510191 244744.9816146791),21388.0,1.5619185560219236e-05,Clear or Partly Cloudy,2009-08-03,00:00:00,,0,1,,Clear or Partly Cloudy
79290,94817,94817,2612770,Matched,Block,,7TH AVE BETWEEN UNION ST AND PIKE ST,,,2,Injury Collision,Cycles,2,0,1,1,1,0,0,2009-06-12T00:00:00.000Z,6/12/2009 3:10:00 PM,Mid-Block (not related to intersection),18,"MOTOR VEHICLE STRUCK PEDALCYCLIST, FRONT END AT ANGLE",,0,Clear or Partly Cloudy,Dry,Daylight,Y,9163006.0,,45.0,Vehicle - Pedalcyclist,37095,0,N,POINT (1270552.595057845 226517.6563480049),16830.0,3.52445909575815e-05,Clear or Partly Cloudy,2009-06-12,15:10:00,15.0,4,1,1.0,Clear or Partly Cloudy
79374,94686,94686,3285993,Matched,Block,,S JACKSON ST BETWEEN 2ND AV ET S AND 4TH AVE S,,,1,Property Damage Only Collision,Cycles,2,0,1,1,0,0,0,2009-09-18T00:00:00.000Z,9/18/2009 2:16:00 AM,Mid-Block (but intersection related),51,PEDALCYCLIST STRUCK MOTOR VEHICLE FRONT END AT ANGLE,,0,Clear or Partly Cloudy,Dry,Dark - Street Lights On,,9261024.0,,45.0,Vehicle - Pedalcyclist,4866,0,N,POINT (1271349.578866661 222156.3556075394),4520.0,1.9060884995019305e-05,Clear or Partly Cloudy,2009-09-18,02:16:00,2.0,4,1,0.0,Clear or Partly Cloudy
79401,94961,94961,3200461,Matched,Block,,9TH AVE BETWEEN LENORA ST AND BLANCHARD ST,,,2,Injury Collision,Cycles,1,0,1,0,1,0,0,2009-12-17T00:00:00.000Z,12/17/2009 8:15:00 PM,Mid-Block (but intersection related),66,PEDALCYCLIST STRUCK OBJECT IN ROAD,Y,0,Clear or Partly Cloudy,Dry,Dark - Street Lights On,,9351019.0,,45.0,Vehicle - Pedalcyclist,36884,0,N,POINT (1269423.327216685 228874.9866544157),3288.0,2.571998290674865e-05,Clear or Partly Cloudy,2009-12-17,20:15:00,20.0,3,1,0.0,Clear or Partly Cloudy
79424,95092,95092,3198351,Matched,Intersection,27021.0,BRIDGE WAY N AND N 38TH ST,,,2,Injury Collision,Cycles,2,0,1,1,1,0,0,2009-06-06T00:00:00.000Z,6/6/2009,At Intersection (intersection related),18,"MOTOR VEHICLE STRUCK PEDALCYCLIST, FRONT END AT ANGLE",Y,0,Overcast,Dry,Dusk,,9157004.0,,45.0,Vehicle - Pedalcyclist,0,0,N,POINT (1267629.176622853 241765.1255476177),1230.0,0.0,Overcast,2009-06-06,00:00:00,,5,0,,Clear or Partly Cloudy
79425,94823,94823,3328430,Matched,Intersection,29656.0,4TH AVE AND DENNY WAY,,,2,Injury Collision,Cycles,2,0,1,1,1,0,0,2009-11-26T00:00:00.000Z,11/26/2009 12:05:00 AM,At Intersection (intersection related),18,"MOTOR VEHICLE STRUCK PEDALCYCLIST, FRONT END AT ANGLE",,1,Raining,Wet,Dark - Street Lights On,,9330006.0,,45.0,Vehicle - Pedalcyclist,23321,0,N,POINT (1266653.967149854 229318.3287348747),399.0,0.0,Raining,2009-11-26,00:05:00,,3,1,,Raining