OBJECTID,INCKEY,COLDETKEY,REPORTNO,STATUS,ADDRTYPE,INTKEY,LOCATION,EXCEPTRSNC,EXCEPTRSND,SEVERITYCO,SEVERITYDE,COLLISIONT,PERSONCOUN,PEDCOUNT,PEDCYLCOUN,VEHCOUNT,INJURIES,SERIOUSINJ,FATALITIES,INCDATE,INCDTTM,JUNCTIONTY,SDOT_COLCO,SDOT_COLDE,INATTENTIO,UNDERINFL,WEATHER,ROADCOND,LIGHTCOND,PEDROWNOTG,SDOTCOLNUM,SPEEDING,ST_COLCODE,ST_COLDESC,SEGLANEKEY,CROSSWALKK,HITPARKEDC,geometry,near_str_index,min_length,weather_group,date,time,hour,dayofweek,weekday,rushhour,weather_group2
79466,94154,94154,3200786,Matched,Intersection,29552.0,7TH AVE AND STEWART ST,,,2,Injury Collision,Cycles,1,0,1,0,1,0,0,2009-06-29T00:00:00.000Z,6/29/2009 4:29:00 PM,At Intersection (intersection related),69,PEDALCYCLIST OVERTURNED IN ROAD,,0,Clear or Partly Cloudy,Dry,Daylight,,9180004.0,,45.0,Vehicle - Pedalcyclist,13649,0,N,POINT (1269772.35947305 227692.6352932155),965.0,0.0,Clear or Partly Cloudy,2009-06-29,16:29:00,16.0,0,1,1.0,Clear or Partly Cloudy
79528,94835,94835,2796581,Matched,Block,,CALIFORNIA AVE SW BETWEEN SW RAYMOND ST AND SW GRAHAM ST,,,2,Injury Collision,Cycles,3,0,1,2,1,0,0,2009-07-15T00:00:00.000Z,7/15/2009 5:20:00 PM,Mid-Block (but intersection related),56,PEDALCYCLIST STRUCK MOTOR VEHICLE LEFT SIDE SIDESWIPE,,0,Clear or Partly Cloudy,Dry,Daylight,Y,9196002.0,,45.0,Vehicle - Pedalcyclist,2736,0,N,POINT (1256700.926435664 203617.3557805568),22373.0,8.465092702429935e-06,Clear or Partly Cloudy,2009-07-15,17:20:00,17.0,2,1,1.0,Clear or Partly Cloudy
79540,95376,95376,2899121,Matched,Intersection,30134.0,16TH AVE AND E PINE ST,,,2,Injury Collision,Cycles,2,0,1,1,1,0,0,2009-05-27T00:00:00.000Z,5/27/2009 7:53:00 AM,At Intersection (intersection related),18,"MOTOR VEHICLE STRUCK PEDALCYCLIST, FRONT END AT ANGLE",,0,Clear or Partly Cloudy,Dry,Daylight,Y,9147002.0,,45.0,Vehicle - Pedalcyclist,23057,0,N,POINT (1275868.608823285 227935.6348454654),3936.0,0.0,Clear or Partly Cloudy,2009-05-27,07:53:00,7.0,2,1,1.0,Clear or Partly Cloudy
79661,94573,94573,2906164,Matched,Intersection,30750.0,17TH AVE S AND S JACKSON ST,,,2,Injury Collision,Cycles,2,0,1,1,1,0,0,2009-01-14T00:00:00.000Z,1/14/2009 8:23:00 AM,At Intersection (intersection related),18,"MOTOR VEHICLE STRUCK PEDALCYCLIST, FRONT END AT ANGLE",,0,Clear or Partly Cloudy,Dry,Daylight,Y,9014012.0,,45.0,Vehicle - Pedalcyclist,11031,0,N,POINT (1276049.648439467 222078.1021674573),9323.0,0.0,Clear or Partly Cloudy,2009-01-14,08:23:00,8.0,2,1,1.0,Clear or Partly Cloudy
79675,94442,94442,3207979,Matched,Intersection,29055.0,12TH AVE E AND E JOHN ST,,,2,Injury Collision,Cycles,2,0,1,1,1,0,0,2009-11-11T00:00:00.000Z,11/11/2009 6:56:00 AM,At Intersection (intersection related),21,"MOTOR VEHICLE STRUCK PEDALCYCLIST, REAR END",,0,Overcast,Wet,Daylight,,9315031.0,,45.0,Vehicle - Pedalcyclist,35229,0,N,POINT (1274553.345845938 229660.7164472342),10813.0,0.0,Overcast,2009-11-11,06:56:00,6.0,2,1,0.0,Clear or Partly Cloudy
79738,93621,93621,3296704,Matched,Intersection,32298.0,15TH AVE S AND S NEVADA ST,,,1,Property Damage Only Collision,Cycles,3,0,1,1,0,0,0,2009-03-08T00:00:00.000Z,3/8/2009,At Intersection (intersection related),11,"MOTOR VEHICLE STRUCK MOTOR VEHICLE, FRONT END AT ANGLE",,0,Clear or Partly Cloudy,Dry,Daylight,,9067003.0,,45.0,Vehicle - Pedalcyclist,11777,0,N,POINT (1275017.876790419 209726.2401388139),2404.0,0.0,Clear or Partly Cloudy,2009-03-08,00:00:00,,6,0,,Clear or Partly Cloudy
79762,94578,94578,2899917,Matched,Block,,ALASKAN E RDWY WAY S BETWEEN S WASHINGTON ST AND S MAIN ST,,,1,Property Damage Only Collision,Cycles,2,0,1,1,0,0,0,2009-08-08T00:00:00.000Z,8/8/2009,Mid-Block (not related to intersection),21,"MOTOR VEHICLE STRUCK PEDALCYCLIST, REAR END",,0,Overcast,Dry,Dark - Street Lights On,,9220002.0,,45.0,Vehicle - Pedalcyclist,0,0,N,POINT (1269846.153521121 222649.5575920492),3319.0,3.0785206384742654e-05,Overcast,2009-08-08,00:00:00,,5,0,,Clear or Partly Cloudy
79770,94449,94449,3206306,Matched,Intersection,27149.0,15TH AVE NE AND NE PACIFIC ST,,,2,Injury Collision,Cycles,5,0,1,1,1,0,0,2009-07-21T00:00:00.000Z,7/21/2009 5:27:00 PM,At Intersection (intersection related),18,"MOTOR VEHICLE STRUCK PEDALCYCLIST, FRONT END AT ANGLE",,0,Clear or Partly Cloudy,Dry,Daylight,Y,9202006.0,,45.0,Vehicle - Pedalcyclist,0,520838,N,POINT (1275885.728567302 241688.8779955506),1534.0,0.0,Clear or Partly Cloudy,2009-07-21,17:27:00,17.0,1,1,1.0,Clear or Partly Cloudy
79872,93768,93768,3295554,Matched,Intersection,32018.0,MARGINAL PL SW AND SW CHARLESTOWN ST,,,2b,Serious Injury Collision,Cycles,2,0,1,1,1,1,0,2009-05-29T00:00:00.000Z,5/29/2009 5:13:00 PM,At Intersection (intersection related),51,PEDALCYCLIST STRUCK MOTOR VEHICLE FRONT END AT ANGLE,,0,Clear or Partly Cloudy,Dry,Daylight,Y,9149004.0,,45.0,Vehicle - Pedalcyclist,38438,0,N,POINT (1264506.776107654 211680.1232768148),9400.0,0.0,Clear or Partly Cloudy,2009-05-29,17:13:00,17.0,4,1,1.0,Clear or Partly Cloudy
79905,94719,94719,2882436,Matched,Block,,12TH AVE BETWEEN E MARION ST AND E SPRING ST,,,2,Injury Collision,Cycles,2,0,1,1,1,0,0,2009-12-19T00:00:00.000Z,12/19/2009 3:18:00 AM,Mid-Block (not related to intersection),18,"MOTOR VEHICLE STRUCK PEDALCYCLIST, FRONT END AT ANGLE",,0,Raining,Wet,Dark - Street Lights On,Y,9353026.0,,45.0,Vehicle - Pedalcyclist,10734,0,N,POINT (1274527.158005908 226393.0969878882),18595.0,1.3906977835739267e-05,Raining,2009-12-19,03:18:00,3.0,5,0,0.0,Raining
79912,94318,94318,2893363,Matched,Block,,WALLINGFORD AVE N BETWEEN N 47TH ST AND N 48TH ST,,,2,Injury Collision,Cycles,2,1,1,0,2,0,0,2009-05-28T00:00:00.000Z,5/28/2009 4:50:00 PM,Mid-Block (not related to intersection),64,PEDALCYCLIST STRUCK PEDESTRIAN,Y,0,Clear or Partly Cloudy,Dry,Daylight,,9148001.0,,45.0,Vehicle - Pedalcyclist,0,0,N,POINT (1270055.558001339 245539.9739994854),6744.0,7.630544751034425e-06,Clear or Partly Cloudy,2009-05-28,16:50:00,16.0,3,1,1.0,Clear or Partly Cloudy
79987,93371,93371,2904932,Matched,Block,,STONE WAY N BETWEEN BRIDGE WAY N AND N 40TH ST,,,2,Injury Collision,Cycles,2,0,1,1,1,0,0,2008-08-22T00:00:00.000Z,8/22/2008 8:37:00 PM,Driveway Junction,18,"MOTOR VEHICLE STRUCK PEDALCYCLIST, FRONT END AT ANGLE",,0,Clear or Partly Cloudy,Dry,Dark - Street Lights On,Y,8235003.0,,45.0,Vehicle - Pedalcyclist,6317,0,N,POINT (1268509.601071745 242578.8151484579),22560.0,1.032106796664041e-06,Clear or Partly Cloudy,2008-08-22,20:37:00,20.0,4,1,0.0,Clear or Partly Cloudy
79992,93638,93638,3200470,Matched,Intersection,28746.0,BOREN AVE N AND VALLEY ST,,,2,Injury Collision,Cycles,5,0,2,1,1,0,0,2009-12-22T00:00:00.000Z,12/22/2009 10:43:00 PM,At Intersection (intersection related),18,"MOTOR VEHICLE STRUCK PEDALCYCLIST, FRONT END AT ANGLE",,0,Clear or Partly Cloudy,Dry,Dark - Street Lights On,,9356001.0,,45.0,Vehicle - Pedalcyclist,0,0,N,POINT (1269937.512753218 231883.842721507),642.0,0.0,Clear or Partly Cloudy,2009-12-22,22:43:00,22.0,1,1,0.0,Clear or Partly Cloudy
80024,93922,93922,2896055,Matched,Block,,FAUNTLEROY WAY SW BETWEEN SW FONTANELLE ST AND 47TH AVE SW,,,2,Injury Collision,Cycles,2,0,1,1,1,0,0,2009-07-22T00:00:00.000Z,7/22/2009 5:16:00 AM,Mid-Block (not related to intersection),21,"MOTOR VEHICLE STRUCK PEDALCYCLIST, REAR END",Y,0,Clear or Partly Cloudy,Dry,Dawn,Y,9203005.0,,45.0,Vehicle - Pedalcyclist,2969,0,N,POINT (1255362.522274286 199564.0875524133),16847.0,2.69334624944516e-09,Clear or Partly Cloudy,2009-07-22,05:16:00,5.0,2,1,0.0,Clear or Partly Cloudy
80062,94997,94997,3274173,Matched,Intersection,29895.0,7TH AVE AND PIKE ST,,,2,Injury Collision,Cycles,2,0,1,1,1,0,0,2009-08-13T00:00:00.000Z,8/13/2009 3:37:00 PM,At Intersection (intersection related),18,"MOTOR VEHICLE STRUCK PEDALCYCLIST, FRONT END AT ANGLE",,0,Clear or Partly Cloudy,Dry,Daylight,Y,9225005.0,,45.0,Vehicle - Pedalcyclist,37108,0,N,POINT (1270444.014641732 226701.1900441945),6587.0,0.0,Clear or Partly Cloudy,2009-08-13,15:37:00,15.0,3,1,1.0,Clear or Partly Cloudy
80142,93786,93786,2882558,Matched,Intersection,29818.0,BROADWAY AND TERRACE ST,,,2,Injury Collision,Cycles,2,0,1,1,1,0,0,2009-09-03T00:00:00.000Z,9/3/2009,At Intersection (intersection related),51,PEDALCYCLIST STRUCK MOTOR VEHICLE FRONT END AT ANGLE,,0,Clear or Partly Cloudy,Dry,Daylight,Y,9246016.0,,45.0,Vehicle - Pedalcyclist,11844,0,N,POINT (1273507.629364863 224314.2486017495),6207.0,0.0,Clear or Partly Cloudy,2009-09-03,00:00:00,,3,1,,Clear or Partly Cloudy
80193,94066,94066,3326841,Matched,Block,,4TH AVE S BETWEEN 2ND AV ET S AND SEATTLE BLVD S,,,2,Injury Collision,Cycles,2,0,1,1,1,0,0,2009-09-29T00:00:00.000Z,9/29/2009 5:30:00 PM,Driveway Junction,18,"MOTOR VEHICLE STRUCK PEDALCYCLIST, FRONT END AT ANGLE",,0,Raining,Wet,Daylight,,9272007.0,,45.0,Vehicle - Pedalcyclist,0,611157,N,POINT (1271424.009074733 221518.5828068852),2972.0,9.5887589402708e-06,Raining,2009-09-29,17:30:00,17.0,1,1,1.0,Raining
80214,95282,95282,2615095,Matched,Block,,26TH AVE E BETWEEN BOYER AVE E AND E NEWTON ST,,,2,Injury Collision,Cycles,2,0,1,1,1,0,0,2009-05-14T00:00:00.000Z,5/14/2009 8:54:00 PM,Mid-Block (not related to intersection),54,PEDALCYCLIST STRUCK MOTOR VEHICLE REAR END,,0,Clear or Partly Cloudy,Dry,Dusk,,9134003.0,Y,45.0,Vehicle - Pedalcyclist,0,0,N,POINT (1278968.479994461 235403.2652531117),8511.0,1.7366605418985038e-05,Clear or Partly Cloudy,2009-05-14,20:54:00,20.0,3,1,0.0,Clear or Partly Cloudy
80216,95010,95010,3286337,Matched,Block,,WESTERN AVE BETWEEN UNIVERSITY ST AND UNION ST,,,1,Property Damage Only Collision,Cycles,4,0,1,1,0,0,0,2009-01-31T00:00:00.000Z,1/31/2009 1:56:00 PM,Mid-Block (not related to intersection),18,"MOTOR VEHICLE STRUCK PEDALCYCLIST, FRONT END AT ANGLE",,0,Clear or Partly Cloudy,Dry,Daylight,,9031007.0,,45.0,Vehicle - Pedalcyclist,13033,0,N,POINT (1268830.213488072 225003.2628744543),12671.0,1.2211213188120944e-06,Clear or Partly Cloudy,2009-01-31,13:56:00,13.0,5,0,0.0,Clear or Partly Cloudy
80297,94204,94204,2797921,Matched,Intersection,30447.0,8TH AVE S AND S DEARBORN ST,,,2,Injury Collision,Cycles,2,0,1,1,1,0,0,2009-06-12T00:00:00.000Z,6/12/2009 9:55:00 AM,At Intersection (intersection related),51,PEDALCYCLIST STRUCK MOTOR VEHICLE FRONT END AT ANGLE,,0,Clear or Partly Cloudy,Dry,Daylight,Y,9163035.0,,45.0,Vehicle - Pedalcyclist,5851,0,N,POINT (1273019.573044375 220895.8416862488),3274.0,0.0,Clear or Partly Cloudy,2009-06-12,09:55:00,9.0,4,1,1.0,Clear or Partly Cloudy
80330,94615,94615,3295729,Matched,Intersection,31913.0,36TH AVE SW AND SW SNOQUALMIE ST,,,2,Injury Collision,Cycles,2,0,1,1,1,0,0,2009-08-13T00:00:00.000Z,8/13/2009 7:23:00 PM,At Intersection (intersection related),18,"MOTOR VEHICLE STRUCK PEDALCYCLIST, FRONT END AT ANGLE",,0,Overcast,Wet,Daylight,,9225008.0,,45.0,Vehicle - Pedalcyclist,41581,0,N,POINT (1259206.079782218 208838.2281059027),13651.0,0.0,Overcast,2009-08-13,19:23:00,19.0,3,1,1.0,Clear or Partly Cloudy
80351,94748,94748,3211367,Matched,Intersection,38309.0,56TH AVE S AND S RYAN ST,,,2,Injury Collision,Cycles,2,0,1,1,1,0,0,2009-09-11T00:00:00.000Z,9/11/2009 8:00:00 PM,At Intersection (intersection related),51,PEDALCYCLIST STRUCK MOTOR VEHICLE FRONT END AT ANGLE,,0,Clear or Partly Cloudy,Dry,Dark - Street Lights On,,9254006.0,,45.0,Vehicle - Pedalcyclist,0,0,N,POINT (1287088.028738782 189199.8588057905),3179.0,0.0,Clear or Partly Cloudy,2009-09-11,20:00:00,20.0,4,1,0.0,Clear or Partly Cloudy
80361,95293,95293,3344637,Matched,Intersection,28725.0,HIGHLAND DR AND WESTLAKE AVE N,,,2b,Serious Injury Collision,Cycles,2,0,1,1,1,1,0,2009-08-19T00:00:00.000Z,8/19/2009 4:58:00 PM,At Intersection (intersection related),18,"MOTOR VEHICLE STRUCK PEDALCYCLIST, FRONT END AT ANGLE",,0,Clear or Partly Cloudy,Dry,Daylight,Y,9231001.0,,45.0,Vehicle - Pedalcyclist,0,574134,N,POINT (1268685.901615933 233340.9993309975),2204.0,0.0,Clear or Partly Cloudy,2009-08-19,16:58:00,16.0,2,1,1.0,Clear or Partly Cloudy
80364,95292,95292,3206527,Matched,Intersection,25790.0,11TH AVE NE AND NE 50TH ST,,,2,Injury Collision,Cycles,2,0,1,1,1,0,0,2009-05-19T00:00:00.000Z,5/19/2009 8:32:00 PM,At Intersection (intersection related),18,"MOTOR VEHICLE STRUCK PEDALCYCLIST, FRONT END AT ANGLE",,0,Raining,Wet,Dark - Street Lights On,Y,9139003.0,,45.0,Vehicle - Pedalcyclist,0,524459,N,POINT (1275016.001590416 246065.9995360225),7253.0,0.0,Raining,2009-05-19,20:32:00,20.0,1,1,0.0,Raining
80370,93663,93663,3199256,Matched,Block,,S JACKSON ST BETWEEN 10TH AVE S AND 12TH AVE S,,,2,Injury Collision,Cycles,2,0,1,1,1,0,0,2009-06-23T00:00:00.000Z,6/23/2009 8:52:00 AM,Driveway Junction,18,"MOTOR VEHICLE STRUCK PEDALCYCLIST, FRONT END AT ANGLE",,0,Clear or Partly Cloudy,Dry,Daylight,Y,9174005.0,,45.0,Vehicle - Pedalcyclist,24480,0,N,POINT (1274036.343669415 222100.3491434902),20239.0,2.7078409783629397e-05,Clear or Partly Cloudy,2009-06-23,08:52:00,8.0,1,1,1.0,Clear or Partly Cloudy
80387,93528,93528,2906971,Matched,Intersection,28767.0,DEXTER AVE N AND MERCER ST,,,2,Injury Collision,Cycles,2,0,1,1,1,0,0,2009-07-17T00:00:00.000Z,7/17/2009 7:50:00 AM,At Intersection (intersection related),51,PEDALCYCLIST STRUCK MOTOR VEHICLE FRONT END AT ANGLE,,0,Clear or Partly Cloudy,Dry,Daylight,Y,9198003.0,,45.0,Vehicle - Pedalcyclist,12649,0,N,POINT (1268318.102319553 231464.9540170729),696.0,0.0,Clear or Partly Cloudy,2009-07-17,07:50:00,7.0,4,1,1.0,Clear or Partly Cloudy
80413,93803,93803,C721757,Matched,Intersection,28741.0,DEXTER AVE N AND ROY ST,,,2,Injury Collision,Cycles,2,0,1,1,1,0,0,2009-06-06T00:00:00.000Z,6/6/2009,At Intersection (intersection related),11,"MOTOR VEHICLE STRUCK MOTOR VEHICLE, FRONT END AT ANGLE",,0,Overcast,Dry,Dark - Street Lights On,,9157034.0,,45.0,Vehicle - Pedalcyclist,12712,0,N,POINT (1268326.078767568 231776.213409394),6297.0,0.0,Overcast,2009-06-06,00:00:00,,5,0,,Clear or Partly Cloudy
80438,93667,93667,3327927,Matched,Intersection,25438.0,15TH AVE NW AND NW 51ST ST,,,2,Injury Collision,Cycles,3,0,1,1,1,0,0,2009-08-18T00:00:00.000Z,8/18/2009 11:22:00 PM,At Intersection (intersection related),51,PEDALCYCLIST STRUCK MOTOR VEHICLE FRONT END AT ANGLE,,0,Clear or Partly Cloudy,Dry,Dark - Street Lights On,Y,9230022.0,,45.0,Vehicle - Pedalcyclist,18264,0,N,POINT (1260268.474663317 246639.3878246099),1574.0,0.0,Clear or Partly Cloudy,2009-08-18,23:22:00,23.0,1,1,0.0,Clear or Partly Cloudy
80450,94625,94625,3207379,Matched,Intersection,29140.0,SUMMIT AVE E AND E HARRISON ST,,,2b,Serious Injury Collision,Other,2,0,1,1,1,1,0,2009-09-22T00:00:00.000Z,9/22/2009 11:28:00 PM,At Intersection (intersection related),18,"MOTOR VEHICLE STRUCK PEDALCYCLIST, FRONT END AT ANGLE",,1,Clear or Partly Cloudy,Dry,Dark - Street Lights On,,9265002.0,,52.0,Vehicle overturned,0,0,N,POINT (1272502.116403833 230448.0313920379),3779.0,0.0,Clear or Partly Cloudy,2009-09-22,23:28:00,23.0,1,1,0.0,Clear or Partly Cloudy
80462,94887,94887,3284592,Matched,Intersection,24475.0,ROOSEVELT WAY NE AND NE 69TH ST,,,2,Injury Collision,Cycles,3,0,1,1,1,0,0,2009-05-01T00:00:00.000Z,5/1/2009,At Intersection (intersection related),18,"MOTOR VEHICLE STRUCK PEDALCYCLIST, FRONT END AT ANGLE",,0,Clear or Partly Cloudy,Dry,Dark - Street Lights On,Y,9121004.0,,45.0,Vehicle - Pedalcyclist,9411,0,N,POINT (1274849.841718242 251108.8769811839),937.0,0.0,Clear or Partly Cloudy,2009-05-01,00:00:00,,4,1,,Clear or Partly Cloudy
80491,95298,95298,3286446,Matched,Block,,EASTLAKE AVE E BETWEEN E BOSTON ST AND E LYNN ST,,,2,Injury Collision,Cycles,3,0,2,1,2,0,0,2009-03-13T00:00:00.000Z,3/13/2009 7:05:00 AM,Mid-Block (not related to intersection),36,DRIVERLESS VEHICLE STRUCK MOTOR VEHICLE LEFT SIDE SIDESWIPE,,0,Clear or Partly Cloudy,Dry,Daylight,,9072004.0,,45.0,Vehicle - Pedalcyclist,24751,0,N,POINT (1272477.548147812 236651.0616703928),12571.0,2.8641089257223292e-05,Clear or Partly Cloudy,2009-03-13,07:05:00,7.0,4,1,1.0,Clear or Partly Cloudy
80515,95433,95433,3287555,Matched,Intersection,29024.0,BROADWAY E AND E HARRISON ST,,,2,Injury Collision,Cycles,2,0,1,1,1,0,0,2009-09-10T00:00:00.000Z,9/10/2009 12:28:00 PM,At Intersection (intersection related),51,PEDALCYCLIST STRUCK MOTOR VEHICLE FRONT END AT ANGLE,Y,0,Clear or Partly Cloudy,Dry,Daylight,Y,9253003.0,,45.0,Vehicle - Pedalcyclist,6791,0,N,POINT (1273586.973236948 230427.7797440141),651.0,0.0,Clear or Partly Cloudy,2009-09-10,12:28:00,12.0,3,1,0.0,Clear or Partly Cloudy
80520,93407,93407,2904646,Matched,Intersection,24495.0,8TH AVE NE AND NE 65TH ST,,,2,Injury Collision,Cycles,2,0,1,1,1,0,0,2008-01-31T00:00:00.000Z,1/31/2008 6:16:00 PM,At Intersection (intersection related),18,"MOTOR VEHICLE STRUCK PEDALCYCLIST, FRONT END AT ANGLE",,0,Raining,Wet,Dark - Street Lights On,Y,8031002.0,,45.0,Vehicle - Pedalcyclist,0,522077,N,POINT (1274176.864821553 250067.7923081219),3255.0,0.0,Raining,2008-01-31,18:16:00,18.0,3,1,1.0,Raining
80523,95030,95030,3343828,Matched,Block,,EAST MARGINAL WAY S BETWEEN 14TH AVE S AND 16TH AVE S,,,2,Injury Collision,Cycles,2,0,1,1,1,0,0,2009-10-14T00:00:00.000Z,10/14/2009 3:08:00 AM,Mid-Block (not related to intersection),55,PEDALCYCLIST STRUCK MOTOR VEHICLE RIGHT SIDE SIDESWIPE,Y,1,Raining,Wet,Dark - Street Lights On,,9287006.0,,45.0,Vehicle - Pedalcyclist,1248,0,N,POINT (1274673.981302068 198584.8996473998),19086.0,2.7703854889557567e-05,Raining,2009-10-14,03:08:00,3.0,2,1,0.0,Raining
80530,93955,93955,2899746,Matched,Block,,2ND AVE BETWEEN PINE ST AND STEWART ST,,,2,Injury Collision,Cycles,2,0,1,1,1,0,0,2009-01-10T00:00:00.000Z,1/10/2009 9:42:00 AM,Mid-Block (not related to intersection),54,PEDALCYCLIST STRUCK MOTOR VEHICLE REAR END,,0,Clear or Partly Cloudy,Dry,Daylight,,9010009.0,,45.0,Vehicle - Pedalcyclist,12185,0,N,POINT (1268766.583536014 226374.9470998645),10130.0,2.7192938257903273e-05,Clear or Partly Cloudy,2009-01-10,09:42:00,9.0,5,0,1.0,Clear or Partly Cloudy
80538,94221,94221,C720114,Matched,Intersection,31923.0,36TH AVE SW AND SW ALASKA ST,,,2,Injury Collision,Cycles,2,0,1,1,1,0,0,2009-04-24T00:00:00.000Z,4/24/2009 2:15:00 PM,At Intersection (but not related to intersection),14,"MOTOR VEHICLE STRUCK MOTOR VEHICLE, REAR END",,0,Unknown,Unknown,Unknown,,9114034.0,,45.0,Vehicle - Pedalcyclist,41585,0,N,POINT (1259198.697510213 208486.2547295392),15286.0,0.0,,2009-04-24,14:15:00,14.0,4,1,0.0,
80550,93808,93808,3211051,Matched,Intersection,31538.0,18TH AVE S AND S HOLGATE ST,,,2,Injury Collision,Cycles,3,0,1,1,1,0,0,2009-07-04T00:00:00.000Z,7/4/2009,At Intersection (intersection related),51,PEDALCYCLIST STRUCK MOTOR VEHICLE FRONT END AT ANGLE,,0,Clear or Partly Cloudy,Dry,Daylight,,9185018.0,,45.0,Vehicle - Pedalcyclist,0,0,N,POINT (1276162.861367583 217375.7001146525),12152.0,0.0,Clear or Partly Cloudy,2009-07-04,00:00:00,,5,0,,Clear or Partly Cloudy
80598,94897,94897,3328126,Matched,Block,,NE 45TH ST BETWEEN UNIVERSITY WAY NE AND 15TH AVE NE,,,2,Injury Collision,Cycles,2,0,1,1,1,0,0,2009-08-05T00:00:00.000Z,8/5/2009,Mid-Block (not related to intersection),23,"MOTOR VEHICLE STRUCK PEDALCYCLIST, LEFT SIDE SIDESWIPE",,0,Clear or Partly Cloudy,Dry,Daylight,Y,9217012.0,,45.0,Vehicle - Pedalcyclist,6964,0,N,POINT (1275919.362807333 244712.5918546468),16279.0,1.2081009833932566e-05,Clear or Partly Cloudy,2009-08-05,00:00:00,,2,1,,Clear or Partly Cloudy
80621,95173,95173,3283540,Matched,Intersection,29805.0,14TH AVE AND E JEFFERSON ST,,,2,Injury Collision,Cycles,5,0,1,1,1,0,0,2009-04-22T00:00:00.000Z,4/22/2009 8:44:00 PM,At Intersection (intersection related),51,PEDALCYCLIST STRUCK MOTOR VEHICLE FRONT END AT ANGLE,,0,Raining,Wet,Dark - Street Lights On,,9112025.0,,45.0,Vehicle - Pedalcyclist,35459,0,N,POINT (1275138.167862535 224634.9167620838),1103.0,0.0,Raining,2009-04-22,20:44:00,20.0,2,1,0.0,Raining
80652,95036,95036,2908293,Matched,Block,,2ND AVE BETWEEN PIKE ST AND PINE ST,,,2,Injury Collision,Cycles,2,0,1,1,1,0,0,2009-04-02T00:00:00.000Z,4/2/2009,Driveway Junction,18,"MOTOR VEHICLE STRUCK PEDALCYCLIST, FRONT END AT ANGLE",Y,0,Raining,Wet,Dusk,Y,9092026.0,,45.0,Vehicle - Pedalcyclist,12173,0,N,POINT (1268950.511472195 226064.2551955432),9591.0,1.6780158607627556e-05,Raining,2009-04-02,00:00:00,,3,1,,Raining
80676,93959,93959,3276795,Matched,Intersection,26848.0,STONE WAY N AND N 40TH ST,,,2,Injury Collision,Cycles,2,0,1,1,1,0,0,2009-05-06T00:00:00.000Z,5/6/2009,At Intersection (intersection related),18,"MOTOR VEHICLE STRUCK PEDALCYCLIST, FRONT END AT ANGLE",,0,Raining,Wet,Daylight,,9126002.0,Y,45.0,Vehicle - Pedalcyclist,6322,0,N,POINT (1268516.536367759 242710.0937405974),4014.0,0.0,Raining,2009-05-06,00:00:00,,2,1,,Raining
80709,94773,94773,3327017,Matched,Intersection,28632.0,MERCER ST AND QUEEN ANNE AVE N,,,2,Injury Collision,Cycles,2,0,1,1,1,0,0,2009-10-14T00:00:00.000Z,10/14/2009 7:14:00 PM,At Intersection (intersection related),18,"MOTOR VEHICLE STRUCK PEDALCYCLIST, FRONT END AT ANGLE",,0,Overcast,Dry,Dark - Street Lights On,,9287027.0,,45.0,Vehicle - Pedalcyclist,0,523535,N,POINT (1264777.956907928 231546.8404811621),904.0,0.0,Overcast,2009-10-14,19:14:00,19.0,2,1,1.0,Clear or Partly Cloudy
80719,94769,94769,3345157,Matched,Intersection,26786.0,BURKE AVE N AND N 45TH ST,,,2,Injury Collision,Cycles,2,1,1,0,2,0,0,2009-10-13T00:00:00.000Z,10/13/2009 10:55:00 AM,At Intersection (intersection related),64,PEDALCYCLIST STRUCK PEDESTRIAN,,0,Clear or Partly Cloudy,Dry,Daylight,Y,9286002.0,,45.0,Vehicle - Pedalcyclist,6498,523821,N,POINT (1270374.488625661 244863.8409428),3417.0,0.0,Clear or Partly Cloudy,2009-10-13,10:55:00,10.0,1,1,0.0,Clear or Partly Cloudy
80758,95452,95452,3210353,Matched,Intersection,24972.0,36TH AVE NE AND NE 65TH W ST,,,2,Injury Collision,Cycles,2,0,1,1,1,0,0,2009-02-22T00:00:00.000Z,2/22/2009 3:14:00 PM,At Intersection (intersection related),51,PEDALCYCLIST STRUCK MOTOR VEHICLE FRONT END AT ANGLE,,0,Overcast,Dry,Daylight,Y,9053016.0,,45.0,Vehicle - Pedalcyclist,29903,0,N,POINT (1281785.078845352 249897.507763952),353.0,0.0,Overcast,2009-02-22,15:14:00,15.0,6,0,1.0,Clear or Partly Cloudy
80818,93968,93968,3289246,Matched,Block,,NW 56TH ST BETWEEN 15TH AVE NW AND 17TH AVE NW,,,2,Injury Collision,Cycles,2,0,1,1,1,0,0,2009-05-12T00:00:00.000Z,5/12/2009 9:30:00 AM,Mid-Block (not related to intersection),51,PEDALCYCLIST STRUCK MOTOR VEHICLE FRONT END AT ANGLE,,0,Raining,Wet,Daylight,,9132019.0,,45.0,Vehicle - Pedalcyclist,0,0,N,POINT (1259968.305447012 248009.7872500122),7472.0,1.2876373698137825e-05,Raining,2009-05-12,09:30:00,9.0,1,1,1.0,Raining