OBJECTID,INCKEY,COLDETKEY,REPORTNO,STATUS,ADDRTYPE,INTKEY,LOCATION,EXCEPTRSNC,EXCEPTRSND,SEVERITYCO,SEVERITYDE,COLLISIONT,PERSONCOUN,PEDCOUNT,PEDCYLCOUN,VEHCOUNT,INJURIES,SERIOUSINJ,FATALITIES,INCDATE,INCDTTM,JUNCTIONTY,SDOT_COLCO,SDOT_COLDE,INATTENTIO,UNDERINFL,WEATHER,ROADCOND,LIGHTCOND,PEDROWNOTG,SDOTCOLNUM,SPEEDING,ST_COLCODE,ST_COLDESC,SEGLANEKEY,CROSSWALKK,HITPARKEDC,geometry,near_str_index,min_length,weather_group,date,time,hour,dayofweek,weekday,rushhour,weather_group2
80820,93688,93688,2906966,Matched,Intersection,29168.0,DENNY WAY AND STEWART ST,,,2,Injury Collision,Cycles,2,0,1,1,1,0,0,2009-06-24T00:00:00.000Z,6/24/2009 8:45:00 AM,At Intersection (intersection related),51,PEDALCYCLIST STRUCK MOTOR VEHICLE FRONT END AT ANGLE,,0,Clear or Partly Cloudy,Dry,Daylight,,9175028.0,,45.0,Vehicle - Pedalcyclist,23731,0,N,POINT (1271141.683762446 229199.6351027489),14776.0,0.0,Clear or Partly Cloudy,2009-06-24,08:45:00,8.0,2,1,1.0,Clear or Partly Cloudy
80855,94779,94779,3205959,Matched,Block,,5TH AVE NE BETWEEN NE 75TH ST AND NE 76TH ST,,,2,Injury Collision,Cycles,2,0,1,1,1,0,0,2009-06-04T00:00:00.000Z,6/4/2009,Mid-Block (not related to intersection),18,"MOTOR VEHICLE STRUCK PEDALCYCLIST, FRONT END AT ANGLE",,0,Clear or Partly Cloudy,Dry,Daylight,Y,9155004.0,,45.0,Vehicle - Pedalcyclist,7480,0,N,POINT (1273527.406900883 252818.3789349347),5893.0,7.370113580608594e-09,Clear or Partly Cloudy,2009-06-04,00:00:00,,3,1,,Clear or Partly Cloudy
80877,94377,94377,2907619,Matched,Block,,LAKE WASHINGTON BLVD BETWEEN E TERRACE ST AND E JEFFERSON ST,,,2,Injury Collision,Cycles,2,0,1,1,1,0,0,2009-10-27T00:00:00.000Z,10/27/2009 5:40:00 PM,Mid-Block (not related to intersection),54,PEDALCYCLIST STRUCK MOTOR VEHICLE REAR END,,0,Clear or Partly Cloudy,Dry,Dusk,Y,9300003.0,,45.0,Vehicle - Pedalcyclist,36203,0,N,POINT (1282694.302654281 224157.6704255939),789.0,1.0774933041099153e-05,Clear or Partly Cloudy,2009-10-27,17:40:00,17.0,1,1,1.0,Clear or Partly Cloudy
80936,93431,93431,2826282,Matched,Block,,7TH AVE BETWEEN BLANCHARD ST AND BELL ST,,,2b,Serious Injury Collision,Cycles,3,0,1,1,1,1,0,2008-03-12T00:00:00.000Z,3/12/2008 7:25:00 PM,Mid-Block (not related to intersection),56,PEDALCYCLIST STRUCK MOTOR VEHICLE LEFT SIDE SIDESWIPE,,0,Clear or Partly Cloudy,Dry,Dark - Street Lights On,,8072003.0,,45.0,Vehicle - Pedalcyclist,13716,0,N,POINT (1268669.620527908 228695.9162542373),6027.0,3.326320477277453e-05,Clear or Partly Cloudy,2008-03-12,19:25:00,19.0,2,1,1.0,Clear or Partly Cloudy
80965,96520,96520,3210195,Matched,Intersection,24273.0,LINDEN AVE N AND N 83RD ST,,,2,Injury Collision,Cycles,2,0,1,1,1,0,0,2009-07-22T00:00:00.000Z,7/22/2009 4:29:00 PM,At Intersection (intersection related),51,PEDALCYCLIST STRUCK MOTOR VEHICLE FRONT END AT ANGLE,,0,Clear or Partly Cloudy,Dry,Daylight,,9203003.0,,45.0,Vehicle - Pedalcyclist,0,0,N,POINT (1267581.4377428 255034.2465852052),813.0,0.0,Clear or Partly Cloudy,2009-07-22,16:29:00,16.0,2,1,1.0,Clear or Partly Cloudy
78015,91927,91927,2896218,Matched,Block,,SW ANDOVER ST BETWEEN DELRIDGE WAY SW AND 26TH AVE SW,,,2,Injury Collision,Cycles,2,0,1,1,1,0,0,2008-11-03T00:00:00.000Z,11/3/2008,Driveway Junction,18,"MOTOR VEHICLE STRUCK PEDALCYCLIST, FRONT END AT ANGLE",Y,0,Raining,Wet,Dark - Street Lights On,Y,8308003.0,,45.0,Vehicle - Pedalcyclist,41441,0,N,POINT (1262484.617513582 211075.0112121999),20963.0,1.0187671280015767e-05,Raining,2008-11-03,00:00:00,,0,1,,Raining
78026,92194,92194,2906869,Matched,Intersection,29704.0,BELL ST AND WESTERN AVE,,,2,Injury Collision,Cycles,2,0,1,1,1,0,0,2008-07-29T00:00:00.000Z,7/29/2008 9:37:00 AM,At Intersection (intersection related),18,"MOTOR VEHICLE STRUCK PEDALCYCLIST, FRONT END AT ANGLE",,0,Overcast,Wet,Daylight,Y,8211009.0,,45.0,Vehicle - Pedalcyclist,0,523763,N,POINT (1266994.756398201 227171.5380766839),632.0,0.0,Overcast,2008-07-29,09:37:00,9.0,1,1,1.0,Clear or Partly Cloudy
78047,92587,92587,2895009,Matched,Block,,NE 45TH ST BETWEEN UNIVERSITY WAY NE AND 15TH AVE NE,,,2,Injury Collision,Cycles,4,0,1,1,1,0,0,2008-04-04T00:00:00.000Z,4/4/2008,Mid-Block (not related to intersection),54,PEDALCYCLIST STRUCK MOTOR VEHICLE REAR END,,0,Overcast,Dry,Daylight,,8095002.0,,45.0,Vehicle - Pedalcyclist,6968,0,N,POINT (1275919.362807333 244712.5918546468),16279.0,1.2081009833932566e-05,Overcast,2008-04-04,00:00:00,,4,1,,Clear or Partly Cloudy
78054,92322,92322,3284033,Matched,Intersection,36621.0,30TH AVE NE AND NE 120TH ST,,,2,Injury Collision,Cycles,2,0,1,1,1,0,0,2008-09-16T00:00:00.000Z,9/16/2008 5:12:00 AM,At Intersection (intersection related),18,"MOTOR VEHICLE STRUCK PEDALCYCLIST, FRONT END AT ANGLE",,0,Clear or Partly Cloudy,Dry,Dark - Street Lights On,Y,8260002.0,,45.0,Vehicle - Pedalcyclist,0,0,N,POINT (1280263.675963789 264451.1251868457),2752.0,0.0,Clear or Partly Cloudy,2008-09-16,05:12:00,5.0,1,1,0.0,Clear or Partly Cloudy
78056,92058,92058,2620086,Matched,Intersection,29612.0,2ND AVE AND SENECA ST,,,2,Injury Collision,Cycles,2,1,1,0,1,0,0,2008-10-10T00:00:00.000Z,10/10/2008 5:20:00 PM,At Intersection (intersection related),64,PEDALCYCLIST STRUCK PEDESTRIAN,,0,Clear or Partly Cloudy,Dry,Daylight,,8284031.0,,45.0,Vehicle - Pedalcyclist,12156,520993,N,POINT (1269648.583728924 224885.0384903401),2490.0,0.0,Clear or Partly Cloudy,2008-10-10,17:20:00,17.0,4,1,1.0,Clear or Partly Cloudy
78075,92988,92988,2897926,Matched,Intersection,28375.0,24TH AVE E AND BOYER AVE E,,,2,Injury Collision,Cycles,2,0,1,1,1,0,0,2008-02-28T00:00:00.000Z,2/28/2008 7:10:00 AM,At Intersection (intersection related),51,PEDALCYCLIST STRUCK MOTOR VEHICLE FRONT END AT ANGLE,,0,Clear or Partly Cloudy,Dry,Dawn,Y,8059012.0,,45.0,Vehicle - Pedalcyclist,22451,0,N,POINT (1278448.004665926 235170.6751088649),643.0,0.0,Clear or Partly Cloudy,2008-02-28,07:10:00,7.0,3,1,1.0,Clear or Partly Cloudy
78076,93121,93121,3289135,Matched,Intersection,29173.0,STEWART ST AND YALE AVE,,,2,Injury Collision,Cycles,3,0,1,1,1,0,0,2008-12-30T00:00:00.000Z,12/30/2008 9:54:00 PM,At Intersection (intersection related),18,"MOTOR VEHICLE STRUCK PEDALCYCLIST, FRONT END AT ANGLE",,0,Raining,Wet,Dark - Street Lights On,Y,8365023.0,,45.0,Vehicle - Pedalcyclist,0,524029,N,POINT (1271071.969074368 229121.4601266682),9812.0,0.0,Raining,2008-12-30,21:54:00,21.0,1,1,0.0,Raining
78078,92725,92725,3282454,Matched,Block,,S JACKSON ST BETWEEN 7TH AVE S AND 8TH AVE S,,,2,Injury Collision,Cycles,2,0,1,1,1,0,0,2008-07-21T00:00:00.000Z,7/21/2008 8:59:00 AM,Driveway Junction,18,"MOTOR VEHICLE STRUCK PEDALCYCLIST, FRONT END AT ANGLE",,0,Clear or Partly Cloudy,Dry,Daylight,Y,8203004.0,,45.0,Vehicle - Pedalcyclist,24453,0,N,POINT (1272885.209396228 222122.8979435116),15016.0,3.015195311668457e-05,Clear or Partly Cloudy,2008-07-21,08:59:00,8.0,0,1,1.0,Clear or Partly Cloudy
78085,92984,92984,2904891,Matched,Intersection,36748.0,17TH AVE NE AND NE NORTHGATE WAY,,,2,Injury Collision,Cycles,2,0,1,1,1,0,0,2008-04-10T00:00:00.000Z,4/10/2008 6:12:00 PM,At Intersection (intersection related),51,PEDALCYCLIST STRUCK MOTOR VEHICLE FRONT END AT ANGLE,,0,Raining,Wet,Daylight,,8101001.0,,45.0,Vehicle - Pedalcyclist,0,0,N,POINT (1276890.133816332 261928.5022082627),2444.0,0.0,Raining,2008-04-10,18:12:00,18.0,3,1,1.0,Raining
78117,91266,91266,2897739,Matched,Block,,24TH AVE BETWEEN E HOWELL ST AND E DENNY WAY,,,1,Property Damage Only Collision,Cycles,2,0,1,1,0,0,0,2008-03-01T00:00:00.000Z,3/1/2008,Mid-Block (not related to intersection),54,PEDALCYCLIST STRUCK MOTOR VEHICLE REAR END,Y,0,Clear or Partly Cloudy,Dry,Daylight,,8061002.0,Y,45.0,Vehicle - Pedalcyclist,0,0,N,POINT (1278425.195449904 228984.3769905418),11718.0,1.9459890938439144e-06,Clear or Partly Cloudy,2008-03-01,00:00:00,,5,0,,Clear or Partly Cloudy
78122,91263,91263,2898104,Matched,Block,,E ALOHA ST BETWEEN 18TH AVE E AND 19TH AVE E,,,1,Property Damage Only Collision,Cycles,2,0,1,1,0,0,0,2008-04-10T00:00:00.000Z,4/10/2008 3:33:00 PM,Mid-Block (but intersection related),21,"MOTOR VEHICLE STRUCK PEDALCYCLIST, REAR END",,0,Clear or Partly Cloudy,Dry,Daylight,,8101028.0,,45.0,Vehicle - Pedalcyclist,8647,0,N,POINT (1276810.631352246 232141.4318417609),3854.0,7.646208819121454e-09,Clear or Partly Cloudy,2008-04-10,15:33:00,15.0,3,1,1.0,Clear or Partly Cloudy
78130,91666,91666,C704706,Matched,Intersection,25871.0,1ST AVE NE AND NE 50TH ST,,,1,Property Damage Only Collision,Cycles,2,0,1,1,0,0,0,2008-05-09T00:00:00.000Z,5/9/2008,At Intersection (intersection related),18,"MOTOR VEHICLE STRUCK PEDALCYCLIST, FRONT END AT ANGLE",,0,Clear or Partly Cloudy,Dry,Daylight,,8130051.0,,45.0,Vehicle - Pedalcyclist,0,0,N,POINT (1272076.626739398 246150.2371041179),9557.0,0.0,Clear or Partly Cloudy,2008-05-09,00:00:00,,4,1,,Clear or Partly Cloudy
78173,92464,92464,2615674,Matched,Block,,EAST MARGINAL WAY S BETWEEN 16TH AVE S AND BOEING DR,,,1,Property Damage Only Collision,Cycles,2,0,1,1,0,0,0,2008-11-09T00:00:00.000Z,11/9/2008,Mid-Block (not related to intersection),21,"MOTOR VEHICLE STRUCK PEDALCYCLIST, REAR END",,1,Raining,Wet,Dark - Street Lights On,Y,8314020.0,,45.0,Vehicle - Pedalcyclist,1271,0,N,POINT (1275105.837942511 198184.1155190021),21838.0,1.2492794921358693e-05,Raining,2008-11-09,00:00:00,,6,0,,Raining
78203,92728,92728,2894199,Matched,Intersection,33512.0,RAINIER AVE S AND S ORCAS ST,,,2,Injury Collision,Cycles,2,0,1,1,1,0,0,2008-07-19T00:00:00.000Z,7/19/2008 6:47:00 PM,At Intersection (intersection related),18,"MOTOR VEHICLE STRUCK PEDALCYCLIST, FRONT END AT ANGLE",,0,Clear or Partly Cloudy,Dry,Daylight,Y,8201002.0,,45.0,Vehicle - Pedalcyclist,0,523358,N,POINT (1283764.281151369 204399.4415413588),14007.0,0.0,Clear or Partly Cloudy,2008-07-19,18:47:00,18.0,5,0,1.0,Clear or Partly Cloudy
78327,92738,92738,2830087,Matched,Block,,N 62ND ST BETWEEN 1ST AVE NW AND PALATINE AVE N,,,2,Injury Collision,Cycles,2,0,1,1,1,0,0,2008-07-03T00:00:00.000Z,7/3/2008,Mid-Block (not related to intersection),56,PEDALCYCLIST STRUCK MOTOR VEHICLE LEFT SIDE SIDESWIPE,Y,0,Clear or Partly Cloudy,Dry,Dusk,,8185003.0,,45.0,Vehicle - Pedalcyclist,0,0,N,POINT (1265078.966444239 249591.5947396308),12053.0,1.989243917868849e-05,Clear or Partly Cloudy,2008-07-03,00:00:00,,3,1,,Clear or Partly Cloudy
78344,92607,92607,C700087,Matched,Intersection,27043.0,TROLL AVE N AND N 34TH ST,,,2,Injury Collision,Cycles,2,0,1,1,1,0,0,2008-02-19T00:00:00.000Z,2/19/2008 6:15:00 PM,At Intersection (intersection related),51,PEDALCYCLIST STRUCK MOTOR VEHICLE FRONT END AT ANGLE,,0,Clear or Partly Cloudy,Dry,Dark - Street Lights On,,8050019.0,,45.0,Vehicle - Pedalcyclist,8816,0,N,POINT (1267245.477678463 240493.9652263224),1223.0,0.0,Clear or Partly Cloudy,2008-02-19,18:15:00,18.0,1,1,1.0,Clear or Partly Cloudy
78398,92216,92216,2898585,Matched,Intersection,29109.0,FAIRVIEW AVE N AND FAIRVIEW PL N,,,2,Injury Collision,Cycles,2,0,1,1,1,0,0,2008-01-28T00:00:00.000Z,1/28/2008 10:04:00 AM,At Intersection (intersection related),18,"MOTOR VEHICLE STRUCK PEDALCYCLIST, FRONT END AT ANGLE",,0,Clear or Partly Cloudy,Wet,Daylight,Y,8028004.0,,45.0,Vehicle - Pedalcyclist,0,0,N,POINT (1270386.933809668 232056.0782416761),720.0,0.0,Clear or Partly Cloudy,2008-01-28,10:04:00,10.0,0,1,0.0,Clear or Partly Cloudy
78405,92219,92219,2905676,Matched,Block,,ROOSEVELT WAY NE BETWEEN NE 42ND N ST AND NE 43RD S ST,,,2,Injury Collision,Cycles,2,0,1,1,1,0,0,2008-04-29T00:00:00.000Z,4/29/2008 1:53:00 PM,Driveway Junction,51,PEDALCYCLIST STRUCK MOTOR VEHICLE FRONT END AT ANGLE,,0,Clear or Partly Cloudy,Dry,Daylight,,8120009.0,,45.0,Vehicle - Pedalcyclist,8990,0,N,POINT (1274621.021750003 243878.6222537905),19030.0,1.4612336307282195e-05,Clear or Partly Cloudy,2008-04-29,13:53:00,13.0,1,1,0.0,Clear or Partly Cloudy
78423,91679,91679,2897909,Matched,Block,,12TH AVE BETWEEN E OLIVE ST AND E HOWELL ST,,,2,Injury Collision,Cycles,3,0,1,1,1,0,0,2008-03-12T00:00:00.000Z,3/12/2008 9:32:00 PM,Mid-Block (not related to intersection),18,"MOTOR VEHICLE STRUCK PEDALCYCLIST, FRONT END AT ANGLE",Y,0,Clear or Partly Cloudy,Dry,Dark - Street Lights On,Y,8072002.0,,45.0,Vehicle - Pedalcyclist,10852,0,N,POINT (1274544.213621929 228594.9669421315),5017.0,1.3053257312982895e-06,Clear or Partly Cloudy,2008-03-12,21:32:00,21.0,2,1,0.0,Clear or Partly Cloudy
78441,92882,92882,2899454,Matched,Block,,GLENWILDE PL E BETWEEN E ROANOKE ST AND DEAD END,,,2,Injury Collision,Cycles,3,0,1,1,1,0,0,2008-11-25T00:00:00.000Z,11/25/2008 8:07:00 AM,Driveway Junction,18,"MOTOR VEHICLE STRUCK PEDALCYCLIST, FRONT END AT ANGLE",,0,Clear or Partly Cloudy,Dry,Daylight,,8330004.0,,45.0,Vehicle - Pedalcyclist,0,0,N,POINT (1278600.262586087 238137.9423119128),21309.0,1.4932090378524316e-05,Clear or Partly Cloudy,2008-11-25,08:07:00,8.0,1,1,1.0,Clear or Partly Cloudy
78450,92481,92481,2893006,Matched,Block,,UNIVERSITY WAY NE BETWEEN NE 52ND ST AND NE 55TH ST,,,2,Injury Collision,Cycles,2,0,1,1,1,0,0,2008-05-17T00:00:00.000Z,5/17/2008 7:30:00 PM,Mid-Block (not related to intersection),18,"MOTOR VEHICLE STRUCK PEDALCYCLIST, FRONT END AT ANGLE",,0,Clear or Partly Cloudy,Dry,Daylight,,8138006.0,,45.0,Vehicle - Pedalcyclist,5598,0,N,POINT (1275847.037559271 246984.8828009665),23173.0,1.2508808248239295e-05,Clear or Partly Cloudy,2008-05-17,19:30:00,19.0,5,0,1.0,Clear or Partly Cloudy
78499,93283,93283,2894524,Matched,Block,,LAKE WASHINGTON BLVD S BETWEEN LAKE PARK DR S AND S HORTON NR ST,,,2,Injury Collision,Cycles,3,0,1,1,1,0,0,2008-10-11T00:00:00.000Z,10/11/2008 3:37:00 PM,Mid-Block (not related to intersection),23,"MOTOR VEHICLE STRUCK PEDALCYCLIST, LEFT SIDE SIDESWIPE",,0,Clear or Partly Cloudy,Dry,Daylight,Y,8285035.0,,45.0,Vehicle - Pedalcyclist,38078,0,N,POINT (1282466.716670036 214528.5998877287),16656.0,1.729022140382883e-05,Clear or Partly Cloudy,2008-10-11,15:37:00,15.0,5,0,1.0,Clear or Partly Cloudy
78569,92358,92358,3287179,Matched,Intersection,29744.0,HARVARD AVE AND E PIKE ST,,,2,Injury Collision,Cycles,2,0,1,1,1,0,0,2008-11-09T00:00:00.000Z,11/9/2008,At Intersection (intersection related),18,"MOTOR VEHICLE STRUCK PEDALCYCLIST, FRONT END AT ANGLE",,0,Raining,Wet,Dark - Street Lights On,,8314021.0,,45.0,Vehicle - Pedalcyclist,0,521655,N,POINT (1273234.02603659 227544.4404770583),1144.0,0.0,Raining,2008-11-09,00:00:00,,6,0,,Raining
78616,92753,92753,2905458,Matched,Block,,MONTLAKE BR BETWEEN POINT A AND NE PACIFIC ST,,,2,Injury Collision,Cycles,6,0,1,1,1,0,0,2008-06-25T00:00:00.000Z,6/25/2008 12:43:00 AM,Mid-Block (not related to intersection),23,"MOTOR VEHICLE STRUCK PEDALCYCLIST, LEFT SIDE SIDESWIPE",,0,Clear or Partly Cloudy,Dry,Dark - Street Lights On,Y,8177005.0,,45.0,Vehicle - Pedalcyclist,20245,0,N,POINT (1277792.906553254 239925.0010017455),23169.0,1.3806702885832671e-10,Clear or Partly Cloudy,2008-06-25,00:43:00,,2,1,,Clear or Partly Cloudy
78678,92234,92234,2826550,Matched,Intersection,26694.0,3RD AVE W AND W BERTONA ST,,,2,Injury Collision,Cycles,2,0,1,1,1,0,0,2008-07-07T00:00:00.000Z,7/7/2008,At Intersection (intersection related),51,PEDALCYCLIST STRUCK MOTOR VEHICLE FRONT END AT ANGLE,,0,Clear or Partly Cloudy,Dry,Daylight,Y,8189003.0,,45.0,Vehicle - Pedalcyclist,30266,0,N,POINT (1263936.750379071 240988.8518828303),277.0,0.0,Clear or Partly Cloudy,2008-07-07,00:00:00,,0,1,,Clear or Partly Cloudy
78724,93294,93294,2908624,Matched,Block,,S KING ST BETWEEN 5TH AVE S AND 6TH AVE S,,,2,Injury Collision,Cycles,2,1,1,0,2,0,0,2008-09-16T00:00:00.000Z,9/16/2008 12:41:00 PM,Mid-Block (not related to intersection),64,PEDALCYCLIST STRUCK PEDESTRIAN,,0,Clear or Partly Cloudy,Dry,Daylight,,8260001.0,,45.0,Vehicle - Pedalcyclist,5759,0,N,POINT (1271912.378867239 221838.027415216),9330.0,3.030512123391437e-05,Clear or Partly Cloudy,2008-09-16,12:41:00,12.0,1,1,0.0,Clear or Partly Cloudy
78787,91574,91574,C708353,Matched,Intersection,25243.0,3RD AVE NW AND NW 65TH ST,,,2,Injury Collision,Cycles,2,0,1,1,1,0,0,2008-08-15T00:00:00.000Z,8/15/2008 9:05:00 AM,At Intersection (intersection related),18,"MOTOR VEHICLE STRUCK PEDALCYCLIST, FRONT END AT ANGLE",,0,Clear or Partly Cloudy,Dry,Dusk,,8228035.0,,45.0,Vehicle - Pedalcyclist,33344,0,N,POINT (1264167.440683305 250316.4973323792),4335.0,0.0,Clear or Partly Cloudy,2008-08-15,09:05:00,9.0,4,1,1.0,Clear or Partly Cloudy
78830,94524,94524,3285270,Matched,Intersection,30453.0,GOLF DR S AND S CHARLES ST,,,2,Injury Collision,Cycles,2,0,1,1,1,0,0,2009-11-12T00:00:00.000Z,11/12/2009 9:49:00 AM,At Intersection (intersection related),18,"MOTOR VEHICLE STRUCK PEDALCYCLIST, FRONT END AT ANGLE",,0,Clear or Partly Cloudy,Dry,Daylight,Y,9316026.0,,45.0,Vehicle - Pedalcyclist,14097,0,N,POINT (1274459.601717845 220302.7257816494),5033.0,0.0,Clear or Partly Cloudy,2009-11-12,09:49:00,9.0,3,1,1.0,Clear or Partly Cloudy
78899,95330,95330,3296722,Matched,Block,,LAKESIDE AVE S BETWEEN S MASSACHUSETTS ST AND 36TH AVE S,,,2,Injury Collision,Cycles,4,0,2,1,3,0,0,2009-05-23T00:00:00.000Z,5/23/2009 12:38:00 PM,Mid-Block (not related to intersection),56,PEDALCYCLIST STRUCK MOTOR VEHICLE LEFT SIDE SIDESWIPE,,0,Clear or Partly Cloudy,Dry,Daylight,Y,9143006.0,,45.0,Vehicle - Pedalcyclist,37987,0,N,POINT (1281823.935549378 217535.8095548153),22679.0,2.9470271206759667e-05,Clear or Partly Cloudy,2009-05-23,12:38:00,12.0,5,0,0.0,Clear or Partly Cloudy
78939,93986,93986,3207413,Matched,Block,,BROADWAY BETWEEN E PINE ST AND XW E OLIVE ST,,,1,Property Damage Only Collision,Cycles,3,0,1,2,0,0,0,2009-10-01T00:00:00.000Z,10/1/2009,Mid-Block (not related to intersection),23,"MOTOR VEHICLE STRUCK PEDALCYCLIST, LEFT SIDE SIDESWIPE",,0,Raining,Wet,Daylight,,9274001.0,Y,45.0,Vehicle - Pedalcyclist,0,0,N,POINT (1273567.713908926 228177.0842537135),8754.0,2.069417312261321e-05,Raining,2009-10-01,00:00:00,,3,1,,Raining
78973,94125,94125,3326828,Matched,Block,,4TH AVE BETWEEN VIRGINIA ST AND LENORA ST,,,2,Injury Collision,Cycles,2,0,1,1,1,0,0,2009-06-23T00:00:00.000Z,6/23/2009 8:52:00 AM,Mid-Block (not related to intersection),51,PEDALCYCLIST STRUCK MOTOR VEHICLE FRONT END AT ANGLE,,0,Clear or Partly Cloudy,Dry,Daylight,,9174004.0,,45.0,Vehicle - Pedalcyclist,12801,0,N,POINT (1268649.681071892 227407.7488929182),5721.0,5.0125432903017465e-09,Clear or Partly Cloudy,2009-06-23,08:52:00,8.0,1,1,1.0,Clear or Partly Cloudy
81028,97190,97190,3283532,Matched,Intersection,29772.0,BROADWAY AND MADISON ST,,,2,Injury Collision,Cycles,2,0,1,1,1,0,0,2009-04-17T00:00:00.000Z,4/17/2009 2:31:00 AM,At Intersection (intersection related),51,PEDALCYCLIST STRUCK MOTOR VEHICLE FRONT END AT ANGLE,,1,Raining,Wet,Dark - Street Lights On,Y,9107010.0,,45.0,Vehicle - Pedalcyclist,22870,0,N,POINT (1273546.694964916 226481.4273559749),3410.0,0.0,Raining,2009-04-17,02:31:00,2.0,4,1,0.0,Raining
81136,97339,97339,2622037,Matched,Block,,12TH AVE BETWEEN E OLIVE ST AND E HOWELL ST,,,2,Injury Collision,Cycles,2,0,1,1,1,0,0,2009-06-14T00:00:00.000Z,6/14/2009 1:02:00 PM,Mid-Block (not related to intersection),56,PEDALCYCLIST STRUCK MOTOR VEHICLE LEFT SIDE SIDESWIPE,,0,Clear or Partly Cloudy,Dry,Daylight,,9165003.0,,45.0,Vehicle - Pedalcyclist,10853,0,N,POINT (1274544.213621929 228594.9669421315),5017.0,1.3053257312982895e-06,Clear or Partly Cloudy,2009-06-14,13:02:00,13.0,6,0,0.0,Clear or Partly Cloudy
81153,97065,97065,3326832,Matched,Block,,1ST AVE BETWEEN BLANCHARD ST AND BELL ST,,,2,Injury Collision,Cycles,2,0,1,1,1,0,0,2009-06-27T00:00:00.000Z,6/27/2009 12:13:00 AM,Mid-Block (not related to intersection),18,"MOTOR VEHICLE STRUCK PEDALCYCLIST, FRONT END AT ANGLE",,1,Clear or Partly Cloudy,Dry,Dark - Street Lights On,,9178006.0,,45.0,Vehicle - Pedalcyclist,13234,0,N,POINT (1267368.977454588 227266.4868127704),2269.0,5.014503332264041e-09,Clear or Partly Cloudy,2009-06-27,00:13:00,,5,0,,Clear or Partly Cloudy
81194,95606,95606,3206423,Matched,Intersection,25661.0,PHINNEY AVE N AND N 50TH E ST,,,2,Injury Collision,Cycles,2,0,1,1,1,0,0,2009-05-13T00:00:00.000Z,5/13/2009 6:20:00 AM,At Intersection (intersection related),51,PEDALCYCLIST STRUCK MOTOR VEHICLE FRONT END AT ANGLE,,0,Clear or Partly Cloudy,Dry,Dawn,Y,9133007.0,,45.0,Vehicle - Pedalcyclist,28288,0,N,POINT (1265747.218988925 246280.3613922447),20389.0,0.0,Clear or Partly Cloudy,2009-05-13,06:20:00,6.0,2,1,0.0,Clear or Partly Cloudy
81265,96269,96269,3344643,Matched,Intersection,29869.0,HOWELL ST AND OLIVE WAY,,,2,Injury Collision,Cycles,4,0,1,1,1,0,0,2009-08-20T00:00:00.000Z,8/20/2009 3:59:00 PM,At Intersection (intersection related),18,"MOTOR VEHICLE STRUCK PEDALCYCLIST, FRONT END AT ANGLE",,0,Clear or Partly Cloudy,Dry,Daylight,,9232001.0,,45.0,Vehicle - Pedalcyclist,0,523737,N,POINT (1270287.080497578 227598.1718051136),6044.0,0.0,Clear or Partly Cloudy,2009-08-20,15:59:00,15.0,3,1,1.0,Clear or Partly Cloudy
81388,96550,96550,3280289,Matched,Intersection,30447.0,8TH AVE S AND S DEARBORN ST,,,2,Injury Collision,Cycles,2,0,1,1,1,0,0,2009-08-03T00:00:00.000Z,8/3/2009,At Intersection (intersection related),18,"MOTOR VEHICLE STRUCK PEDALCYCLIST, FRONT END AT ANGLE",,0,Clear or Partly Cloudy,Dry,Daylight,Y,9215004.0,,45.0,Vehicle - Pedalcyclist,5851,0,N,POINT (1273019.573044375 220895.8416862488),3274.0,0.0,Clear or Partly Cloudy,2009-08-03,00:00:00,,0,1,,Clear or Partly Cloudy
81400,97217,97217,2906499,Matched,Intersection,29740.0,12TH AVE AND E PINE ST,,,2,Injury Collision,Cycles,2,0,1,1,1,0,0,2009-07-29T00:00:00.000Z,7/29/2009 12:14:00 PM,At Intersection (intersection related),51,PEDALCYCLIST STRUCK MOTOR VEHICLE FRONT END AT ANGLE,,0,Clear or Partly Cloudy,Dry,Daylight,,9210002.0,,45.0,Vehicle - Pedalcyclist,10828,0,N,POINT (1274538.779701918 227956.2146854848),3935.0,0.0,Clear or Partly Cloudy,2009-07-29,12:14:00,12.0,2,1,0.0,Clear or Partly Cloudy
81402,97216,97216,3210146,Matched,Block,,25TH AVE NE BETWEEN NE 70TH ST AND NE 74TH ST,,,2,Injury Collision,Cycles,3,0,1,1,1,0,0,2009-07-23T00:00:00.000Z,7/23/2009 5:45:00 PM,Mid-Block (not related to intersection),23,"MOTOR VEHICLE STRUCK PEDALCYCLIST, LEFT SIDE SIDESWIPE",,0,Clear or Partly Cloudy,Dry,Daylight,,9204037.0,,45.0,Vehicle - Pedalcyclist,18762,0,N,POINT (1278978.009402469 251750.321525842),2622.0,2.7549305070906023e-05,Clear or Partly Cloudy,2009-07-23,17:45:00,17.0,3,1,1.0,Clear or Partly Cloudy
81407,96679,96679,2896506,Matched,Intersection,32825.0,CALIFORNIA AVE SW AND SW RAYMOND ST,,,2,Injury Collision,Cycles,2,0,1,1,1,0,0,2009-05-20T00:00:00.000Z,5/20/2009 4:29:00 PM,At Intersection (intersection related),18,"MOTOR VEHICLE STRUCK PEDALCYCLIST, FRONT END AT ANGLE",,0,Clear or Partly Cloudy,Dry,Daylight,,9140025.0,,45.0,Vehicle - Pedalcyclist,2574,0,N,POINT (1256714.041123673 203947.0626609027),658.0,0.0,Clear or Partly Cloudy,2009-05-20,16:29:00,16.0,2,1,1.0,Clear or Partly Cloudy