OBJECTID,INCKEY,COLDETKEY,REPORTNO,STATUS,ADDRTYPE,INTKEY,LOCATION,EXCEPTRSNC,EXCEPTRSND,SEVERITYCO,SEVERITYDE,COLLISIONT,PERSONCOUN,PEDCOUNT,PEDCYLCOUN,VEHCOUNT,INJURIES,SERIOUSINJ,FATALITIES,INCDATE,INCDTTM,JUNCTIONTY,SDOT_COLCO,SDOT_COLDE,INATTENTIO,UNDERINFL,WEATHER,ROADCOND,LIGHTCOND,PEDROWNOTG,SDOTCOLNUM,SPEEDING,ST_COLCODE,ST_COLDESC,SEGLANEKEY,CROSSWALKK,HITPARKEDC,geometry,near_str_index,min_length,weather_group,date,time,hour,dayofweek,weekday,rushhour,weather_group2
81429,95622,95622,3295733,Matched,Block,,DELRIDGE WAY SW BETWEEN SW HOLDEN ST AND SW KENYON ST,,,2b,Serious Injury Collision,Cycles,1,0,1,0,1,1,0,2009-08-18T00:00:00.000Z,8/18/2009 6:11:00 AM,Mid-Block (not related to intersection),18,"MOTOR VEHICLE STRUCK PEDALCYCLIST, FRONT END AT ANGLE",,0,Clear or Partly Cloudy,Dry,Daylight,,9230002.0,,45.0,Vehicle - Pedalcyclist,40050,0,N,POINT (1263195.330794305 198086.6700788885),689.0,2.8723996178469067e-05,Clear or Partly Cloudy,2009-08-18,06:11:00,6.0,1,1,0.0,Clear or Partly Cloudy
81455,95494,95494,2796602,Matched,Intersection,32143.0,SW AVALON WAY AND SW GENESEE ST,,,2,Injury Collision,Cycles,3,0,1,1,1,0,0,2009-07-30T00:00:00.000Z,7/30/2009 7:14:00 PM,At Intersection (intersection related),51,PEDALCYCLIST STRUCK MOTOR VEHICLE FRONT END AT ANGLE,Y,0,Clear or Partly Cloudy,Dry,Daylight,,9211005.0,,45.0,Vehicle - Pedalcyclist,3521,0,N,POINT (1260432.238119483 209771.6087148637),11624.0,0.0,Clear or Partly Cloudy,2009-07-30,19:14:00,19.0,3,1,1.0,Clear or Partly Cloudy
81467,97501,97501,2882248,Matched,Intersection,29863.0,MELROSE AVE AND PINE ST,,,1,Property Damage Only Collision,Cycles,3,0,1,1,0,0,0,2009-02-22T00:00:00.000Z,2/22/2009 2:25:00 PM,At Intersection (intersection related),18,"MOTOR VEHICLE STRUCK PEDALCYCLIST, FRONT END AT ANGLE",,0,Clear or Partly Cloudy,Dry,Daylight,Y,9053019.0,,45.0,Vehicle - Pedalcyclist,10336,0,N,POINT (1271813.802035138 227999.6394535303),897.0,0.0,Clear or Partly Cloudy,2009-02-22,14:25:00,14.0,6,0,0.0,Clear or Partly Cloudy
81475,97221,97221,3205940,Matched,Intersection,287164.0,30TH AVE NE AND BURKE GILMAN TRL,,,1,Property Damage Only Collision,Cycles,2,0,1,1,0,0,0,2009-08-02T00:00:00.000Z,8/2/2009,At Intersection (intersection related),18,"MOTOR VEHICLE STRUCK PEDALCYCLIST, FRONT END AT ANGLE",,0,Clear or Partly Cloudy,Dry,Daylight,,9214025.0,,45.0,Vehicle - Pedalcyclist,0,525568,N,POINT (1280116.486459643 245793.1419357508),4875.0,0.0,Clear or Partly Cloudy,2009-08-02,00:00:00,,6,0,,Clear or Partly Cloudy
81513,96017,96017,3210690,Matched,Intersection,24495.0,8TH AVE NE AND NE 65TH ST,,,2,Injury Collision,Cycles,2,0,1,1,1,0,0,2009-02-23T00:00:00.000Z,2/23/2009 5:30:00 AM,At Intersection (intersection related),18,"MOTOR VEHICLE STRUCK PEDALCYCLIST, FRONT END AT ANGLE",,0,Raining,Wet,Dark - Street Lights On,Y,9054002.0,,45.0,Vehicle - Pedalcyclist,29220,0,N,POINT (1274176.864821553 250067.7923081219),3255.0,0.0,Raining,2009-02-23,05:30:00,5.0,0,1,0.0,Raining
81572,95884,95884,2905343,Matched,Intersection,24387.0,15TH AVE NE AND LAKE CITY WAY NE,,,2,Injury Collision,Cycles,2,0,1,1,1,0,0,2009-01-29T00:00:00.000Z,1/29/2009 6:47:00 AM,At Intersection (intersection related),51,PEDALCYCLIST STRUCK MOTOR VEHICLE FRONT END AT ANGLE,,0,Overcast,Dry,Dark - Street Lights On,,9029016.0,,45.0,Vehicle - Pedalcyclist,27819,0,N,POINT (1276199.661111623 254284.3631924391),2392.0,0.0,Overcast,2009-01-29,06:47:00,6.0,3,1,0.0,Clear or Partly Cloudy
81575,95883,95883,2905711,Matched,Block,,NW 85TH ST BETWEEN 14TH AVE NW AND MARY AVE NW,,,2b,Serious Injury Collision,Cycles,2,0,1,1,1,1,0,2009-01-28T00:00:00.000Z,1/28/2009 4:25:00 PM,Driveway Junction,18,"MOTOR VEHICLE STRUCK PEDALCYCLIST, FRONT END AT ANGLE",Y,0,Clear or Partly Cloudy,Dry,Daylight,,9028003.0,,45.0,Vehicle - Pedalcyclist,0,0,N,POINT (1260803.87075986 255718.0177219063),18299.0,7.449886967768735e-09,Clear or Partly Cloudy,2009-01-28,16:25:00,16.0,2,1,1.0,Clear or Partly Cloudy
81621,97518,97518,3199481,Matched,Intersection,29805.0,14TH AVE AND E JEFFERSON ST,,,2,Injury Collision,Cycles,3,0,1,1,1,0,0,2009-07-27T00:00:00.000Z,7/27/2009 10:52:00 PM,At Intersection (intersection related),18,"MOTOR VEHICLE STRUCK PEDALCYCLIST, FRONT END AT ANGLE",,0,Clear or Partly Cloudy,Dry,Dark - Street Lights On,,9208004.0,,45.0,Vehicle - Pedalcyclist,35463,0,N,POINT (1275138.167862535 224634.9167620838),1103.0,0.0,Clear or Partly Cloudy,2009-07-27,22:52:00,22.0,0,1,0.0,Clear or Partly Cloudy
81650,96829,96829,3198893,Matched,Intersection,287145.0,BURKE GILMAN TRL AND NW 41ST ST,,,1,Property Damage Only Collision,Cycles,2,0,1,1,0,0,0,2009-07-23T00:00:00.000Z,7/23/2009 2:50:00 PM,At Intersection (intersection related),18,"MOTOR VEHICLE STRUCK PEDALCYCLIST, FRONT END AT ANGLE",,0,Clear or Partly Cloudy,Dry,Daylight,,9204026.0,,45.0,Vehicle - Pedalcyclist,0,525277,N,POINT (1263230.42487435 243379.3082052767),11615.0,0.0,Clear or Partly Cloudy,2009-07-23,14:50:00,14.0,3,1,0.0,Clear or Partly Cloudy
81675,97366,97366,3285629,Matched,Intersection,31402.0,M L KING JR WAY S AND S MASSACHUSETTS ST,,,1,Property Damage Only Collision,Cycles,2,0,1,1,0,0,0,2009-06-17T00:00:00.000Z,6/17/2009 3:27:00 PM,At Intersection (intersection related),18,"MOTOR VEHICLE STRUCK PEDALCYCLIST, FRONT END AT ANGLE",,0,Overcast,Dry,Daylight,Y,9168005.0,,45.0,Vehicle - Pedalcyclist,0,524937,N,POINT (1278988.585274488 218037.9769793302),7803.0,0.0,Overcast,2009-06-17,15:27:00,15.0,2,1,1.0,Clear or Partly Cloudy
81709,95638,95638,3207402,Matched,Block,,LAKESIDE AVE S BETWEEN E YESLER WAY AND S LESCHI PL,,,2,Injury Collision,Cycles,2,0,1,1,1,0,0,2009-08-21T00:00:00.000Z,8/21/2009 1:37:00 PM,Mid-Block (not related to intersection),56,PEDALCYCLIST STRUCK MOTOR VEHICLE LEFT SIDE SIDESWIPE,,0,Clear or Partly Cloudy,Dry,Daylight,Y,9233005.0,,45.0,Vehicle - Pedalcyclist,35089,0,N,POINT (1282117.275005683 222472.2930158675),11113.0,2.091763646502596e-05,Clear or Partly Cloudy,2009-08-21,13:37:00,13.0,4,1,0.0,Clear or Partly Cloudy
81740,95894,95894,3327011,Matched,Block,,DENNY WAY BETWEEN QUEEN ANNE AVE N AND 1ST AVE,,,2,Injury Collision,Cycles,2,0,1,1,1,0,0,2009-08-27T00:00:00.000Z,8/27/2009 4:05:00 PM,Driveway Junction,18,"MOTOR VEHICLE STRUCK PEDALCYCLIST, FRONT END AT ANGLE",,0,Clear or Partly Cloudy,Dry,Daylight,,9239031.0,,45.0,Vehicle - Pedalcyclist,20122,0,N,POINT (1264883.350636035 229363.6142389178),11073.0,3.0386927963207347e-05,Clear or Partly Cloudy,2009-08-27,16:05:00,16.0,3,1,1.0,Clear or Partly Cloudy
81773,96298,96298,3286401,Matched,Block,,6TH AVE BETWEEN UNION ST AND PIKE ST,,,1,Property Damage Only Collision,Cycles,2,0,1,1,0,0,0,2009-02-22T00:00:00.000Z,2/22/2009 12:40:00 PM,Driveway Junction,18,"MOTOR VEHICLE STRUCK PEDALCYCLIST, FRONT END AT ANGLE",,0,Raining,Wet,Daylight,Y,9053003.0,,45.0,Vehicle - Pedalcyclist,25506,0,N,POINT (1270275.26206556 226354.0820758343),16633.0,1.8375361273531057e-06,Raining,2009-02-22,12:40:00,12.0,6,0,0.0,Raining
81857,96035,96035,3200732,Matched,Intersection,28680.0,ELLIOTT AVE W AND W GALER ST,,,1,Property Damage Only Collision,Cycles,2,0,1,1,0,0,0,2009-07-17T00:00:00.000Z,7/17/2009 2:49:00 PM,At Intersection (intersection related),18,"MOTOR VEHICLE STRUCK PEDALCYCLIST, FRONT END AT ANGLE",,0,Clear or Partly Cloudy,Dry,Daylight,Y,9198007.0,,45.0,Vehicle - Pedalcyclist,0,630874,N,POINT (1260163.623463199 234436.8585321158),9473.0,0.0,Clear or Partly Cloudy,2009-07-17,14:49:00,14.0,4,1,0.0,Clear or Partly Cloudy
81878,95780,95780,3280413,Matched,Block,,DAYTON AVE N BETWEEN N 36TH ST AND N 39TH E ST,,,2,Injury Collision,Cycles,2,0,1,1,1,0,0,2009-04-04T00:00:00.000Z,4/4/2009,Driveway Junction,18,"MOTOR VEHICLE STRUCK PEDALCYCLIST, FRONT END AT ANGLE",,0,Clear or Partly Cloudy,Dry,Daylight,Y,9094005.0,,45.0,Vehicle - Pedalcyclist,0,0,N,POINT (1266056.198509246 241871.7122997344),9749.0,2.1946287607007918e-05,Clear or Partly Cloudy,2009-04-04,00:00:00,,5,0,,Clear or Partly Cloudy
81882,96310,96310,3327906,Matched,Intersection,25459.0,14TH AVE NW AND NW 46TH ST,,,2,Injury Collision,Cycles,2,0,1,1,1,0,0,2009-09-16T00:00:00.000Z,9/16/2009 6:40:00 PM,At Intersection (intersection related),18,"MOTOR VEHICLE STRUCK PEDALCYCLIST, FRONT END AT ANGLE",,0,Overcast,Wet,Dusk,,9259015.0,,45.0,Vehicle - Pedalcyclist,26604,0,N,POINT (1260889.284135953 245349.22231929),5075.0,0.0,Overcast,2009-09-16,18:40:00,18.0,2,1,1.0,Clear or Partly Cloudy
81915,96982,96982,3295732,Matched,Intersection,31000.0,CALIFORNIA WAY SW AND HARBOR AVE SW,,,2,Injury Collision,Cycles,2,0,1,1,1,0,0,2009-08-16T00:00:00.000Z,8/16/2009 2:52:00 PM,At Intersection (intersection related),18,"MOTOR VEHICLE STRUCK PEDALCYCLIST, FRONT END AT ANGLE",,0,Clear or Partly Cloudy,Dry,Daylight,Y,9228018.0,,45.0,Vehicle - Pedalcyclist,4109,0,N,POINT (1258401.236773401 218876.2133961767),6404.0,0.0,Clear or Partly Cloudy,2009-08-16,14:52:00,14.0,6,0,0.0,Clear or Partly Cloudy
81924,96846,96846,3333482,Matched,Intersection,25952.0,30TH AVE NE AND NE 50TH ST,,,2,Injury Collision,Cycles,2,0,1,1,1,0,0,2009-12-16T00:00:00.000Z,12/16/2009 6:12:00 PM,At Intersection (intersection related),51,PEDALCYCLIST STRUCK MOTOR VEHICLE FRONT END AT ANGLE,Y,0,Raining,Wet,Dark - Street Lights On,Y,9350031.0,,45.0,Vehicle - Pedalcyclist,31868,0,N,POINT (1280118.94789964 245952.1460959166),1411.0,0.0,Raining,2009-12-16,18:12:00,18.0,2,1,1.0,Raining
81942,96984,96984,3208241,Matched,Intersection,27760.0,1ST AVE W AND W FLORENTIA ST,,,2,Injury Collision,Cycles,4,0,1,2,1,0,0,2009-08-20T00:00:00.000Z,8/20/2009 3:27:00 PM,At Intersection (intersection related),51,PEDALCYCLIST STRUCK MOTOR VEHICLE FRONT END AT ANGLE,,0,Clear or Partly Cloudy,Dry,Daylight,Y,9232002.0,,45.0,Vehicle - Pedalcyclist,34754,0,N,POINT (1264574.382891715 239690.5844894946),8147.0,0.0,Clear or Partly Cloudy,2009-08-20,15:27:00,15.0,3,1,1.0,Clear or Partly Cloudy
82051,96719,96719,2894475,Matched,Intersection,35572.0,LAKE WASHINGTON BLVD S AND S ADAMS ST,,,1,Property Damage Only Collision,Cycles,2,0,1,1,0,0,0,2009-02-07T00:00:00.000Z,2/7/2009,At Intersection (intersection related),51,PEDALCYCLIST STRUCK MOTOR VEHICLE FRONT END AT ANGLE,,0,Overcast,Dry,Daylight,,9038018.0,,45.0,Vehicle - Pedalcyclist,38132,0,N,POINT (1286257.364801928 209506.7969385833),16073.0,0.0,Overcast,2009-02-07,00:00:00,,5,0,,Clear or Partly Cloudy
82076,97577,97577,3206556,Matched,Intersection,23843.0,34TH AVE NW AND NW 68TH ST,,,2,Injury Collision,Cycles,2,0,1,1,1,0,0,2009-05-24T00:00:00.000Z,5/24/2009 9:09:00 AM,At Intersection (intersection related),51,PEDALCYCLIST STRUCK MOTOR VEHICLE FRONT END AT ANGLE,,0,Clear or Partly Cloudy,Dry,Daylight,Y,9144010.0,,45.0,Vehicle - Pedalcyclist,26276,0,N,POINT (1254233.07113713 251327.7045014203),330.0,0.0,Clear or Partly Cloudy,2009-05-24,09:09:00,9.0,6,0,1.0,Clear or Partly Cloudy
82077,97260,97260,3206424,Matched,Intersection,27077.0,UNIVERSITY WAY NE AND NE 43RD ST,,,2,Injury Collision,Cycles,3,1,2,0,1,0,0,2009-05-13T00:00:00.000Z,5/13/2009 1:40:00 PM,At Intersection (intersection related),64,PEDALCYCLIST STRUCK PEDESTRIAN,,0,Raining,Wet,Daylight,,9133009.0,,45.0,Vehicle - Pedalcyclist,5653,522426,N,POINT (1275760.030775174 244179.1487180889),998.0,0.0,Raining,2009-05-13,13:40:00,13.0,2,1,0.0,Raining
82123,95792,95792,3277565,Matched,Intersection,26276.0,SAND POINT WAY NE AND NE 65TH ST,,,1,Property Damage Only Collision,Cycles,2,0,1,1,0,0,0,2009-07-20T00:00:00.000Z,7/20/2009 9:58:00 PM,At Intersection (intersection related),18,"MOTOR VEHICLE STRUCK PEDALCYCLIST, FRONT END AT ANGLE",,0,Clear or Partly Cloudy,Dry,Dusk,Y,9201024.0,,45.0,Vehicle - Pedalcyclist,0,525666,N,POINT (1288094.681155801 249756.6842118055),10384.0,0.0,Clear or Partly Cloudy,2009-07-20,21:58:00,21.0,0,1,0.0,Clear or Partly Cloudy
82127,95538,95538,3328806,Matched,Intersection,29593.0,1ST AVE AND PIKE ST,,,2b,Serious Injury Collision,Cycles,2,1,1,0,1,1,0,2009-11-13T00:00:00.000Z,11/13/2009 6:39:00 PM,At Intersection (intersection related),64,PEDALCYCLIST STRUCK PEDESTRIAN,,0,Overcast,Dry,Dark - Street Lights On,Y,9317042.0,,45.0,Vehicle - Pedalcyclist,36657,0,N,POINT (1268781.771056026 225717.4590991884),1.0,0.0,Overcast,2009-11-13,18:39:00,18.0,4,1,1.0,Clear or Partly Cloudy
82130,95918,95918,2611619,Matched,Intersection,26070.0,19TH AVE NE AND NE 47TH ST,,,2,Injury Collision,Cycles,4,0,1,1,1,0,0,2009-10-15T00:00:00.000Z,10/15/2009 4:40:00 PM,At Intersection (intersection related),51,PEDALCYCLIST STRUCK MOTOR VEHICLE FRONT END AT ANGLE,,0,Raining,Wet,Daylight,,9288001.0,,45.0,Vehicle - Pedalcyclist,0,0,N,POINT (1277248.866360694 245338.3456472754),1406.0,0.0,Raining,2009-10-15,16:40:00,16.0,3,1,1.0,Raining
82168,96325,96325,3332919,Matched,Block,,NE 70TH ST BETWEEN 19TH AVE NE AND 20TH AVE NE,,,2,Injury Collision,Cycles,2,0,1,1,1,0,0,2009-11-03T00:00:00.000Z,11/3/2009,Mid-Block (not related to intersection),51,PEDALCYCLIST STRUCK MOTOR VEHICLE FRONT END AT ANGLE,,0,Clear or Partly Cloudy,Dry,Daylight,Y,9307008.0,,45.0,Vehicle - Pedalcyclist,0,0,N,POINT (1277376.911864832 251314.3983893991),22738.0,1.1163076172800814e-05,Clear or Partly Cloudy,2009-11-03,00:00:00,,1,1,,Clear or Partly Cloudy
82194,96997,96997,3206530,Matched,Block,,ROOSEVELT WAY NE BETWEEN NE 47TH ST AND NE 50TH ST,,,2,Injury Collision,Cycles,3,0,1,1,1,0,0,2009-05-20T00:00:00.000Z,5/20/2009 8:49:00 PM,Driveway Junction,51,PEDALCYCLIST STRUCK MOTOR VEHICLE FRONT END AT ANGLE,,0,Clear or Partly Cloudy,Dry,Dusk,,9140002.0,,45.0,Vehicle - Pedalcyclist,9118,0,N,POINT (1274743.822390139 245742.8497117013),13341.0,1.9798688392947268e-10,Clear or Partly Cloudy,2009-05-20,20:49:00,20.0,2,1,0.0,Clear or Partly Cloudy
82214,97608,97608,3285031,Matched,Intersection,33340.0,17TH AVE S AND S DAWSON ST,,,2,Injury Collision,Cycles,2,0,1,1,1,0,0,2009-06-23T00:00:00.000Z,6/23/2009 3:45:00 PM,At Intersection (intersection related),18,"MOTOR VEHICLE STRUCK PEDALCYCLIST, FRONT END AT ANGLE",,0,Clear or Partly Cloudy,Dry,Daylight,,9174002.0,,45.0,Vehicle - Pedalcyclist,0,0,N,POINT (1275683.0346791 206169.9708231688),1727.0,0.0,Clear or Partly Cloudy,2009-06-23,15:45:00,15.0,1,1,1.0,Clear or Partly Cloudy
82222,97269,97269,3206283,Matched,Intersection,25416.0,15TH AVE NW AND NW MARKET ST,,,2,Injury Collision,Cycles,3,0,1,1,1,0,0,2009-12-09T00:00:00.000Z,12/9/2009,At Intersection (intersection related),18,"MOTOR VEHICLE STRUCK PEDALCYCLIST, FRONT END AT ANGLE",,0,Clear or Partly Cloudy,Dry,Daylight,Y,9343003.0,,45.0,Vehicle - Pedalcyclist,0,525122,N,POINT (1260291.29962334 247719.7280497253),2397.0,0.0,Clear or Partly Cloudy,2009-12-09,00:00:00,,2,1,,Clear or Partly Cloudy
82235,97407,97407,2905900,Matched,Intersection,25940.0,25TH AVE NE AND NE 54TH ST,,,2,Injury Collision,Cycles,2,0,1,1,1,0,0,2009-03-19T00:00:00.000Z,3/19/2009 6:10:00 AM,At Intersection (intersection related),51,PEDALCYCLIST STRUCK MOTOR VEHICLE FRONT END AT ANGLE,,0,Raining,Wet,Dark - Street Lights On,Y,9078035.0,,45.0,Vehicle - Pedalcyclist,18812,0,N,POINT (1278909.645370394 247104.3432170898),210.0,0.0,Raining,2009-03-19,06:10:00,6.0,3,1,0.0,Raining
82243,95545,95545,3208335,Matched,Block,,NE 45TH ST BETWEEN 2ND AVE NE AND THACKERAY PL NE,,,2b,Serious Injury Collision,Cycles,2,0,1,1,1,1,0,2009-08-06T00:00:00.000Z,8/6/2009,Driveway Junction,51,PEDALCYCLIST STRUCK MOTOR VEHICLE FRONT END AT ANGLE,,0,Clear or Partly Cloudy,Dry,Daylight,Y,9218002.0,,45.0,Vehicle - Pedalcyclist,6536,0,N,POINT (1272433.439155772 244811.4479827434),9906.0,4.418045119863796e-06,Clear or Partly Cloudy,2009-08-06,00:00:00,,3,1,,Clear or Partly Cloudy
82265,95673,95673,3273994,Matched,Intersection,28320.0,EASTLAKE AVE E AND E NEWTON ST,,,2,Injury Collision,Cycles,2,0,1,1,1,0,0,2009-01-30T00:00:00.000Z,1/30/2009 8:12:00 PM,At Intersection (intersection related),18,"MOTOR VEHICLE STRUCK PEDALCYCLIST, FRONT END AT ANGLE",,0,Raining,Wet,Dark - Street Lights On,Y,9030007.0,,45.0,Vehicle - Pedalcyclist,24761,0,N,POINT (1272460.489011794 235841.2622455508),3502.0,0.0,Raining,2009-01-30,20:12:00,20.0,4,1,0.0,Raining
82269,95552,95552,3284695,Matched,Intersection,27782.0,QUEEN ANNE AVE N AND RAYE ST,,,2,Injury Collision,Cycles,2,0,1,1,1,0,0,2009-01-15T00:00:00.000Z,1/15/2009 7:40:00 AM,At Intersection (intersection related),23,"MOTOR VEHICLE STRUCK PEDALCYCLIST, LEFT SIDE SIDESWIPE",,0,Clear or Partly Cloudy,Dry,Daylight,Y,9015023.0,,45.0,Vehicle - Pedalcyclist,0,0,N,POINT (1264868.703532025 238351.8803601265),3715.0,0.0,Clear or Partly Cloudy,2009-01-15,07:40:00,7.0,3,1,1.0,Clear or Partly Cloudy
82315,96064,96064,3283607,Matched,Block,,YESLER WAY BETWEEN 8TH AVE AND BROADWAY,,,2,Injury Collision,Cycles,2,0,1,1,1,0,0,2009-07-22T00:00:00.000Z,7/22/2009 7:37:00 PM,Mid-Block (not related to intersection),56,PEDALCYCLIST STRUCK MOTOR VEHICLE LEFT SIDE SIDESWIPE,,0,Overcast,Dry,Daylight,,9203007.0,,45.0,Vehicle - Pedalcyclist,9982,0,N,POINT (1273274.754868627 223032.7511284351),19067.0,7.448771059249651e-09,Overcast,2009-07-22,19:37:00,19.0,2,1,1.0,Clear or Partly Cloudy
82397,95937,95937,2804294,Matched,Block,,MARION ST BETWEEN 3RD AVE AND 4TH AVE,,,1,Property Damage Only Collision,Cycles,2,0,1,1,0,0,0,2009-04-01T00:00:00.000Z,4/1/2009,Driveway Junction,18,"MOTOR VEHICLE STRUCK PEDALCYCLIST, FRONT END AT ANGLE",,0,Raining,Wet,Daylight,Y,9091003.0,,45.0,Vehicle - Pedalcyclist,0,0,N,POINT (1270531.820593819 224341.2018177807),13770.0,3.791723969818362e-09,Raining,2009-04-01,00:00:00,,2,1,,Raining
82493,96880,96880,3286892,Matched,Intersection,25405.0,14TH AVE NW AND NW 58TH ST,,,2b,Serious Injury Collision,Cycles,2,0,1,1,1,1,0,2009-08-03T00:00:00.000Z,8/3/2009,At Intersection (intersection related),18,"MOTOR VEHICLE STRUCK PEDALCYCLIST, FRONT END AT ANGLE",,0,Clear or Partly Cloudy,Dry,Daylight,,9215003.0,,45.0,Vehicle - Pedalcyclist,0,0,N,POINT (1260956.093224019 248521.0124025345),68.0,0.0,Clear or Partly Cloudy,2009-08-03,00:00:00,,0,1,,Clear or Partly Cloudy
82497,97146,97146,2894323,Matched,Block,,RAINIER AVE S BETWEEN S NORFOLK ST AND S COOPER ST,,,2,Injury Collision,Cycles,2,0,1,1,1,0,0,2009-07-13T00:00:00.000Z,7/13/2009 6:54:00 PM,Mid-Block (not related to intersection),21,"MOTOR VEHICLE STRUCK PEDALCYCLIST, REAR END",,0,Clear or Partly Cloudy,Dry,Daylight,,9194001.0,Y,45.0,Vehicle - Pedalcyclist,5023,0,N,POINT (1289988.496197745 190726.2202793658),13470.0,4.817814517082986e-09,Clear or Partly Cloudy,2009-07-13,18:54:00,18.0,0,1,1.0,Clear or Partly Cloudy
82540,96356,96356,3333601,Matched,Intersection,27078.0,15TH AVE NE AND NE 43RD ST,,,2,Injury Collision,Cycles,2,0,1,1,1,0,0,2009-12-26T00:00:00.000Z,12/26/2009 12:04:00 PM,At Intersection (intersection related),18,"MOTOR VEHICLE STRUCK PEDALCYCLIST, FRONT END AT ANGLE",,0,Clear or Partly Cloudy,Dry,Daylight,,9360012.0,,45.0,Vehicle - Pedalcyclist,0,520848,N,POINT (1276039.793975458 244168.7922380865),10523.0,0.0,Clear or Partly Cloudy,2009-12-26,12:04:00,12.0,5,0,0.0,Clear or Partly Cloudy
82623,97292,97292,2896999,Matched,Intersection,25949.0,25TH AVE NE AND NE BLAKELEY ST,,,2,Injury Collision,Cycles,2,0,1,1,2,0,0,2009-12-16T00:00:00.000Z,12/16/2009 10:31:00 AM,At Intersection (intersection related),18,"MOTOR VEHICLE STRUCK PEDALCYCLIST, FRONT END AT ANGLE",,0,Raining,Wet,Daylight,,9350022.0,,45.0,Vehicle - Pedalcyclist,0,521604,N,POINT (1278900.484922394 246480.058544457),210.0,0.0,Raining,2009-12-16,10:31:00,10.0,2,1,0.0,Raining
82692,95699,95699,2612756,Matched,Intersection,29862.0,BELLEVUE AVE AND E PINE ST,,,2,Injury Collision,Cycles,2,0,1,1,1,0,0,2009-04-04T00:00:00.000Z,4/4/2009,At Intersection (intersection related),18,"MOTOR VEHICLE STRUCK PEDALCYCLIST, FRONT END AT ANGLE",,0,Clear or Partly Cloudy,Dry,Daylight,Y,9094002.0,,45.0,Vehicle - Pedalcyclist,10342,0,N,POINT (1272084.808499411 227986.9833255112),633.0,0.0,Clear or Partly Cloudy,2009-04-04,00:00:00,,5,0,,Clear or Partly Cloudy
82694,96494,96494,3289608,Matched,Block,,WALL ST BETWEEN 3RD AVE AND 4TH AVE,,,2,Injury Collision,Cycles,2,0,1,1,1,0,0,2009-07-17T00:00:00.000Z,7/17/2009 8:32:00 AM,Driveway Junction,18,"MOTOR VEHICLE STRUCK PEDALCYCLIST, FRONT END AT ANGLE",,0,Clear or Partly Cloudy,Dry,Daylight,,9198004.0,,45.0,Vehicle - Pedalcyclist,0,0,N,POINT (1267211.51313442 228498.1628460437),13147.0,5.008416486269834e-09,Clear or Partly Cloudy,2009-07-17,08:32:00,8.0,4,1,1.0,Clear or Partly Cloudy
82732,97033,97033,3210658,Matched,Intersection,25175.0,BALLARD AVE NW AND NW IONE PL,,,2,Injury Collision,Cycles,2,0,1,1,1,0,0,2009-03-20T00:00:00.000Z,3/20/2009 5:00:00 PM,At Intersection (intersection related),18,"MOTOR VEHICLE STRUCK PEDALCYCLIST, FRONT END AT ANGLE",Y,0,Overcast,Wet,Daylight,Y,9079008.0,,45.0,Vehicle - Pedalcyclist,26309,0,N,POINT (1258923.144741938 246447.6356324106),3352.0,0.0,Overcast,2009-03-20,17:00:00,17.0,4,1,1.0,Clear or Partly Cloudy
82781,95584,95584,3284328,Matched,Block,,MERIDIAN AVE N BETWEEN N 120TH ST AND N 122ND ST,,,2,Injury Collision,Cycles,2,0,1,1,1,0,0,2009-06-18T00:00:00.000Z,6/18/2009 4:56:00 PM,Mid-Block (but intersection related),51,PEDALCYCLIST STRUCK MOTOR VEHICLE FRONT END AT ANGLE,Y,0,Clear or Partly Cloudy,Dry,Daylight,,9169005.0,,45.0,Vehicle - Pedalcyclist,32297,0,N,POINT (1271000.552882299 264968.2021153867),17981.0,6.743850579919361e-06,Clear or Partly Cloudy,2009-06-18,16:56:00,16.0,3,1,1.0,Clear or Partly Cloudy
82817,95958,95958,3282713,Matched,Block,,BOYLSTON AVE E BETWEEN LAKEVIEW N BV E AND E BOSTON ST,,,1,Property Damage Only Collision,Cycles,2,0,1,1,0,0,0,2009-07-07T00:00:00.000Z,7/7/2009,Mid-Block (not related to intersection),23,"MOTOR VEHICLE STRUCK PEDALCYCLIST, LEFT SIDE SIDESWIPE",,0,Clear or Partly Cloudy,Dry,Daylight,Y,9188010.0,,45.0,Vehicle - Pedalcyclist,37363,0,N,POINT (1273065.536052421 236107.1388538331),21780.0,0.0,Clear or Partly Cloudy,2009-07-07,00:00:00,,1,1,,Clear or Partly Cloudy
82839,96640,96640,3207416,Matched,Intersection,29068.0,BROADWAY AND E DENNY WAY,,,2,Injury Collision,Cycles,2,0,1,1,1,0,0,2009-10-07T00:00:00.000Z,10/7/2009,At Intersection (intersection related),18,"MOTOR VEHICLE STRUCK PEDALCYCLIST, FRONT END AT ANGLE",,0,Clear or Partly Cloudy,Dry,Dawn,Y,9280012.0,,45.0,Vehicle - Pedalcyclist,6813,0,N,POINT (1273576.816436946 229242.8036147952),650.0,0.0,Clear or Partly Cloudy,2009-10-07,00:00:00,,2,1,,Clear or Partly Cloudy