OBJECTID,INCKEY,COLDETKEY,REPORTNO,STATUS,ADDRTYPE,INTKEY,LOCATION,EXCEPTRSNC,EXCEPTRSND,SEVERITYCO,SEVERITYDE,COLLISIONT,PERSONCOUN,PEDCOUNT,PEDCYLCOUN,VEHCOUNT,INJURIES,SERIOUSINJ,FATALITIES,INCDATE,INCDTTM,JUNCTIONTY,SDOT_COLCO,SDOT_COLDE,INATTENTIO,UNDERINFL,WEATHER,ROADCOND,LIGHTCOND,PEDROWNOTG,SDOTCOLNUM,SPEEDING,ST_COLCODE,ST_COLDESC,SEGLANEKEY,CROSSWALKK,HITPARKEDC,geometry,near_str_index,min_length,weather_group,date,time,hour,dayofweek,weekday,rushhour,weather_group2
82873,96771,96771,3208154,Matched,Intersection,29809.0,12TH AVE AND E JEFFERSON ST,,,2,Injury Collision,Cycles,2,0,1,1,1,0,0,2009-04-07T00:00:00.000Z,4/7/2009,At Intersection (intersection related),18,"MOTOR VEHICLE STRUCK PEDALCYCLIST, FRONT END AT ANGLE",,0,Clear or Partly Cloudy,Dry,Dark - Street Lights On,,9097040.0,Y,45.0,Vehicle - Pedalcyclist,10635,0,N,POINT (1274493.248053879 224651.3819140941),2320.0,0.0,Clear or Partly Cloudy,2009-04-07,00:00:00,,1,1,,Clear or Partly Cloudy
82916,95715,95715,3326076,Matched,Intersection,29816.0,JEFFERSON ST AND TERRY AVE,,,2,Injury Collision,Cycles,2,0,1,1,1,0,0,2009-10-07T00:00:00.000Z,10/7/2009,At Intersection (intersection related),18,"MOTOR VEHICLE STRUCK PEDALCYCLIST, FRONT END AT ANGLE",,0,Clear or Partly Cloudy,Dry,Dawn,Y,9280032.0,,45.0,Vehicle - Pedalcyclist,10440,0,N,POINT (1272955.572788298 224353.273753792),13805.0,0.0,Clear or Partly Cloudy,2009-10-07,00:00:00,,2,1,,Clear or Partly Cloudy
82926,96108,96108,3211187,Matched,Block,,BEACON AVE S BETWEEN S WALKER ST AND 13TH AVE S,,,2b,Serious Injury Collision,Cycles,2,1,1,0,2,1,0,2009-11-03T00:00:00.000Z,11/3/2009,Mid-Block (not related to intersection),64,PEDALCYCLIST STRUCK PEDESTRIAN,,0,Clear or Partly Cloudy,Dry,Dusk,,9307011.0,,45.0,Vehicle - Pedalcyclist,30923,0,N,POINT (1274359.578613743 216144.6284973919),6163.0,1.3791461986815686e-05,Clear or Partly Cloudy,2009-11-03,00:00:00,,1,1,,Clear or Partly Cloudy
83002,96916,96916,3333528,Matched,Intersection,26052.0,15TH AVE NE AND NE 50TH ST,,,2,Injury Collision,Cycles,2,0,1,1,1,0,0,2009-12-11T00:00:00.000Z,12/11/2009 5:43:00 PM,At Intersection (intersection related),51,PEDALCYCLIST STRUCK MOTOR VEHICLE FRONT END AT ANGLE,,0,Clear or Partly Cloudy,Dry,Dark - Street Lights On,Y,9345027.0,,45.0,Vehicle - Pedalcyclist,21401,0,N,POINT (1276099.03698352 246032.438191995),78.0,0.0,Clear or Partly Cloudy,2009-12-11,17:43:00,17.0,4,1,1.0,Clear or Partly Cloudy
83087,98550,98550,3287737,Matched,Block,,17TH AVE BETWEEN E CHERRY ST AND E COLUMBIA ST,,,2,Injury Collision,Cycles,2,0,1,1,1,0,0,2009-01-14T00:00:00.000Z,1/14/2009 7:35:00 AM,Driveway Junction,54,PEDALCYCLIST STRUCK MOTOR VEHICLE REAR END,,0,Clear or Partly Cloudy,Dry,Daylight,,9014013.0,Y,45.0,Vehicle - Pedalcyclist,0,0,N,POINT (1276125.284855545 225499.7280909717),16781.0,4.150067933043217e-07,Clear or Partly Cloudy,2009-01-14,07:35:00,7.0,2,1,1.0,Clear or Partly Cloudy
83116,98414,98414,2803797,Matched,Intersection,29847.0,MELROSE AVE AND OLIVE WAY,,,2,Injury Collision,Cycles,3,0,1,1,1,0,0,2009-07-10T00:00:00.000Z,7/10/2009 7:09:00 PM,At Intersection (intersection related),51,PEDALCYCLIST STRUCK MOTOR VEHICLE FRONT END AT ANGLE,Y,0,Clear or Partly Cloudy,Dry,Daylight,Y,9191009.0,,45.0,Vehicle - Pedalcyclist,11520,0,N,POINT (1271829.434419155 228511.3035820574),845.0,0.0,Clear or Partly Cloudy,2009-07-10,19:09:00,19.0,4,1,1.0,Clear or Partly Cloudy
83127,99768,99768,3198455,Matched,Intersection,25183.0,17TH AVE NW AND SHILSHOLE AVE NW,,,2,Injury Collision,Cycles,2,0,1,1,1,0,0,2009-07-17T00:00:00.000Z,7/17/2009 7:20:00 AM,At Intersection (intersection related),18,"MOTOR VEHICLE STRUCK PEDALCYCLIST, FRONT END AT ANGLE",,0,Clear or Partly Cloudy,Dry,Daylight,,9198002.0,,45.0,Vehicle - Pedalcyclist,0,0,N,POINT (1259585.191718608 245443.7103833854),16108.0,0.0,Clear or Partly Cloudy,2009-07-17,07:20:00,7.0,4,1,1.0,Clear or Partly Cloudy
83151,99229,99229,3274368,Matched,Block,,BOREN AVE BETWEEN PINE ST AND OLIVE WAY,,,2,Injury Collision,Cycles,2,0,1,1,1,0,0,2009-09-30T00:00:00.000Z,9/30/2009 6:50:00 AM,Mid-Block (not related to intersection),18,"MOTOR VEHICLE STRUCK PEDALCYCLIST, FRONT END AT ANGLE",,0,Clear or Partly Cloudy,Dry,Dawn,,9273023.0,,45.0,Vehicle - Pedalcyclist,24923,0,N,POINT (1271226.86897853 227907.1490214318),3392.0,1.0009531265102936e-05,Clear or Partly Cloudy,2009-09-30,06:50:00,6.0,2,1,0.0,Clear or Partly Cloudy
83165,98278,98278,3210543,Matched,Intersection,25698.0,ROOSEVELT WAY NE AND NE 64TH ST,,,2,Injury Collision,Cycles,3,0,1,1,1,0,0,2009-05-11T00:00:00.000Z,5/11/2009 5:21:00 PM,At Intersection (intersection related),51,PEDALCYCLIST STRUCK MOTOR VEHICLE FRONT END AT ANGLE,,0,Clear or Partly Cloudy,Dry,Daylight,,9131005.0,,45.0,Vehicle - Pedalcyclist,9212,0,N,POINT (1274833.285942227 249736.7197957784),1445.0,0.0,Clear or Partly Cloudy,2009-05-11,17:21:00,17.0,0,1,1.0,Clear or Partly Cloudy
83227,98691,98691,3207376,Matched,Block,,E PIKE ST BETWEEN 13TH AVE AND 14TH AVE,,,2,Injury Collision,Cycles,2,0,1,1,1,0,0,2009-08-26T00:00:00.000Z,8/26/2009 11:10:00 PM,Driveway Junction,18,"MOTOR VEHICLE STRUCK PEDALCYCLIST, FRONT END AT ANGLE",,0,Clear or Partly Cloudy,Dry,Dark - Street Lights On,,9238010.0,,45.0,Vehicle - Pedalcyclist,31277,0,N,POINT (1275017.788534418 227528.7350050509),11239.0,2.946788986543101e-05,Clear or Partly Cloudy,2009-08-26,23:10:00,23.0,2,1,0.0,Clear or Partly Cloudy
83232,98960,98960,2796215,Matched,Intersection,26977.0,FREMONT AVE N AND N 41ST ST,,,2,Injury Collision,Cycles,2,0,1,1,1,0,0,2009-09-22T00:00:00.000Z,9/22/2009 4:00:00 PM,At Intersection (intersection related),18,"MOTOR VEHICLE STRUCK PEDALCYCLIST, FRONT END AT ANGLE",,0,Overcast,Dry,Daylight,Y,9265027.0,,45.0,Vehicle - Pedalcyclist,8394,0,N,POINT (1266675.428909868 243213.2996291071),4016.0,0.0,Overcast,2009-09-22,16:00:00,16.0,1,1,1.0,Clear or Partly Cloudy
83300,98157,98157,2803884,Matched,Block,,SW SPOKANE ST BETWEEN S SPOKANE ST AND SW KLICKITAT SR WAY,,,2,Injury Collision,Cycles,2,0,1,1,1,0,0,2009-07-27T00:00:00.000Z,7/27/2009 5:49:00 PM,Driveway Junction,18,"MOTOR VEHICLE STRUCK PEDALCYCLIST, FRONT END AT ANGLE",,0,Clear or Partly Cloudy,Dry,Daylight,,9208005.0,,45.0,Vehicle - Pedalcyclist,0,0,N,POINT (1267180.484014392 212139.6475012898),22828.0,2.306417273794265e-05,Clear or Partly Cloudy,2009-07-27,17:49:00,17.0,0,1,1.0,Clear or Partly Cloudy
83332,98429,98429,3207828,Matched,Intersection,30567.0,28TH AVE AND E SPRUCE ST,,,2,Injury Collision,Cycles,2,0,1,1,1,0,0,2009-11-05T00:00:00.000Z,11/5/2009,At Intersection (intersection related),18,"MOTOR VEHICLE STRUCK PEDALCYCLIST, FRONT END AT ANGLE",,0,Overcast,Dry,Unknown,Y,9309034.0,,45.0,Vehicle - Pedalcyclist,0,0,N,POINT (1279605.08575511 223587.2157690078),9617.0,0.0,Overcast,2009-11-05,00:00:00,,3,1,,Clear or Partly Cloudy
83348,98834,98834,2899267,Matched,Intersection,30482.0,2ND AVE AND JAMES ST,,,2,Injury Collision,Cycles,2,0,1,1,1,0,0,2009-03-02T00:00:00.000Z,3/2/2009,At Intersection (intersection related),51,PEDALCYCLIST STRUCK MOTOR VEHICLE FRONT END AT ANGLE,,0,Clear or Partly Cloudy,Dry,Unknown,,9061037.0,,45.0,Vehicle - Pedalcyclist,12029,0,N,POINT (1270583.694641873 223305.2345847189),134.0,0.0,Clear or Partly Cloudy,2009-03-02,00:00:00,,0,1,,Clear or Partly Cloudy
83389,99109,99109,3283179,Matched,Intersection,29389.0,20TH AVE AND E DENNY WAY,,,2,Injury Collision,Cycles,2,0,1,1,1,0,0,2009-02-16T00:00:00.000Z,2/16/2009 8:33:00 AM,At Intersection (intersection related),51,PEDALCYCLIST STRUCK MOTOR VEHICLE FRONT END AT ANGLE,,0,Clear or Partly Cloudy,Dry,Daylight,,9047014.0,,45.0,Vehicle - Pedalcyclist,0,0,N,POINT (1277218.076984674 229086.0507186353),149.0,0.0,Clear or Partly Cloudy,2009-02-16,08:33:00,8.0,0,1,1.0,Clear or Partly Cloudy
83423,99656,99656,2796206,Matched,Intersection,24498.0,ROOSEVELT WAY NE AND NE 65TH ST,,,2,Injury Collision,Cycles,3,0,1,1,1,0,0,2009-09-20T00:00:00.000Z,9/20/2009 4:53:00 PM,At Intersection (intersection related),18,"MOTOR VEHICLE STRUCK PEDALCYCLIST, FRONT END AT ANGLE",,0,Clear or Partly Cloudy,Dry,Daylight,Y,9263022.0,,45.0,Vehicle - Pedalcyclist,0,524480,N,POINT (1274839.247158229 250046.6976521015),11164.0,0.0,Clear or Partly Cloudy,2009-09-20,16:53:00,16.0,6,0,1.0,Clear or Partly Cloudy
83465,98570,98570,2613342,Matched,Intersection,32843.0,44TH AVE SW AND SW EDMUNDS ST,,,1,Property Damage Only Collision,Cycles,2,0,1,1,0,0,0,2009-03-11T00:00:00.000Z,3/11/2009 8:41:00 AM,At Intersection (intersection related),51,PEDALCYCLIST STRUCK MOTOR VEHICLE FRONT END AT ANGLE,,0,Clear or Partly Cloudy,Unknown,Daylight,Y,9070011.0,,45.0,Vehicle - Pedalcyclist,0,0,N,POINT (1256537.359651491 207908.7392089516),11536.0,0.0,Clear or Partly Cloudy,2009-03-11,08:41:00,8.0,2,1,1.0,Clear or Partly Cloudy
83481,98166,98166,2908722,Matched,Block,,AIRPORT WAY S BETWEEN S BRADFORD ST AND S ANDOVER ST,,,2,Injury Collision,Cycles,2,0,1,1,1,0,0,2009-01-06T00:00:00.000Z,1/6/2009,Driveway Junction,51,PEDALCYCLIST STRUCK MOTOR VEHICLE FRONT END AT ANGLE,,0,Raining,Wet,Dark - Street Lights On,Y,9006019.0,,45.0,Vehicle - Pedalcyclist,17544,0,N,POINT (1272771.225076109 210934.3342200518),18880.0,2.9248531934165226e-06,Raining,2009-01-06,00:00:00,,1,1,,Raining
83615,98714,98714,3200543,Matched,Intersection,35451.0,RAINIER AVE S AND SEWARD PARK AVE S,,,2,Injury Collision,Cycles,3,0,1,1,1,0,0,2009-05-29T00:00:00.000Z,5/29/2009 2:15:00 PM,At Intersection (intersection related),51,PEDALCYCLIST STRUCK MOTOR VEHICLE FRONT END AT ANGLE,,0,Clear or Partly Cloudy,Dry,Daylight,,9149020.0,,45.0,Vehicle - Pedalcyclist,36986,0,N,POINT (1287229.446466923 193003.5219136924),3726.0,0.0,Clear or Partly Cloudy,2009-05-29,14:15:00,14.0,4,1,0.0,Clear or Partly Cloudy
83640,99398,99398,3207858,Matched,Block,,E OLIVE WAY BETWEEN SUMMIT AVE E AND E JOHN ST,,,2,Injury Collision,Cycles,2,0,1,1,1,0,0,2009-11-06T00:00:00.000Z,11/6/2009,Driveway Junction,18,"MOTOR VEHICLE STRUCK PEDALCYCLIST, FRONT END AT ANGLE",,0,Raining,Wet,Daylight,Y,9310026.0,,45.0,Vehicle - Pedalcyclist,23263,0,N,POINT (1272600.543667942 229456.8583350182),9852.0,8.518760906156732e-06,Raining,2009-11-06,00:00:00,,4,1,,Raining
83738,98858,98858,3289245,Matched,Intersection,37369.0,MIDVALE AVE N AND N 85TH ST,,,2,Injury Collision,Cycles,2,0,1,1,1,0,0,2009-04-15T00:00:00.000Z,4/15/2009 7:34:00 AM,At Intersection (intersection related),18,"MOTOR VEHICLE STRUCK PEDALCYCLIST, FRONT END AT ANGLE",,0,Clear or Partly Cloudy,Dry,Daylight,,9105003.0,,45.0,Vehicle - Pedalcyclist,21720,0,N,POINT (1268784.307248026 255533.7056577206),1300.0,0.0,Clear or Partly Cloudy,2009-04-15,07:34:00,7.0,2,1,1.0,Clear or Partly Cloudy
83775,99408,99408,3284480,Matched,Block,,BALLARD AVE NW BETWEEN 20TH AVE NW AND NW VERNON PL,,,2,Injury Collision,Cycles,3,0,2,1,2,0,0,2009-07-19T00:00:00.000Z,7/19/2009 7:17:00 PM,Mid-Block (not related to intersection),56,PEDALCYCLIST STRUCK MOTOR VEHICLE LEFT SIDE SIDESWIPE,,0,Clear or Partly Cloudy,Dry,Daylight,,9200002.0,,45.0,Vehicle - Pedalcyclist,26301,0,N,POINT (1258682.35299769 246763.1268327385),20547.0,5.828311964699557e-06,Clear or Partly Cloudy,2009-07-19,19:17:00,19.0,6,0,1.0,Clear or Partly Cloudy
83913,99004,99004,3210139,Matched,Block,,25TH AVE NE BETWEEN NE 49TH ST AND NE BLAKELEY ST,,,2,Injury Collision,Cycles,2,0,1,1,1,0,0,2009-06-18T00:00:00.000Z,6/18/2009 12:30:00 PM,Driveway Junction,18,"MOTOR VEHICLE STRUCK PEDALCYCLIST, FRONT END AT ANGLE",,0,Clear or Partly Cloudy,Dry,Daylight,Y,9169006.0,,45.0,Vehicle - Pedalcyclist,0,0,N,POINT (1278867.784954354 246139.9580001086),12345.0,5.407258638207257e-06,Clear or Partly Cloudy,2009-06-18,12:30:00,12.0,3,1,0.0,Clear or Partly Cloudy
83941,99143,99143,3206322,Matched,Block,,ROOSEVELT WAY NE BETWEEN NE 66TH ST AND NE 67TH ST,,,2,Injury Collision,Cycles,2,0,1,1,1,0,0,2009-09-09T00:00:00.000Z,9/9/2009,Driveway Junction,18,"MOTOR VEHICLE STRUCK PEDALCYCLIST, FRONT END AT ANGLE",,0,Clear or Partly Cloudy,Dry,Daylight,,9252015.0,,45.0,Vehicle - Pedalcyclist,0,0,N,POINT (1274843.21131824 250444.1212685108),19031.0,7.450209952012865e-09,Clear or Partly Cloudy,2009-09-09,00:00:00,,2,1,,Clear or Partly Cloudy
83949,99554,99554,2617154,Matched,Intersection,30136.0,15TH AVE AND E MADISON ST,,,2,Injury Collision,Cycles,2,0,1,1,1,0,0,2009-03-12T00:00:00.000Z,3/12/2009 8:43:00 PM,At Intersection (intersection related),18,"MOTOR VEHICLE STRUCK PEDALCYCLIST, FRONT END AT ANGLE",,0,Clear or Partly Cloudy,Dry,Dark - Street Lights On,,9071006.0,,45.0,Vehicle - Pedalcyclist,22976,0,N,POINT (1275540.203574955 227657.8561571836),1117.0,0.0,Clear or Partly Cloudy,2009-03-12,20:43:00,20.0,3,1,0.0,Clear or Partly Cloudy
83962,97784,97784,3287066,Matched,Intersection,25265.0,8TH AVE NW AND NW 62ND S ST,,,2,Injury Collision,Cycles,2,0,1,1,1,0,0,2009-01-07T00:00:00.000Z,1/7/2009,At Intersection (intersection related),18,"MOTOR VEHICLE STRUCK PEDALCYCLIST, FRONT END AT ANGLE",,0,Raining,Wet,Dark - Street Lights On,Y,9007032.0,,45.0,Vehicle - Pedalcyclist,2458,0,N,POINT (1262817.696809918 249544.5797635913),3264.0,0.0,Raining,2009-01-07,00:00:00,,2,1,,Raining
85180,100585,100585,3208220,Matched,Block,,VALLEY ST BETWEEN BOREN AVE N AND FAIRVIEW AVE N,,,1,Property Damage Only Collision,Cycles,2,0,1,1,0,0,0,2009-12-10T00:00:00.000Z,12/10/2009 8:28:00 PM,Driveway Junction,51,PEDALCYCLIST STRUCK MOTOR VEHICLE FRONT END AT ANGLE,,0,Clear or Partly Cloudy,Dry,Dark - Street Lights On,Y,9344029.0,,45.0,Vehicle - Pedalcyclist,25038,0,N,POINT (1270117.445617393 231877.4257614911),22957.0,1.5573605971811952e-05,Clear or Partly Cloudy,2009-12-10,20:28:00,20.0,3,1,0.0,Clear or Partly Cloudy
85215,100587,100587,3326785,Matched,Intersection,29675.0,3RD AVE AND VINE ST,,,2b,Serious Injury Collision,Cycles,2,0,1,1,1,1,0,2009-08-05T00:00:00.000Z,8/5/2009,At Intersection (intersection related),18,"MOTOR VEHICLE STRUCK PEDALCYCLIST, FRONT END AT ANGLE",,0,Clear or Partly Cloudy,Dry,Daylight,Y,9217003.0,,45.0,Vehicle - Pedalcyclist,35614,0,N,POINT (1266876.69943808 228585.2112941295),13811.0,0.0,Clear or Partly Cloudy,2009-08-05,00:00:00,,2,1,,Clear or Partly Cloudy
85230,100857,100857,3283553,Matched,Block,,S DEARBORN ST BETWEEN RAINIER AVE S AND HIAWATHA PL S,,,2,Injury Collision,Cycles,2,0,1,1,1,0,0,2009-04-08T00:00:00.000Z,4/8/2009,Driveway Junction,56,PEDALCYCLIST STRUCK MOTOR VEHICLE LEFT SIDE SIDESWIPE,,0,Overcast,Dry,Daylight,,9098003.0,,45.0,Vehicle - Pedalcyclist,11478,0,N,POINT (1275877.737015292 220856.289046213),1731.0,0.0,Overcast,2009-04-08,00:00:00,,2,1,,Clear or Partly Cloudy
85234,101122,101122,3198236,Matched,Intersection,26795.0,STONE WAY N AND N ALLEN PL,,,2,Injury Collision,Cycles,2,0,1,1,1,0,0,2009-07-28T00:00:00.000Z,7/28/2009 10:24:00 PM,At Intersection (intersection related),18,"MOTOR VEHICLE STRUCK PEDALCYCLIST, FRONT END AT ANGLE",,0,Clear or Partly Cloudy,Dry,Dark - Street Lights On,Y,9209011.0,,45.0,Vehicle - Pedalcyclist,6375,0,N,POINT (1268617.91364786 244637.8116305619),972.0,0.0,Clear or Partly Cloudy,2009-07-28,22:24:00,22.0,1,1,0.0,Clear or Partly Cloudy
85327,99910,99910,2797924,Matched,Intersection,28780.0,HARRISON ST AND WESTLAKE AVE N,,,2,Injury Collision,Cycles,2,0,1,1,1,0,0,2009-07-29T00:00:00.000Z,7/29/2009 8:39:00 AM,At Intersection (intersection related),18,"MOTOR VEHICLE STRUCK PEDALCYCLIST, FRONT END AT ANGLE",,0,Clear or Partly Cloudy,Dry,Daylight,,9210021.0,,45.0,Vehicle - Pedalcyclist,25082,0,N,POINT (1269260.255280524 230531.315104112),3563.0,0.0,Clear or Partly Cloudy,2009-07-29,08:39:00,8.0,2,1,1.0,Clear or Partly Cloudy
85335,100732,100732,3207303,Matched,Intersection,24540.0,BAGLEY AVE N AND N 77TH ST,,,2,Injury Collision,Cycles,3,0,1,1,2,0,0,2009-10-07T00:00:00.000Z,10/7/2009,At Intersection (intersection related),51,PEDALCYCLIST STRUCK MOTOR VEHICLE FRONT END AT ANGLE,,0,Clear or Partly Cloudy,Dry,Daylight,,9280013.0,Y,45.0,Vehicle - Pedalcyclist,0,0,N,POINT (1271393.088562697 253490.0640556216),7102.0,0.0,Clear or Partly Cloudy,2009-10-07,00:00:00,,2,1,,Clear or Partly Cloudy
85359,100863,100863,3284724,Matched,Block,,STONE WAY N BETWEEN N 41ST N ST AND N 42ND ST,,,2,Injury Collision,Cycles,2,0,1,1,1,0,0,2009-09-15T00:00:00.000Z,9/15/2009 5:07:00 PM,Driveway Junction,51,PEDALCYCLIST STRUCK MOTOR VEHICLE FRONT END AT ANGLE,,0,Clear or Partly Cloudy,Dry,Daylight,Y,9258014.0,,45.0,Vehicle - Pedalcyclist,6343,0,N,POINT (1268555.383151799 243456.418285355),17037.0,2.3429399059073064e-05,Clear or Partly Cloudy,2009-09-15,17:07:00,17.0,1,1,1.0,Clear or Partly Cloudy
85364,101396,101396,3207731,Matched,Intersection,29860.0,SUMMIT AVE AND E PINE ST,,,2,Injury Collision,Cycles,3,0,1,1,1,0,0,2009-10-22T00:00:00.000Z,10/22/2009 6:53:00 PM,At Intersection (intersection related),23,"MOTOR VEHICLE STRUCK PEDALCYCLIST, LEFT SIDE SIDESWIPE",,0,Clear or Partly Cloudy,Dry,Dark - Street Lights On,,9295026.0,,45.0,Vehicle - Pedalcyclist,10345,0,N,POINT (1272399.309875742 227981.0989095122),1148.0,0.0,Clear or Partly Cloudy,2009-10-22,18:53:00,18.0,3,1,1.0,Clear or Partly Cloudy
85405,101536,101536,3280763,Matched,Block,,21ST AVE W BETWEEN W EMERSON PL AND W ELMORE ST,,,2,Injury Collision,Cycles,1,0,1,0,1,0,0,2009-08-01T00:00:00.000Z,8/1/2009,Driveway Junction,69,PEDALCYCLIST OVERTURNED IN ROAD,,0,Clear or Partly Cloudy,Dry,Daylight,,9213011.0,,45.0,Vehicle - Pedalcyclist,33816,0,N,POINT (1258435.043621436 243366.4553412646),2557.0,2.1733864252446322e-07,Clear or Partly Cloudy,2009-08-01,00:00:00,,5,0,,Clear or Partly Cloudy
85425,101670,101670,3285614,Matched,Intersection,28767.0,DEXTER AVE N AND MERCER ST,,,2,Injury Collision,Cycles,2,0,1,1,1,0,0,2009-08-19T00:00:00.000Z,8/19/2009 4:09:00 PM,At Intersection (intersection related),51,PEDALCYCLIST STRUCK MOTOR VEHICLE FRONT END AT ANGLE,,0,Clear or Partly Cloudy,Dry,Daylight,Y,9231026.0,,45.0,Vehicle - Pedalcyclist,12649,0,N,POINT (1268318.102319553 231464.9540170729),696.0,0.0,Clear or Partly Cloudy,2009-08-19,16:09:00,16.0,2,1,1.0,Clear or Partly Cloudy
85444,100188,100188,3285977,Matched,Intersection,29661.0,1ST AVE AND WARREN PL,,,2,Injury Collision,Cycles,2,0,1,1,1,0,0,2009-01-06T00:00:00.000Z,1/6/2009,At Intersection (intersection related),21,"MOTOR VEHICLE STRUCK PEDALCYCLIST, REAR END",,0,Raining,Wet,Dark - Street Lights On,Y,9006021.0,Y,45.0,Vehicle - Pedalcyclist,14424,0,N,POINT (1265359.861292526 229093.2980786413),4942.0,0.0,Raining,2009-01-06,00:00:00,,1,1,,Raining
85530,101408,101408,3283533,Matched,Intersection,30436.0,12TH AVE S AND S WELLER ST,,,2,Injury Collision,Cycles,2,0,1,1,1,0,0,2009-04-17T00:00:00.000Z,4/17/2009 5:41:00 PM,At Intersection (intersection related),18,"MOTOR VEHICLE STRUCK PEDALCYCLIST, FRONT END AT ANGLE",,0,Clear or Partly Cloudy,Dry,Daylight,Y,9107009.0,,45.0,Vehicle - Pedalcyclist,0,525494,N,POINT (1274321.9702297 221479.3706468493),9380.0,0.0,Clear or Partly Cloudy,2009-04-17,17:41:00,17.0,4,1,1.0,Clear or Partly Cloudy
85620,100751,100751,3286712,Matched,Intersection,26052.0,15TH AVE NE AND NE 50TH ST,,,1,Property Damage Only Collision,Cycles,2,0,1,1,0,0,0,2009-02-19T00:00:00.000Z,2/19/2009 2:49:00 PM,At Intersection (intersection related),18,"MOTOR VEHICLE STRUCK PEDALCYCLIST, FRONT END AT ANGLE",,0,Clear or Partly Cloudy,Dry,Daylight,Y,9050002.0,,45.0,Vehicle - Pedalcyclist,28979,0,N,POINT (1276099.03698352 246032.438191995),78.0,0.0,Clear or Partly Cloudy,2009-02-19,14:49:00,14.0,3,1,0.0,Clear or Partly Cloudy
85625,100476,100476,3344306,Matched,Intersection,31631.0,23RD AVE S AND S MCCLELLAN ST,,,2,Injury Collision,Cycles,2,0,1,1,1,0,0,2009-11-06T00:00:00.000Z,11/6/2009,At Intersection (intersection related),51,PEDALCYCLIST STRUCK MOTOR VEHICLE FRONT END AT ANGLE,,0,Raining,Sand/Mud/Dirt,Dark - Street Lights On,Y,9310032.0,,45.0,Vehicle - Pedalcyclist,38281,0,N,POINT (1277617.841209084 214430.1218716353),2589.0,0.0,Raining,2009-11-06,00:00:00,,4,1,,Raining
85636,101414,101414,3285127,Matched,Block,,S JUNEAU ST BETWEEN 25TH AVE S AND 28TH AVE S,,,2,Injury Collision,Cycles,2,0,1,1,1,0,0,2009-04-08T00:00:00.000Z,4/8/2009,Driveway Junction,18,"MOTOR VEHICLE STRUCK PEDALCYCLIST, FRONT END AT ANGLE",,0,Overcast,Dry,Dark - No Street Lights,,9098018.0,,45.0,Vehicle - Pedalcyclist,0,0,N,POINT (1278587.835386068 204060.8668850064),4525.0,2.6448887700925257e-05,Overcast,2009-04-08,00:00:00,,2,1,,Clear or Partly Cloudy
85646,101014,101014,3283551,Matched,Block,,LAKESIDE AVE S BETWEEN E YESLER WAY AND S LESCHI PL,,,2,Injury Collision,Cycles,2,0,1,1,1,0,0,2009-04-07T00:00:00.000Z,4/7/2009,Mid-Block (not related to intersection),56,PEDALCYCLIST STRUCK MOTOR VEHICLE LEFT SIDE SIDESWIPE,,0,Clear or Partly Cloudy,Dry,Daylight,,9097028.0,,45.0,Vehicle - Pedalcyclist,35091,0,N,POINT (1282117.275005683 222472.2930158675),11113.0,2.091763646502596e-05,Clear or Partly Cloudy,2009-04-07,00:00:00,,1,1,,Clear or Partly Cloudy
85658,101010,101010,2899264,Matched,Block,,19TH AVE E BETWEEN E MERCER ST AND E ROY ST,,,2,Injury Collision,Cycles,2,0,1,1,1,0,0,2009-02-19T00:00:00.000Z,2/19/2009 2:21:00 PM,Mid-Block (not related to intersection),56,PEDALCYCLIST STRUCK MOTOR VEHICLE LEFT SIDE SIDESWIPE,,0,Clear or Partly Cloudy,Dry,Daylight,,9050001.0,,45.0,Vehicle - Pedalcyclist,8889,0,N,POINT (1276959.285816401 231397.9652810097),21506.0,2.763956823400863e-05,Clear or Partly Cloudy,2009-02-19,14:21:00,14.0,3,1,0.0,Clear or Partly Cloudy
85710,99795,99795,3296122,Matched,Block,,ALKI TRL BETWEEN DUWAMISH HEAD AND 62ND AVE SW,,,2,Injury Collision,Cycles,2,1,1,0,2,0,0,2009-07-22T00:00:00.000Z,7/22/2009 12:17:00 PM,Mid-Block (not related to intersection),64,PEDALCYCLIST STRUCK PEDESTRIAN,,0,Overcast,Dry,Daylight,,9203006.0,,45.0,Vehicle - Pedalcyclist,0,0,N,POINT (1254427.375777334 217948.1768512279),17276.0,3.096320731588676e-05,Overcast,2009-07-22,12:17:00,12.0,2,1,0.0,Clear or Partly Cloudy
85748,100625,100625,3328157,Matched,Intersection,25147.0,TALLMAN AVE NW AND NW MARKET ST,,,2,Injury Collision,Cycles,2,0,1,1,1,0,0,2009-08-18T00:00:00.000Z,8/18/2009 4:00:00 PM,At Intersection (intersection related),18,"MOTOR VEHICLE STRUCK PEDALCYCLIST, FRONT END AT ANGLE",,0,Clear or Partly Cloudy,Dry,Daylight,Y,9230001.0,,45.0,Vehicle - Pedalcyclist,0,596167,N,POINT (1258971.05437398 247749.2259057462),1668.0,0.0,Clear or Partly Cloudy,2009-08-18,16:00:00,16.0,1,1,1.0,Clear or Partly Cloudy