OBJECTID,INCKEY,COLDETKEY,REPORTNO,STATUS,ADDRTYPE,INTKEY,LOCATION,EXCEPTRSNC,EXCEPTRSND,SEVERITYCO,SEVERITYDE,COLLISIONT,PERSONCOUN,PEDCOUNT,PEDCYLCOUN,VEHCOUNT,INJURIES,SERIOUSINJ,FATALITIES,INCDATE,INCDTTM,JUNCTIONTY,SDOT_COLCO,SDOT_COLDE,INATTENTIO,UNDERINFL,WEATHER,ROADCOND,LIGHTCOND,PEDROWNOTG,SDOTCOLNUM,SPEEDING,ST_COLCODE,ST_COLDESC,SEGLANEKEY,CROSSWALKK,HITPARKEDC,geometry,near_str_index,min_length,weather_group,date,time,hour,dayofweek,weekday,rushhour,weather_group2
85764,100892,100892,3286042,Matched,Intersection,29567.0,5TH AVE AND OLIVE WAY,,,2b,Serious Injury Collision,Cycles,2,0,1,1,1,1,0,2009-08-24T00:00:00.000Z,8/24/2009 4:40:00 PM,At Intersection (intersection related),51,PEDALCYCLIST STRUCK MOTOR VEHICLE FRONT END AT ANGLE,,0,Clear or Partly Cloudy,Dry,Daylight,,9236002.0,,45.0,Vehicle - Pedalcyclist,14355,0,N,POINT (1269455.294512719 227106.8494366109),482.0,0.0,Clear or Partly Cloudy,2009-08-24,16:40:00,16.0,0,1,1.0,Clear or Partly Cloudy
85771,100889,100889,2905434,Matched,Block,,24TH AVE NW BETWEEN NW 64TH ST AND NW 65TH ST,,,3,Fatality Collision,Cycles,2,0,1,1,0,0,1,2009-02-04T00:00:00.000Z,2/4/2009,Mid-Block (not related to intersection),18,"MOTOR VEHICLE STRUCK PEDALCYCLIST, FRONT END AT ANGLE",,0,Clear or Partly Cloudy,Dry,Daylight,,9035001.0,,45.0,Vehicle - Pedalcyclist,2152,0,N,POINT (1257541.626788527 250311.2737803757),22750.0,1.576153220302509e-05,Clear or Partly Cloudy,2009-02-04,00:00:00,,2,1,,Clear or Partly Cloudy
85778,101295,101295,C719666,Matched,Block,,4TH AVE BETWEEN LENORA ST AND BLANCHARD ST,,,2b,Serious Injury Collision,Cycles,3,0,1,2,1,1,0,2009-02-28T00:00:00.000Z,2/28/2009 6:50:00 PM,Mid-Block (not related to intersection),56,PEDALCYCLIST STRUCK MOTOR VEHICLE LEFT SIDE SIDESWIPE,,0,Clear or Partly Cloudy,Dry,Dark - Street Lights On,,9059037.0,,45.0,Vehicle - Pedalcyclist,12814,0,N,POINT (1268334.815471575 227694.1134372205),2956.0,1.6949357724880093e-05,Clear or Partly Cloudy,2009-02-28,18:50:00,18.0,5,0,1.0,Clear or Partly Cloudy
85846,100490,100490,3332762,Matched,Block,,NE 45TH ST BETWEEN 1ST AVE NE AND 2ND AVE NE,,,2,Injury Collision,Cycles,2,0,1,1,1,0,0,2009-10-21T00:00:00.000Z,10/21/2009 2:16:00 PM,Driveway Junction,51,PEDALCYCLIST STRUCK MOTOR VEHICLE FRONT END AT ANGLE,,0,Clear or Partly Cloudy,Dry,Daylight,Y,9294010.0,,45.0,Vehicle - Pedalcyclist,6532,0,N,POINT (1272176.522995502 244818.3334227502),18208.0,3.0169654243669977e-05,Clear or Partly Cloudy,2009-10-21,14:16:00,14.0,2,1,0.0,Clear or Partly Cloudy
85860,100356,100356,3327726,Matched,Intersection,24581.0,EAST GREEN LAKE DR N AND NE RAVENNA EB BV,,,2,Injury Collision,Cycles,2,0,1,1,1,0,0,2009-08-27T00:00:00.000Z,8/27/2009 2:24:00 PM,At Intersection (intersection related),18,"MOTOR VEHICLE STRUCK PEDALCYCLIST, FRONT END AT ANGLE",,0,Clear or Partly Cloudy,Dry,Daylight,Y,9239027.0,,45.0,Vehicle - Pedalcyclist,0,524088,N,POINT (1272810.842420161 251540.7730456293),3880.0,0.0,Clear or Partly Cloudy,2009-08-27,14:24:00,14.0,3,1,0.0,Clear or Partly Cloudy
85902,101029,101029,3207703,Matched,Intersection,29805.0,14TH AVE AND E JEFFERSON ST,,,1,Property Damage Only Collision,Cycles,2,0,1,1,0,0,0,2009-10-19T00:00:00.000Z,10/19/2009 5:00:00 PM,At Intersection (intersection related),18,"MOTOR VEHICLE STRUCK PEDALCYCLIST, FRONT END AT ANGLE",Y,0,Clear or Partly Cloudy,Dry,Daylight,Y,9292002.0,,45.0,Vehicle - Pedalcyclist,0,524055,N,POINT (1275138.167862535 224634.9167620838),1103.0,0.0,Clear or Partly Cloudy,2009-10-19,17:00:00,17.0,0,1,1.0,Clear or Partly Cloudy
85940,101566,101566,3198592,Matched,Intersection,37769.0,20TH AVE NE AND LAKE CITY WAY NE,,,2,Injury Collision,Cycles,2,0,1,1,1,0,0,2009-10-01T00:00:00.000Z,10/1/2009,At Intersection (intersection related),18,"MOTOR VEHICLE STRUCK PEDALCYCLIST, FRONT END AT ANGLE",,0,Clear or Partly Cloudy,Wet,Daylight,Y,9274002.0,,45.0,Vehicle - Pedalcyclist,0,524603,N,POINT (1277536.72709699 255615.787193805),785.0,0.0,Clear or Partly Cloudy,2009-10-01,00:00:00,,3,1,,Clear or Partly Cloudy
85971,101571,101571,3280359,Matched,Block,,WESTERN AVE BETWEEN UNION ST AND PIKE ST,,,2,Injury Collision,Cycles,2,0,1,1,1,0,0,2009-08-13T00:00:00.000Z,8/13/2009 6:15:00 PM,Driveway Junction,51,PEDALCYCLIST STRUCK MOTOR VEHICLE FRONT END AT ANGLE,,0,Overcast,Wet,Daylight,Y,9225004.0,,45.0,Vehicle - Pedalcyclist,13038,0,N,POINT (1268613.002415851 225370.2989068329),11196.0,1.0205433644179254e-08,Overcast,2009-08-13,18:15:00,18.0,3,1,1.0,Clear or Partly Cloudy
85975,101839,101839,3206710,Matched,Intersection,29157.0,BELMONT AVE E AND E OLIVE WAY,,,2,Injury Collision,Cycles,3,1,1,1,1,0,0,2009-05-06T00:00:00.000Z,5/6/2009,At Intersection (intersection related),64,PEDALCYCLIST STRUCK PEDESTRIAN,,0,Raining,Wet,Daylight,Y,9126028.0,,45.0,Vehicle - Pedalcyclist,23250,0,N,POINT (1272804.962100148 229595.8329911679),3379.0,0.0,Raining,2009-05-06,00:00:00,,2,1,,Raining
84024,98736,98736,3327878,Matched,Block,,NW MARKET ST BETWEEN BARNES AVE NW AND TALLMAN AVE NW,,,2,Injury Collision,Cycles,2,0,1,1,1,0,0,2009-10-11T00:00:00.000Z,10/11/2009 1:18:00 PM,Mid-Block (not related to intersection),56,PEDALCYCLIST STRUCK MOTOR VEHICLE LEFT SIDE SIDESWIPE,,0,Clear or Partly Cloudy,Dry,Daylight,,9284002.0,,45.0,Vehicle - Pedalcyclist,25888,0,N,POINT (1259121.979110137 247745.8475377411),18310.0,1.2829128378536595e-05,Clear or Partly Cloudy,2009-10-11,13:18:00,13.0,6,0,0.0,Clear or Partly Cloudy
84051,99560,99560,3199101,Matched,Intersection,30192.0,18TH AVE AND E JEFFERSON ST,,,2,Injury Collision,Cycles,2,0,1,1,1,0,0,2009-05-13T00:00:00.000Z,5/13/2009 3:16:00 PM,At Intersection (intersection related),18,"MOTOR VEHICLE STRUCK PEDALCYCLIST, FRONT END AT ANGLE",,0,Raining,Wet,Daylight,Y,9133006.0,,45.0,Vehicle - Pedalcyclist,0,0,N,POINT (1276426.313527852 224602.1469700485),6861.0,0.0,Raining,2009-05-13,15:16:00,15.0,2,1,1.0,Raining
84054,97655,97655,3208036,Matched,Block,,PINE ST BETWEEN MINOR AVE AND MELROSE AVE,,,2,Injury Collision,Cycles,4,0,1,1,1,0,0,2009-10-23T00:00:00.000Z,10/23/2009 11:28:00 PM,Driveway Junction,18,"MOTOR VEHICLE STRUCK PEDALCYCLIST, FRONT END AT ANGLE",Y,0,Overcast,Dry,Dark - Street Lights On,,9296033.0,,45.0,Vehicle - Pedalcyclist,10330,0,N,POINT (1271712.289267033 227944.0531494766),897.0,1.2157913311799526e-05,Overcast,2009-10-23,23:28:00,23.0,4,1,0.0,Clear or Partly Cloudy
84086,99150,99150,3284581,Matched,Intersection,27077.0,UNIVERSITY WAY NE AND NE 43RD ST,,,2,Injury Collision,Cycles,2,0,1,1,1,0,0,2009-04-24T00:00:00.000Z,4/24/2009 9:04:00 AM,At Intersection (intersection related),18,"MOTOR VEHICLE STRUCK PEDALCYCLIST, FRONT END AT ANGLE",,0,Clear or Partly Cloudy,Dry,Daylight,,9114001.0,,45.0,Vehicle - Pedalcyclist,5653,0,N,POINT (1275760.030775174 244179.1487180889),998.0,0.0,Clear or Partly Cloudy,2009-04-24,09:04:00,9.0,4,1,1.0,Clear or Partly Cloudy
84098,97924,97924,C717504,Matched,Intersection,28269.0,HARVARD AVE E AND LAKEVIEW BLVD E,,,2,Injury Collision,Cycles,2,0,1,1,1,0,0,2009-02-26T00:00:00.000Z,2/26/2009 6:10:00 PM,At Intersection (intersection related),18,"MOTOR VEHICLE STRUCK PEDALCYCLIST, FRONT END AT ANGLE",,0,Clear or Partly Cloudy,Other,Dusk,,9057040.0,,45.0,Vehicle - Pedalcyclist,8268,0,N,POINT (1273314.686516672 235509.0456692129),761.0,0.0,Clear or Partly Cloudy,2009-02-26,18:10:00,18.0,3,1,1.0,Clear or Partly Cloudy
84102,98478,98478,2880918,Matched,Intersection,287171.0,BURKE GILMAN TRL AND NE 65TH ST,,,2,Injury Collision,Cycles,4,0,1,1,1,0,0,2009-08-01T00:00:00.000Z,8/1/2009,At Intersection (intersection related),51,PEDALCYCLIST STRUCK MOTOR VEHICLE FRONT END AT ANGLE,,0,Clear or Partly Cloudy,Dry,Daylight,,9213010.0,,45.0,Vehicle - Pedalcyclist,0,524265,N,POINT (1287350.799683049 249775.8573318273),11616.0,0.0,Clear or Partly Cloudy,2009-08-01,00:00:00,,5,0,,Clear or Partly Cloudy
84133,97925,97925,3287764,Matched,Block,,BOREN AVE S BETWEEN 12TH AVE S AND S MAIN ST,,,1,Property Damage Only Collision,Cycles,2,0,1,1,0,0,0,2009-06-08T00:00:00.000Z,6/8/2009,Mid-Block (not related to intersection),23,"MOTOR VEHICLE STRUCK PEDALCYCLIST, LEFT SIDE SIDESWIPE",,0,Clear or Partly Cloudy,Dry,Daylight,Y,9159005.0,,45.0,Vehicle - Pedalcyclist,24377,0,N,POINT (1274525.812789917 222535.5300079286),12541.0,1.3238763508955106e-05,Clear or Partly Cloudy,2009-06-08,00:00:00,,0,1,,Clear or Partly Cloudy
84266,98349,98349,3211505,Matched,Intersection,34562.0,M L KING JR WR WAY S AND S OTHELLO ST,,,2,Injury Collision,Cycles,2,0,1,1,1,0,0,2009-08-30T00:00:00.000Z,8/30/2009 10:00:00 PM,At Intersection (intersection related),18,"MOTOR VEHICLE STRUCK PEDALCYCLIST, FRONT END AT ANGLE",,0,Clear or Partly Cloudy,Dry,Dark - Street Lights On,Y,9242021.0,,45.0,Vehicle - Pedalcyclist,0,525191,N,POINT (1282771.25228636 199261.7089280933),4904.0,0.0,Clear or Partly Cloudy,2009-08-30,22:00:00,22.0,6,0,0.0,Clear or Partly Cloudy
84430,98897,98897,3208494,Matched,Intersection,28775.0,DEXTER AVE N AND REPUBLICAN ST,,,2,Injury Collision,Cycles,2,0,1,1,1,0,0,2009-05-06T00:00:00.000Z,5/6/2009,At Intersection (intersection related),51,PEDALCYCLIST STRUCK MOTOR VEHICLE FRONT END AT ANGLE,,0,Overcast,Wet,Daylight,Y,9126030.0,,45.0,Vehicle - Pedalcyclist,12628,0,N,POINT (1268305.74238354 230981.4332485795),6636.0,0.0,Overcast,2009-05-06,00:00:00,,2,1,,Clear or Partly Cloudy
84471,99445,99445,3199477,Matched,Block,,LAKE WASHINGTON BLVD BETWEEN E YESLER WAY AND E HURON ST,,,2,Injury Collision,Cycles,2,0,1,1,1,0,0,2009-07-25T00:00:00.000Z,7/25/2009 9:18:00 AM,Mid-Block (not related to intersection),56,PEDALCYCLIST STRUCK MOTOR VEHICLE LEFT SIDE SIDESWIPE,,0,Clear or Partly Cloudy,Dry,Daylight,,9206027.0,,45.0,Vehicle - Pedalcyclist,41011,0,N,POINT (1281782.60959734 222944.7598323524),6450.0,1.4240005954942944e-05,Clear or Partly Cloudy,2009-07-25,09:18:00,9.0,5,0,1.0,Clear or Partly Cloudy
84493,99718,99718,2893494,Matched,Block,,STONE WAY N BETWEEN N NORTHLAKE WAY AND N 34TH ST,,,2,Injury Collision,Cycles,2,0,1,1,1,0,0,2009-07-13T00:00:00.000Z,7/13/2009 5:26:00 PM,Driveway Junction,51,PEDALCYCLIST STRUCK MOTOR VEHICLE FRONT END AT ANGLE,,0,Clear or Partly Cloudy,Dry,Daylight,,9194005.0,,45.0,Vehicle - Pedalcyclist,28913,0,N,POINT (1268381.065711617 240147.3082659692),16670.0,3.822856063701236e-06,Clear or Partly Cloudy,2009-07-13,17:26:00,17.0,0,1,1.0,Clear or Partly Cloudy
84514,97952,97952,2893061,Matched,Intersection,24429.0,12TH AVE NE AND NE 75TH ST,,,2,Injury Collision,Cycles,2,0,1,1,1,0,0,2009-12-02T00:00:00.000Z,12/2/2009,At Intersection (intersection related),18,"MOTOR VEHICLE STRUCK PEDALCYCLIST, FRONT END AT ANGLE",,0,Unknown,Unknown,Dark - Street Lights On,Y,9336019.0,,45.0,Vehicle - Pedalcyclist,0,521080,N,POINT (1275403.414582804 252683.3998627961),1474.0,0.0,,2009-12-02,00:00:00,,2,1,,
84523,98366,98366,3333251,Matched,Block,,25TH AVE NE BETWEEN NE 49TH ST AND NE BLAKELEY ST,,,2,Injury Collision,Cycles,2,0,1,1,1,0,0,2009-10-22T00:00:00.000Z,10/22/2009 7:50:00 PM,Driveway Junction,18,"MOTOR VEHICLE STRUCK PEDALCYCLIST, FRONT END AT ANGLE",Y,0,Clear or Partly Cloudy,Dry,Dark - Street Lights On,Y,9295002.0,,45.0,Vehicle - Pedalcyclist,0,0,N,POINT (1278867.784954354 246139.9580001086),12345.0,5.407258638207257e-06,Clear or Partly Cloudy,2009-10-22,19:50:00,19.0,3,1,1.0,Clear or Partly Cloudy
84569,98643,98643,3201008,Matched,Block,,4TH AVE BETWEEN MARION ST AND MADISON ST,,,2,Injury Collision,Cycles,4,0,2,1,1,0,0,2009-10-07T00:00:00.000Z,10/7/2009,Mid-Block (not related to intersection),55,PEDALCYCLIST STRUCK MOTOR VEHICLE RIGHT SIDE SIDESWIPE,,0,Clear or Partly Cloudy,Dry,Daylight,,9280014.0,,45.0,Vehicle - Pedalcyclist,12663,0,N,POINT (1270592.654065877 224554.3581060022),5719.0,6.034133075247082e-06,Clear or Partly Cloudy,2009-10-07,00:00:00,,2,1,,Clear or Partly Cloudy
84588,99318,99318,2796413,Matched,Intersection,31823.0,CALIFORNIA AVE SW AND SW HANFORD ST,,,2,Injury Collision,Cycles,2,0,1,1,1,0,0,2009-07-03T00:00:00.000Z,7/3/2009,At Intersection (intersection related),18,"MOTOR VEHICLE STRUCK PEDALCYCLIST, FRONT END AT ANGLE",,0,Clear or Partly Cloudy,Dry,Daylight,Y,9184035.0,,45.0,Vehicle - Pedalcyclist,0,522807,N,POINT (1257008.333603978 213840.9063830227),16644.0,0.0,Clear or Partly Cloudy,2009-07-03,00:00:00,,4,1,,Clear or Partly Cloudy
84602,99185,99185,3326955,Matched,Block,,DENNY WAY BETWEEN QUEEN ANNE AVE N AND 1ST AVE,,,2,Injury Collision,Cycles,3,0,1,1,1,0,0,2009-07-10T00:00:00.000Z,7/10/2009 6:57:00 PM,Driveway Junction,18,"MOTOR VEHICLE STRUCK PEDALCYCLIST, FRONT END AT ANGLE",,0,Clear or Partly Cloudy,Dry,Daylight,Y,9191010.0,,45.0,Vehicle - Pedalcyclist,20126,0,N,POINT (1264883.350636035 229363.6142389178),11073.0,3.0386927963207347e-05,Clear or Partly Cloudy,2009-07-10,18:57:00,18.0,4,1,1.0,Clear or Partly Cloudy
84645,98240,98240,2892395,Matched,Intersection,485927.0,37TH AVE S AND M L KING JR ER WAY S,,,2,Injury Collision,Cycles,3,0,1,1,1,0,0,2009-09-29T00:00:00.000Z,9/29/2009 7:25:00 AM,At Intersection (intersection related),18,"MOTOR VEHICLE STRUCK PEDALCYCLIST, FRONT END AT ANGLE",,0,Overcast,Dry,Daylight,,9272006.0,,45.0,Vehicle - Pedalcyclist,0,545819,N,POINT (1281575.480637133 203310.7779882401),5657.0,0.0,Overcast,2009-09-29,07:25:00,7.0,1,1,1.0,Clear or Partly Cloudy
84728,99196,99196,2894949,Matched,Intersection,27184.0,EASTERN AVE N AND N 45TH ST,,,2,Injury Collision,Cycles,2,0,1,1,1,0,0,2009-03-02T00:00:00.000Z,3/2/2009,At Intersection (intersection related),51,PEDALCYCLIST STRUCK MOTOR VEHICLE FRONT END AT ANGLE,,0,Raining,Wet,Dark - Street Lights On,Y,9061005.0,,45.0,Vehicle - Pedalcyclist,6523,0,N,POINT (1271878.001203194 244826.3482067585),9056.0,0.0,Raining,2009-03-02,00:00:00,,0,1,,Raining
84814,98390,98390,2882773,Matched,Block,,E MADISON ST BETWEEN 14TH AVE AND E PIKE ST,,,2,Injury Collision,Cycles,2,0,1,1,1,0,0,2009-04-09T00:00:00.000Z,4/9/2009,Mid-Block (not related to intersection),54,PEDALCYCLIST STRUCK MOTOR VEHICLE REAR END,,0,Overcast,Wet,Daylight,,9099005.0,,45.0,Vehicle - Pedalcyclist,22967,0,N,POINT (1275244.446646646 227483.2459809929),6877.0,6.4172716921992015e-09,Overcast,2009-04-09,00:00:00,,3,1,,Clear or Partly Cloudy
84869,97703,97703,2906810,Matched,Intersection,29966.0,4TH AVE AND COLUMBIA ST,,,2,Injury Collision,Cycles,2,0,1,1,1,0,0,2009-10-21T00:00:00.000Z,10/21/2009 3:57:00 PM,At Intersection (intersection related),51,PEDALCYCLIST STRUCK MOTOR VEHICLE FRONT END AT ANGLE,,0,Overcast,Dry,Daylight,,9294005.0,,45.0,Vehicle - Pedalcyclist,12619,0,N,POINT (1270826.14917013 224160.0462335944),11803.0,0.0,Overcast,2009-10-21,15:57:00,15.0,2,1,1.0,Clear or Partly Cloudy
84896,99614,99614,3210135,Matched,Block,,UNIVERSITY WAY NE BETWEEN NE 43RD ST AND NE 45TH ST,,,2,Injury Collision,Cycles,2,1,1,0,1,0,0,2009-05-18T00:00:00.000Z,5/18/2009 12:40:00 PM,Mid-Block (not related to intersection),64,PEDALCYCLIST STRUCK PEDESTRIAN,,0,Clear or Partly Cloudy,Dry,Daylight,Y,9138005.0,,45.0,Vehicle - Pedalcyclist,5653,522427,N,POINT (1275769.965495184 244447.8844623715),10399.0,2.7524696701855203e-10,Clear or Partly Cloudy,2009-05-18,12:40:00,12.0,0,1,0.0,Clear or Partly Cloudy
84923,98110,98110,3208530,Matched,Intersection,28016.0,DEXTER AVE N AND DEXTER WAY N,,,2,Injury Collision,Cycles,2,1,1,0,2,0,0,2009-04-16T00:00:00.000Z,4/16/2009 8:30:00 AM,At Intersection (intersection related),24,MOTOR VEHCILE STRUCK PEDESTRIAN,,0,Clear or Partly Cloudy,Dry,Daylight,Y,9106001.0,,45.0,Vehicle - Pedalcyclist,41831,522528,N,POINT (1268163.157295391 236236.5364859551),8781.0,0.0,Clear or Partly Cloudy,2009-04-16,08:30:00,8.0,3,1,1.0,Clear or Partly Cloudy
84926,97979,97979,3205956,Matched,Intersection,24499.0,ROOSEVELT WAY NE AND NE 66TH ST,,,2b,Serious Injury Collision,Cycles,4,0,1,1,1,1,0,2009-06-03T00:00:00.000Z,6/3/2009,At Intersection (intersection related),56,PEDALCYCLIST STRUCK MOTOR VEHICLE LEFT SIDE SIDESWIPE,,0,Clear or Partly Cloudy,Dry,Daylight,,9154002.0,,45.0,Vehicle - Pedalcyclist,9392,0,N,POINT (1274841.88523823 250311.1781643778),4208.0,0.0,Clear or Partly Cloudy,2009-06-03,00:00:00,,2,1,,Clear or Partly Cloudy
86092,101177,101177,3199389,Matched,Intersection,29341.0,21ST AVE E AND E MERCER ST,,,2,Injury Collision,Cycles,2,0,1,1,2,0,0,2009-09-22T00:00:00.000Z,9/22/2009 11:46:00 AM,At Intersection (intersection related),18,"MOTOR VEHICLE STRUCK PEDALCYCLIST, FRONT END AT ANGLE",,0,Clear or Partly Cloudy,Dry,Daylight,,9265005.0,,45.0,Vehicle - Pedalcyclist,0,0,N,POINT (1277607.73048906 231232.0923208296),162.0,0.0,Clear or Partly Cloudy,2009-09-22,11:46:00,11.0,1,1,0.0,Clear or Partly Cloudy
86123,100510,100510,2623934,Matched,Intersection,26640.0,LEARY WAY NW AND NW 41ST ST,,,2,Injury Collision,Cycles,2,0,1,1,1,0,0,2009-04-16T00:00:00.000Z,4/16/2009 5:57:00 AM,At Intersection (intersection related),51,PEDALCYCLIST STRUCK MOTOR VEHICLE FRONT END AT ANGLE,,0,Overcast,Dry,Dawn,Y,9106005.0,,45.0,Vehicle - Pedalcyclist,17393,0,N,POINT (1263518.928426638 243375.4595012665),4305.0,0.0,Overcast,2009-04-16,05:57:00,5.0,3,1,0.0,Clear or Partly Cloudy
86184,100915,100915,3285532,Matched,Intersection,33562.0,RAINIER AVE S AND S ANGELINE ST,,,1,Property Damage Only Collision,Cycles,2,0,1,1,0,0,0,2009-06-28T00:00:00.000Z,6/28/2009 5:56:00 PM,At Intersection (intersection related),18,"MOTOR VEHICLE STRUCK PEDALCYCLIST, FRONT END AT ANGLE",,0,Clear or Partly Cloudy,Dry,Daylight,Y,9179001.0,,45.0,Vehicle - Pedalcyclist,0,0,N,POINT (1281772.164157331 207460.5766484886),15578.0,0.0,Clear or Partly Cloudy,2009-06-28,17:56:00,17.0,6,0,1.0,Clear or Partly Cloudy
86187,101180,101180,3210306,Matched,Intersection,27167.0,UNIVERSITY WAY NE AND NE PACIFIC ST,,,2,Injury Collision,Cycles,2,0,1,1,1,0,0,2009-05-07T00:00:00.000Z,5/7/2009,At Intersection (intersection related),18,"MOTOR VEHICLE STRUCK PEDALCYCLIST, FRONT END AT ANGLE",,0,Raining,Wet,Daylight,Y,9127002.0,,45.0,Vehicle - Pedalcyclist,0,522415,N,POINT (1275674.208311081 241847.4433717132),2203.0,0.0,Raining,2009-05-07,00:00:00,,3,1,,Raining
86248,100237,100237,3201017,Matched,Intersection,30392.0,ALASKAN WAY S AND S DEARBORN ST,,,2,Injury Collision,Cycles,2,0,1,1,1,0,0,2009-12-08T00:00:00.000Z,12/8/2009,At Intersection (intersection related),18,"MOTOR VEHICLE STRUCK PEDALCYCLIST, FRONT END AT ANGLE",,0,Clear or Partly Cloudy,Dry,Dark - Street Lights On,Y,9342001.0,,45.0,Vehicle - Pedalcyclist,0,522601,N,,,,Clear or Partly Cloudy,2009-12-08,00:00:00,,1,1,,Clear or Partly Cloudy
86270,100654,100654,2796464,Matched,Block,,CALIFORNIA AVE SW BETWEEN SW GRAHAM ST AND SW EDDY ST,,,2,Injury Collision,Cycles,3,0,1,2,1,0,0,2009-08-21T00:00:00.000Z,8/21/2009 7:23:00 PM,Driveway Junction,54,PEDALCYCLIST STRUCK MOTOR VEHICLE REAR END,,0,Clear or Partly Cloudy,Dry,Daylight,,9233004.0,,45.0,Vehicle - Pedalcyclist,2758,0,N,POINT (1256684.645795643 203169.3984041065),6229.0,7.243330535790649e-09,Clear or Partly Cloudy,2009-08-21,19:23:00,19.0,4,1,1.0,Clear or Partly Cloudy
86312,100790,100790,2623447,Matched,Intersection,29740.0,12TH AVE AND E PINE ST,,,1,Property Damage Only Collision,Cycles,2,0,1,1,0,0,0,2009-06-02T00:00:00.000Z,6/2/2009,At Intersection (intersection related),21,"MOTOR VEHICLE STRUCK PEDALCYCLIST, REAR END",,0,Clear or Partly Cloudy,Dry,Daylight,Y,9153018.0,,45.0,Vehicle - Pedalcyclist,10827,0,N,POINT (1274538.779701918 227956.2146854848),3935.0,0.0,Clear or Partly Cloudy,2009-06-02,00:00:00,,1,1,,Clear or Partly Cloudy
86386,100109,100109,3207278,Matched,Block,,S JACKSON ST BETWEEN 7TH AVE S AND 8TH AVE S,,,2,Injury Collision,Cycles,2,0,1,1,1,0,0,2009-04-10T00:00:00.000Z,4/10/2009 9:07:00 AM,Mid-Block (not related to intersection),18,"MOTOR VEHICLE STRUCK PEDALCYCLIST, FRONT END AT ANGLE",,N,Clear or Partly Cloudy,Dry,Daylight,Y,9100032.0,,45.0,Vehicle - Pedalcyclist,24453,0,N,POINT (1272885.209396228 222122.8979435116),15016.0,3.015195311668457e-05,Clear or Partly Cloudy,2009-04-10,09:07:00,9.0,4,1,1.0,Clear or Partly Cloudy
86502,99984,99984,3329090,Matched,Intersection,27027.0,FREMONT AVE N AND N 36TH ST,,,1,Property Damage Only Collision,Cycles,4,0,1,1,0,0,0,2009-12-20T00:00:00.000Z,12/20/2009 7:09:00 PM,At Intersection (intersection related),18,"MOTOR VEHICLE STRUCK PEDALCYCLIST, FRONT END AT ANGLE",,1,Raining,Wet,Dusk,,9354021.0,,45.0,Vehicle - Pedalcyclist,0,0,N,POINT (1266640.677421838 241275.2014511228),11267.0,0.0,Raining,2009-12-20,19:09:00,19.0,6,0,1.0,Raining
86536,101877,101877,C716590,Matched,Intersection,25115.0,22ND AVE NW AND NW 62ND ST,,,1,Property Damage Only Collision,Cycles,2,0,1,1,0,0,0,2009-01-14T00:00:00.000Z,1/14/2009 3:15:00 PM,At Intersection (intersection related),18,"MOTOR VEHICLE STRUCK PEDALCYCLIST, FRONT END AT ANGLE",,0,Clear or Partly Cloudy,Dry,Unknown,,9014031.0,,45.0,Vehicle - Pedalcyclist,0,0,N,POINT (1258228.800805226 249644.6839556843),7486.0,0.0,Clear or Partly Cloudy,2009-01-14,15:15:00,15.0,2,1,1.0,Clear or Partly Cloudy
86553,100811,100811,3199092,Matched,Block,,19TH AVE E BETWEEN E ROY ST AND E ALOHA ST,,,2,Injury Collision,Cycles,2,0,1,1,1,0,0,2009-06-05T00:00:00.000Z,6/5/2009,Mid-Block (not related to intersection),56,PEDALCYCLIST STRUCK MOTOR VEHICLE LEFT SIDE SIDESWIPE,,0,Overcast,Dry,Daylight,Y,9156044.0,,45.0,Vehicle - Pedalcyclist,8893,0,N,POINT (1276968.07564041 231841.5641934574),19467.0,1.4481271296460812e-05,Overcast,2009-06-05,00:00:00,,4,1,,Clear or Partly Cloudy
86571,100941,100941,3328451,Matched,Intersection,29579.0,4TH AVE AND PINE ST,,,2,Injury Collision,Cycles,2,0,1,1,1,0,0,2009-10-09T00:00:00.000Z,10/9/2009,At Intersection (intersection related),18,"MOTOR VEHICLE STRUCK PEDALCYCLIST, FRONT END AT ANGLE",,1,Clear or Partly Cloudy,Dry,Dark - Street Lights On,,9282003.0,,45.0,Vehicle - Pedalcyclist,12763,0,N,POINT (1269395.978288665 226576.0889880657),895.0,0.0,Clear or Partly Cloudy,2009-10-09,00:00:00,,4,1,,Clear or Partly Cloudy
86596,101340,101340,3207108,Matched,Intersection,25525.0,MERIDIAN AVE N AND N 50TH ST,,,2,Injury Collision,Cycles,3,0,1,1,1,0,0,2009-06-04T00:00:00.000Z,6/4/2009,At Intersection (intersection related),18,"MOTOR VEHICLE STRUCK PEDALCYCLIST, FRONT END AT ANGLE",,0,Clear or Partly Cloudy,Dry,Daylight,,9155041.0,,45.0,Vehicle - Pedalcyclist,31676,0,N,POINT (1270733.973810032 246188.4302561581),8861.0,0.0,Clear or Partly Cloudy,2009-06-04,00:00:00,,3,1,,Clear or Partly Cloudy
86680,100682,100682,3208497,Matched,Intersection,29911.0,7TH AVE AND UNION ST,,,2,Injury Collision,Cycles,2,0,1,1,1,0,0,2009-05-23T00:00:00.000Z,5/23/2009 8:44:00 PM,At Intersection (intersection related),18,"MOTOR VEHICLE STRUCK PEDALCYCLIST, FRONT END AT ANGLE",,0,Clear or Partly Cloudy,Dry,Daylight,,9143003.0,,45.0,Vehicle - Pedalcyclist,37014,0,N,POINT (1270660.664369956 226334.9807638228),4931.0,0.0,Clear or Partly Cloudy,2009-05-23,20:44:00,20.0,5,0,0.0,Clear or Partly Cloudy