OBJECTID,INCKEY,COLDETKEY,REPORTNO,STATUS,ADDRTYPE,INTKEY,LOCATION,EXCEPTRSNC,EXCEPTRSND,SEVERITYCO,SEVERITYDE,COLLISIONT,PERSONCOUN,PEDCOUNT,PEDCYLCOUN,VEHCOUNT,INJURIES,SERIOUSINJ,FATALITIES,INCDATE,INCDTTM,JUNCTIONTY,SDOT_COLCO,SDOT_COLDE,INATTENTIO,UNDERINFL,WEATHER,ROADCOND,LIGHTCOND,PEDROWNOTG,SDOTCOLNUM,SPEEDING,ST_COLCODE,ST_COLDESC,SEGLANEKEY,CROSSWALKK,HITPARKEDC,geometry,near_str_index,min_length,weather_group,date,time,hour,dayofweek,weekday,rushhour,weather_group2
86709,100952,100952,2906494,Matched,Block,,HARVARD AVE E BETWEEN E SHELBY ST AND E GWINN PL,,,2,Injury Collision,Cycles,2,0,1,1,1,0,0,2009-05-30T00:00:00.000Z,5/30/2009 2:23:00 PM,Driveway Junction,18,"MOTOR VEHICLE STRUCK PEDALCYCLIST, FRONT END AT ANGLE",,0,Clear or Partly Cloudy,Dry,Daylight,,9150004.0,Y,45.0,Vehicle - Pedalcyclist,0,0,N,POINT (1273471.265780836 239691.2868894935),3578.0,1.9365746666917987e-05,Clear or Partly Cloudy,2009-05-30,14:23:00,14.0,5,0,0.0,Clear or Partly Cloudy
86766,100141,100141,3200432,Matched,Block,,WESTERN AVE BETWEEN EAGLE ST AND BAY ST,,,2,Injury Collision,Cycles,2,0,1,1,1,0,0,2009-04-23T00:00:00.000Z,4/23/2009 8:00:00 PM,Mid-Block (not related to intersection),23,"MOTOR VEHICLE STRUCK PEDALCYCLIST, LEFT SIDE SIDESWIPE",,0,Clear or Partly Cloudy,Dry,Daylight,,9113003.0,,45.0,Vehicle - Pedalcyclist,19099,0,N,POINT (1265064.029164225 228926.9186864793),3826.0,3.0050872783975567e-05,Clear or Partly Cloudy,2009-04-23,20:00:00,20.0,3,1,0.0,Clear or Partly Cloudy
86773,100418,100418,3285457,Matched,Block,,15TH AVE S BETWEEN S ATLANTIC ST AND S MASSACHUSETTS ST,,,2,Injury Collision,Cycles,2,0,1,1,1,0,0,2009-06-02T00:00:00.000Z,6/2/2009,Mid-Block (not related to intersection),56,PEDALCYCLIST STRUCK MOTOR VEHICLE LEFT SIDE SIDESWIPE,,0,Clear or Partly Cloudy,Dry,Daylight,,9153020.0,,45.0,Vehicle - Pedalcyclist,14089,0,N,POINT (1275121.374646515 218448.43720375),17206.0,9.603501477428508e-06,Clear or Partly Cloudy,2009-06-02,00:00:00,,1,1,,Clear or Partly Cloudy
86795,101895,101895,3210258,Matched,Block,,NE 41ST ST BETWEEN BROOKLYN AVE NE AND UNIVERSITY WAY NE,,,2,Injury Collision,Cycles,3,0,1,1,1,0,0,2009-03-10T00:00:00.000Z,3/10/2009 7:10:00 PM,Driveway Junction,18,"MOTOR VEHICLE STRUCK PEDALCYCLIST, FRONT END AT ANGLE",,0,Clear or Partly Cloudy,Dry,Dusk,,9069002.0,,45.0,Vehicle - Pedalcyclist,0,0,N,POINT (1275577.727798983 243104.9688769877),15606.0,7.72189789448123e-09,Clear or Partly Cloudy,2009-03-10,19:10:00,19.0,1,1,1.0,Clear or Partly Cloudy
86806,100270,100270,3282932,Matched,Block,,E UNION ST BETWEEN 14TH AVE AND 15TH AVE,,,2,Injury Collision,Cycles,2,0,1,1,1,0,0,2009-01-21T00:00:00.000Z,1/21/2009 11:06:00 AM,Mid-Block (not related to intersection),18,"MOTOR VEHICLE STRUCK PEDALCYCLIST, FRONT END AT ANGLE",,0,Overcast,Dry,Daylight,,9021004.0,,45.0,Vehicle - Pedalcyclist,9297,0,N,POINT (1275355.437814757 227083.3657245934),1176.0,4.079134981366905e-06,Overcast,2009-01-21,11:06:00,11.0,2,1,0.0,Clear or Partly Cloudy
86819,100829,100829,3328359,Matched,Block,,M L KING JR WAY BETWEEN E ALDER ST AND E JEFFERSON ST,,,2,Injury Collision,Cycles,2,0,1,1,1,0,0,2009-09-13T00:00:00.000Z,9/13/2009 2:00:00 PM,Mid-Block (not related to intersection),23,"MOTOR VEHICLE STRUCK PEDALCYCLIST, LEFT SIDE SIDESWIPE",,0,Clear or Partly Cloudy,Dry,Daylight,Y,9256028.0,,45.0,Vehicle - Pedalcyclist,10171,0,N,POINT (1279415.972858921 224193.3842176348),8846.0,1.1523680687604018e-05,Clear or Partly Cloudy,2009-09-13,14:00:00,14.0,6,0,0.0,Clear or Partly Cloudy
86826,100826,100826,3281759,Matched,Block,,12TH AVE BETWEEN E REMINGTON CT AND E JEFFERSON ST,,,1,Property Damage Only Collision,Cycles,2,0,1,1,0,0,0,2009-06-12T00:00:00.000Z,6/12/2009 4:36:00 PM,Mid-Block (not related to intersection),56,PEDALCYCLIST STRUCK MOTOR VEHICLE LEFT SIDE SIDESWIPE,,0,Clear or Partly Cloudy,Dry,Daylight,Y,9163007.0,,45.0,Vehicle - Pedalcyclist,10600,0,N,POINT (1274490.98603788 224535.4521859735),2320.0,7.449163053530303e-09,Clear or Partly Cloudy,2009-06-12,16:36:00,16.0,4,1,1.0,Clear or Partly Cloudy
86862,101628,101628,3289818,Matched,Block,,STONE WAY N BETWEEN N NORTHLAKE WAY AND N 34TH ST,,,2,Injury Collision,Cycles,2,0,1,1,1,0,0,2009-08-12T00:00:00.000Z,8/12/2009 9:25:00 AM,Mid-Block (but intersection related),51,PEDALCYCLIST STRUCK MOTOR VEHICLE FRONT END AT ANGLE,,0,Clear or Partly Cloudy,Dry,Daylight,,9224023.0,Y,45.0,Vehicle - Pedalcyclist,0,523424,N,POINT (1268381.065711617 240147.3082659692),16670.0,3.822856063701236e-06,Clear or Partly Cloudy,2009-08-12,09:25:00,9.0,2,1,1.0,Clear or Partly Cloudy
86878,101494,101494,3210397,Matched,Block,,NE PACIFIC PL BETWEEN NE PACIFIC ST AND MONTLAKE BLVD NE,,,2,Injury Collision,Cycles,2,0,1,1,1,0,0,2009-12-18T00:00:00.000Z,12/18/2009 4:28:00 PM,Mid-Block (not related to intersection),18,"MOTOR VEHICLE STRUCK PEDALCYCLIST, FRONT END AT ANGLE",,0,Overcast,Dry,Dark - Street Lights On,Y,9352030.0,,45.0,Vehicle - Pedalcyclist,0,524520,N,POINT (1277531.628280982 240800.1729066372),7414.0,1.8823087358862974e-05,Overcast,2009-12-18,16:28:00,16.0,4,1,1.0,Clear or Partly Cloudy
86890,101224,101224,3289157,Matched,Block,,BEACON ER AVE S BETWEEN S DAWSON ST AND S BENNETT N ST,,,2b,Serious Injury Collision,Cycles,2,0,1,1,1,1,0,2009-01-21T00:00:00.000Z,1/21/2009 7:18:00 AM,Mid-Block (but intersection related),51,PEDALCYCLIST STRUCK MOTOR VEHICLE FRONT END AT ANGLE,,0,Clear or Partly Cloudy,Dry,Dawn,,9021003.0,,45.0,Vehicle - Pedalcyclist,12886,0,N,POINT (1277505.319864959 206143.3496391475),19365.0,2.913727264088197e-05,Clear or Partly Cloudy,2009-01-21,07:18:00,7.0,2,1,1.0,Clear or Partly Cloudy
86971,100963,100963,3296789,Matched,Intersection,35274.0,RENTON AVE S AND S HENDERSON ST,,,1,Property Damage Only Collision,Cycles,2,0,1,1,0,0,0,2009-03-24T00:00:00.000Z,3/24/2009 7:45:00 AM,At Intersection (intersection related),18,"MOTOR VEHICLE STRUCK PEDALCYCLIST, FRONT END AT ANGLE",,0,Overcast,Dry,Daylight,,9083008.0,,45.0,Vehicle - Pedalcyclist,14444,0,N,POINT (1283885.015359491 194231.6929229498),11160.0,0.0,Overcast,2009-03-24,07:45:00,7.0,1,1,1.0,Clear or Partly Cloudy
87031,101910,101910,3344685,Matched,Block,,VIRGINIA ST BETWEEN TERRY AVE AND FAIRVIEW AVE,,,2,Injury Collision,Cycles,4,0,1,1,1,0,0,2009-08-12T00:00:00.000Z,8/12/2009 8:40:00 AM,Mid-Block (not related to intersection),21,"MOTOR VEHICLE STRUCK PEDALCYCLIST, REAR END",,0,Clear or Partly Cloudy,Wet,Daylight,Y,9224021.0,,45.0,Vehicle - Pedalcyclist,14339,0,N,POINT (1270185.920817465 228780.205534324),20619.0,6.195623720293467e-06,Clear or Partly Cloudy,2009-08-12,08:40:00,8.0,2,1,1.0,Clear or Partly Cloudy
87032,100018,100018,3286003,Matched,Intersection,29685.0,1ST AVE AND VINE ST,,,2,Injury Collision,Cycles,2,0,1,1,1,0,0,2009-01-21T00:00:00.000Z,1/21/2009 5:16:00 PM,At Intersection (intersection related),18,"MOTOR VEHICLE STRUCK PEDALCYCLIST, FRONT END AT ANGLE",,0,Clear or Partly Cloudy,Dry,Daylight,Y,9021008.0,,45.0,Vehicle - Pedalcyclist,13251,0,N,POINT (1266443.476525635 228108.6007336378),4941.0,0.0,Clear or Partly Cloudy,2009-01-21,17:16:00,17.0,2,1,1.0,Clear or Partly Cloudy
87042,101907,101907,3198634,Matched,Intersection,36637.0,25TH AVE NE AND NE 117TH ST,,,2,Injury Collision,Cycles,3,0,1,1,1,0,0,2009-08-10T00:00:00.000Z,8/10/2009 5:27:00 PM,At Intersection (intersection related),51,PEDALCYCLIST STRUCK MOTOR VEHICLE FRONT END AT ANGLE,,0,Clear or Partly Cloudy,Dry,Daylight,Y,9222024.0,,45.0,Vehicle - Pedalcyclist,0,0,N,POINT (1278944.241978437 263849.4043542296),4114.0,0.0,Clear or Partly Cloudy,2009-08-10,17:27:00,17.0,0,1,1.0,Clear or Partly Cloudy
87044,101635,101635,3208405,Matched,Intersection,26581.0,28TH AVE W AND W DRAVUS ST,,,2,Injury Collision,Cycles,2,0,1,1,1,0,0,2009-06-28T00:00:00.000Z,6/28/2009 7:16:00 PM,At Intersection (intersection related),18,"MOTOR VEHICLE STRUCK PEDALCYCLIST, FRONT END AT ANGLE",,0,Clear or Partly Cloudy,Dry,Daylight,,9179008.0,,45.0,Vehicle - Pedalcyclist,29577,0,N,POINT (1256032.917794973 240501.2159143239),5432.0,0.0,Clear or Partly Cloudy,2009-06-28,19:16:00,19.0,6,0,1.0,Clear or Partly Cloudy
87074,100711,100711,3210532,Matched,Intersection,35901.0,12TH AVE NE AND NE 125TH ST,,,1,Property Damage Only Collision,Cycles,2,0,1,1,0,0,0,2009-03-18T00:00:00.000Z,3/18/2009 4:57:00 PM,At Intersection (intersection related),51,PEDALCYCLIST STRUCK MOTOR VEHICLE FRONT END AT ANGLE,,0,Clear or Partly Cloudy,Dry,Daylight,,9077016.0,,45.0,Vehicle - Pedalcyclist,11010,0,N,POINT (1275627.530295044 265939.1968683749),2334.0,0.0,Clear or Partly Cloudy,2009-03-18,16:57:00,16.0,2,1,1.0,Clear or Partly Cloudy
87116,101512,101512,3200440,Matched,Intersection,29508.0,DENNY WAY AND TERRY AVE,,,2,Injury Collision,Cycles,3,0,1,1,1,0,0,2009-05-01T00:00:00.000Z,5/1/2009,At Intersection (intersection related),51,PEDALCYCLIST STRUCK MOTOR VEHICLE FRONT END AT ANGLE,,0,Clear or Partly Cloudy,Dry,Daylight,Y,9121005.0,,45.0,Vehicle - Pedalcyclist,23507,0,N,POINT (1269556.96734482 229243.3586228043),11074.0,0.0,Clear or Partly Cloudy,2009-05-01,00:00:00,,4,1,,Clear or Partly Cloudy
87156,101917,101917,3210551,Matched,Intersection,27149.0,15TH AVE NE AND NE PACIFIC ST,,,2,Injury Collision,Cycles,3,0,1,2,1,0,0,2009-01-24T00:00:00.000Z,1/24/2009 9:16:00 PM,At Intersection (intersection related),18,"MOTOR VEHICLE STRUCK PEDALCYCLIST, FRONT END AT ANGLE",,0,Raining,Wet,Dark - Street Lights On,,9024002.0,,45.0,Vehicle - Pedalcyclist,0,520838,N,POINT (1275885.728567302 241688.8779955506),1534.0,0.0,Raining,2009-01-24,21:16:00,21.0,5,0,0.0,Raining
87178,99894,99894,3295884,Matched,Block,,15TH AVE W BETWEEN W BLAINE ST AND W HOWE ST,,,2,Injury Collision,Cycles,2,0,1,1,1,0,0,2009-09-22T00:00:00.000Z,9/22/2009 9:03:00 AM,Mid-Block (not related to intersection),18,"MOTOR VEHICLE STRUCK PEDALCYCLIST, FRONT END AT ANGLE",,0,Clear or Partly Cloudy,Dry,Daylight,Y,9265001.0,,45.0,Vehicle - Pedalcyclist,18997,0,N,POINT (1260067.321575105 235582.1390452981),2408.0,3.773527608363018e-06,Clear or Partly Cloudy,2009-09-22,09:03:00,9.0,1,1,1.0,Clear or Partly Cloudy
87202,100445,100445,3282970,Matched,Block,,10TH AVE E BETWEEN E MILLER ST AND E ROANOKE W ST,,,1,Property Damage Only Collision,Cycles,2,0,1,1,0,0,0,2009-07-10T00:00:00.000Z,7/10/2009 10:28:00 PM,Mid-Block (not related to intersection),56,PEDALCYCLIST STRUCK MOTOR VEHICLE LEFT SIDE SIDESWIPE,,0,Clear or Partly Cloudy,Dry,Dark - Street Lights On,,9191008.0,,45.0,Vehicle - Pedalcyclist,6086,0,N,POINT (1273939.139125317 237821.7531915903),19407.0,2.2648803790169824e-05,Clear or Partly Cloudy,2009-07-10,22:28:00,22.0,4,1,0.0,Clear or Partly Cloudy
87238,100448,100448,3280438,Matched,Block,,LEARY WAY NW BETWEEN NW BOWDOIN N PL AND NW 40TH ST,,,2,Injury Collision,Cycles,2,0,1,1,1,0,0,2009-07-12T00:00:00.000Z,7/12/2009 12:01:00 PM,Driveway Junction,18,"MOTOR VEHICLE STRUCK PEDALCYCLIST, FRONT END AT ANGLE",,0,Unknown,Unknown,Dark - Street Lights Off,Y,9193004.0,,45.0,Vehicle - Pedalcyclist,17409,0,N,POINT (1263823.001706958 242890.7908927798),14807.0,1.2499029698661795e-05,,2009-07-12,12:01:00,12.0,6,0,0.0,
87252,101246,101246,3198585,Matched,Intersection,37571.0,MERIDIAN AVE N AND N 92ND ST,,,2,Injury Collision,Cycles,3,0,1,1,1,0,0,2009-09-25T00:00:00.000Z,9/25/2009 9:05:00 PM,At Intersection (intersection related),18,"MOTOR VEHICLE STRUCK PEDALCYCLIST, FRONT END AT ANGLE",,0,Clear or Partly Cloudy,Dry,Dark - Street Lights Off,Y,9268002.0,,45.0,Vehicle - Pedalcyclist,0,0,N,POINT (1270932.808754236 257461.9557716995),9886.0,0.0,Clear or Partly Cloudy,2009-09-25,21:05:00,21.0,4,1,0.0,Clear or Partly Cloudy
87302,101789,101789,3344705,Matched,Block,,STEWART ST BETWEEN BOREN AVE AND MINOR AVE,,,2,Injury Collision,Cycles,2,0,1,1,1,0,0,2009-07-27T00:00:00.000Z,7/27/2009 10:02:00 PM,Driveway Junction,18,"MOTOR VEHICLE STRUCK PEDALCYCLIST, FRONT END AT ANGLE",Y,0,Clear or Partly Cloudy,Dry,Dark - Street Lights On,Y,9208035.0,,45.0,Vehicle - Pedalcyclist,0,0,N,POINT (1270746.720306039 228763.8518703133),23032.0,1.0484787508402573e-05,Clear or Partly Cloudy,2009-07-27,22:02:00,22.0,0,1,0.0,Clear or Partly Cloudy
87316,100035,100035,2803793,Matched,Block,,1ST AVE S BETWEEN YESLER WAY AND S WASHINGTON ST,,,2,Injury Collision,Cycles,2,0,1,1,1,0,0,2009-05-15T00:00:00.000Z,5/15/2009 11:42:00 PM,Mid-Block (but intersection related),56,PEDALCYCLIST STRUCK MOTOR VEHICLE LEFT SIDE SIDESWIPE,,1,Clear or Partly Cloudy,Dry,Dark - Street Lights On,,9135011.0,,45.0,Vehicle - Pedalcyclist,36174,0,N,POINT (1270166.966705441 222947.9864563495),15894.0,2.0135683050544327e-05,Clear or Partly Cloudy,2009-05-15,23:42:00,23.0,4,1,0.0,Clear or Partly Cloudy
87347,102607,102607,3205952,Matched,Block,,UNIVERSITY BR BETWEEN FUHRMAN AVE E AND POINT A,,,1,Property Damage Only Collision,Cycles,2,0,1,1,0,0,0,2009-06-01T00:00:00.000Z,6/1/2009,Mid-Block (not related to intersection),55,PEDALCYCLIST STRUCK MOTOR VEHICLE RIGHT SIDE SIDESWIPE,,0,Clear or Partly Cloudy,Dry,Daylight,,9152002.0,,45.0,Vehicle - Pedalcyclist,15452,0,N,POINT (1273794.575541168 241382.5926832259),995.0,2.2986366870931932e-05,Clear or Partly Cloudy,2009-06-01,00:00:00,,0,1,,Clear or Partly Cloudy
87394,103291,103291,3326534,Matched,Intersection,29878.0,BOREN AVE AND PIKE ST,,,1,Property Damage Only Collision,Cycles,2,0,1,1,0,0,0,2009-09-25T00:00:00.000Z,9/25/2009 4:40:00 PM,At Intersection (intersection related),51,PEDALCYCLIST STRUCK MOTOR VEHICLE FRONT END AT ANGLE,,0,Clear or Partly Cloudy,Dry,Daylight,,9268005.0,,45.0,Vehicle - Pedalcyclist,31087,0,N,POINT (1271552.335410863 227358.0148768723),6588.0,0.0,Clear or Partly Cloudy,2009-09-25,16:40:00,16.0,4,1,1.0,Clear or Partly Cloudy
87395,102884,102884,2898937,Matched,Block,,E ROANOKE ST BETWEEN GLENWILDE PL E AND 25TH AVE E,,,2,Injury Collision,Cycles,2,0,1,1,1,0,0,2009-05-14T00:00:00.000Z,5/14/2009 2:38:00 PM,Mid-Block (but intersection related),51,PEDALCYCLIST STRUCK MOTOR VEHICLE FRONT END AT ANGLE,,0,Clear or Partly Cloudy,Dry,Daylight,,9134004.0,,45.0,Vehicle - Pedalcyclist,0,0,N,POINT (1278712.722682193 238049.5700238198),11244.0,2.956501424782931e-05,Clear or Partly Cloudy,2009-05-14,14:38:00,14.0,3,1,0.0,Clear or Partly Cloudy
87408,103562,103562,3289460,Matched,Intersection,31372.0,1ST AVE S AND S LANDER ST,,,2,Injury Collision,Cycles,2,0,1,1,1,0,0,2009-01-22T00:00:00.000Z,1/22/2009 7:35:00 AM,At Intersection (intersection related),51,PEDALCYCLIST STRUCK MOTOR VEHICLE FRONT END AT ANGLE,,0,Overcast,Dry,Dawn,Y,9022025.0,,45.0,Vehicle - Pedalcyclist,5336,0,N,POINT (1270008.956465289 215109.6856483221),10801.0,0.0,Overcast,2009-01-22,07:35:00,7.0,3,1,1.0,Clear or Partly Cloudy
87412,103560,103560,3273989,Matched,Intersection,26774.0,15TH AV W NB OFF RP AND W DRAVUS ST,,,2,Injury Collision,Cycles,2,0,2,0,2,0,0,2009-01-21T00:00:00.000Z,1/21/2009 7:23:00 AM,At Intersection (intersection related),58,PEDALCYCLIST STRUCK PEDALCYCLIST FRONT END AT ANGLE,,0,Clear or Partly Cloudy,Dry,Dawn,,9021001.0,,45.0,Vehicle - Pedalcyclist,16062,0,N,POINT (1260169.670695215 240352.9210021794),5118.0,0.0,Clear or Partly Cloudy,2009-01-21,07:23:00,7.0,2,1,1.0,Clear or Partly Cloudy
87456,102203,102203,3327986,Matched,Intersection,287171.0,BURKE GILMAN TRL AND NE 65TH ST,,,2b,Serious Injury Collision,Cycles,2,0,1,1,1,1,0,2009-09-26T00:00:00.000Z,9/26/2009 6:06:00 PM,At Intersection (intersection related),18,"MOTOR VEHICLE STRUCK PEDALCYCLIST, FRONT END AT ANGLE",,0,Clear or Partly Cloudy,Dry,Daylight,,9269027.0,,45.0,Vehicle - Pedalcyclist,0,524265,N,POINT (1287350.799683049 249775.8573318273),11616.0,0.0,Clear or Partly Cloudy,2009-09-26,18:06:00,18.0,5,0,1.0,Clear or Partly Cloudy
87520,103025,103025,3210351,Matched,Block,,BURKE GILMAN TRL BETWEEN 8TH AVE NW AND 8TH AVE NW,,,2,Injury Collision,Cycles,2,0,1,1,1,0,0,2009-02-20T00:00:00.000Z,2/20/2009 2:05:00 PM,Driveway Junction,18,"MOTOR VEHICLE STRUCK PEDALCYCLIST, FRONT END AT ANGLE",,0,Clear or Partly Cloudy,Dry,Daylight,Y,9051019.0,,45.0,Vehicle - Pedalcyclist,0,630875,N,POINT (1262673.97879377 244180.6547020972),8271.0,1.9045664208284048e-05,Clear or Partly Cloudy,2009-02-20,14:05:00,14.0,4,1,0.0,Clear or Partly Cloudy
87523,103024,103024,3283467,Matched,Intersection,31285.0,15TH AVE S AND S COLLEGE ST,,,2,Injury Collision,Cycles,2,0,1,1,1,0,0,2009-09-13T00:00:00.000Z,9/13/2009 2:25:00 AM,At Intersection (intersection related),18,"MOTOR VEHICLE STRUCK PEDALCYCLIST, FRONT END AT ANGLE",,0,Clear or Partly Cloudy,Dry,Dark - Street Lights On,Y,9256002.0,,45.0,Vehicle - Pedalcyclist,14060,0,N,POINT (1275165.488950565 216166.6200494021),86.0,0.0,Clear or Partly Cloudy,2009-09-13,02:25:00,2.0,6,0,0.0,Clear or Partly Cloudy
87599,104105,104105,3296120,Matched,Block,,HARBOR AVE SW BETWEEN SW HARBOR LN AND SW SPOKANE NR ST,,,2b,Serious Injury Collision,Cycles,4,0,1,1,1,1,0,2009-07-05T00:00:00.000Z,7/5/2009,Driveway Junction,51,PEDALCYCLIST STRUCK MOTOR VEHICLE FRONT END AT ANGLE,Y,0,Clear or Partly Cloudy,Dry,Daylight,,9186022.0,,45.0,Vehicle - Pedalcyclist,4282,0,N,POINT (1260904.91856797 213282.4192784578),17935.0,1.846088512135144e-05,Clear or Partly Cloudy,2009-07-05,00:00:00,,6,0,,Clear or Partly Cloudy
87617,102759,102759,3198558,Matched,Intersection,287158.0,BROOKLYN AVE NE AND BURKE GILMAN TRL,,,1,Property Damage Only Collision,Cycles,2,0,1,1,0,0,0,2009-11-16T00:00:00.000Z,11/16/2009 5:10:00 PM,At Intersection (intersection related),18,"MOTOR VEHICLE STRUCK PEDALCYCLIST, FRONT END AT ANGLE",,0,Raining,Wet,Dark - Street Lights Off,,9320001.0,,45.0,Vehicle - Pedalcyclist,0,525567,N,POINT (1275399.661622807 242148.1143480092),2203.0,0.0,Raining,2009-11-16,17:10:00,17.0,0,1,1.0,Raining
87618,102626,102626,2877980,Matched,Intersection,35910.0,MERIDIAN AVE N AND N 145TH ST,,,2,Injury Collision,Cycles,2,0,1,1,1,0,0,2009-07-10T00:00:00.000Z,7/10/2009 6:45:00 PM,At Intersection (intersection related),18,"MOTOR VEHICLE STRUCK PEDALCYCLIST, FRONT END AT ANGLE",,0,Clear or Partly Cloudy,Dry,Daylight,,9191050.0,,45.0,Vehicle - Pedalcyclist,0,523998,N,POINT (1271088.264498398 271391.9538659602),12725.0,0.0,Clear or Partly Cloudy,2009-07-10,18:45:00,18.0,4,1,1.0,Clear or Partly Cloudy
87667,103305,103305,3287716,Matched,Block,,E THOMAS ST BETWEEN 15TH S AVE E AND 16TH AVE E,,,2,Injury Collision,Cycles,2,0,1,1,1,0,0,2009-02-04T00:00:00.000Z,2/4/2009,Driveway Junction,18,"MOTOR VEHICLE STRUCK PEDALCYCLIST, FRONT END AT ANGLE",,0,Clear or Partly Cloudy,Dry,Dawn,Y,9035016.0,,45.0,Vehicle - Pedalcyclist,35281,0,N,POINT (1275760.67730318 229843.4471994191),3956.0,7.448507308104853e-09,Clear or Partly Cloudy,2009-02-04,00:00:00,,2,1,,Clear or Partly Cloudy
87670,103304,103304,3277491,Matched,Intersection,23895.0,15TH AVE NW AND NW 75TH ST,,,2,Injury Collision,Cycles,3,0,1,1,1,0,0,2009-02-02T00:00:00.000Z,2/2/2009,At Intersection (intersection related),18,"MOTOR VEHICLE STRUCK PEDALCYCLIST, FRONT END AT ANGLE",,0,Clear or Partly Cloudy,Dry,Daylight,,9033025.0,,45.0,Vehicle - Pedalcyclist,0,521278,N,POINT (1260258.570023298 253036.461751163),2399.0,0.0,Clear or Partly Cloudy,2009-02-02,00:00:00,,0,1,,Clear or Partly Cloudy
87686,103982,103982,2907125,Matched,Intersection,27982.0,AURORA AVE N AND DEXTER WAY N,,,3,Fatality Collision,Cycles,3,0,1,2,1,0,1,2009-07-01T00:00:00.000Z,7/1/2009,At Intersection (intersection related),18,"MOTOR VEHICLE STRUCK PEDALCYCLIST, FRONT END AT ANGLE",,1,Clear or Partly Cloudy,Dry,Dark - Street Lights On,,9182026.0,,45.0,Vehicle - Pedalcyclist,0,0,N,POINT (1267455.502638668 237333.7046150863),8733.0,0.0,Clear or Partly Cloudy,2009-07-01,00:00:00,,2,1,,Clear or Partly Cloudy
87700,103579,103579,3284890,Matched,Block,,NW 83RD ST BETWEEN MARY AVE NW AND 15TH AVE NW,,,1,Property Damage Only Collision,Cycles,2,0,1,1,0,0,0,2009-05-16T00:00:00.000Z,5/16/2009 12:59:00 PM,Mid-Block (but intersection related),54,PEDALCYCLIST STRUCK MOTOR VEHICLE REAR END,,0,Clear or Partly Cloudy,Dry,Daylight,,9136002.0,,45.0,Vehicle - Pedalcyclist,0,0,N,POINT (1260458.851367503 255034.9374012053),12122.0,1.1235644831752586e-10,Clear or Partly Cloudy,2009-05-16,12:59:00,12.0,5,0,0.0,Clear or Partly Cloudy
87822,103852,103852,3199372,Matched,Block,,E PIKE ST BETWEEN HARVARD AVE AND BROADWAY,,,2,Injury Collision,Cycles,2,0,1,1,1,0,0,2009-08-07T00:00:00.000Z,8/7/2009,Mid-Block (but intersection related),54,PEDALCYCLIST STRUCK MOTOR VEHICLE REAR END,,0,Clear or Partly Cloudy,Dry,Daylight,,9219039.0,,45.0,Vehicle - Pedalcyclist,31201,0,N,POINT (1273397.62034075 227542.9990050644),1144.0,2.1304309350473075e-05,Clear or Partly Cloudy,2009-08-07,00:00:00,,4,1,,Clear or Partly Cloudy
87823,103586,103586,3283933,Matched,Block,,NE 55TH ST BETWEEN 43RD AVE NE AND 45TH AVE NE,,,2,Injury Collision,Cycles,2,0,1,1,1,0,0,2009-03-07T00:00:00.000Z,3/7/2009,Mid-Block (not related to intersection),56,PEDALCYCLIST STRUCK MOTOR VEHICLE LEFT SIDE SIDESWIPE,,0,Overcast,Wet,Daylight,,9066003.0,,45.0,Vehicle - Pedalcyclist,34171,0,N,POINT (1283796.441471398 247307.3892332911),17181.0,3.660041297341026e-05,Overcast,2009-03-07,00:00:00,,5,0,,Clear or Partly Cloudy
87851,102234,102234,3289459,Matched,Block,,MERCER SR ST BETWEEN BOREN AVE N AND FAIRVIEW N AVE N,,,2,Injury Collision,Cycles,2,0,1,1,1,0,0,2009-01-21T00:00:00.000Z,1/21/2009 9:20:00 AM,Driveway Junction,18,"MOTOR VEHICLE STRUCK PEDALCYCLIST, FRONT END AT ANGLE",,0,Clear or Partly Cloudy,Dry,Daylight,Y,9021010.0,,45.0,Vehicle - Pedalcyclist,0,0,N,POINT (1270115.966065392 231454.7142730653),11133.0,2.374861040436041e-05,Clear or Partly Cloudy,2009-01-21,09:20:00,9.0,2,1,1.0,Clear or Partly Cloudy
87889,102507,102507,3287459,Matched,Intersection,30097.0,M L KING JR WAY AND E ALDER ST,,,2,Injury Collision,Cycles,3,0,1,1,1,0,0,2009-04-26T00:00:00.000Z,4/26/2009 6:49:00 PM,At Intersection (intersection related),18,"MOTOR VEHICLE STRUCK PEDALCYCLIST, FRONT END AT ANGLE",,0,Clear or Partly Cloudy,Dry,Daylight,,9116002.0,,45.0,Vehicle - Pedalcyclist,0,0,N,POINT (1279408.096058905 223841.8515452743),3637.0,0.0,Clear or Partly Cloudy,2009-04-26,18:49:00,18.0,6,0,1.0,Clear or Partly Cloudy
87913,103457,103457,C719928,Matched,Block,,TAYLOR AVE N BETWEEN ALOHA ST AND WARD PL,,,1,Property Damage Only Collision,Cycles,2,0,1,1,0,0,0,2009-04-25T00:00:00.000Z,4/25/2009 7:00:00 AM,Mid-Block (not related to intersection),11,"MOTOR VEHICLE STRUCK MOTOR VEHICLE, FRONT END AT ANGLE",,0,Clear or Partly Cloudy,Dry,Dawn,,9115025.0,,45.0,Vehicle - Pedalcyclist,11243,0,N,POINT (1267377.540398598 232477.6397781074),8927.0,2.0729793600815093e-05,Clear or Partly Cloudy,2009-04-25,07:00:00,7.0,5,0,1.0,Clear or Partly Cloudy