OBJECTID,INCKEY,COLDETKEY,REPORTNO,STATUS,ADDRTYPE,INTKEY,LOCATION,EXCEPTRSNC,EXCEPTRSND,SEVERITYCO,SEVERITYDE,COLLISIONT,PERSONCOUN,PEDCOUNT,PEDCYLCOUN,VEHCOUNT,INJURIES,SERIOUSINJ,FATALITIES,INCDATE,INCDTTM,JUNCTIONTY,SDOT_COLCO,SDOT_COLDE,INATTENTIO,UNDERINFL,WEATHER,ROADCOND,LIGHTCOND,PEDROWNOTG,SDOTCOLNUM,SPEEDING,ST_COLCODE,ST_COLDESC,SEGLANEKEY,CROSSWALKK,HITPARKEDC,geometry,near_str_index,min_length,weather_group,date,time,hour,dayofweek,weekday,rushhour,weather_group2
90564,104416,104416,3282182,Matched,Intersection,31577.0,21ST AVE S AND S COLLEGE ST,,,2,Injury Collision,Cycles,2,0,1,1,1,0,0,2009-01-06T00:00:00.000Z,1/6/2009,At Intersection (intersection related),18,"MOTOR VEHICLE STRUCK PEDALCYCLIST, FRONT END AT ANGLE",,0,Raining,Wet,Daylight,Y,9006018.0,Y,45.0,Vehicle - Pedalcyclist,38190,0,N,POINT (1277097.888056546 216119.9712173641),11707.0,0.0,Raining,2009-01-06,00:00:00,,1,1,,Raining
90582,105086,105086,2893935,Matched,Block,,24TH AVE NW BETWEEN NW 73RD ST AND NW 75TH ST,,,2,Injury Collision,Cycles,2,0,1,1,1,0,0,2009-04-13T00:00:00.000Z,4/13/2009 6:40:00 PM,Mid-Block (not related to intersection),18,"MOTOR VEHICLE STRUCK PEDALCYCLIST, FRONT END AT ANGLE",,0,Overcast,Wet,Dawn,Y,9103026.0,,45.0,Vehicle - Pedalcyclist,2174,0,N,POINT (1257597.930916578 252728.7082788497),201.0,1.133963465451017e-06,Overcast,2009-04-13,18:40:00,18.0,0,1,1.0,Clear or Partly Cloudy
90591,105222,105222,3283110,Matched,Block,,SW JUNEAU ST BETWEEN 40TH AVE SW AND 41ST AVE SW,,,2,Injury Collision,Cycles,2,0,1,1,1,0,0,2009-08-11T00:00:00.000Z,8/11/2009 3:15:00 PM,Driveway Junction,51,PEDALCYCLIST STRUCK MOTOR VEHICLE FRONT END AT ANGLE,,0,Clear or Partly Cloudy,Dry,Daylight,Y,9223023.0,,45.0,Vehicle - Pedalcyclist,0,0,N,POINT (1257581.984932557 204573.3315895349),4709.0,7.4447574743924944e-09,Clear or Partly Cloudy,2009-08-11,15:15:00,15.0,1,1,1.0,Clear or Partly Cloudy
90642,106023,106023,2796379,Matched,Intersection,30968.0,61ST AVE SW AND ALKI AVE SW,,,2,Injury Collision,Cycles,2,0,1,1,1,0,0,2009-09-11T00:00:00.000Z,9/11/2009 3:39:00 PM,At Intersection (intersection related),18,"MOTOR VEHICLE STRUCK PEDALCYCLIST, FRONT END AT ANGLE",,0,Clear or Partly Cloudy,Dry,Daylight,,9254002.0,,45.0,Vehicle - Pedalcyclist,3646,0,N,POINT (1251139.562525958 215236.7663524598),548.0,0.0,Clear or Partly Cloudy,2009-09-11,15:39:00,15.0,4,1,1.0,Clear or Partly Cloudy
90672,104168,104168,3296132,Matched,Intersection,35096.0,12TH AVE S AND S CLOVERDALE ST,,,2,Injury Collision,Cycles,2,0,1,1,1,0,0,2009-02-04T00:00:00.000Z,2/4/2009,At Intersection (intersection related),18,"MOTOR VEHICLE STRUCK PEDALCYCLIST, FRONT END AT ANGLE",,0,Clear or Partly Cloudy,Dry,Dark - Street Lights On,Y,9035021.0,,45.0,Vehicle - Pedalcyclist,0,0,N,POINT (1273734.543669105 195568.9532123208),51.0,0.0,Clear or Partly Cloudy,2009-02-04,00:00:00,,2,1,,Clear or Partly Cloudy
90762,105896,105896,3210185,Matched,Intersection,26915.0,DENSMORE AVE N AND N NORTHLAKE WAY,,,2,Injury Collision,Cycles,3,0,2,1,1,0,0,2009-05-25T00:00:00.000Z,5/25/2009 4:11:00 PM,At Intersection (intersection related),18,"MOTOR VEHICLE STRUCK PEDALCYCLIST, FRONT END AT ANGLE",,0,Clear or Partly Cloudy,Dry,Daylight,Y,9145004.0,,45.0,Vehicle - Pedalcyclist,0,0,N,POINT (1269659.243056923 239587.2022173852),4089.0,0.0,Clear or Partly Cloudy,2009-05-25,16:11:00,16.0,0,1,1.0,Clear or Partly Cloudy
90774,106243,106243,3280418,Matched,Intersection,27039.0,FREMONT AVE N AND N 34TH ST,,,2,Injury Collision,Cycles,2,0,1,1,1,0,0,2009-05-19T00:00:00.000Z,5/19/2009 7:20:00 AM,At Intersection (intersection related),18,"MOTOR VEHICLE STRUCK PEDALCYCLIST, FRONT END AT ANGLE",,0,Overcast,Dry,Daylight,Y,9139005.0,,45.0,Vehicle - Pedalcyclist,8240,0,N,POINT (1266674.116909876 240632.7658664584),1223.0,0.0,Overcast,2009-05-19,07:20:00,7.0,1,1,1.0,Clear or Partly Cloudy
90786,105762,105762,2797154,Matched,Intersection,30056.0,27TH AVE AND E COLUMBIA ST,,,2,Injury Collision,Cycles,2,0,1,1,1,0,0,2009-06-04T00:00:00.000Z,6/4/2009,At Intersection (intersection related),18,"MOTOR VEHICLE STRUCK PEDALCYCLIST, FRONT END AT ANGLE",,0,Clear or Partly Cloudy,Dry,Daylight,Y,9155019.0,,45.0,Vehicle - Pedalcyclist,0,0,N,POINT (1279255.575610757 225584.0559630543),2664.0,0.0,Clear or Partly Cloudy,2009-06-04,00:00:00,,3,1,,Clear or Partly Cloudy
90861,104830,104830,3207268,Matched,Block,,FAIRVIEW AVE N BETWEEN MERCER S SR ST AND MERCER ST,,,1,Property Damage Only Collision,Cycles,2,0,1,1,0,0,0,2009-07-29T00:00:00.000Z,7/29/2009 7:55:00 AM,Mid-Block (but intersection related),21,"MOTOR VEHICLE STRUCK PEDALCYCLIST, REAR END",Y,N,Clear or Partly Cloudy,Dry,Daylight,,9210020.0,,45.0,Vehicle - Pedalcyclist,25396,0,N,POINT (1270305.557809591 231399.9859530032),16361.0,5.0355877184119225e-06,Clear or Partly Cloudy,2009-07-29,07:55:00,7.0,2,1,1.0,Clear or Partly Cloudy
90893,106038,106038,2827950,Matched,Intersection,29140.0,SUMMIT AVE E AND E HARRISON ST,,,2,Injury Collision,Cycles,2,0,1,1,1,0,0,2009-07-20T00:00:00.000Z,7/20/2009 7:32:00 AM,At Intersection (intersection related),51,PEDALCYCLIST STRUCK MOTOR VEHICLE FRONT END AT ANGLE,,0,Clear or Partly Cloudy,Dry,Daylight,Y,9201005.0,,45.0,Vehicle - Pedalcyclist,0,0,N,POINT (1272502.116403833 230448.0313920379),3779.0,0.0,Clear or Partly Cloudy,2009-07-20,07:32:00,7.0,0,1,1.0,Clear or Partly Cloudy
90900,105909,105909,3343891,Matched,Intersection,33362.0,15TH AVE S AND S LUCILE ST,,,1,Property Damage Only Collision,Cycles,2,0,1,1,0,0,0,2009-10-06T00:00:00.000Z,10/6/2009,At Intersection (intersection related),18,"MOTOR VEHICLE STRUCK PEDALCYCLIST, FRONT END AT ANGLE",,0,Clear or Partly Cloudy,Dry,Daylight,,9279005.0,,45.0,Vehicle - Pedalcyclist,0,525165,N,POINT (1274938.905398339 205394.0947263837),88.0,0.0,Clear or Partly Cloudy,2009-10-06,00:00:00,,1,1,,Clear or Partly Cloudy
90914,104182,104182,3199390,Matched,Block,,15TH AVE E BETWEEN E REPUBLICAN N ST AND E MERCER S ST,,,1,Property Damage Only Collision,Cycles,2,0,1,1,0,0,0,2009-09-29T00:00:00.000Z,9/29/2009 5:49:00 PM,Mid-Block (not related to intersection),56,PEDALCYCLIST STRUCK MOTOR VEHICLE LEFT SIDE SIDESWIPE,,0,Raining,Wet,Daylight,,9272008.0,,45.0,Vehicle - Pedalcyclist,8560,0,N,POINT (1275643.679031059 231033.3088326305),20456.0,7.447112339121464e-09,Raining,2009-09-29,17:49:00,17.0,1,1,1.0,Raining
90915,104181,104181,3211220,Matched,Intersection,31517.0,RAINIER AVE S AND S MASSACHUSETTS ST,,,2,Injury Collision,Cycles,3,0,1,1,1,0,0,2009-09-28T00:00:00.000Z,9/28/2009 4:34:00 PM,At Intersection (intersection related),18,"MOTOR VEHICLE STRUCK PEDALCYCLIST, FRONT END AT ANGLE",,0,Clear or Partly Cloudy,Dry,Daylight,,9271001.0,,45.0,Vehicle - Pedalcyclist,0,522986,N,POINT (1277070.548280522 218110.6185154021),13469.0,0.0,Clear or Partly Cloudy,2009-09-28,16:34:00,16.0,0,1,1.0,Clear or Partly Cloudy
90933,104188,104188,2826485,Matched,Intersection,29894.0,6TH AVE AND PIKE ST,,,1,Property Damage Only Collision,Cycles,2,0,1,1,0,0,0,2009-05-24T00:00:00.000Z,5/24/2009 12:50:00 PM,At Intersection (intersection related),18,"MOTOR VEHICLE STRUCK PEDALCYCLIST, FRONT END AT ANGLE",,0,Clear or Partly Cloudy,Dry,Daylight,Y,9144012.0,,45.0,Vehicle - Pedalcyclist,0,523698,N,POINT (1270166.981681451 226537.3270040303),16633.0,0.0,Clear or Partly Cloudy,2009-05-24,12:50:00,12.0,6,0,0.0,Clear or Partly Cloudy
90969,104709,104709,2893931,Matched,Intersection,25934.0,27TH AVE NE AND NE 55TH ST,,,2,Injury Collision,Cycles,2,0,1,1,1,0,0,2009-04-09T00:00:00.000Z,4/9/2009,At Intersection (intersection related),18,"MOTOR VEHICLE STRUCK PEDALCYCLIST, FRONT END AT ANGLE",,0,Overcast,Wet,Daylight,Y,9099004.0,,45.0,Vehicle - Pedalcyclist,33923,0,N,POINT (1279432.700986937 247293.0254572779),1422.0,0.0,Overcast,2009-04-09,00:00:00,,3,1,,Clear or Partly Cloudy
90979,104441,104441,2612760,Matched,Block,,W NICKERSON ST BETWEEN QUEEN ANNE AVE N AND W BERTONA ST,,,2,Injury Collision,Cycles,2,0,1,1,1,0,0,2009-05-05T00:00:00.000Z,5/5/2009,Mid-Block (not related to intersection),23,"MOTOR VEHICLE STRUCK PEDALCYCLIST, LEFT SIDE SIDESWIPE",,0,Raining,Wet,Daylight,Y,9125021.0,,45.0,Vehicle - Pedalcyclist,12480,0,N,POINT (1264549.237547696 240861.1549866945),4816.0,3.612505573042066e-05,Raining,2009-05-05,00:00:00,,1,1,,Raining
91001,105113,105113,2802362,Matched,Block,,ROOSEVELT WAY NE BETWEEN NE 50TH ST AND NE 52ND ST,,,1,Property Damage Only Collision,Cycles,2,0,1,1,0,0,0,2009-04-25T00:00:00.000Z,4/25/2009 5:57:00 PM,Mid-Block (not related to intersection),56,PEDALCYCLIST STRUCK MOTOR VEHICLE LEFT SIDE SIDESWIPE,,0,Clear or Partly Cloudy,Dry,Daylight,,9115002.0,,45.0,Vehicle - Pedalcyclist,9128,0,N,POINT (1274759.934198156 246347.9235043079),15580.0,2.6524693346689482e-05,Clear or Partly Cloudy,2009-04-25,17:57:00,17.0,5,0,1.0,Clear or Partly Cloudy
91059,105917,105917,3334399,Matched,Intersection,27100.0,ROOSEVELT WAY NE AND NE 41ST ST,,,2,Injury Collision,Cycles,2,0,1,1,1,0,0,2009-10-12T00:00:00.000Z,10/12/2009 3:30:00 PM,At Intersection (intersection related),23,"MOTOR VEHICLE STRUCK PEDALCYCLIST, LEFT SIDE SIDESWIPE",,0,Unknown,Unknown,Unknown,Y,9285016.0,,45.0,Vehicle - Pedalcyclist,11662,0,N,POINT (1274593.717557982 243141.4757570326),6641.0,0.0,,2009-10-12,15:30:00,15.0,0,1,1.0,
91100,104319,104319,3328460,Matched,Block,,6TH AVE BETWEEN JAMES ST AND CHERRY ST,,,2,Injury Collision,Cycles,2,0,1,1,1,0,0,2009-10-20T00:00:00.000Z,10/20/2009 4:44:00 PM,Driveway Junction,18,"MOTOR VEHICLE STRUCK PEDALCYCLIST, FRONT END AT ANGLE",,0,Clear or Partly Cloudy,Dry,Daylight,Y,9293003.0,,45.0,Vehicle - Pedalcyclist,36575,0,N,POINT (1271613.980978936 224092.6397695243),8687.0,6.409061983493852e-09,Clear or Partly Cloudy,2009-10-20,16:44:00,16.0,1,1,1.0,Clear or Partly Cloudy
91171,105657,105657,3284814,Matched,Intersection,26791.0,WOODLAWN AVE N AND N 45TH W ST,,,2,Injury Collision,Cycles,2,0,1,1,1,0,0,2009-01-30T00:00:00.000Z,1/30/2009 6:56:00 PM,At Intersection (intersection related),18,"MOTOR VEHICLE STRUCK PEDALCYCLIST, FRONT END AT ANGLE",,0,Raining,Wet,Dark - Street Lights On,Y,9030008.0,,45.0,Vehicle - Pedalcyclist,0,0,N,POINT (1269368.240432635 244883.5078868121),6787.0,0.0,Raining,2009-01-30,18:56:00,18.0,4,1,1.0,Raining
91173,106170,106170,3333504,Matched,Intersection,24483.0,ROOSEVELT WAY NE AND NE 68TH ST,,,2,Injury Collision,Cycles,2,0,1,1,1,0,0,2009-12-11T00:00:00.000Z,12/11/2009 7:27:00 AM,At Intersection (intersection related),51,PEDALCYCLIST STRUCK MOTOR VEHICLE FRONT END AT ANGLE,Y,0,Clear or Partly Cloudy,Dry,Dawn,,9345026.0,,45.0,Vehicle - Pedalcyclist,9408,0,N,POINT (1274847.189558238 250843.0107409209),6644.0,0.0,Clear or Partly Cloudy,2009-12-11,07:27:00,7.0,4,1,1.0,Clear or Partly Cloudy
91286,105799,105799,2893945,Matched,Intersection,27061.0,15TH AVE NE AND NE 45TH ST,,,2,Injury Collision,Cycles,2,1,1,0,1,0,0,2009-04-21T00:00:00.000Z,4/21/2009 1:30:00 PM,At Intersection (intersection related),64,PEDALCYCLIST STRUCK PEDESTRIAN,,0,Clear or Partly Cloudy,Dry,Daylight,Y,9111012.0,,45.0,Vehicle - Pedalcyclist,6965,524694,N,POINT (1276059.821623489 244708.5347026438),14574.0,0.0,Clear or Partly Cloudy,2009-04-21,13:30:00,13.0,1,1,0.0,Clear or Partly Cloudy
91307,105931,105931,3282592,Matched,Block,,S ROYAL BROUGHAM WAY BETWEEN EAST FRONTAGE RD S AND 1ST AVE S,,,2,Injury Collision,Cycles,2,0,1,1,1,0,0,2009-06-01T00:00:00.000Z,6/1/2009,Driveway Junction,51,PEDALCYCLIST STRUCK MOTOR VEHICLE FRONT END AT ANGLE,,0,Clear or Partly Cloudy,Dry,Daylight,,9152001.0,,45.0,Vehicle - Pedalcyclist,0,0,N,POINT (1269939.469041213 219702.962261036),7860.0,1.7859582699567894e-05,Clear or Partly Cloudy,2009-06-01,00:00:00,,0,1,,Clear or Partly Cloudy
91332,104595,104595,2826472,Matched,Intersection,28783.0,DEXTER AVE N AND HARRISON ST,,,2,Injury Collision,Cycles,2,0,1,1,1,0,0,2009-11-16T00:00:00.000Z,11/16/2009 5:17:00 PM,At Intersection (intersection related),51,PEDALCYCLIST STRUCK MOTOR VEHICLE FRONT END AT ANGLE,,0,Raining,Wet,Dark - Street Lights On,Y,9320004.0,,45.0,Vehicle - Pedalcyclist,12620,0,N,POINT (1268294.844463527 230555.517344147),6407.0,0.0,Raining,2009-11-16,17:17:00,17.0,0,1,1.0,Raining
91338,104593,104593,2797562,Matched,Intersection,29925.0,9TH AVE AND MADISON ST,,,2,Injury Collision,Cycles,2,0,1,1,1,0,0,2009-11-13T00:00:00.000Z,11/13/2009 9:13:00 AM,At Intersection (intersection related),18,"MOTOR VEHICLE STRUCK PEDALCYCLIST, FRONT END AT ANGLE",,0,Raining,Wet,Daylight,Y,9317046.0,,45.0,Vehicle - Pedalcyclist,22727,0,N,POINT (1271899.279667228 225506.2567949742),3646.0,0.0,Raining,2009-11-13,09:13:00,9.0,4,1,1.0,Raining
91351,104335,104335,3206104,Matched,Block,,LINDEN AVE N BETWEEN N 130TH ST AND N 135TH ST,,,2,Injury Collision,Cycles,2,0,1,1,1,0,0,2009-10-20T00:00:00.000Z,10/20/2009 2:16:00 PM,Driveway Junction,18,"MOTOR VEHICLE STRUCK PEDALCYCLIST, FRONT END AT ANGLE",,0,Clear or Partly Cloudy,Dry,Daylight,,9293004.0,,45.0,Vehicle - Pedalcyclist,40842,0,N,POINT (1267662.791086882 268139.4151106328),20586.0,2.602739777230382e-06,Clear or Partly Cloudy,2009-10-20,14:16:00,14.0,1,1,0.0,Clear or Partly Cloudy
91395,105543,105543,3207386,Matched,Block,,BOYER AVE E BETWEEN BOYER UPPER AVE E AND E EDGAR ST,,,2,Injury Collision,Cycles,2,0,1,1,1,0,0,2009-12-05T00:00:00.000Z,12/5/2009,Mid-Block (not related to intersection),56,PEDALCYCLIST STRUCK MOTOR VEHICLE LEFT SIDE SIDESWIPE,,0,Clear or Partly Cloudy,Dry,Daylight,,9339022.0,,45.0,Vehicle - Pedalcyclist,6016,0,N,POINT (1274691.750838086 238452.9495442361),3399.0,7.4496707627478945e-09,Clear or Partly Cloudy,2009-12-05,00:00:00,,5,0,,Clear or Partly Cloudy
91450,105671,105671,2798093,Matched,Intersection,30868.0,34TH AVE S AND S MCCLELLAN ST,,,2,Injury Collision,Cycles,2,0,1,1,1,0,0,2009-03-17T00:00:00.000Z,3/17/2009 9:29:00 AM,At Intersection (intersection related),51,PEDALCYCLIST STRUCK MOTOR VEHICLE FRONT END AT ANGLE,,0,Clear or Partly Cloudy,Wet,Daylight,Y,9076025.0,,45.0,Vehicle - Pedalcyclist,0,0,N,POINT (1280956.545084491 214363.1340955645),331.0,0.0,Clear or Partly Cloudy,2009-03-17,09:29:00,9.0,1,1,1.0,Clear or Partly Cloudy
91481,104344,104344,3211076,Matched,Intersection,33710.0,LAKE WASHINGTON BLVD S AND S ORCAS ST,,,3,Fatality Collision,Cycles,7,0,1,1,1,0,1,2009-07-17T00:00:00.000Z,7/17/2009 6:36:00 PM,At Intersection (intersection related),51,PEDALCYCLIST STRUCK MOTOR VEHICLE FRONT END AT ANGLE,,0,Clear or Partly Cloudy,Dry,Daylight,Y,9198005.0,,45.0,Vehicle - Pedalcyclist,38088,0,N,POINT (1288286.985796005 204269.0295092314),17297.0,0.0,Clear or Partly Cloudy,2009-07-17,18:36:00,18.0,4,1,1.0,Clear or Partly Cloudy
91543,105414,105414,3289759,Matched,Intersection,28767.0,DEXTER AVE N AND MERCER ST,,,2,Injury Collision,Cycles,2,0,1,1,1,0,0,2009-02-23T00:00:00.000Z,2/23/2009 8:05:00 AM,At Intersection (intersection related),51,PEDALCYCLIST STRUCK MOTOR VEHICLE FRONT END AT ANGLE,,0,Clear or Partly Cloudy,Dry,Daylight,Y,9054014.0,,45.0,Vehicle - Pedalcyclist,12649,0,N,POINT (1268318.102319553 231464.9540170729),696.0,0.0,Clear or Partly Cloudy,2009-02-23,08:05:00,8.0,0,1,1.0,Clear or Partly Cloudy
91573,105948,105948,2804338,Matched,Block,,14TH AVE NW BETWEEN NW LEARY WAY AND NW 49TH ST,,,2,Injury Collision,Cycles,2,0,1,1,1,0,0,2009-06-29T00:00:00.000Z,6/29/2009 11:00:00 PM,Mid-Block (not related to intersection),23,"MOTOR VEHICLE STRUCK PEDALCYCLIST, LEFT SIDE SIDESWIPE",,0,Clear or Partly Cloudy,Dry,Dusk,,9180032.0,,45.0,Vehicle - Pedalcyclist,26641,0,N,POINT (1260903.071463957 246013.9404639751),17651.0,2.8509719181201202e-05,Clear or Partly Cloudy,2009-06-29,23:00:00,23.0,0,1,0.0,Clear or Partly Cloudy
91633,106779,106779,3342980,Matched,Block,,CALIFORNIA AVE SW BETWEEN FAUNTLEROY WAY SW AND SW HOLLY ST,,,2,Injury Collision,Cycles,2,0,1,1,1,0,0,2010-07-30T00:00:00.000Z,7/30/2010 6:16:00 PM,Mid-Block (not related to intersection),18,"MOTOR VEHICLE STRUCK PEDALCYCLIST, FRONT END AT ANGLE",Y,N,Clear or Partly Cloudy,Dry,Daylight,Y,10211030.0,,45.0,Vehicle - Pedalcyclist,0,0,N,POINT (1256660.714211613 202300.2606112063),13728.0,2.6822544971110686e-06,Clear or Partly Cloudy,2010-07-30,18:16:00,18.0,4,1,1.0,Clear or Partly Cloudy
91653,107884,107884,3345283,Matched,Intersection,29763.0,14TH AVE AND E UNION ST,,,1,Property Damage Only Collision,Cycles,2,0,1,1,0,0,0,2010-06-18T00:00:00.000Z,6/18/2010 8:30:00 AM,At Intersection (intersection related),11,"MOTOR VEHICLE STRUCK MOTOR VEHICLE, FRONT END AT ANGLE",,N,Unknown,Unknown,Unknown,,10169045.0,,45.0,Vehicle - Pedalcyclist,9297,0,N,POINT (1275184.862518594 227087.6763165891),1176.0,0.0,,2010-06-18,08:30:00,8.0,4,1,1.0,
91678,108420,108420,3198721,Matched,Block,,NW 80TH ST BETWEEN 14TH AVE NW AND MARY AVE NW,,,2,Injury Collision,Cycles,2,0,1,1,1,0,0,2010-03-17T00:00:00.000Z,3/17/2010 12:44:00 PM,Mid-Block (not related to intersection),23,"MOTOR VEHICLE STRUCK PEDALCYCLIST, LEFT SIDE SIDESWIPE",,N,Overcast,Wet,Daylight,Y,10076003.0,,45.0,Vehicle - Pedalcyclist,27401,0,N,POINT (1260779.013543829 254358.0638005137),22967.0,1.6040671444893706e-05,Overcast,2010-03-17,12:44:00,12.0,2,1,0.0,Clear or Partly Cloudy
91692,108290,108290,3331301,Matched,Intersection,33877.0,48TH AVE SW AND BEACH DR SW,,,2,Injury Collision,Cycles,2,0,1,1,1,0,0,2010-06-18T00:00:00.000Z,6/18/2010 5:28:00 PM,At Intersection (intersection related),51,PEDALCYCLIST STRUCK MOTOR VEHICLE FRONT END AT ANGLE,,N,Clear or Partly Cloudy,Dry,Daylight,Y,10169050.0,,45.0,Vehicle - Pedalcyclist,0,0,N,POINT (1254355.860769257 201152.6557460278),626.0,0.0,Clear or Partly Cloudy,2010-06-18,17:28:00,17.0,4,1,1.0,Clear or Partly Cloudy
91719,107068,107068,3333839,Matched,Block,,FREMONT AVE N BETWEEN FREMONT WAY N AND XW N40,,,2,Injury Collision,Cycles,1,0,1,0,1,0,0,2010-09-11T00:00:00.000Z,9/11/2010 4:43:00 PM,Mid-Block (not related to intersection),29,MOTOR VEHICLE OVERTURNED IN ROAD,,N,Clear or Partly Cloudy,Dry,Daylight,,10254020.0,Y,45.0,Vehicle - Pedalcyclist,8386,0,N,POINT (1266669.794221863 242523.3219003975),18957.0,1.552714960933239e-05,Clear or Partly Cloudy,2010-09-11,16:43:00,16.0,5,0,1.0,Clear or Partly Cloudy
91767,107893,107893,3373648,Matched,Block,,8TH AVE BETWEEN OLIVE WAY AND STEWART ST,,,2,Injury Collision,Cycles,2,0,1,1,1,0,0,2010-09-21T00:00:00.000Z,9/21/2010 5:27:00 PM,Mid-Block (not related to intersection),18,"MOTOR VEHICLE STRUCK PEDALCYCLIST, FRONT END AT ANGLE",Y,N,Clear or Partly Cloudy,Dry,Daylight,Y,10264001.0,,45.0,Vehicle - Pedalcyclist,14013,0,N,POINT (1270138.091249421 227764.5553572923),11873.0,3.017830789670348e-05,Clear or Partly Cloudy,2010-09-21,17:27:00,17.0,1,1,1.0,Clear or Partly Cloudy
91781,107345,107345,3207911,Matched,Block,,BROADWAY E BETWEEN E ROANOKE ST AND E EDGAR S ST,,,2,Injury Collision,Cycles,2,0,1,1,1,0,0,2010-01-15T00:00:00.000Z,1/15/2010 4:56:00 PM,Mid-Block (but intersection related),18,"MOTOR VEHICLE STRUCK PEDALCYCLIST, FRONT END AT ANGLE",,N,Raining,Wet,Dark - No Street Lights,,10015030.0,,45.0,Vehicle - Pedalcyclist,0,0,N,POINT (1273754.572277129 238386.2610321641),9734.0,1.7903286181275588e-05,Raining,2010-01-15,16:56:00,16.0,4,1,1.0,Raining
91788,107755,107755,3332465,Matched,Intersection,30408.0,14TH AVE AND E YESLER WAY,,,2,Injury Collision,Cycles,2,0,1,1,1,0,0,2010-08-10T00:00:00.000Z,8/10/2010 3:15:00 PM,At Intersection (intersection related),14,"MOTOR VEHICLE STRUCK MOTOR VEHICLE, REAR END",,N,Clear or Partly Cloudy,Dry,Daylight,,10222003.0,,45.0,Vehicle - Pedalcyclist,10011,0,N,POINT (1275107.402806506 222992.5917683989),1182.0,0.0,Clear or Partly Cloudy,2010-08-10,15:15:00,15.0,1,1,1.0,Clear or Partly Cloudy
91860,107075,107075,2893075,Matched,Intersection,24266.0,DAYTON AVE N AND N 83RD ST,,,2b,Serious Injury Collision,Cycles,2,0,1,1,1,1,0,2010-04-26T00:00:00.000Z,4/26/2010 4:56:00 PM,At Intersection (intersection related),18,"MOTOR VEHICLE STRUCK PEDALCYCLIST, FRONT END AT ANGLE",,N,Raining,Wet,Daylight,,10116005.0,,45.0,Vehicle - Pedalcyclist,0,0,N,POINT (1266255.081517443 255060.2771772295),10491.0,0.0,Raining,2010-04-26,16:56:00,16.0,0,1,1.0,Raining
91958,106387,106387,3206721,Matched,Intersection,25178.0,BALLARD AVE NW AND NW DOCK PL,,,2,Injury Collision,Cycles,2,0,1,1,1,0,0,2009-06-02T00:00:00.000Z,6/2/2009,At Intersection (intersection related),51,PEDALCYCLIST STRUCK MOTOR VEHICLE FRONT END AT ANGLE,Y,0,Clear or Partly Cloudy,Dry,Daylight,Y,9153019.0,,45.0,Vehicle - Pedalcyclist,26310,0,N,POINT (1259104.774950117 246209.3851361722),621.0,0.0,Clear or Partly Cloudy,2009-06-02,00:00:00,,1,1,,Clear or Partly Cloudy
91965,108311,108311,3329509,Matched,Intersection,30428.0,BOREN AVE S AND RAINIER AVE S,,,2,Injury Collision,Cycles,2,0,1,1,1,0,0,2010-02-18T00:00:00.000Z,2/18/2010 8:07:00 PM,At Intersection (intersection related),18,"MOTOR VEHICLE STRUCK PEDALCYCLIST, FRONT END AT ANGLE",,N,Clear or Partly Cloudy,Dry,Dark - Street Lights On,Y,10049017.0,,45.0,Vehicle - Pedalcyclist,11014,0,N,POINT (1275096.091702491 222088.5095914751),1804.0,0.0,Clear or Partly Cloudy,2010-02-18,20:07:00,20.0,3,1,0.0,Clear or Partly Cloudy
91998,106659,106659,3296095,Matched,Intersection,34266.0,2ND AVE S AND S HOLDEN ST,,,2,Injury Collision,Cycles,3,0,1,1,1,0,0,2009-06-26T00:00:00.000Z,6/26/2009 11:45:00 AM,At Intersection (intersection related),18,"MOTOR VEHICLE STRUCK PEDALCYCLIST, FRONT END AT ANGLE",,0,Clear or Partly Cloudy,Dry,Daylight,Y,9177036.0,,45.0,Vehicle - Pedalcyclist,4423,0,N,POINT (1270379.42200166 198445.9738872647),8469.0,0.0,Clear or Partly Cloudy,2009-06-26,11:45:00,11.0,4,1,0.0,Clear or Partly Cloudy
89045,103934,103934,2882165,Matched,Intersection,29157.0,BELMONT AVE E AND E OLIVE WAY,,,1,Property Damage Only Collision,Cycles,4,0,1,1,0,0,0,2009-12-29T00:00:00.000Z,12/29/2009 8:20:00 AM,At Intersection (intersection related),18,"MOTOR VEHICLE STRUCK PEDALCYCLIST, FRONT END AT ANGLE",,0,Clear or Partly Cloudy,Dry,Daylight,Y,9363003.0,,45.0,Vehicle - Pedalcyclist,23250,0,N,POINT (1272804.962100148 229595.8329911679),3379.0,0.0,Clear or Partly Cloudy,2009-12-29,08:20:00,8.0,1,1,1.0,Clear or Partly Cloudy
89123,103533,103533,3333139,Matched,Intersection,25439.0,14TH AVE NW AND NW 51ST ST,,,2,Injury Collision,Cycles,2,0,1,1,1,0,0,2009-12-14T00:00:00.000Z,12/14/2009 5:28:00 PM,At Intersection (intersection related),18,"MOTOR VEHICLE STRUCK PEDALCYCLIST, FRONT END AT ANGLE",,0,Raining,Wet,Dark - Street Lights Off,Y,9348034.0,,45.0,Vehicle - Pedalcyclist,26676,0,N,POINT (1260915.751975968 246625.2812006027),5076.0,0.0,Raining,2009-12-14,17:28:00,17.0,0,1,1.0,Raining