OBJECTID,INCKEY,COLDETKEY,REPORTNO,STATUS,ADDRTYPE,INTKEY,LOCATION,EXCEPTRSNC,EXCEPTRSND,SEVERITYCO,SEVERITYDE,COLLISIONT,PERSONCOUN,PEDCOUNT,PEDCYLCOUN,VEHCOUNT,INJURIES,SERIOUSINJ,FATALITIES,INCDATE,INCDTTM,JUNCTIONTY,SDOT_COLCO,SDOT_COLDE,INATTENTIO,UNDERINFL,WEATHER,ROADCOND,LIGHTCOND,PEDROWNOTG,SDOTCOLNUM,SPEEDING,ST_COLCODE,ST_COLDESC,SEGLANEKEY,CROSSWALKK,HITPARKEDC,geometry,near_str_index,min_length,weather_group,date,time,hour,dayofweek,weekday,rushhour,weather_group2
89165,104074,104074,2805528,Matched,Intersection,26727.0,14TH AVE W AND W NICKERSON ST,,,2,Injury Collision,Cycles,2,0,1,1,1,0,0,2009-06-30T00:00:00.000Z,6/30/2009 9:46:00 PM,At Intersection (intersection related),18,"MOTOR VEHICLE STRUCK PEDALCYCLIST, FRONT END AT ANGLE",,0,Clear or Partly Cloudy,Dry,Dusk,Y,9181035.0,,45.0,Vehicle - Pedalcyclist,29914,0,N,POINT (1260512.508199558 242789.3170366734),2135.0,0.0,Clear or Partly Cloudy,2009-06-30,21:46:00,21.0,1,1,0.0,Clear or Partly Cloudy
89172,102587,102587,3210926,Matched,Intersection,31517.0,RAINIER AVE S AND S MASSACHUSETTS ST,,,1,Property Damage Only Collision,Cycles,6,0,1,1,0,0,0,2009-06-28T00:00:00.000Z,6/28/2009 11:39:00 AM,At Intersection (intersection related),18,"MOTOR VEHICLE STRUCK PEDALCYCLIST, FRONT END AT ANGLE",,0,Clear or Partly Cloudy,Dry,Daylight,Y,9179002.0,,45.0,Vehicle - Pedalcyclist,0,524935,N,POINT (1277070.548280522 218110.6185154021),13469.0,0.0,Clear or Partly Cloudy,2009-06-28,11:39:00,11.0,6,0,0.0,Clear or Partly Cloudy
89176,102318,102318,2882766,Matched,Intersection,29205.0,24TH AVE E AND E PROSPECT ST,,,2,Injury Collision,Cycles,2,0,1,1,1,0,0,2009-01-28T00:00:00.000Z,1/28/2009 8:30:00 AM,At Intersection (intersection related),51,PEDALCYCLIST STRUCK MOTOR VEHICLE FRONT END AT ANGLE,,0,Clear or Partly Cloudy,Dry,Daylight,,9028021.0,Y,45.0,Vehicle - Pedalcyclist,22536,0,N,POINT (1278381.563961864 232991.5219546407),2598.0,0.0,Clear or Partly Cloudy,2009-01-28,08:30:00,8.0,2,1,1.0,Clear or Partly Cloudy
89181,102451,102451,3277109,Matched,Block,,GREEN LAKE WAY N BETWEEN N 52ND ST AND N 53RD ST,,,2,Injury Collision,Cycles,2,0,1,1,1,0,0,2009-04-21T00:00:00.000Z,4/21/2009 5:13:00 PM,Mid-Block (not related to intersection),23,"MOTOR VEHICLE STRUCK PEDALCYCLIST, LEFT SIDE SIDESWIPE",Y,0,Clear or Partly Cloudy,Dry,Daylight,,9111013.0,,45.0,Vehicle - Pedalcyclist,40757,0,N,POINT (1269177.053232431 246842.9798888266),15568.0,7.63197730363398e-09,Clear or Partly Cloudy,2009-04-21,17:13:00,17.0,1,1,1.0,Clear or Partly Cloudy
89187,102315,102315,3207302,Matched,Intersection,25978.0,15TH AVE NE AND NE 62ND ST,,,2,Injury Collision,Cycles,2,0,1,1,1,0,0,2009-09-30T00:00:00.000Z,9/30/2009 8:35:00 AM,At Intersection (intersection related),51,PEDALCYCLIST STRUCK MOTOR VEHICLE FRONT END AT ANGLE,,0,Clear or Partly Cloudy,Dry,Daylight,,9273019.0,,45.0,Vehicle - Pedalcyclist,29058,0,N,POINT (1276167.552311599 249345.8559233844),4195.0,0.0,Clear or Partly Cloudy,2009-09-30,08:35:00,8.0,2,1,1.0,Clear or Partly Cloudy
89213,103402,103402,3289749,Matched,Intersection,28028.0,DEXTER AVE N AND GARFIELD N ST,,,2,Injury Collision,Cycles,2,0,1,1,1,0,0,2009-04-10T00:00:00.000Z,4/10/2009 8:21:00 AM,At Intersection (intersection related),18,"MOTOR VEHICLE STRUCK PEDALCYCLIST, FRONT END AT ANGLE",,0,Raining,Wet,Daylight,Y,9100025.0,,45.0,Vehicle - Pedalcyclist,12978,0,N,POINT (1268397.97150363 234699.651748389),3491.0,0.0,Raining,2009-04-10,08:21:00,8.0,4,1,1.0,Raining
89273,104080,104080,3207284,Matched,Intersection,29592.0,2ND AVE AND PIKE ST,,,2,Injury Collision,Cycles,2,0,1,1,1,0,0,2009-10-13T00:00:00.000Z,10/13/2009 7:40:00 AM,At Intersection (intersection related),51,PEDALCYCLIST STRUCK MOTOR VEHICLE FRONT END AT ANGLE,,0,Overcast,Dry,Daylight,,9286045.0,,45.0,Vehicle - Pedalcyclist,36906,0,N,POINT (1269058.773296311 225881.3874193579),135.0,0.0,Overcast,2009-10-13,07:40:00,7.0,1,1,1.0,Clear or Partly Cloudy
89385,102738,102738,3287033,Matched,Intersection,27182.0,2ND AVE NE AND NE 45TH ST,,,2,Injury Collision,Cycles,3,0,1,1,1,0,0,2009-05-01T00:00:00.000Z,5/1/2009,At Intersection (intersection related),51,PEDALCYCLIST STRUCK MOTOR VEHICLE FRONT END AT ANGLE,,0,Clear or Partly Cloudy,Dry,Daylight,Y,9121031.0,,45.0,Vehicle - Pedalcyclist,6532,0,N,POINT (1272301.489459634 244814.9838547409),5213.0,0.0,Clear or Partly Cloudy,2009-05-01,00:00:00,,4,1,,Clear or Partly Cloudy
89488,105420,105420,2796281,Matched,Intersection,32871.0,46TH AVE SW AND ERSKINE E WAY SW,,,2,Injury Collision,Cycles,2,0,1,1,1,0,0,2009-09-12T00:00:00.000Z,9/12/2009 5:55:00 AM,At Intersection (intersection related),18,"MOTOR VEHICLE STRUCK PEDALCYCLIST, FRONT END AT ANGLE",,0,Clear or Partly Cloudy,Dry,Dark - Street Lights On,Y,9255001.0,,45.0,Vehicle - Pedalcyclist,32376,0,N,POINT (1255906.26435484 206583.1758155972),461.0,0.0,Clear or Partly Cloudy,2009-09-12,05:55:00,5.0,5,0,0.0,Clear or Partly Cloudy
89494,104751,104751,3210254,Matched,Intersection,27066.0,ROOSEVELT WAY NE AND NE 45TH ST,,,2,Injury Collision,Cycles,2,0,1,1,1,0,0,2009-03-06T00:00:00.000Z,3/6/2009,At Intersection (intersection related),18,"MOTOR VEHICLE STRUCK PEDALCYCLIST, FRONT END AT ANGLE",,0,Clear or Partly Cloudy,Dry,Dark - Street Lights On,,9065027.0,,45.0,Vehicle - Pedalcyclist,0,524683,N,POINT (1274669.303606063 244748.7264466733),4159.0,0.0,Clear or Partly Cloudy,2009-03-06,00:00:00,,4,1,,Clear or Partly Cloudy
89505,105016,105016,3289570,Matched,Block,,EASTLAKE AVE E BETWEEN E BLAINE ST AND E HOWE ST,,,2,Injury Collision,Cycles,4,0,1,1,1,0,0,2009-04-07T00:00:00.000Z,4/7/2009,Driveway Junction,18,"MOTOR VEHICLE STRUCK PEDALCYCLIST, FRONT END AT ANGLE",,0,Clear or Partly Cloudy,Dry,Daylight,Y,9097039.0,,45.0,Vehicle - Pedalcyclist,24781,0,N,POINT (1272573.382131919 235329.4137970358),6315.0,1.826381830891898e-05,Clear or Partly Cloudy,2009-04-07,00:00:00,,1,1,,Clear or Partly Cloudy
89524,105292,105292,3274132,Matched,Block,,W GOVERNMENT WAY BETWEEN 33RD AVE W AND 34TH AVE W,,,2,Injury Collision,Cycles,2,0,1,1,1,0,0,2009-01-31T00:00:00.000Z,1/31/2009 10:31:00 AM,Mid-Block (not related to intersection),23,"MOTOR VEHICLE STRUCK PEDALCYCLIST, LEFT SIDE SIDESWIPE",,0,Clear or Partly Cloudy,Dry,Daylight,,9031004.0,Y,45.0,Vehicle - Pedalcyclist,15363,0,N,POINT (1254279.872993186 244597.4050385207),20369.0,1.3923080590291226e-05,Clear or Partly Cloudy,2009-01-31,10:31:00,10.0,5,0,0.0,Clear or Partly Cloudy
89644,104893,104893,C721225,Matched,Intersection,25790.0,11TH AVE NE AND NE 50TH ST,,,2,Injury Collision,Cycles,2,0,1,1,1,0,0,2009-05-18T00:00:00.000Z,5/18/2009 6:00:00 PM,At Intersection (intersection related),18,"MOTOR VEHICLE STRUCK PEDALCYCLIST, FRONT END AT ANGLE",,0,Overcast,Dry,Daylight,,9138042.0,,45.0,Vehicle - Pedalcyclist,21428,0,N,POINT (1275016.001590416 246065.9995360225),7253.0,0.0,Overcast,2009-05-18,18:00:00,18.0,0,1,1.0,Clear or Partly Cloudy
89703,104233,104233,3345176,Matched,Intersection,29587.0,3RD AVE AND PIKE ST,,,2,Injury Collision,Cycles,2,0,1,1,1,0,0,2009-10-09T00:00:00.000Z,10/9/2009,At Intersection (intersection related),21,"MOTOR VEHICLE STRUCK PEDALCYCLIST, REAR END",,0,Clear or Partly Cloudy,Dry,Daylight,,9282002.0,,45.0,Vehicle - Pedalcyclist,35770,0,N,POINT (1269336.03102459 226045.4631955326),10901.0,0.0,Clear or Partly Cloudy,2009-10-09,00:00:00,,4,1,,Clear or Partly Cloudy
89749,104770,104770,2796652,Matched,Intersection,34801.0,FAUNTLEROY WAY SW AND SW BARTON ST,,,2,Injury Collision,Cycles,4,0,1,1,1,0,0,2009-07-29T00:00:00.000Z,7/29/2009 9:15:00 PM,At Intersection (intersection related),18,"MOTOR VEHICLE STRUCK PEDALCYCLIST, FRONT END AT ANGLE",,0,Clear or Partly Cloudy,Dry,Dusk,Y,9210022.0,,45.0,Vehicle - Pedalcyclist,3033,0,N,POINT (1255083.342626005 194742.8197074682),9395.0,0.0,Clear or Partly Cloudy,2009-07-29,21:15:00,21.0,2,1,0.0,Clear or Partly Cloudy
89830,105840,105840,3283907,Matched,Intersection,24573.0,LATONA AVE NE AND EAST GREEN LAKE DR N,,,2,Injury Collision,Cycles,2,0,1,1,1,0,0,2009-09-17T00:00:00.000Z,9/17/2009 8:00:00 AM,At Intersection (intersection related),51,PEDALCYCLIST STRUCK MOTOR VEHICLE FRONT END AT ANGLE,Y,0,Clear or Partly Cloudy,Dry,Daylight,,9260031.0,,45.0,Vehicle - Pedalcyclist,7307,0,N,POINT (1272386.552627727 252220.6916383356),17956.0,0.0,Clear or Partly Cloudy,2009-09-17,08:00:00,8.0,3,1,1.0,Clear or Partly Cloudy
89994,105979,105979,3276690,Matched,Block,,NW 65TH ST BETWEEN 7TH E AVE NW AND 7TH W AVE NW,,,2b,Serious Injury Collision,Cycles,2,0,1,1,1,1,0,2009-10-24T00:00:00.000Z,10/24/2009 4:35:00 PM,Mid-Block (not related to intersection),21,"MOTOR VEHICLE STRUCK PEDALCYCLIST, REAR END",,1,Clear or Partly Cloudy,Dry,Daylight,Y,9297006.0,,45.0,Vehicle - Pedalcyclist,28346,0,N,POINT (1263158.103594273 250334.1807883978),12829.0,0.0,Clear or Partly Cloudy,2009-10-24,16:35:00,16.0,5,0,1.0,Clear or Partly Cloudy
92040,107363,107363,3199611,Matched,Block,,M L KING JR WAY S BETWEEN S DEARBORN ST AND S NORMAN ST,,,2,Injury Collision,Cycles,2,0,1,1,1,0,0,2010-07-15T00:00:00.000Z,7/15/2010 5:26:00 PM,Mid-Block (not related to intersection),51,PEDALCYCLIST STRUCK MOTOR VEHICLE FRONT END AT ANGLE,,N,Clear or Partly Cloudy,Dry,Daylight,Y,10196012.0,,45.0,Vehicle - Pedalcyclist,10259,0,N,POINT (1279075.528122574 220270.5320536047),17964.0,8.966451790299172e-06,Clear or Partly Cloudy,2010-07-15,17:26:00,17.0,3,1,1.0,Clear or Partly Cloudy
92094,106254,106254,3207353,Matched,Block,,E MADISON ST BETWEEN E PINE ST AND 17TH AVE,,,2,Injury Collision,Cycles,2,0,1,1,1,0,0,2009-08-18T00:00:00.000Z,8/18/2009 11:43:00 PM,Mid-Block (but intersection related),21,"MOTOR VEHICLE STRUCK PEDALCYCLIST, REAR END",Y,0,Clear or Partly Cloudy,Dry,Dark - Street Lights On,,9230004.0,,45.0,Vehicle - Pedalcyclist,22986,0,N,POINT (1276066.916599497 227968.2798374891),15590.0,2.2217744091981272e-05,Clear or Partly Cloudy,2009-08-18,23:43:00,23.0,1,1,0.0,Clear or Partly Cloudy
92114,106816,106816,3198664,Matched,Block,,30TH AVE NE BETWEEN NE 125TH ST AND NE 127TH ST,,,2,Injury Collision,Cycles,2,0,1,1,1,0,0,2010-07-21T00:00:00.000Z,7/21/2010 11:41:00 AM,Mid-Block (not related to intersection),18,"MOTOR VEHICLE STRUCK PEDALCYCLIST, FRONT END AT ANGLE",,N,Clear or Partly Cloudy,Dry,Daylight,Y,10202017.0,,45.0,Vehicle - Pedalcyclist,35218,0,N,POINT (1280328.802043855 266124.8325805664),19552.0,1.2087418182647014e-06,Clear or Partly Cloudy,2010-07-21,11:41:00,11.0,2,1,0.0,Clear or Partly Cloudy
92115,107097,107097,3376379,Matched,Intersection,26823.0,STONE WAY N AND N MENFORD PL,,,2,Injury Collision,Cycles,2,0,1,1,1,0,0,2010-04-11T00:00:00.000Z,4/11/2010 1:12:00 PM,At Intersection (intersection related),18,"MOTOR VEHICLE STRUCK PEDALCYCLIST, FRONT END AT ANGLE",,N,Clear or Partly Cloudy,Dry,Daylight,,10101002.0,,45.0,Vehicle - Pedalcyclist,0,0,N,POINT (1268574.199087813 243822.1579977274),971.0,0.0,Clear or Partly Cloudy,2010-04-11,13:12:00,13.0,6,0,0.0,Clear or Partly Cloudy
92206,108326,108326,3332466,Matched,Intersection,29860.0,SUMMIT AVE AND E PINE ST,,,2,Injury Collision,Cycles,2,0,1,1,1,0,0,2010-08-11T00:00:00.000Z,8/11/2010 6:22:00 PM,At Intersection (intersection related),18,"MOTOR VEHICLE STRUCK PEDALCYCLIST, FRONT END AT ANGLE",,N,Clear or Partly Cloudy,Dry,Daylight,Y,10223007.0,,45.0,Vehicle - Pedalcyclist,10354,0,N,POINT (1272399.309875742 227981.0989095122),1148.0,0.0,Clear or Partly Cloudy,2010-08-11,18:22:00,18.0,2,1,1.0,Clear or Partly Cloudy
92208,108325,108325,3559211,Matched,Intersection,25392.0,14TH AVE NW AND NW 61ST ST,,,2b,Serious Injury Collision,Cycles,2,0,1,1,1,1,0,2010-08-09T00:00:00.000Z,8/9/2010 11:58:00 AM,At Intersection (intersection related),18,"MOTOR VEHICLE STRUCK PEDALCYCLIST, FRONT END AT ANGLE",,N,Unknown,Unknown,Daylight,Y,10221041.0,,45.0,Vehicle - Pedalcyclist,0,0,N,POINT (1260972.868136033 249318.5445633531),2372.0,0.0,,2010-08-09,11:58:00,11.0,0,1,0.0,
92246,106681,106681,2791625,Matched,Intersection,28767.0,DEXTER AVE N AND MERCER ST,,,2,Injury Collision,Cycles,2,0,1,1,1,0,0,2009-05-15T00:00:00.000Z,5/15/2009 3:49:00 PM,At Intersection (intersection related),51,PEDALCYCLIST STRUCK MOTOR VEHICLE FRONT END AT ANGLE,,0,Clear or Partly Cloudy,Dry,Daylight,Y,9135003.0,,45.0,Vehicle - Pedalcyclist,12649,0,N,POINT (1268318.102319553 231464.9540170729),696.0,0.0,Clear or Partly Cloudy,2009-05-15,15:49:00,15.0,4,1,1.0,Clear or Partly Cloudy
92251,106679,106679,3326412,Matched,Block,,ALOHA ST BETWEEN YALE AVE N AND EASTLAKE AVE E,,,2,Injury Collision,Cycles,2,0,1,1,1,0,0,2009-06-18T00:00:00.000Z,6/18/2009 12:19:00 PM,Driveway Junction,18,"MOTOR VEHICLE STRUCK PEDALCYCLIST, FRONT END AT ANGLE",,0,Clear or Partly Cloudy,Dry,Daylight,,9169008.0,,45.0,Vehicle - Pedalcyclist,0,0,N,POINT (1271371.004786685 232251.713889882),6123.0,2.9836318252041786e-05,Clear or Partly Cloudy,2009-06-18,12:19:00,12.0,3,1,0.0,Clear or Partly Cloudy
92277,106540,106540,2613344,Matched,Intersection,38074.0,MARINE VIEW DR SW AND SW 104TH ST,,,2,Injury Collision,Cycles,2,0,1,1,2,0,0,2009-08-08T00:00:00.000Z,8/8/2009,At Intersection (intersection related),23,"MOTOR VEHICLE STRUCK PEDALCYCLIST, LEFT SIDE SIDESWIPE",Y,0,Overcast,Dry,Daylight,,9220001.0,,45.0,Vehicle - Pedalcyclist,31570,0,N,POINT (1256179.186723128 189945.4672545642),14495.0,0.0,Overcast,2009-08-08,00:00:00,,5,0,,Clear or Partly Cloudy
92281,107380,107380,3296583,Matched,Block,,AIRPORT WAY S BETWEEN S OTHELLO ST AND MILITARY RD S,,,2,Injury Collision,Cycles,2,0,1,1,1,0,0,2010-03-11T00:00:00.000Z,3/11/2010 2:53:00 AM,Mid-Block (not related to intersection),54,PEDALCYCLIST STRUCK MOTOR VEHICLE REAR END,,N,Raining,Wet,Dark - Street Lights On,,10070025.0,,45.0,Vehicle - Pedalcyclist,20380,0,N,POINT (1278535.278266013 198218.4091510326),597.0,3.0160403572974595e-06,Raining,2010-03-11,02:53:00,2.0,3,1,0.0,Raining
92300,107790,107790,3198718,Matched,Intersection,27109.0,BROOKLYN AVE NE AND NE 40TH ST,,,2b,Serious Injury Collision,Cycles,2,0,1,1,1,1,0,2010-01-13T00:00:00.000Z,1/13/2010 10:33:00 AM,At Intersection (intersection related),18,"MOTOR VEHICLE STRUCK PEDALCYCLIST, FRONT END AT ANGLE",Y,N,Clear or Partly Cloudy,Wet,Daylight,,10013005.0,,45.0,Vehicle - Pedalcyclist,41120,0,N,POINT (1275415.350326821 242570.489516452),20084.0,0.0,Clear or Partly Cloudy,2010-01-13,10:33:00,10.0,2,1,0.0,Clear or Partly Cloudy
92449,107388,107388,3329370,Matched,Block,,E UNION ST BETWEEN 19TH AVE AND 20TH AVE,,,1,Property Damage Only Collision,Cycles,2,0,1,1,0,0,0,2010-03-04T00:00:00.000Z,3/4/2010 10:11:00 PM,Mid-Block (not related to intersection),51,PEDALCYCLIST STRUCK MOTOR VEHICLE FRONT END AT ANGLE,,N,Clear or Partly Cloudy,Dry,Dark - Street Lights On,,10063021.0,,45.0,Vehicle - Pedalcyclist,9350,0,N,POINT (1276983.09394443 227048.2475805581),20646.0,7.493786302273541e-09,Clear or Partly Cloudy,2010-03-04,22:11:00,22.0,3,1,0.0,Clear or Partly Cloudy
92497,106417,106417,2803792,Matched,Block,,15TH AVE W BETWEEN W ARMOUR ST AND 15TH AV W NB OFF RP,,,2,Injury Collision,Cycles,4,0,1,1,1,0,0,2009-04-24T00:00:00.000Z,4/24/2009 7:59:00 PM,Mid-Block (but intersection related),51,PEDALCYCLIST STRUCK MOTOR VEHICLE FRONT END AT ANGLE,,0,Clear or Partly Cloudy,Dry,Dusk,,9114003.0,,45.0,Vehicle - Pedalcyclist,16116,0,N,POINT (1260111.056679145 239331.0025371313),13035.0,7.4429924782326745e-09,Clear or Partly Cloudy,2009-04-24,19:59:00,19.0,4,1,1.0,Clear or Partly Cloudy
92541,106981,106981,3383659,Matched,Intersection,29865.0,BOREN AVE AND OLIVE WAY,,,2,Injury Collision,Cycles,2,0,1,1,1,0,0,2010-10-08T00:00:00.000Z,10/8/2010 11:55:00 PM,At Intersection (intersection related),18,"MOTOR VEHICLE STRUCK PEDALCYCLIST, FRONT END AT ANGLE",,N,Raining,Wet,Dark - Street Lights On,,10281029.0,,45.0,Vehicle - Pedalcyclist,24933,0,N,POINT (1271118.433586419 228090.2473256141),640.0,0.0,Raining,2010-10-08,23:55:00,23.0,4,1,0.0,Raining
92586,108077,108077,3329403,Matched,Intersection,30427.0,12TH AVE S AND S JACKSON ST,,,2,Injury Collision,Cycles,2,0,1,1,1,0,0,2010-02-02T00:00:00.000Z,2/2/2010 8:43:00 AM,At Intersection (intersection related),18,"MOTOR VEHICLE STRUCK PEDALCYCLIST, FRONT END AT ANGLE",,N,Overcast,Wet,Daylight,Y,10033021.0,,45.0,Vehicle - Pedalcyclist,11009,0,N,POINT (1274334.809653714 222095.5050474852),12155.0,0.0,Overcast,2010-02-02,08:43:00,8.0,1,1,1.0,Clear or Partly Cloudy
92595,108079,108079,3333092,Matched,Block,,35TH AVE NE BETWEEN NE 57TH ST AND NE 60TH ST,,,2,Injury Collision,Cycles,2,0,1,1,1,0,0,2010-02-04T00:00:00.000Z,2/4/2010 3:20:00 PM,Mid-Block (but intersection related),51,PEDALCYCLIST STRUCK MOTOR VEHICLE FRONT END AT ANGLE,,N,Clear or Partly Cloudy,Dry,Daylight,Y,10035012.0,,45.0,Vehicle - Pedalcyclist,30278,0,N,POINT (1281492.364861041 248242.6136822551),2850.0,2.9257645421841075e-05,Clear or Partly Cloudy,2010-02-04,15:20:00,15.0,3,1,1.0,Clear or Partly Cloudy
92636,106566,106566,2898871,Matched,Intersection,29592.0,2ND AVE AND PIKE ST,,,2,Injury Collision,Cycles,3,0,1,1,1,0,0,2009-05-09T00:00:00.000Z,5/9/2009,At Intersection (intersection related),18,"MOTOR VEHICLE STRUCK PEDALCYCLIST, FRONT END AT ANGLE",,0,Clear or Partly Cloudy,Dry,Dark - Street Lights On,,9129016.0,,45.0,Vehicle - Pedalcyclist,12173,0,N,POINT (1269058.773296311 225881.3874193579),135.0,0.0,Clear or Partly Cloudy,2009-05-09,00:00:00,,5,0,,Clear or Partly Cloudy
92728,107952,107952,3329364,Matched,Block,,TERRY AVE BETWEEN SPRUCE ST AND ALDER ST,,,2,Injury Collision,Cycles,2,0,1,1,1,0,0,2010-02-21T00:00:00.000Z,2/21/2010 9:30:00 PM,Mid-Block (not related to intersection),56,PEDALCYCLIST STRUCK MOTOR VEHICLE LEFT SIDE SIDESWIPE,,Y,Clear or Partly Cloudy,Dry,Dark - Street Lights On,,10052015.0,,45.0,Vehicle - Pedalcyclist,0,0,N,,,,Clear or Partly Cloudy,2010-02-21,21:30:00,21.0,6,0,0.0,Clear or Partly Cloudy
92831,107279,107279,3342212,Matched,Intersection,28046.0,FLORENTIA ST AND NICKERSON ST,,,2,Injury Collision,Cycles,4,0,1,1,1,0,0,2010-02-10T00:00:00.000Z,2/10/2010 6:09:00 PM,At Intersection (intersection related),18,"MOTOR VEHICLE STRUCK PEDALCYCLIST, FRONT END AT ANGLE",,N,Raining,Wet,Dark - Street Lights On,,10041035.0,,45.0,Vehicle - Pedalcyclist,12468,0,N,POINT (1266258.966573447 239654.013865456),10175.0,0.0,Raining,2010-02-10,18:09:00,18.0,2,1,1.0,Raining
92832,107549,107549,2882168,Matched,Intersection,29808.0,12TH AVE AND E BARCLAY CT,,,1,Property Damage Only Collision,Cycles,2,0,1,1,0,0,0,2010-04-05T00:00:00.000Z,4/5/2010 10:34:00 AM,At Intersection (intersection related),51,PEDALCYCLIST STRUCK MOTOR VEHICLE FRONT END AT ANGLE,,N,Clear or Partly Cloudy,Dry,Daylight,Y,10095024.0,,45.0,Vehicle - Pedalcyclist,10648,0,N,POINT (1274497.753909886 224882.8422663361),6808.0,0.0,Clear or Partly Cloudy,2010-04-05,10:34:00,10.0,0,1,0.0,Clear or Partly Cloudy
92865,108098,108098,3210889,Matched,Intersection,29826.0,12TH AVE AND E ALDER ST,,,3,Fatality Collision,Cycles,2,0,1,1,0,0,1,2010-07-28T00:00:00.000Z,7/28/2010 10:38:00 AM,At Intersection (intersection related),18,"MOTOR VEHICLE STRUCK PEDALCYCLIST, FRONT END AT ANGLE",,N,Clear or Partly Cloudy,Dry,Daylight,Y,10209025.0,,45.0,Vehicle - Pedalcyclist,10590,0,N,POINT (1274480.128053859 223979.3716734052),2319.0,0.0,Clear or Partly Cloudy,2010-07-28,10:38:00,10.0,2,1,0.0,Clear or Partly Cloudy
92896,106313,106313,3286569,Matched,Intersection,36693.0,20TH AVE NE AND NE 125TH ST,,,2b,Serious Injury Collision,Cycles,2,0,1,1,1,1,0,2009-09-04T00:00:00.000Z,9/4/2009,At Intersection (intersection related),51,PEDALCYCLIST STRUCK MOTOR VEHICLE FRONT END AT ANGLE,,0,Clear or Partly Cloudy,Dry,Dawn,Y,9247036.0,,45.0,Vehicle - Pedalcyclist,42001,0,N,POINT (1277629.018681094 265876.440516308),7189.0,0.0,Clear or Partly Cloudy,2009-09-04,00:00:00,,4,1,,Clear or Partly Cloudy
92926,106718,106718,3205930,Matched,Block,,EAST GREEN LAKE WAY N BETWEEN 2ND AVE NE AND 4TH AVE NE,,,2,Injury Collision,Cycles,2,0,1,1,1,0,0,2009-05-31T00:00:00.000Z,5/31/2009 1:12:00 PM,Mid-Block (not related to intersection),51,PEDALCYCLIST STRUCK MOTOR VEHICLE FRONT END AT ANGLE,,0,Overcast,Dry,Daylight,Y,9151003.0,,45.0,Vehicle - Pedalcyclist,7406,0,N,POINT (1272444.628211781 251045.6949651241),14867.0,7.332676064504416e-06,Overcast,2009-05-31,13:12:00,13.0,6,0,0.0,Clear or Partly Cloudy
92932,106586,106586,3198286,Matched,Intersection,26710.0,9TH AVE NW AND NW 45TH ST,,,2,Injury Collision,Cycles,2,0,1,1,1,0,0,2009-12-10T00:00:00.000Z,12/10/2009 2:14:00 PM,At Intersection (intersection related),18,"MOTOR VEHICLE STRUCK PEDALCYCLIST, FRONT END AT ANGLE",,0,Clear or Partly Cloudy,Dry,Daylight,Y,9344022.0,,45.0,Vehicle - Pedalcyclist,0,630875,N,POINT (1262110.833705202 245056.5021909922),1566.0,0.0,Clear or Partly Cloudy,2009-12-10,14:14:00,14.0,3,1,0.0,Clear or Partly Cloudy
92940,106581,106581,3198863,Matched,Block,,NW MARKET ST BETWEEN TALLMAN AVE NW AND 20TH AVE NW,,,2,Injury Collision,Cycles,3,0,1,1,1,0,0,2009-10-03T00:00:00.000Z,10/3/2009,Mid-Block (not related to intersection),56,PEDALCYCLIST STRUCK MOTOR VEHICLE LEFT SIDE SIDESWIPE,Y,0,Clear or Partly Cloudy,Dry,Daylight,,9276003.0,,45.0,Vehicle - Pedalcyclist,25888,0,N,POINT (1258902.59318991 247750.7359217554),1668.0,7.448768883149546e-09,Clear or Partly Cloudy,2009-10-03,00:00:00,,5,0,,Clear or Partly Cloudy
92950,107553,107553,3558805,Matched,Intersection,24245.0,STROUD AVE N AND EAST GREEN LAKE DR N,,,2,Injury Collision,Cycles,3,0,1,1,1,0,0,2010-09-22T00:00:00.000Z,9/22/2010 11:22:00 AM,At Intersection (intersection related),11,"MOTOR VEHICLE STRUCK MOTOR VEHICLE, FRONT END AT ANGLE",,N,Clear or Partly Cloudy,Dry,Daylight,,10265002.0,,45.0,Vehicle - Pedalcyclist,7360,0,N,POINT (1270260.463409543 253635.7472557724),11177.0,0.0,Clear or Partly Cloudy,2010-09-22,11:22:00,11.0,2,1,0.0,Clear or Partly Cloudy
92987,107829,107829,3560557,Matched,Intersection,26448.0,23RD AVE W AND GILMAN AVE W,,,2,Injury Collision,Cycles,2,0,1,1,1,0,0,2010-11-26T00:00:00.000Z,11/26/2010 4:48:00 PM,At Intersection (but not related to intersection),54,PEDALCYCLIST STRUCK MOTOR VEHICLE REAR END,Y,N,Raining,Wet,Dark - Street Lights On,,10330017.0,,45.0,Vehicle - Pedalcyclist,15419,0,N,POINT (1257783.748388767 242963.6809408516),8496.0,0.0,Raining,2010-11-26,16:48:00,16.0,4,1,1.0,Raining