OBJECTID,INCKEY,COLDETKEY,REPORTNO,STATUS,ADDRTYPE,INTKEY,LOCATION,EXCEPTRSNC,EXCEPTRSND,SEVERITYCO,SEVERITYDE,COLLISIONT,PERSONCOUN,PEDCOUNT,PEDCYLCOUN,VEHCOUNT,INJURIES,SERIOUSINJ,FATALITIES,INCDATE,INCDTTM,JUNCTIONTY,SDOT_COLCO,SDOT_COLDE,INATTENTIO,UNDERINFL,WEATHER,ROADCOND,LIGHTCOND,PEDROWNOTG,SDOTCOLNUM,SPEEDING,ST_COLCODE,ST_COLDESC,SEGLANEKEY,CROSSWALKK,HITPARKEDC,geometry,near_str_index,min_length,weather_group,date,time,hour,dayofweek,weekday,rushhour,weather_group2
93012,107833,107833,3559552,Matched,Block,,E PINE ST BETWEEN MELROSE AVE AND BELLEVUE AVE,,,2,Injury Collision,Cycles,1,0,1,0,1,0,0,2010-12-06T00:00:00.000Z,12/6/2010 7:26:00 PM,Driveway Junction,18,"MOTOR VEHICLE STRUCK PEDALCYCLIST, FRONT END AT ANGLE",,N,Clear or Partly Cloudy,Dry,Dark - Street Lights On,,10340024.0,,45.0,Vehicle - Pedalcyclist,10336,0,N,POINT (1271948.807091266 227993.3346855193),1147.0,3.091341478536574e-05,Clear or Partly Cloudy,2010-12-06,19:26:00,19.0,0,1,1.0,Clear or Partly Cloudy
93039,108242,108242,3334754,Matched,Block,,6TH AVE BETWEEN UNIVERSITY ST AND UNION ST,,,2,Injury Collision,Cycles,5,0,1,2,1,0,0,2010-09-03T00:00:00.000Z,9/3/2010 4:19:00 PM,Mid-Block (not related to intersection),55,PEDALCYCLIST STRUCK MOTOR VEHICLE RIGHT SIDE SIDESWIPE,,N,Clear or Partly Cloudy,Dry,Daylight,,10246021.0,,45.0,Vehicle - Pedalcyclist,36407,0,N,POINT (1270493.199921787 225988.3224594742),3199.0,4.169726785151738e-06,Clear or Partly Cloudy,2010-09-03,16:19:00,16.0,4,1,1.0,Clear or Partly Cloudy
93077,106877,106877,3207743,Matched,Block,,HARVARD AVE E BETWEEN E SHELBY ST AND E GWINN PL,,,2,Injury Collision,Cycles,2,0,1,1,1,0,0,2010-03-19T00:00:00.000Z,3/19/2010 11:09:00 PM,Mid-Block (not related to intersection),23,"MOTOR VEHICLE STRUCK PEDALCYCLIST, LEFT SIDE SIDESWIPE",,N,Clear or Partly Cloudy,Dry,Dark - Street Lights On,,10078025.0,,45.0,Vehicle - Pedalcyclist,6049,0,N,POINT (1273471.265780836 239691.2868894935),3578.0,1.9365746666917987e-05,Clear or Partly Cloudy,2010-03-19,23:09:00,23.0,4,1,0.0,Clear or Partly Cloudy
93100,107299,107299,3374633,Matched,Intersection,26863.0,STONE WAY N AND N 39TH ST,,,2b,Serious Injury Collision,Cycles,2,0,1,1,1,1,0,2010-07-13T00:00:00.000Z,7/13/2010 7:45:00 PM,At Intersection (intersection related),51,PEDALCYCLIST STRUCK MOTOR VEHICLE FRONT END AT ANGLE,,N,Clear or Partly Cloudy,Dry,Daylight,Y,10194014.0,,45.0,Vehicle - Pedalcyclist,6311,0,N,POINT (1268492.222511739 242249.8620601147),1235.0,0.0,Clear or Partly Cloudy,2010-07-13,19:45:00,19.0,1,1,1.0,Clear or Partly Cloudy
93151,108115,108115,3386576,Matched,Intersection,30474.0,DEARBORN ST OFF RP AND S DEARBORN ST,,,2,Injury Collision,Cycles,2,0,1,1,1,0,0,2010-08-28T00:00:00.000Z,8/28/2010 3:50:00 PM,At Intersection (intersection related),18,"MOTOR VEHICLE STRUCK PEDALCYCLIST, FRONT END AT ANGLE",,N,Clear or Partly Cloudy,Dry,Daylight,Y,10240009.0,,45.0,Vehicle - Pedalcyclist,0,525652,N,POINT (1273819.595573187 220878.1180382371),7667.0,0.0,Clear or Partly Cloudy,2010-08-28,15:50:00,15.0,5,0,1.0,Clear or Partly Cloudy
93203,107171,107171,3346476,Matched,Block,,DEXTER AVE N BETWEEN WARD ST AND PROSPECT ST,,,2b,Serious Injury Collision,Cycles,2,1,1,0,2,1,0,2010-06-08T00:00:00.000Z,6/8/2010 5:25:00 PM,,0,NOT ENOUGH INFORMATION / NOT APPLICABLE,,N,Overcast,Dry,Daylight,Y,10159011.0,,45.0,Vehicle - Pedalcyclist,12783,0,N,,,,Overcast,2010-06-08,17:25:00,17.0,1,1,1.0,Clear or Partly Cloudy
93262,107301,107301,3377214,Matched,Intersection,25144.0,BALLARD AVE NW AND NW MARKET ST,,,2,Injury Collision,Cycles,2,0,1,1,1,0,0,2010-07-18T00:00:00.000Z,7/18/2010 2:31:00 PM,At Intersection (intersection related),18,"MOTOR VEHICLE STRUCK PEDALCYCLIST, FRONT END AT ANGLE",,N,Clear or Partly Cloudy,Dry,Daylight,Y,10199015.0,,45.0,Vehicle - Pedalcyclist,0,521840,N,POINT (1257790.177572772 247774.8087537736),7585.0,0.0,Clear or Partly Cloudy,2010-07-18,14:31:00,14.0,6,0,0.0,Clear or Partly Cloudy
93282,108261,108261,3329732,Matched,Intersection,29863.0,MELROSE AVE AND PINE ST,,,2,Injury Collision,Cycles,2,0,1,1,1,0,0,2010-04-09T00:00:00.000Z,4/9/2010 8:19:00 PM,At Intersection (intersection related),51,PEDALCYCLIST STRUCK MOTOR VEHICLE FRONT END AT ANGLE,Y,N,Clear or Partly Cloudy,Dry,Dark - Street Lights On,,10099002.0,Y,45.0,Vehicle - Pedalcyclist,10336,0,N,POINT (1271813.802035138 227999.6394535303),897.0,0.0,Clear or Partly Cloudy,2010-04-09,20:19:00,20.0,4,1,0.0,Clear or Partly Cloudy
93302,106890,106890,3560681,Matched,Intersection,28873.0,ALOHA ST AND TAYLOR AVE N,,,2,Injury Collision,Cycles,2,0,1,1,1,0,0,2010-12-16T00:00:00.000Z,12/16/2010 5:22:00 PM,At Intersection (intersection related),18,"MOTOR VEHICLE STRUCK PEDALCYCLIST, FRONT END AT ANGLE",,0,Overcast,Dry,Dark - Street Lights On,Y,10350006.0,,45.0,Vehicle - Pedalcyclist,11245,0,N,POINT (1267376.434734598 232433.9206740707),3325.0,0.0,Overcast,2010-12-16,17:22:00,17.0,3,1,1.0,Clear or Partly Cloudy
93339,107174,107174,3377224,Matched,Intersection,25843.0,KIRKWOOD PL N AND N 56TH ST,,,1,Property Damage Only Collision,Cycles,3,0,1,1,0,0,0,2010-09-21T00:00:00.000Z,9/21/2010 4:02:00 PM,At Intersection (intersection related),11,"MOTOR VEHICLE STRUCK MOTOR VEHICLE, FRONT END AT ANGLE",,N,Clear or Partly Cloudy,Dry,Daylight,Y,10264002.0,,45.0,Vehicle - Pedalcyclist,31729,0,N,POINT (1271251.185458556 247628.1627376229),7075.0,0.0,Clear or Partly Cloudy,2010-09-21,16:02:00,16.0,1,1,1.0,Clear or Partly Cloudy
93346,107315,107315,3345934,Matched,Block,,THORNDYKE AVE W BETWEEN 22ND AVE W AND 21ST AVE W,,,2,Injury Collision,Cycles,2,0,1,1,1,0,0,2010-08-23T00:00:00.000Z,8/23/2010 4:53:00 PM,Mid-Block (not related to intersection),11,"MOTOR VEHICLE STRUCK MOTOR VEHICLE, FRONT END AT ANGLE",,N,Clear or Partly Cloudy,Dry,Daylight,Y,10235033.0,,45.0,Vehicle - Pedalcyclist,41943,0,N,POINT (1258212.922405213 238705.047080487),6715.0,6.627503009717053e-09,Clear or Partly Cloudy,2010-08-23,16:53:00,16.0,0,1,1.0,Clear or Partly Cloudy
93359,107309,107309,2599441,Matched,Block,,ALASKAN WAY BETWEEN XW BELL ST AND WALL ST,,,2,Injury Collision,Cycles,2,0,1,1,1,0,0,2010-08-14T00:00:00.000Z,8/14/2010 1:35:00 PM,Mid-Block (not related to intersection),56,PEDALCYCLIST STRUCK MOTOR VEHICLE LEFT SIDE SIDESWIPE,,N,Clear or Partly Cloudy,Dry,Daylight,,10226030.0,,45.0,Vehicle - Pedalcyclist,20821,0,N,POINT (1266337.989357531 226993.4955164939),12522.0,3.878887756723577e-06,Clear or Partly Cloudy,2010-08-14,13:35:00,13.0,5,0,0.0,Clear or Partly Cloudy
93384,107717,107717,3332031,Matched,Intersection,29744.0,HARVARD AVE AND E PIKE ST,,,2b,Serious Injury Collision,Cycles,2,0,1,1,1,1,0,2010-07-14T00:00:00.000Z,7/14/2010 2:10:00 PM,At Intersection (intersection related),51,PEDALCYCLIST STRUCK MOTOR VEHICLE FRONT END AT ANGLE,,N,Clear or Partly Cloudy,Dry,Daylight,,10195021.0,,45.0,Vehicle - Pedalcyclist,36650,0,N,POINT (1273234.02603659 227544.4404770583),1144.0,0.0,Clear or Partly Cloudy,2010-07-14,14:10:00,14.0,2,1,0.0,Clear or Partly Cloudy
93397,108137,108137,3326384,Matched,Block,,N 36TH ST BETWEEN PALATINE AVE N AND GREENWOOD AVE N,,,2,Injury Collision,Cycles,1,0,1,0,1,0,0,2010-04-26T00:00:00.000Z,4/26/2010 7:30:00 PM,Driveway Junction,69,PEDALCYCLIST OVERTURNED IN ROAD,,N,Raining,Wet,Dusk,,10116028.0,,45.0,Vehicle - Pedalcyclist,17472,0,N,POINT (1265143.9019963 241760.8785076141),12727.0,2.487774758399777e-09,Raining,2010-04-26,19:30:00,19.0,0,1,1.0,Raining
93417,107449,107449,3376234,Matched,Intersection,37396.0,GREENWOOD AVE N AND N 100TH ST,,,2,Injury Collision,Cycles,2,0,1,1,1,0,0,2010-04-14T00:00:00.000Z,4/14/2010 4:32:00 PM,At Intersection (intersection related),18,"MOTOR VEHICLE STRUCK PEDALCYCLIST, FRONT END AT ANGLE",,N,Clear or Partly Cloudy,Dry,Daylight,,10104003.0,,45.0,Vehicle - Pedalcyclist,0,0,N,POINT (1265651.679532826 259577.5454058647),3562.0,0.0,Clear or Partly Cloudy,2010-04-14,16:32:00,16.0,2,1,1.0,Clear or Partly Cloudy
93422,106614,106614,3296461,Matched,Block,,BEACON ER AVE S BETWEEN CHEASTY BLVD S AND S ANGELINE ST,,,2,Injury Collision,Cycles,2,0,1,1,1,0,0,2009-06-25T00:00:00.000Z,6/25/2009 12:57:00 PM,Driveway Junction,54,PEDALCYCLIST STRUCK MOTOR VEHICLE REAR END,,0,Clear or Partly Cloudy,Dry,Daylight,,9176003.0,,45.0,Vehicle - Pedalcyclist,13052,0,N,POINT (1277156.1866806 207984.8842330277),21777.0,0.0,Clear or Partly Cloudy,2009-06-25,12:57:00,12.0,3,1,0.0,Clear or Partly Cloudy
93498,107869,107869,3329583,Matched,Intersection,28375.0,24TH AVE E AND BOYER AVE E,,,2,Injury Collision,Cycles,2,0,1,1,1,0,0,2010-05-15T00:00:00.000Z,5/15/2010 1:49:00 PM,At Intersection (intersection related),51,PEDALCYCLIST STRUCK MOTOR VEHICLE FRONT END AT ANGLE,,N,Clear or Partly Cloudy,Dry,Daylight,Y,10135003.0,,45.0,Vehicle - Pedalcyclist,22451,0,N,POINT (1278448.004665926 235170.6751088649),643.0,0.0,Clear or Partly Cloudy,2010-05-15,13:49:00,13.0,5,0,0.0,Clear or Partly Cloudy
93502,107587,107587,3332229,Matched,Block,,10TH AVE E BETWEEN E ROY W ST AND E ALOHA ST,,,2,Injury Collision,Cycles,3,0,1,1,1,0,0,2010-06-22T00:00:00.000Z,6/22/2010 9:47:00 PM,Mid-Block (not related to intersection),54,PEDALCYCLIST STRUCK MOTOR VEHICLE REAR END,Y,N,Clear or Partly Cloudy,Dry,Dark - No Street Lights,,10173018.0,,45.0,Vehicle - Pedalcyclist,6191,0,N,POINT (1273784.705397159 231940.3861455619),4984.0,1.3544046334140847e-05,Clear or Partly Cloudy,2010-06-22,21:47:00,21.0,1,1,0.0,Clear or Partly Cloudy
93581,106916,106916,3331801,Matched,Intersection,34876.0,25TH AVE SW AND SW BARTON ST,,,2,Injury Collision,Cycles,2,0,1,1,1,0,0,2010-04-06T00:00:00.000Z,4/6/2010 6:12:00 PM,At Intersection (intersection related),18,"MOTOR VEHICLE STRUCK PEDALCYCLIST, FRONT END AT ANGLE",,N,Clear or Partly Cloudy,Dry,Daylight,Y,10096011.0,,45.0,Vehicle - Pedalcyclist,29560,0,N,POINT (1262093.778473184 193817.7286345214),7947.0,0.0,Clear or Partly Cloudy,2010-04-06,18:12:00,18.0,1,1,1.0,Clear or Partly Cloudy
93594,106911,106911,3345676,Matched,Intersection,29603.0,2ND AVE AND UNIVERSITY ST,,,2,Injury Collision,Cycles,3,0,1,1,1,0,0,2010-09-01T00:00:00.000Z,9/1/2010 8:41:00 PM,At Intersection (intersection related),18,"MOTOR VEHICLE STRUCK PEDALCYCLIST, FRONT END AT ANGLE",,N,Clear or Partly Cloudy,Dry,Dark - Street Lights On,,10244034.0,,45.0,Vehicle - Pedalcyclist,12162,0,N,POINT (1269492.709168762 225148.3088906109),2490.0,0.0,Clear or Partly Cloudy,2010-09-01,20:41:00,20.0,2,1,0.0,Clear or Partly Cloudy
93597,106909,106909,3206118,Matched,Block,,NE 45TH ST BETWEEN ROOSEVELT WAY NE AND 11TH AVE NE,,,2,Injury Collision,Cycles,2,0,1,1,1,0,0,2010-08-31T00:00:00.000Z,8/31/2010 7:50:00 PM,Mid-Block (not related to intersection),51,PEDALCYCLIST STRUCK MOTOR VEHICLE FRONT END AT ANGLE,,N,Overcast,Wet,Dark - Street Lights On,Y,10243055.0,,45.0,Vehicle - Pedalcyclist,0,0,N,POINT (1274799.267510191 244744.9816146791),21388.0,1.5619185560219236e-05,Overcast,2010-08-31,19:50:00,19.0,1,1,1.0,Clear or Partly Cloudy
93706,106768,106768,3200790,Matched,Block,,1ST AVE S BETWEEN S ROYAL BROUGHAM WAY AND S ATLANTIC ST,,,2,Injury Collision,Cycles,2,0,1,1,1,0,0,2010-07-02T00:00:00.000Z,7/2/2010,Mid-Block (not related to intersection),21,"MOTOR VEHICLE STRUCK PEDALCYCLIST, REAR END",,0,Raining,Wet,Daylight,Y,10183031.0,,45.0,Vehicle - Pedalcyclist,5236,0,N,POINT (1270092.515441373 219319.766740635),14.0,2.805568900512688e-05,Raining,2010-07-02,00:00:00,,4,1,,Raining
93803,109941,109941,3327738,Matched,Intersection,37425.0,FREMONT AVE N AND N 95TH ST,,,2,Injury Collision,Cycles,2,0,1,1,1,0,0,2010-10-19T00:00:00.000Z,10/19/2010 4:39:00 PM,At Intersection (intersection related),51,PEDALCYCLIST STRUCK MOTOR VEHICLE FRONT END AT ANGLE,,N,Clear or Partly Cloudy,Dry,Daylight,Y,10292030.0,,45.0,Vehicle - Pedalcyclist,0,0,N,POINT (1266959.111470163 258224.7182684839),3539.0,0.0,Clear or Partly Cloudy,2010-10-19,16:39:00,16.0,1,1,1.0,Clear or Partly Cloudy
93842,108699,108699,3377189,Matched,Block,,5TH AVE NE BETWEEN NE 52ND ST AND NE 53RD ST,NEI,"Not Enough Information, or Insufficient Location Information",2,Injury Collision,Cycles,2,0,1,1,1,0,0,2010-06-11T00:00:00.000Z,6/11/2010 8:10:00 AM,Mid-Block (not related to intersection),0,NOT ENOUGH INFORMATION / NOT APPLICABLE,,N,Overcast,Dry,Daylight,Y,10162006.0,,45.0,Vehicle - Pedalcyclist,0,0,N,POINT (1273422.434356779 246773.1023847461),16823.0,1.7813845247160206e-10,Overcast,2010-06-11,08:10:00,8.0,4,1,1.0,Clear or Partly Cloudy
93910,109950,109950,3374922,Matched,Block,,BARNES AVE NW BETWEEN 17TH AVE NW AND NW MARKET ST,,,2,Injury Collision,Cycles,3,0,1,1,1,0,0,2010-10-04T00:00:00.000Z,10/4/2010 9:21:00 AM,Driveway Junction,54,PEDALCYCLIST STRUCK MOTOR VEHICLE REAR END,Y,N,Clear or Partly Cloudy,Dry,Daylight,,10277028.0,,45.0,Vehicle - Pedalcyclist,0,0,N,POINT (1259448.164518476 247511.8866415024),10282.0,1.298373787780735e-07,Clear or Partly Cloudy,2010-10-04,09:21:00,9.0,0,1,1.0,Clear or Partly Cloudy
93947,110228,110228,3283168,Matched,Block,,10TH AVE E BETWEEN E ROY W ST AND E ALOHA ST,,,2,Injury Collision,Cycles,2,0,1,1,1,0,0,2010-06-01T00:00:00.000Z,6/1/2010 10:15:00 AM,Mid-Block (not related to intersection),51,PEDALCYCLIST STRUCK MOTOR VEHICLE FRONT END AT ANGLE,,N,Clear or Partly Cloudy,Dry,Daylight,Y,10152032.0,,45.0,Vehicle - Pedalcyclist,6193,0,N,POINT (1273784.705397159 231940.3861455619),4984.0,1.3544046334140847e-05,Clear or Partly Cloudy,2010-06-01,10:15:00,10.0,1,1,0.0,Clear or Partly Cloudy
93990,109270,109270,3288358,Matched,Block,,DELRIDGE WAY SW BETWEEN SW CHARLESTOWN ST AND DELRIDGE-W SEATTLE BR EB ON RP,,,2,Injury Collision,Cycles,3,0,1,1,2,0,0,2010-05-24T00:00:00.000Z,5/24/2010 4:22:00 PM,Mid-Block (but intersection related),51,PEDALCYCLIST STRUCK MOTOR VEHICLE FRONT END AT ANGLE,,N,Clear or Partly Cloudy,Dry,Daylight,Y,10144037.0,,45.0,Vehicle - Pedalcyclist,0,0,N,POINT (1263052.248746157 211681.8288768232),14535.0,3.081303737711058e-05,Clear or Partly Cloudy,2010-05-24,16:22:00,16.0,0,1,1.0,Clear or Partly Cloudy
94019,108711,108711,3206054,Matched,Block,,15TH AVE NW BETWEEN NW 70TH ST AND NW 73RD ST,,,2,Injury Collision,Cycles,2,0,1,1,1,0,0,2010-05-21T00:00:00.000Z,5/21/2010 8:50:00 AM,Mid-Block (not related to intersection),18,"MOTOR VEHICLE STRUCK PEDALCYCLIST, FRONT END AT ANGLE",,N,Clear or Partly Cloudy,Dry,Daylight,,10141029.0,,45.0,Vehicle - Pedalcyclist,0,0,N,POINT (1260240.242407277 252021.5676061213),5107.0,1.0428065279238208e-05,Clear or Partly Cloudy,2010-05-21,08:50:00,8.0,4,1,1.0,Clear or Partly Cloudy
94020,108710,108710,3325807,Matched,Intersection,32118.0,ADMIRAL AVALON RP AND SW ADMIRAL WAY,,,2,Injury Collision,Cycles,2,0,1,1,1,0,0,2010-05-20T00:00:00.000Z,5/20/2010 8:24:00 AM,At Intersection (intersection related),51,PEDALCYCLIST STRUCK MOTOR VEHICLE FRONT END AT ANGLE,,0,Overcast,Dry,Daylight,,10140039.0,,45.0,Vehicle - Pedalcyclist,3037,0,N,POINT (1260788.571175843 212251.0217093974),4635.0,0.0,Overcast,2010-05-20,08:24:00,8.0,3,1,1.0,Clear or Partly Cloudy
94094,110508,110508,3561680,Matched,Intersection,37659.0,27TH AVE NE AND NE 90TH ST,,,2,Injury Collision,Cycles,2,0,1,1,1,0,0,2010-12-15T00:00:00.000Z,12/15/2010 7:31:00 AM,At Intersection (intersection related),18,"MOTOR VEHICLE STRUCK PEDALCYCLIST, FRONT END AT ANGLE",,N,Clear or Partly Cloudy,Wet,Daylight,Y,10349033.0,,45.0,Vehicle - Pedalcyclist,0,0,N,POINT (1279553.935163066 256543.2554827482),234.0,0.0,Clear or Partly Cloudy,2010-12-15,07:31:00,7.0,2,1,1.0,Clear or Partly Cloudy
94115,110368,110368,3206060,Matched,Block,,GREENWOOD AVE N BETWEEN N 100TH ST AND N 101ST ST,,,2,Injury Collision,Cycles,2,0,1,1,1,0,0,2010-11-10T00:00:00.000Z,11/10/2010 2:00:00 PM,Mid-Block (not related to intersection),18,"MOTOR VEHICLE STRUCK PEDALCYCLIST, FRONT END AT ANGLE",,N,Unknown,Unknown,Unknown,Y,10314003.0,,45.0,Vehicle - Pedalcyclist,4755,0,N,POINT (1265653.355628833 259709.1738860011),17933.0,1.3199512753945552e-05,,2010-11-10,14:00:00,14.0,2,1,0.0,
94155,109144,109144,3341803,Matched,Intersection,29872.0,BOREN AVE AND PINE ST,,,2,Injury Collision,Cycles,2,0,1,1,1,0,0,2010-03-23T00:00:00.000Z,3/23/2010 10:44:00 AM,At Intersection (intersection related),51,PEDALCYCLIST STRUCK MOTOR VEHICLE FRONT END AT ANGLE,,N,Clear or Partly Cloudy,Dry,Daylight,,10082016.0,,45.0,Vehicle - Pedalcyclist,10320,0,N,POINT (1271335.12145865 227723.9425572455),896.0,0.0,Clear or Partly Cloudy,2010-03-23,10:44:00,10.0,1,1,0.0,Clear or Partly Cloudy
94181,109417,109417,3286947,Matched,Intersection,26002.0,20TH AVE NE AND NE 58TH ST,,,2,Injury Collision,Cycles,3,0,1,1,1,0,0,2010-05-11T00:00:00.000Z,5/11/2010 10:16:00 AM,At Intersection (intersection related),51,PEDALCYCLIST STRUCK MOTOR VEHICLE FRONT END AT ANGLE,,N,Clear or Partly Cloudy,Dry,Daylight,Y,10131002.0,,45.0,Vehicle - Pedalcyclist,0,0,N,POINT (1277479.59532094 248125.8735861331),4924.0,0.0,Clear or Partly Cloudy,2010-05-11,10:16:00,10.0,1,1,0.0,Clear or Partly Cloudy
94186,109415,109415,3282418,Matched,Block,,12TH AVE BETWEEN E JEFFERSON ST AND E BARCLAY CT,,,2b,Serious Injury Collision,Cycles,1,0,1,0,1,1,0,2010-05-09T00:00:00.000Z,5/9/2010 10:33:00 PM,Mid-Block (not related to intersection),69,PEDALCYCLIST OVERTURNED IN ROAD,,N,Clear or Partly Cloudy,Dry,Dark - Street Lights On,,10129001.0,,45.0,Vehicle - Pedalcyclist,10636,0,N,POINT (1274495.500981882 224767.1120902151),16199.0,0.0,Clear or Partly Cloudy,2010-05-09,22:33:00,22.0,6,0,0.0,Clear or Partly Cloudy
94192,109965,109965,3386621,Matched,Intersection,30748.0,16TH AVE S AND S JACKSON ST,,,2,Injury Collision,Cycles,2,0,1,1,1,0,0,2010-10-15T00:00:00.000Z,10/15/2010 10:41:00 AM,At Intersection (intersection related),18,"MOTOR VEHICLE STRUCK PEDALCYCLIST, FRONT END AT ANGLE",,N,Clear or Partly Cloudy,Dry,Daylight,Y,10288008.0,,45.0,Vehicle - Pedalcyclist,11025,0,N,POINT (1275727.637047142 222081.6597994715),1804.0,0.0,Clear or Partly Cloudy,2010-10-15,10:41:00,10.0,4,1,0.0,Clear or Partly Cloudy
94239,110246,110246,3345375,Matched,Intersection,27157.0,EASTLAKE AVE E AND HARVARD AVE E,,,2,Injury Collision,Cycles,2,0,1,1,1,0,0,2010-08-09T00:00:00.000Z,8/9/2010 7:50:00 AM,At Intersection (but not related to intersection),23,"MOTOR VEHICLE STRUCK PEDALCYCLIST, LEFT SIDE SIDESWIPE",,N,Overcast,Dry,Daylight,Y,10221032.0,,45.0,Vehicle - Pedalcyclist,6060,0,N,POINT (1273495.301428854 240838.6584746689),705.0,0.0,Overcast,2010-08-09,07:50:00,7.0,0,1,1.0,Clear or Partly Cloudy
94247,108723,108723,3326444,Matched,Intersection,28872.0,5TH AVE N AND ALOHA ST,,,2,Injury Collision,Cycles,3,0,1,1,1,0,0,2010-02-25T00:00:00.000Z,2/25/2010 7:55:00 AM,At Intersection (intersection related),51,PEDALCYCLIST STRUCK MOTOR VEHICLE FRONT END AT ANGLE,Y,N,Raining,Wet,Daylight,,10056001.0,,45.0,Vehicle - Pedalcyclist,0,0,N,POINT (1267054.681134269 232441.9004500806),3325.0,0.0,Raining,2010-02-25,07:55:00,7.0,3,1,1.0,Raining
94267,108587,108587,2893068,Matched,Block,,NW 100TH PL BETWEEN 7TH AVE NW AND NW 100TH ST,,,1,Property Damage Only Collision,Cycles,2,0,1,1,0,0,0,2010-02-10T00:00:00.000Z,2/10/2010 6:30:00 PM,Driveway Junction,51,PEDALCYCLIST STRUCK MOTOR VEHICLE FRONT END AT ANGLE,,N,Raining,Wet,Dark - Street Lights On,Y,10041040.0,,45.0,Vehicle - Pedalcyclist,3514,0,N,POINT (1263390.069482505 259847.5403501391),7425.0,3.0865263138796665e-05,Raining,2010-02-10,18:30:00,18.0,2,1,1.0,Raining
94283,108451,108451,3377022,Matched,Intersection,37566.0,1ST AVE NE AND NE 105TH ST,,,2,Injury Collision,Cycles,2,0,1,1,1,0,0,2010-09-13T00:00:00.000Z,9/13/2010 4:50:00 PM,At Intersection (intersection related),18,"MOTOR VEHICLE STRUCK PEDALCYCLIST, FRONT END AT ANGLE",,Y,Clear or Partly Cloudy,Dry,Daylight,,10256006.0,,45.0,Vehicle - Pedalcyclist,0,0,N,POINT (1272290.62661162 260737.144511044),4955.0,0.0,Clear or Partly Cloudy,2010-09-13,16:50:00,16.0,0,1,1.0,Clear or Partly Cloudy
94309,109696,109696,3288181,Matched,Intersection,25663.0,PHINNEY WR AVE N AND N 50TH ST,NEI,"Not Enough Information, or Insufficient Location Information",2,Injury Collision,Cycles,2,0,1,1,1,0,0,2010-06-08T00:00:00.000Z,6/8/2010 1:00:00 PM,At Intersection (intersection related),0,NOT ENOUGH INFORMATION / NOT APPLICABLE,,N,Clear or Partly Cloudy,Dry,Daylight,Y,10159004.0,,45.0,Vehicle - Pedalcyclist,3789,0,N,POINT (1265629.695276797 246283.2769762427),11282.0,0.0,Clear or Partly Cloudy,2010-06-08,13:00:00,13.0,1,1,0.0,Clear or Partly Cloudy
94310,109420,109420,3342576,Matched,Intersection,32788.0,CALIFORNIA AVE SW AND SW DAWSON S ST,,,2b,Serious Injury Collision,Cycles,2,0,1,1,1,1,0,2010-10-01T00:00:00.000Z,10/1/2010 12:54:00 PM,At Intersection (intersection related),18,"MOTOR VEHICLE STRUCK PEDALCYCLIST, FRONT END AT ANGLE",,N,Clear or Partly Cloudy,Dry,Daylight,,10274037.0,,45.0,Vehicle - Pedalcyclist,0,0,N,POINT (1256818.559011772 206575.2846155912),6228.0,0.0,Clear or Partly Cloudy,2010-10-01,12:54:00,12.0,4,1,0.0,Clear or Partly Cloudy
94370,110118,110118,3346086,Matched,Block,,BELL ST BETWEEN 3RD AVE AND 4TH AVE,,,2,Injury Collision,Cycles,3,0,2,1,1,0,0,2010-06-25T00:00:00.000Z,6/25/2010 5:36:00 PM,Mid-Block (not related to intersection),51,PEDALCYCLIST STRUCK MOTOR VEHICLE FRONT END AT ANGLE,,Y,Overcast,Dry,Daylight,,10176027.0,,45.0,Vehicle - Pedalcyclist,14228,0,N,POINT (1267753.327662975 228005.3664295375),11049.0,5.5113649926452016e-09,Overcast,2010-06-25,17:36:00,17.0,4,1,1.0,Clear or Partly Cloudy
94391,108597,108597,3325929,Matched,Intersection,29949.0,4TH AVE AND SPRING ST,,,2,Injury Collision,Cycles,2,0,1,1,1,0,0,2010-03-24T00:00:00.000Z,3/24/2010 8:15:00 AM,At Intersection (intersection related),18,"MOTOR VEHICLE STRUCK PEDALCYCLIST, FRONT END AT ANGLE",,N,Clear or Partly Cloudy,Dry,Daylight,Y,10083015.0,Y,45.0,Vehicle - Pedalcyclist,0,523605,N,POINT (1270358.493233651 224949.8046984076),2955.0,0.0,Clear or Partly Cloudy,2010-03-24,08:15:00,8.0,2,1,1.0,Clear or Partly Cloudy
94399,108594,108594,3332239,Matched,Block,,E MADISON ST BETWEEN 27TH N AVE E AND M L KING JR WAY E,,,2,Injury Collision,Cycles,2,0,1,1,1,0,0,2010-08-24T00:00:00.000Z,8/24/2010 5:07:00 PM,Mid-Block (not related to intersection),56,PEDALCYCLIST STRUCK MOTOR VEHICLE LEFT SIDE SIDESWIPE,,0,Clear or Partly Cloudy,Dry,Daylight,Y,10236014.0,,45.0,Vehicle - Pedalcyclist,34591,0,N,POINT (1279525.531323031 230693.8562242836),21991.0,5.027087299039088e-06,Clear or Partly Cloudy,2010-08-24,17:07:00,17.0,1,1,1.0,Clear or Partly Cloudy
94421,109710,109710,3335249,Matched,Intersection,31234.0,AIRPORT WAY S AND S MASSACHUSETTS ST,,,2,Injury Collision,Cycles,2,0,1,1,1,0,0,2010-04-13T00:00:00.000Z,4/13/2010 10:51:00 AM,At Intersection (intersection related),51,PEDALCYCLIST STRUCK MOTOR VEHICLE FRONT END AT ANGLE,,N,Clear or Partly Cloudy,Wet,Daylight,,10103001.0,,45.0,Vehicle - Pedalcyclist,19466,0,N,POINT (1273229.242420584 218116.7443394065),4546.0,0.0,Clear or Partly Cloudy,2010-04-13,10:51:00,10.0,1,1,0.0,Clear or Partly Cloudy