OBJECTID,INCKEY,COLDETKEY,REPORTNO,STATUS,ADDRTYPE,INTKEY,LOCATION,EXCEPTRSNC,EXCEPTRSND,SEVERITYCO,SEVERITYDE,COLLISIONT,PERSONCOUN,PEDCOUNT,PEDCYLCOUN,VEHCOUNT,INJURIES,SERIOUSINJ,FATALITIES,INCDATE,INCDTTM,JUNCTIONTY,SDOT_COLCO,SDOT_COLDE,INATTENTIO,UNDERINFL,WEATHER,ROADCOND,LIGHTCOND,PEDROWNOTG,SDOTCOLNUM,SPEEDING,ST_COLCODE,ST_COLDESC,SEGLANEKEY,CROSSWALKK,HITPARKEDC,geometry,near_str_index,min_length,weather_group,date,time,hour,dayofweek,weekday,rushhour,weather_group2
94473,110399,110399,3373655,Matched,Intersection,30355.0,2ND AVE AND CHERRY ST,,,2,Injury Collision,Cycles,2,0,1,1,1,0,0,2010-09-02T00:00:00.000Z,9/2/2010 7:14:00 PM,At Intersection (intersection related),18,"MOTOR VEHICLE STRUCK PEDALCYCLIST, FRONT END AT ANGLE",,N,Clear or Partly Cloudy,Dry,Daylight,Y,10245029.0,,45.0,Vehicle - Pedalcyclist,12029,0,N,POINT (1270427.74891372 223568.6895609945),2488.0,0.0,Clear or Partly Cloudy,2010-09-02,19:14:00,19.0,3,1,1.0,Clear or Partly Cloudy
94484,108465,108465,3345650,Matched,Intersection,36173.0,35TH AVE NE AND ERICKSON PL NE,,,1,Property Damage Only Collision,Cycles,2,0,1,1,0,0,0,2010-09-14T00:00:00.000Z,9/14/2010 3:50:00 PM,At Intersection (but not related to intersection),0,NOT ENOUGH INFORMATION / NOT APPLICABLE,,N,Unknown,Unknown,Unknown,Y,10257029.0,,45.0,Vehicle - Pedalcyclist,3066,0,N,POINT (1281705.55346927 268388.5201348811),1372.0,0.0,,2010-09-14,15:50:00,15.0,1,1,1.0,
94547,108467,108467,3335139,Matched,Intersection,28918.0,MERCER ST AND WARREN AVE N,,,1,Property Damage Only Collision,Cycles,2,0,1,1,0,0,0,2010-09-24T00:00:00.000Z,9/24/2010 5:12:00 PM,At Intersection (intersection related),51,PEDALCYCLIST STRUCK MOTOR VEHICLE FRONT END AT ANGLE,,N,Clear or Partly Cloudy,Unknown,Unknown,Y,10267014.0,,45.0,Vehicle - Pedalcyclist,0,622624,N,POINT (1265421.58391659 231531.3898571432),846.0,0.0,Clear or Partly Cloudy,2010-09-24,17:12:00,17.0,4,1,1.0,Clear or Partly Cloudy
94577,109855,109855,3561529,Matched,Intersection,26039.0,20TH AVE NE AND NE 54TH ST,,,2,Injury Collision,Cycles,2,0,1,1,1,0,0,2010-12-28T00:00:00.000Z,12/28/2010 5:19:00 PM,At Intersection (intersection related),18,"MOTOR VEHICLE STRUCK PEDALCYCLIST, FRONT END AT ANGLE",,N,Overcast,Wet,Dark - Street Lights On,Y,10362011.0,,45.0,Vehicle - Pedalcyclist,7944,0,N,POINT (1277463.457080916 247142.1615851223),2515.0,0.0,Overcast,2010-12-28,17:19:00,17.0,1,1,1.0,Clear or Partly Cloudy
94581,109717,109717,3568628,Matched,Intersection,29224.0,28TH AVE E AND E ALOHA ST,,,2b,Serious Injury Collision,Cycles,1,0,1,0,1,1,0,2011-01-03T00:00:00.000Z,1/3/2011 5:30:00 PM,At Intersection (intersection related),69,PEDALCYCLIST OVERTURNED IN ROAD,,N,Clear or Partly Cloudy,Ice,Dark - Street Lights On,,11003027.0,,45.0,Vehicle - Pedalcyclist,0,0,N,POINT (1279658.135867164 232008.9376336336),10160.0,0.0,Clear or Partly Cloudy,2011-01-03,17:30:00,17.0,0,1,1.0,Clear or Partly Cloudy
94649,110544,110544,3376237,Matched,Intersection,36500.0,8TH AVE NE AND NE NORTHGATE WAY,,,2,Injury Collision,Cycles,2,0,1,1,1,0,0,2010-05-01T00:00:00.000Z,5/1/2010 5:30:00 PM,At Intersection (intersection related),18,"MOTOR VEHICLE STRUCK PEDALCYCLIST, FRONT END AT ANGLE",,N,Clear or Partly Cloudy,Dry,Daylight,,10121001.0,,45.0,Vehicle - Pedalcyclist,0,521317,N,POINT (1274282.363189667 262005.0700163543),3259.0,0.0,Clear or Partly Cloudy,2010-05-01,17:30:00,17.0,5,0,1.0,Clear or Partly Cloudy
94705,109725,109725,3333472,Matched,Intersection,24249.0,WINONA AVE N AND N 77TH ST,,,2,Injury Collision,Cycles,2,0,1,1,1,0,0,2010-06-24T00:00:00.000Z,6/24/2010 4:50:00 PM,At Intersection (intersection related),51,PEDALCYCLIST STRUCK MOTOR VEHICLE FRONT END AT ANGLE,,N,Clear or Partly Cloudy,Dry,Daylight,Y,10175013.0,,45.0,Vehicle - Pedalcyclist,27883,0,N,POINT (1269351.102768615 253409.9683115482),1289.0,0.0,Clear or Partly Cloudy,2010-06-24,16:50:00,16.0,3,1,1.0,Clear or Partly Cloudy
94706,109724,109724,3332747,Matched,Intersection,37814.0,45TH AVE NE AND NE 95TH ST,,,2,Injury Collision,Cycles,2,0,1,1,1,0,0,2010-06-21T00:00:00.000Z,6/21/2010 10:02:00 AM,At Intersection (intersection related),51,PEDALCYCLIST STRUCK MOTOR VEHICLE FRONT END AT ANGLE,,N,Clear or Partly Cloudy,Dry,Daylight,,10172019.0,Y,45.0,Vehicle - Pedalcyclist,0,0,N,POINT (1284185.621311799 257730.2051159739),11824.0,0.0,Clear or Partly Cloudy,2010-06-21,10:02:00,10.0,0,1,0.0,Clear or Partly Cloudy
94729,110003,110003,3386908,Matched,Intersection,29068.0,BROADWAY AND E DENNY WAY,,,2,Injury Collision,Cycles,4,0,1,1,1,0,0,2010-10-30T00:00:00.000Z,10/30/2010 5:38:00 PM,At Intersection (intersection related),51,PEDALCYCLIST STRUCK MOTOR VEHICLE FRONT END AT ANGLE,,N,Raining,Wet,Dusk,,10303009.0,,45.0,Vehicle - Pedalcyclist,6813,0,N,POINT (1273576.816436946 229242.8036147952),650.0,0.0,Raining,2010-10-30,17:38:00,17.0,5,0,1.0,Raining
94745,109727,109727,3345333,Matched,Block,,3RD AVE BETWEEN MARION ST AND MADISON ST,,,1,Property Damage Only Collision,Cycles,2,0,1,1,0,0,0,2010-06-25T00:00:00.000Z,6/25/2010 2:30:00 PM,Mid-Block (not related to intersection),0,NOT ENOUGH INFORMATION / NOT APPLICABLE,,N,Unknown,Unknown,Unknown,,10176031.0,Y,45.0,Vehicle - Pedalcyclist,0,0,N,POINT (1270315.351345599 224390.9625858366),5451.0,9.20442943383535e-06,,2010-06-25,14:30:00,14.0,4,1,0.0,
94762,108484,108484,3559062,Matched,Block,,UNIVERSITY WAY NE BETWEEN NE 52ND ST AND NE 55TH ST,,,2,Injury Collision,Cycles,2,0,1,1,1,0,0,2010-10-01T00:00:00.000Z,10/1/2010 3:00:00 PM,Mid-Block (not related to intersection),18,"MOTOR VEHICLE STRUCK PEDALCYCLIST, FRONT END AT ANGLE",,N,Clear or Partly Cloudy,Dry,Daylight,Y,10274012.0,,45.0,Vehicle - Pedalcyclist,5599,0,N,POINT (1275847.037559271 246984.8828009665),23173.0,1.2508808248239295e-05,Clear or Partly Cloudy,2010-10-01,15:00:00,15.0,4,1,1.0,Clear or Partly Cloudy
94765,108622,108622,3374153,Matched,Block,,S SNOQUALMIE ST BETWEEN 15TH AVE S AND 16TH AVE S,,,2,Injury Collision,Cycles,2,0,1,1,1,0,0,2010-09-16T00:00:00.000Z,9/16/2010 3:00:00 PM,Mid-Block (not related to intersection),55,PEDALCYCLIST STRUCK MOTOR VEHICLE RIGHT SIDE SIDESWIPE,,N,Unknown,Unknown,Daylight,Y,10259052.0,,45.0,Vehicle - Pedalcyclist,0,0,N,POINT (1275080.107702479 208403.1117534637),4595.0,1.586549545185409e-05,,2010-09-16,15:00:00,15.0,3,1,1.0,
94769,110414,110414,3327942,Matched,Intersection,25131.0,24TH AVE NW AND NW 59TH ST,,,2,Injury Collision,Cycles,2,0,1,1,1,0,0,2010-03-13T00:00:00.000Z,3/13/2010 3:10:00 PM,At Intersection (intersection related),18,"MOTOR VEHICLE STRUCK PEDALCYCLIST, FRONT END AT ANGLE",,N,Clear or Partly Cloudy,Dry,Daylight,Y,10072004.0,,45.0,Vehicle - Pedalcyclist,2112,0,N,POINT (1257511.66698049 248862.274482891),5333.0,0.0,Clear or Partly Cloudy,2010-03-13,15:10:00,15.0,5,0,1.0,Clear or Partly Cloudy
94809,109043,109043,3328913,Matched,Intersection,28027.0,DEXTER AVE N AND HAYES ST,,,2,Injury Collision,Cycles,3,0,1,1,1,0,0,2010-02-09T00:00:00.000Z,2/9/2010 4:19:00 PM,At Intersection (intersection related),51,PEDALCYCLIST STRUCK MOTOR VEHICLE FRONT END AT ANGLE,Y,N,Clear or Partly Cloudy,Dry,Daylight,,10040023.0,,45.0,Vehicle - Pedalcyclist,12980,0,N,POINT (1268401.703215644 234899.7362285852),6300.0,0.0,Clear or Partly Cloudy,2010-02-09,16:19:00,16.0,1,1,1.0,Clear or Partly Cloudy
94845,109733,109733,3375130,Matched,Intersection,26662.0,3RD AVE NW AND LEARY WAY NW,NEI,"Not Enough Information, or Insufficient Location Information",2,Injury Collision,Cycles,2,0,1,1,1,0,0,2010-06-11T00:00:00.000Z,6/11/2010 7:50:00 AM,At Intersection (intersection related),0,NOT ENOUGH INFORMATION / NOT APPLICABLE,,N,Raining,Wet,Daylight,Y,10162017.0,,45.0,Vehicle - Pedalcyclist,17416,0,N,POINT (1263981.419819117 242637.3067965209),3623.0,0.0,Raining,2010-06-11,07:50:00,7.0,4,1,1.0,Raining
94869,110147,110147,3199015,Matched,Block,,E MADISON ST BETWEEN 16TH AVE AND E PINE ST,,,1,Property Damage Only Collision,Cycles,2,0,1,1,0,0,0,2010-10-28T00:00:00.000Z,10/28/2010 11:38:00 AM,Mid-Block (not related to intersection),18,"MOTOR VEHICLE STRUCK PEDALCYCLIST, FRONT END AT ANGLE",,N,Raining,Wet,Daylight,,10301023.0,,45.0,Vehicle - Pedalcyclist,22973,0,N,POINT (1275904.130615324 227872.1948453933),21837.0,6.416246102294767e-09,Raining,2010-10-28,11:38:00,11.0,3,1,0.0,Raining
94870,109594,109594,3559126,Matched,Intersection,37389.0,FREMONT AVE N AND N 103RD ST,,,2,Injury Collision,Cycles,2,0,1,1,1,0,0,2010-08-30T00:00:00.000Z,8/30/2010 7:14:00 AM,At Intersection (intersection related),51,PEDALCYCLIST STRUCK MOTOR VEHICLE FRONT END AT ANGLE,,N,Clear or Partly Cloudy,Dry,Daylight,Y,10242030.0,,45.0,Vehicle - Pedalcyclist,0,0,N,POINT (1266986.057262197 260338.3989106417),3971.0,0.0,Clear or Partly Cloudy,2010-08-30,07:14:00,7.0,0,1,1.0,Clear or Partly Cloudy
94916,108634,108634,2802350,Matched,Intersection,24229.0,GREEN LAKE DR N AND N 80TH ST,,,2,Injury Collision,Cycles,3,0,1,1,1,0,0,2010-09-05T00:00:00.000Z,9/5/2010 6:26:00 PM,At Intersection (intersection related),18,"MOTOR VEHICLE STRUCK PEDALCYCLIST, FRONT END AT ANGLE",Y,N,Clear or Partly Cloudy,Dry,Daylight,,10248004.0,,45.0,Vehicle - Pedalcyclist,10150,0,N,POINT (1269230.605360493 254205.4545203596),747.0,0.0,Clear or Partly Cloudy,2010-09-05,18:26:00,18.0,6,0,1.0,Clear or Partly Cloudy
94948,109052,109052,3335354,Matched,Intersection,29088.0,ALOHA ST AND FAIRVIEW AVE N,,,1,Property Damage Only Collision,Cycles,2,0,1,1,0,0,0,2010-03-14T00:00:00.000Z,3/14/2010 11:31:00 AM,At Intersection (intersection related),18,"MOTOR VEHICLE STRUCK PEDALCYCLIST, FRONT END AT ANGLE",,N,Clear or Partly Cloudy,Dry,Daylight,Y,10073001.0,,45.0,Vehicle - Pedalcyclist,0,0,N,POINT (1270691.802929983 232393.2512340248),3326.0,0.0,Clear or Partly Cloudy,2010-03-14,11:31:00,11.0,6,0,0.0,Clear or Partly Cloudy
94958,109197,109197,3560154,Matched,Intersection,29560.0,1ST AVE AND LENORA ST,,,2,Injury Collision,Cycles,2,0,1,1,1,0,0,2010-10-06T00:00:00.000Z,10/6/2010 12:47:00 PM,At Intersection (intersection related),18,"MOTOR VEHICLE STRUCK PEDALCYCLIST, FRONT END AT ANGLE",,N,Clear or Partly Cloudy,Dry,Daylight,Y,10279025.0,,45.0,Vehicle - Pedalcyclist,0,523313,N,POINT (1267841.84708707 226836.3503643423),2268.0,0.0,Clear or Partly Cloudy,2010-10-06,12:47:00,12.0,2,1,0.0,Clear or Partly Cloudy
94996,109883,109883,3329419,Matched,Intersection,30801.0,22ND AVE S AND S NORMAN ST,,,2,Injury Collision,Cycles,2,0,1,1,1,0,0,2010-04-13T00:00:00.000Z,4/13/2010 4:00:00 PM,At Intersection (but not related to intersection),18,"MOTOR VEHICLE STRUCK PEDALCYCLIST, FRONT END AT ANGLE",,N,Clear or Partly Cloudy,Dry,Daylight,,10103005.0,,45.0,Vehicle - Pedalcyclist,0,0,N,POINT (1277733.072185189 219793.7340371162),2570.0,0.0,Clear or Partly Cloudy,2010-04-13,16:00:00,16.0,1,1,1.0,Clear or Partly Cloudy
95142,110032,110032,3376663,Matched,Block,,NE 45TH ST BETWEEN 1ST AVE NE AND 2ND AVE NE,,,2,Injury Collision,Cycles,2,0,1,1,1,0,0,2010-02-15T00:00:00.000Z,2/15/2010 8:31:00 PM,Driveway Junction,51,PEDALCYCLIST STRUCK MOTOR VEHICLE FRONT END AT ANGLE,,N,Clear or Partly Cloudy,Wet,Dark - Street Lights On,Y,10046010.0,,45.0,Vehicle - Pedalcyclist,6532,0,N,POINT (1272176.522995502 244818.3334227502),18208.0,3.0169654243669977e-05,Clear or Partly Cloudy,2010-02-15,20:31:00,20.0,0,1,0.0,Clear or Partly Cloudy
95178,110172,110172,3346230,Matched,Block,,2ND AVE BETWEEN PINE ST AND STEWART ST,,,2,Injury Collision,Cycles,2,0,1,1,1,0,0,2010-05-13T00:00:00.000Z,5/13/2010 7:53:00 AM,Driveway Junction,18,"MOTOR VEHICLE STRUCK PEDALCYCLIST, FRONT END AT ANGLE",,N,Clear or Partly Cloudy,Dry,Daylight,Y,10133004.0,,45.0,Vehicle - Pedalcyclist,12179,0,N,POINT (1268766.583536014 226374.9470998645),10130.0,2.7192938257903273e-05,Clear or Partly Cloudy,2010-05-13,07:53:00,7.0,3,1,1.0,Clear or Partly Cloudy
95250,109619,109619,3283672,Matched,Block,,UNIVERSITY WAY NE BETWEEN NE 42ND ST AND NE 43RD ST,,,1,Property Damage Only Collision,Cycles,2,0,1,1,0,0,0,2010-04-29T00:00:00.000Z,4/29/2010 7:40:00 PM,Driveway Junction,18,"MOTOR VEHICLE STRUCK PEDALCYCLIST, FRONT END AT ANGLE",,N,Clear or Partly Cloudy,Dry,Dusk,Y,10119016.0,,45.0,Vehicle - Pedalcyclist,5663,0,N,POINT (1275750.037175164 243908.8157258183),998.0,5.74251594587681e-06,Clear or Partly Cloudy,2010-04-29,19:40:00,19.0,3,1,1.0,Clear or Partly Cloudy
95307,110587,110587,3328756,Matched,Intersection,28660.0,QUEEN ANNE AVE N AND THOMAS ST,,,2,Injury Collision,Cycles,3,0,1,1,1,0,0,2010-04-10T00:00:00.000Z,4/10/2010 5:51:00 PM,At Intersection (intersection related),69,PEDALCYCLIST OVERTURNED IN ROAD,,N,Clear or Partly Cloudy,Dry,Daylight,,10100001.0,,45.0,Vehicle - Pedalcyclist,12319,0,N,POINT (1264744.440619901 230218.779807806),3714.0,0.0,Clear or Partly Cloudy,2010-04-10,17:51:00,17.0,5,0,1.0,Clear or Partly Cloudy
95359,109629,109629,3333440,Matched,Intersection,24458.0,6TH AVE NE AND NE 70TH N ST,,,2b,Serious Injury Collision,Cycles,2,0,1,1,1,1,0,2010-05-04T00:00:00.000Z,5/4/2010 8:00:00 AM,At Intersection (intersection related),18,"MOTOR VEHICLE STRUCK PEDALCYCLIST, FRONT END AT ANGLE",,N,Clear or Partly Cloudy,Dry,Daylight,Y,10124002.0,,45.0,Vehicle - Pedalcyclist,7443,0,N,POINT (1273787.785013154 251665.3464857638),3204.0,0.0,Clear or Partly Cloudy,2010-05-04,08:00:00,8.0,1,1,1.0,Clear or Partly Cloudy
95419,109634,109634,3376915,Matched,Block,,ROOSEVELT WAY NE BETWEEN NE 105TH ST AND NE 108TH ST,,,2,Injury Collision,Cycles,2,0,1,1,1,0,0,2010-12-30T00:00:00.000Z,12/30/2010 2:52:00 PM,Mid-Block (not related to intersection),21,"MOTOR VEHICLE STRUCK PEDALCYCLIST, REAR END",,N,Clear or Partly Cloudy,Dry,Daylight,Y,10364024.0,,45.0,Vehicle - Pedalcyclist,7826,0,N,POINT (1274941.174198344 261155.6542714834),10381.0,3.2994520517133e-06,Clear or Partly Cloudy,2010-12-30,14:52:00,14.0,3,1,0.0,Clear or Partly Cloudy
95482,108669,108669,3325940,Matched,Block,,3RD AVE W BETWEEN W HARRISON ST AND W REPUBLICAN ST,,,2,Injury Collision,Cycles,3,0,1,1,1,0,0,2010-09-17T00:00:00.000Z,9/17/2010 9:15:00 AM,Mid-Block (not related to intersection),18,"MOTOR VEHICLE STRUCK PEDALCYCLIST, FRONT END AT ANGLE",,N,Overcast,Dry,Daylight,Y,10260015.0,,45.0,Vehicle - Pedalcyclist,35340,0,N,POINT (1263794.607658923 230881.6959044784),13059.0,0.0,Overcast,2010-09-17,09:15:00,9.0,4,1,1.0,Clear or Partly Cloudy
95549,109778,109778,3386718,Matched,Intersection,30579.0,M L KING JR WAY AND E YESLER WAY,,,1,Property Damage Only Collision,Cycles,2,0,1,1,0,0,0,2010-11-10T00:00:00.000Z,11/10/2010 4:31:00 PM,At Intersection (intersection related),18,"MOTOR VEHICLE STRUCK PEDALCYCLIST, FRONT END AT ANGLE",,N,Clear or Partly Cloudy,Dry,Dusk,Y,10314042.0,,45.0,Vehicle - Pedalcyclist,0,523687,N,POINT (1279397.645882905 222898.6169843078),1184.0,0.0,Clear or Partly Cloudy,2010-11-10,16:31:00,16.0,2,1,1.0,Clear or Partly Cloudy
95647,109370,109370,3325959,Matched,Intersection,29603.0,2ND AVE AND UNIVERSITY ST,,,1,Property Damage Only Collision,Cycles,3,0,1,2,0,0,0,2010-01-21T00:00:00.000Z,1/21/2010 8:30:00 AM,At Intersection (intersection related),11,"MOTOR VEHICLE STRUCK MOTOR VEHICLE, FRONT END AT ANGLE",,N,Clear or Partly Cloudy,Dry,Daylight,,10021017.0,,45.0,Vehicle - Pedalcyclist,12162,0,N,POINT (1269492.709168762 225148.3088906109),2490.0,0.0,Clear or Partly Cloudy,2010-01-21,08:30:00,8.0,3,1,1.0,Clear or Partly Cloudy
95697,110616,110616,3335789,Matched,Block,,EAST MARGINAL WAY S BETWEEN S FRONT ST AND S MICHIGAN ST,,,2,Injury Collision,Cycles,2,0,1,1,1,0,0,2010-06-15T00:00:00.000Z,6/15/2010 2:45:00 PM,,0,NOT ENOUGH INFORMATION / NOT APPLICABLE,,N,Clear or Partly Cloudy,Dry,Daylight,,10166020.0,,45.0,Vehicle - Pedalcyclist,0,0,N,POINT (1270267.528625548 202545.9545634687),8994.0,2.815185557264195e-05,Clear or Partly Cloudy,2010-06-15,14:45:00,14.0,1,1,0.0,Clear or Partly Cloudy
95702,108547,108547,3331610,Matched,Intersection,32933.0,DELRIDGE WAY SW AND SW HUDSON ST,,,2b,Serious Injury Collision,Cycles,2,0,1,1,1,1,0,2010-06-19T00:00:00.000Z,6/19/2010 1:30:00 PM,At Intersection (intersection related),51,PEDALCYCLIST STRUCK MOTOR VEHICLE FRONT END AT ANGLE,,N,Overcast,Dry,Daylight,,10170015.0,Y,45.0,Vehicle - Pedalcyclist,0,0,N,POINT (1262760.445737869 207100.5510481298),3474.0,0.0,Overcast,2010-06-19,13:30:00,13.0,5,0,0.0,Clear or Partly Cloudy
95708,110610,110610,3332199,Matched,Intersection,29068.0,BROADWAY AND E DENNY WAY,,,2,Injury Collision,Cycles,2,0,1,1,1,0,0,2010-08-06T00:00:00.000Z,8/6/2010 12:00:00 PM,At Intersection (intersection related),51,PEDALCYCLIST STRUCK MOTOR VEHICLE FRONT END AT ANGLE,,N,Overcast,Dry,Daylight,Y,10218028.0,,45.0,Vehicle - Pedalcyclist,0,523773,N,POINT (1273576.816436946 229242.8036147952),650.0,0.0,Overcast,2010-08-06,12:00:00,12.0,4,1,0.0,Clear or Partly Cloudy
95718,110617,110617,3332086,Matched,Intersection,29737.0,NAGLE PL AND E PINE ST,NEI,"Not Enough Information, or Insufficient Location Information",2,Injury Collision,Cycles,2,0,1,1,1,0,0,2010-06-17T00:00:00.000Z,6/17/2010 10:21:00 PM,At Intersection (intersection related),0,NOT ENOUGH INFORMATION / NOT APPLICABLE,,N,Clear or Partly Cloudy,Dry,Dark - Street Lights On,Y,10168020.0,,45.0,Vehicle - Pedalcyclist,10408,0,N,POINT (1273758.874165133 227962.8476454914),3934.0,0.0,Clear or Partly Cloudy,2010-06-17,22:21:00,22.0,3,1,0.0,Clear or Partly Cloudy
95867,108689,108689,3559005,Matched,Block,,UNIVERSITY WAY NE BETWEEN NE 45TH ST AND NE 47TH ST,,,2,Injury Collision,Cycles,3,0,1,1,1,0,0,2010-09-29T00:00:00.000Z,9/29/2010 3:46:00 PM,Mid-Block (not related to intersection),18,"MOTOR VEHICLE STRUCK PEDALCYCLIST, FRONT END AT ANGLE",,N,Clear or Partly Cloudy,Dry,Daylight,,10272029.0,,45.0,Vehicle - Pedalcyclist,5645,0,N,POINT (1275789.728567213 245048.8713429868),13344.0,7.227023133070065e-09,Clear or Partly Cloudy,2010-09-29,15:46:00,15.0,2,1,1.0,Clear or Partly Cloudy
95913,112124,112124,3346232,Matched,Intersection,29577.0,5TH AVE AND PINE ST,,,2,Injury Collision,Cycles,2,0,1,1,1,0,0,2010-05-15T00:00:00.000Z,5/15/2010 2:08:00 AM,At Intersection (intersection related),18,"MOTOR VEHICLE STRUCK PEDALCYCLIST, FRONT END AT ANGLE",,N,Clear or Partly Cloudy,Dry,Dark - Street Lights On,,10135006.0,,45.0,Vehicle - Pedalcyclist,21833,0,N,POINT (1269672.542256936 226740.2000922412),482.0,0.0,Clear or Partly Cloudy,2010-05-15,02:08:00,2.0,5,0,0.0,Clear or Partly Cloudy
95939,111585,111585,3373659,Matched,Block,,2ND AV ET S BETWEEN S WASHINGTON ST AND YESLER WAY,,,1,Property Damage Only Collision,Cycles,2,0,1,1,0,0,0,2010-09-22T00:00:00.000Z,9/22/2010 5:10:00 PM,Mid-Block (not related to intersection),18,"MOTOR VEHICLE STRUCK PEDALCYCLIST, FRONT END AT ANGLE",,N,Clear or Partly Cloudy,Dry,Daylight,,10265018.0,,45.0,Vehicle - Pedalcyclist,0,0,N,POINT (1270803.784434095 222933.1321843415),18654.0,7.750254536698331e-07,Clear or Partly Cloudy,2010-09-22,17:10:00,17.0,2,1,1.0,Clear or Partly Cloudy
95945,111582,111582,3332176,Matched,Intersection,28437.0,BOYER AVE E AND E LYNN ST,,,2,Injury Collision,Cycles,2,0,1,1,1,0,0,2010-06-08T00:00:00.000Z,6/8/2010 8:23:00 AM,At Intersection (intersection related),0,NOT ENOUGH INFORMATION / NOT APPLICABLE,,N,Clear or Partly Cloudy,Dry,Daylight,,10159019.0,,45.0,Vehicle - Pedalcyclist,35868,0,N,POINT (1276208.922423631 236788.7410305291),3905.0,0.0,Clear or Partly Cloudy,2010-06-08,08:23:00,8.0,1,1,1.0,Clear or Partly Cloudy
95995,111042,111042,3377245,Matched,Block,,N 115TH ST BETWEEN STONE AVE N AND MERIDIAN AVE N,,,2,Injury Collision,Cycles,3,0,1,1,1,0,0,2010-07-24T00:00:00.000Z,7/24/2010 4:05:00 PM,Mid-Block (not related to intersection),54,PEDALCYCLIST STRUCK MOTOR VEHICLE REAR END,Y,N,Clear or Partly Cloudy,Dry,Daylight,,10205028.0,,45.0,Vehicle - Pedalcyclist,32878,0,N,POINT (1269993.564209267 263447.243457824),6981.0,1.1611468617676787e-05,Clear or Partly Cloudy,2010-07-24,16:05:00,16.0,5,0,1.0,Clear or Partly Cloudy
97003,112334,112334,3560301,Matched,Intersection,30365.0,1ST AVE S AND S JACKSON ST,,,2,Injury Collision,Cycles,2,0,1,1,1,0,0,2010-10-22T00:00:00.000Z,10/22/2010 7:53:00 AM,At Intersection (intersection related),51,PEDALCYCLIST STRUCK MOTOR VEHICLE FRONT END AT ANGLE,,N,Overcast,Wet,Daylight,,10295033.0,,45.0,Vehicle - Pedalcyclist,0,521022,N,POINT (1270150.066225424 222182.4193515629),1802.0,0.0,Overcast,2010-10-22,07:53:00,7.0,4,1,1.0,Clear or Partly Cloudy
97018,112055,112055,3331964,Matched,Intersection,30427.0,12TH AVE S AND S JACKSON ST,,,2,Injury Collision,Cycles,2,0,1,1,1,0,0,2010-05-27T00:00:00.000Z,5/27/2010 9:48:00 PM,At Intersection (intersection related),51,PEDALCYCLIST STRUCK MOTOR VEHICLE FRONT END AT ANGLE,,N,Overcast,Dry,Dark - Street Lights On,Y,10147027.0,,45.0,Vehicle - Pedalcyclist,34790,0,N,POINT (1274334.809653714 222095.5050474852),12155.0,0.0,Overcast,2010-05-27,21:48:00,21.0,3,1,0.0,Clear or Partly Cloudy
97062,110833,110833,3332085,Matched,Intersection,30213.0,19TH AVE AND E SPRUCE ST,,,2,Injury Collision,Cycles,2,0,1,1,1,0,0,2010-06-13T00:00:00.000Z,6/13/2010 5:35:00 PM,At Intersection (intersection related),51,PEDALCYCLIST STRUCK MOTOR VEHICLE FRONT END AT ANGLE,,N,Clear or Partly Cloudy,Dry,Daylight,Y,10164004.0,,45.0,Vehicle - Pedalcyclist,8651,0,N,POINT (1276724.10476017 223627.6115450561),2475.0,0.0,Clear or Partly Cloudy,2010-06-13,17:35:00,17.0,6,0,1.0,Clear or Partly Cloudy
97067,112468,112468,3376902,Matched,Intersection,36527.0,ROOSEVELT WAY NE AND NE 105TH ST,,,1,Property Damage Only Collision,Cycles,2,0,1,1,0,0,0,2010-11-20T00:00:00.000Z,11/20/2010 7:51:00 AM,At Intersection (intersection related),18,"MOTOR VEHICLE STRUCK PEDALCYCLIST, FRONT END AT ANGLE",,N,Overcast,Wet,Daylight,Y,10324007.0,,45.0,Vehicle - Pedalcyclist,7818,0,N,POINT (1274936.421430334 260658.1196149737),1330.0,0.0,Overcast,2010-11-20,07:51:00,7.0,5,0,1.0,Clear or Partly Cloudy
97114,111799,111799,3346387,Matched,Block,,S JACKSON ST BETWEEN 7TH AVE S AND 8TH AVE S,,,2,Injury Collision,Cycles,1,0,1,0,1,0,0,2010-11-09T00:00:00.000Z,11/9/2010 5:39:00 PM,Mid-Block (not related to intersection),69,PEDALCYCLIST OVERTURNED IN ROAD,,N,Raining,Wet,Dark - Street Lights On,,10313021.0,,45.0,Vehicle - Pedalcyclist,24453,0,N,POINT (1272885.209396228 222122.8979435116),15016.0,3.015195311668457e-05,Raining,2010-11-09,17:39:00,17.0,1,1,1.0,Raining