OBJECTID,INCKEY,COLDETKEY,REPORTNO,STATUS,ADDRTYPE,INTKEY,LOCATION,EXCEPTRSNC,EXCEPTRSND,SEVERITYCO,SEVERITYDE,COLLISIONT,PERSONCOUN,PEDCOUNT,PEDCYLCOUN,VEHCOUNT,INJURIES,SERIOUSINJ,FATALITIES,INCDATE,INCDTTM,JUNCTIONTY,SDOT_COLCO,SDOT_COLDE,INATTENTIO,UNDERINFL,WEATHER,ROADCOND,LIGHTCOND,PEDROWNOTG,SDOTCOLNUM,SPEEDING,ST_COLCODE,ST_COLDESC,SEGLANEKEY,CROSSWALKK,HITPARKEDC,geometry,near_str_index,min_length,weather_group,date,time,hour,dayofweek,weekday,rushhour,weather_group2
96629,110671,110671,3346116,Matched,Intersection,29924.0,MADISON ST AND TERRY AVE,,,2,Injury Collision,Cycles,2,0,1,1,1,0,0,2010-10-23T00:00:00.000Z,10/23/2010 9:02:00 PM,At Intersection (intersection related),51,PEDALCYCLIST STRUCK MOTOR VEHICLE FRONT END AT ANGLE,,N,Raining,Wet,Dark - Street Lights On,Y,10296034.0,,45.0,Vehicle - Pedalcyclist,22742,0,N,POINT (1272176.66693151 225670.4126991481),6506.0,0.0,Raining,2010-10-23,21:02:00,21.0,5,0,0.0,Raining
96701,112042,112042,3375113,Matched,Intersection,36480.0,ROOSEVELT WAY NE AND NE 115TH ST,,,1,Property Damage Only Collision,Cycles,2,0,1,1,0,0,0,2010-12-31T00:00:00.000Z,12/31/2010 3:18:00 PM,At Intersection (intersection related),18,"MOTOR VEHICLE STRUCK PEDALCYCLIST, FRONT END AT ANGLE",,N,Clear or Partly Cloudy,Dry,Daylight,Y,10365027.0,,45.0,Vehicle - Pedalcyclist,33858,0,N,POINT (1274960.802614361 263313.412545681),7167.0,0.0,Clear or Partly Cloudy,2010-12-31,15:18:00,15.0,4,1,1.0,Clear or Partly Cloudy
96824,110817,110817,3333636,Matched,Block,,1ST AVE NE BETWEEN NE 43RD ST AND NE 44TH ST,,,2,Injury Collision,Cycles,3,0,1,1,1,0,0,2010-05-10T00:00:00.000Z,5/10/2010 6:08:00 PM,Mid-Block (but intersection related),51,PEDALCYCLIST STRUCK MOTOR VEHICLE FRONT END AT ANGLE,,N,Clear or Partly Cloudy,Dry,Daylight,,10130005.0,,45.0,Vehicle - Pedalcyclist,0,0,N,POINT (1272033.892915353 244196.3879501075),19396.0,1.5301651693689286e-05,Clear or Partly Cloudy,2010-05-10,18:08:00,18.0,0,1,1.0,Clear or Partly Cloudy
96834,110813,110813,3207750,Matched,Intersection,29862.0,BELLEVUE AVE AND E PINE ST,,,2,Injury Collision,Cycles,2,0,1,1,1,0,0,2010-04-20T00:00:00.000Z,4/20/2010 1:43:00 PM,At Intersection (intersection related),51,PEDALCYCLIST STRUCK MOTOR VEHICLE FRONT END AT ANGLE,,N,Clear or Partly Cloudy,Dry,Daylight,Y,10110017.0,Y,45.0,Vehicle - Pedalcyclist,10342,0,N,POINT (1272084.808499411 227986.9833255112),633.0,0.0,Clear or Partly Cloudy,2010-04-20,13:43:00,13.0,1,1,0.0,Clear or Partly Cloudy
96850,112325,112325,3346257,Matched,Block,,1ST AVE BETWEEN SPRING ST AND SENECA ST,,,2,Injury Collision,Cycles,3,0,1,1,1,0,0,2010-05-20T00:00:00.000Z,5/20/2010 4:41:00 PM,Mid-Block (but intersection related),55,PEDALCYCLIST STRUCK MOTOR VEHICLE RIGHT SIDE SIDESWIPE,,N,Overcast,Dry,Daylight,,10140021.0,,45.0,Vehicle - Pedalcyclist,36752,0,N,POINT (1269449.773296714 224589.0553860366),8365.0,3.7123569208211534e-05,Overcast,2010-05-20,16:41:00,16.0,3,1,1.0,Clear or Partly Cloudy
96867,111778,111778,3329355,Matched,Intersection,30430.0,12TH AVE S AND S KING ST,,,2,Injury Collision,Cycles,2,0,1,1,1,0,0,2010-02-08T00:00:00.000Z,2/8/2010 3:46:00 PM,At Intersection (intersection related),18,"MOTOR VEHICLE STRUCK PEDALCYCLIST, FRONT END AT ANGLE",,N,Clear or Partly Cloudy,Dry,Daylight,,10039005.0,,45.0,Vehicle - Pedalcyclist,0,521161,N,POINT (1274327.555381715 221785.0008551627),9996.0,0.0,Clear or Partly Cloudy,2010-02-08,15:46:00,15.0,0,1,1.0,Clear or Partly Cloudy
96878,111919,111919,3387181,Matched,Block,,17TH AVE BETWEEN E PINE ST AND E MADISON ST,,,2,Injury Collision,Cycles,2,0,1,1,1,0,0,2010-11-19T00:00:00.000Z,11/19/2010 5:30:00 PM,Mid-Block (but intersection related),51,PEDALCYCLIST STRUCK MOTOR VEHICLE FRONT END AT ANGLE,,N,Unknown,Wet,Dark - Street Lights On,,10323034.0,,45.0,Vehicle - Pedalcyclist,0,0,N,POINT (1276192.628919616 227985.2650535107),5143.0,2.483722246809165e-05,,2010-11-19,17:30:00,17.0,4,1,1.0,
96897,110967,110967,3328123,Matched,Block,,N 45TH ST BETWEEN DENSMORE E AVE N AND WALLINGFORD AVE N,,,2,Injury Collision,Cycles,3,0,1,1,1,0,0,2010-03-22T00:00:00.000Z,3/22/2010 9:00:00 PM,Mid-Block (not related to intersection),18,"MOTOR VEHICLE STRUCK PEDALCYCLIST, FRONT END AT ANGLE",,N,Clear or Partly Cloudy,Dry,Dark - Street Lights On,,10081008.0,,45.0,Vehicle - Pedalcyclist,6483,0,N,POINT (1269940.288113222 244872.5156308115),4027.0,3.1361106253605564e-05,Clear or Partly Cloudy,2010-03-22,21:00:00,21.0,0,1,0.0,Clear or Partly Cloudy
96949,111242,111242,3376154,Matched,Block,,N 143RD ST BETWEEN EVANSTON AVE N AND LINDEN AVE N,,,2,Injury Collision,Cycles,2,0,1,1,1,0,0,2010-02-01T00:00:00.000Z,2/1/2010 11:04:00 PM,Mid-Block (not related to intersection),18,"MOTOR VEHICLE STRUCK PEDALCYCLIST, FRONT END AT ANGLE",,N,Overcast,Wet,Dark - Street Lights On,,10032016.0,,45.0,Vehicle - Pedalcyclist,0,0,N,POINT (1267264.003502473 270802.1074013561),20026.0,1.0871436286606506e-05,Overcast,2010-02-01,23:04:00,23.0,0,1,0.0,Clear or Partly Cloudy
98015,111163,111163,3326341,Matched,Block,,BALLARD BR BETWEEN 15TH AVE W AND POINT A,,,2b,Serious Injury Collision,Cycles,9,0,1,1,1,1,0,2010-06-05T00:00:00.000Z,6/5/2010 5:38:00 PM,Mid-Block (not related to intersection),23,"MOTOR VEHICLE STRUCK PEDALCYCLIST, LEFT SIDE SIDESWIPE",,N,Clear or Partly Cloudy,Dry,Daylight,,10156033.0,,45.0,Vehicle - Pedalcyclist,0,0,N,POINT (1260203.912359253 243460.9929413646),10281.0,2.135541820824496e-05,Clear or Partly Cloudy,2010-06-05,17:38:00,17.0,5,0,1.0,Clear or Partly Cloudy
98033,113877,113877,3376374,Matched,Intersection,26926.0,FREMONT AVE N AND N ALLEN PL,,,2,Injury Collision,Cycles,2,0,1,1,1,0,0,2010-05-06T00:00:00.000Z,5/6/2010 1:25:00 PM,At Intersection (intersection related),51,PEDALCYCLIST STRUCK MOTOR VEHICLE FRONT END AT ANGLE,,N,Clear or Partly Cloudy,Dry,Daylight,,10126002.0,,45.0,Vehicle - Pedalcyclist,8449,0,N,POINT (1266684.288813889 244709.0868946314),12060.0,0.0,Clear or Partly Cloudy,2010-05-06,13:25:00,13.0,3,1,0.0,Clear or Partly Cloudy
98039,113735,113735,3326247,Matched,Intersection,31363.0,3RD AVE S AND S STACY ST,,,1,Property Damage Only Collision,Cycles,2,0,1,1,0,0,0,2010-04-22T00:00:00.000Z,4/22/2010 11:24:00 AM,At Intersection (intersection related),18,"MOTOR VEHICLE STRUCK PEDALCYCLIST, FRONT END AT ANGLE",,N,Clear or Partly Cloudy,Dry,Daylight,,10112016.0,,45.0,Vehicle - Pedalcyclist,0,0,N,POINT (1271063.21003437 215848.7266730815),7877.0,0.0,Clear or Partly Cloudy,2010-04-22,11:24:00,11.0,3,1,0.0,Clear or Partly Cloudy
98067,114291,114291,3374999,Matched,Intersection,24250.0,STONE AVE N AND N 77TH ST,,,2,Injury Collision,Cycles,2,0,1,1,1,0,0,2010-09-14T00:00:00.000Z,9/14/2010 4:15:00 PM,At Intersection (intersection related),51,PEDALCYCLIST STRUCK MOTOR VEHICLE FRONT END AT ANGLE,,N,Clear or Partly Cloudy,Dry,Daylight,,10257001.0,,45.0,Vehicle - Pedalcyclist,0,0,N,POINT (1268885.753136143 253420.9632555544),967.0,0.0,Clear or Partly Cloudy,2010-09-14,16:15:00,16.0,1,1,1.0,Clear or Partly Cloudy
98144,113193,113193,3332611,Matched,Block,,EASTLAKE AVE E BETWEEN HARVARD AVE E AND FUHRMAN AVE E,,,2,Injury Collision,Cycles,5,0,1,1,1,0,0,2010-08-19T00:00:00.000Z,8/19/2010 9:30:00 AM,Mid-Block (not related to intersection),51,PEDALCYCLIST STRUCK MOTOR VEHICLE FRONT END AT ANGLE,,N,Overcast,Dry,Daylight,,10231008.0,,45.0,Vehicle - Pedalcyclist,6078,0,N,POINT (1273599.974708959 241029.8313388675),6317.0,1.4142158170737939e-05,Overcast,2010-08-19,09:30:00,9.0,3,1,1.0,Clear or Partly Cloudy
98170,113881,113881,3328124,Matched,Intersection,25464.0,LEARY WAY NW AND NW 46TH ST,,,2,Injury Collision,Cycles,2,0,1,1,1,0,0,2010-03-24T00:00:00.000Z,3/24/2010 3:22:00 PM,At Intersection (intersection related),21,"MOTOR VEHICLE STRUCK PEDALCYCLIST, REAR END",,N,Clear or Partly Cloudy,Dry,Daylight,Y,10083008.0,,45.0,Vehicle - Pedalcyclist,0,0,N,POINT (1262301.018409386 245318.484655261),804.0,0.0,Clear or Partly Cloudy,2010-03-24,15:22:00,15.0,2,1,1.0,Clear or Partly Cloudy
98171,114026,114026,3331404,Matched,Block,,CALIFORNIA AVE SW BETWEEN SW MASSACHUSETTS ST AND SW HOLGATE ST,,,2,Injury Collision,Cycles,2,0,1,1,1,0,0,2010-09-25T00:00:00.000Z,9/25/2010 10:00:00 AM,Mid-Block (not related to intersection),51,PEDALCYCLIST STRUCK MOTOR VEHICLE FRONT END AT ANGLE,,N,Clear or Partly Cloudy,Dry,Daylight,Y,10268022.0,,45.0,Vehicle - Pedalcyclist,32627,0,N,POINT (1257209.131236181 218135.4321474284),8758.0,2.8870757295320873e-05,Clear or Partly Cloudy,2010-09-25,10:00:00,10.0,5,0,0.0,Clear or Partly Cloudy
98186,113738,113738,3211237,Matched,Intersection,31379.0,1ST AVE S AND S HANFORD ST,,,2,Injury Collision,Cycles,4,0,1,1,1,0,0,2010-05-03T00:00:00.000Z,5/3/2010 4:19:00 PM,At Intersection (intersection related),51,PEDALCYCLIST STRUCK MOTOR VEHICLE FRONT END AT ANGLE,,N,Clear or Partly Cloudy,Dry,Daylight,Y,10123007.0,,45.0,Vehicle - Pedalcyclist,5378,0,N,POINT (1269978.281265259 213565.0044307411),4489.0,0.0,Clear or Partly Cloudy,2010-05-03,16:19:00,16.0,0,1,1.0,Clear or Partly Cloudy
98227,114568,114568,3330337,Matched,Block,,WESTERN AVE BETWEEN SPRING ST AND SENECA ST,,,1,Property Damage Only Collision,Cycles,2,0,1,1,0,0,0,2010-08-21T00:00:00.000Z,8/21/2010 2:50:00 PM,Mid-Block (not related to intersection),0,NOT ENOUGH INFORMATION / NOT APPLICABLE,,N,Unknown,Unknown,Unknown,Y,10233021.0,,45.0,Vehicle - Pedalcyclist,12910,0,N,POINT (1269172.709296435 224424.9090818614),16865.0,1.7025727029738062e-05,,2010-08-21,14:50:00,14.0,5,0,0.0,
98280,113339,113339,3562052,Matched,Block,,NE 45TH ST BETWEEN 1ST AVE NE AND 2ND AVE NE,,,2,Injury Collision,Cycles,3,0,1,1,1,0,0,2010-12-11T00:00:00.000Z,12/11/2010 10:13:00 PM,Driveway Junction,18,"MOTOR VEHICLE STRUCK PEDALCYCLIST, FRONT END AT ANGLE",Y,N,Raining,Wet,Dark - Street Lights On,Y,10345030.0,,45.0,Vehicle - Pedalcyclist,6532,0,N,POINT (1272176.522995502 244818.3334227502),18208.0,3.0169654243669977e-05,Raining,2010-12-11,22:13:00,22.0,5,0,0.0,Raining
98290,113476,113476,3383543,Matched,Intersection,29109.0,FAIRVIEW AVE N AND FAIRVIEW PL N,,,2,Injury Collision,Cycles,2,0,1,1,1,0,0,2010-10-30T00:00:00.000Z,10/30/2010 3:04:00 PM,At Intersection (intersection related),51,PEDALCYCLIST STRUCK MOTOR VEHICLE FRONT END AT ANGLE,,N,Raining,Wet,Daylight,,10303021.0,,45.0,Vehicle - Pedalcyclist,0,0,N,POINT (1270386.933809668 232056.0782416761),720.0,0.0,Raining,2010-10-30,15:04:00,15.0,5,0,1.0,Raining
98304,113201,113201,3197892,Matched,Block,,SW KLICKITAT SR WAY BETWEEN SW SPOKANE ST AND 11TH CR AVE SW,,,2,Injury Collision,Cycles,2,0,1,1,1,0,0,2010-07-27T00:00:00.000Z,7/27/2010 6:11:00 AM,Driveway Junction,51,PEDALCYCLIST STRUCK MOTOR VEHICLE FRONT END AT ANGLE,,N,Clear or Partly Cloudy,Dry,Daylight,,10208035.0,,45.0,Vehicle - Pedalcyclist,39178,0,N,POINT (1266669.16170986 211995.5667971373),8038.0,6.181024134078053e-06,Clear or Partly Cloudy,2010-07-27,06:11:00,6.0,1,1,0.0,Clear or Partly Cloudy
98316,114164,114164,3346381,Matched,Intersection,30647.0,29TH AVE S AND S DEARBORN E ST,,,2,Injury Collision,Cycles,2,0,1,1,1,0,0,2010-07-17T00:00:00.000Z,7/17/2010 1:39:00 PM,At Intersection (intersection related),51,PEDALCYCLIST STRUCK MOTOR VEHICLE FRONT END AT ANGLE,,N,Clear or Partly Cloudy,Dry,Daylight,Y,10198026.0,,45.0,Vehicle - Pedalcyclist,0,630890,N,POINT (1279759.921211272 220751.3862621039),4456.0,0.0,Clear or Partly Cloudy,2010-07-17,13:39:00,13.0,5,0,0.0,Clear or Partly Cloudy
98339,113747,113747,3375264,Matched,Intersection,24419.0,5TH AVE NE AND NE 76TH ST,,,2,Injury Collision,Cycles,2,0,1,1,1,0,0,2010-10-20T00:00:00.000Z,10/20/2010 7:05:00 AM,At Intersection (intersection related),51,PEDALCYCLIST STRUCK MOTOR VEHICLE FRONT END AT ANGLE,,N,Clear or Partly Cloudy,Dry,Dawn,,10293027.0,,45.0,Vehicle - Pedalcyclist,7480,0,N,POINT (1273528.115764886 252884.3626790047),3118.0,0.0,Clear or Partly Cloudy,2010-10-20,07:05:00,7.0,2,1,1.0,Clear or Partly Cloudy
98363,114307,114307,3377103,Matched,Intersection,25949.0,25TH AVE NE AND NE BLAKELEY ST,,,1,Property Damage Only Collision,Cycles,3,0,1,1,0,0,0,2010-05-12T00:00:00.000Z,5/12/2010 8:39:00 PM,At Intersection (intersection related),18,"MOTOR VEHICLE STRUCK PEDALCYCLIST, FRONT END AT ANGLE",,N,Overcast,Dry,Daylight,Y,10132005.0,,45.0,Vehicle - Pedalcyclist,0,521604,N,POINT (1278900.484922394 246480.058544457),210.0,0.0,Overcast,2010-05-12,20:39:00,20.0,2,1,0.0,Clear or Partly Cloudy
98442,113483,113483,3199011,Matched,Intersection,29738.0,10TH AVE AND E PINE ST,,,2,Injury Collision,Cycles,4,0,1,1,1,0,0,2010-09-03T00:00:00.000Z,9/3/2010 12:42:00 PM,At Intersection (intersection related),11,"MOTOR VEHICLE STRUCK MOTOR VEHICLE, FRONT END AT ANGLE",Y,N,Clear or Partly Cloudy,Dry,Daylight,,10246020.0,,45.0,Vehicle - Pedalcyclist,10414,0,N,POINT (1273894.705717266 227961.786013484),11240.0,0.0,Clear or Partly Cloudy,2010-09-03,12:42:00,12.0,4,1,0.0,Clear or Partly Cloudy
98469,114040,114040,3559382,Matched,Intersection,27039.0,FREMONT AVE N AND N 34TH ST,,,2,Injury Collision,Cycles,9,0,1,1,1,0,0,2010-09-01T00:00:00.000Z,9/1/2010 5:58:00 AM,At Intersection (intersection related),51,PEDALCYCLIST STRUCK MOTOR VEHICLE FRONT END AT ANGLE,,N,Overcast,Wet,Dark - Street Lights On,Y,10244030.0,,45.0,Vehicle - Pedalcyclist,8240,0,N,POINT (1266674.116909876 240632.7658664584),1223.0,0.0,Overcast,2010-09-01,05:58:00,5.0,2,1,0.0,Clear or Partly Cloudy
98581,113913,113913,3559380,Matched,Intersection,28242.0,10TH AVE E AND E BOSTON ST,,,1,Property Damage Only Collision,Cycles,2,0,1,1,0,0,0,2010-08-25T00:00:00.000Z,8/25/2010 9:00:00 AM,At Intersection (intersection related),23,"MOTOR VEHICLE STRUCK PEDALCYCLIST, LEFT SIDE SIDESWIPE",,N,Clear or Partly Cloudy,Dry,Daylight,Y,10237024.0,,45.0,Vehicle - Pedalcyclist,6106,0,N,POINT (1273908.496181279 236410.3633021414),22.0,0.0,Clear or Partly Cloudy,2010-08-25,09:00:00,9.0,2,1,1.0,Clear or Partly Cloudy
98588,113770,113770,3375267,Matched,Intersection,25793.0,UNIVERSITY WAY NE AND NE 50TH ST,,,2,Injury Collision,Cycles,2,0,1,1,1,0,0,2010-11-01T00:00:00.000Z,11/1/2010 10:30:00 AM,At Intersection (intersection related),51,PEDALCYCLIST STRUCK MOTOR VEHICLE FRONT END AT ANGLE,,N,Raining,Wet,Daylight,Y,10305026.0,,45.0,Vehicle - Pedalcyclist,21417,0,N,POINT (1275819.041847229 246040.7075040042),999.0,0.0,Raining,2010-11-01,10:30:00,10.0,0,1,0.0,Raining
98609,114456,114456,3333984,Matched,Block,,NW 80TH ST BETWEEN 31ST AVE NW AND 32ND AVE NW,,,2,Injury Collision,Cycles,2,0,1,1,1,0,0,2010-06-26T00:00:00.000Z,6/26/2010 5:55:00 PM,Mid-Block (not related to intersection),51,PEDALCYCLIST STRUCK MOTOR VEHICLE FRONT END AT ANGLE,,N,Clear or Partly Cloudy,Dry,Daylight,,10177034.0,,45.0,Vehicle - Pedalcyclist,0,0,N,POINT (1255147.38441807 254419.2259765863),20171.0,4.129642982139177e-06,Clear or Partly Cloudy,2010-06-26,17:55:00,17.0,5,0,1.0,Clear or Partly Cloudy
98616,114725,114725,2893707,Matched,Block,,UNIVERSITY WAY NE BETWEEN NE 43RD ST AND NE 45TH ST,,,2,Injury Collision,Cycles,2,0,1,1,1,0,0,2010-04-27T00:00:00.000Z,4/27/2010 6:00:00 PM,Mid-Block (not related to intersection),18,"MOTOR VEHICLE STRUCK PEDALCYCLIST, FRONT END AT ANGLE",Y,N,Clear or Partly Cloudy,Dry,Daylight,,10117004.0,,45.0,Vehicle - Pedalcyclist,5652,0,N,POINT (1275769.965495184 244447.8844623715),10399.0,2.7524696701855203e-10,Clear or Partly Cloudy,2010-04-27,18:00:00,18.0,1,1,1.0,Clear or Partly Cloudy
98661,112971,112971,2892788,Matched,Intersection,25468.0,15TH NB AVE NW AND NW LEARY WAY,,,2,Injury Collision,Cycles,3,0,1,1,1,0,0,2010-09-12T00:00:00.000Z,9/12/2010 5:40:00 PM,At Intersection (intersection related),51,PEDALCYCLIST STRUCK MOTOR VEHICLE FRONT END AT ANGLE,,N,Clear or Partly Cloudy,Dry,Daylight,,10255013.0,,45.0,Vehicle - Pedalcyclist,18245,0,N,POINT (1260277.157159328 245894.8835038543),11424.0,0.0,Clear or Partly Cloudy,2010-09-12,17:40:00,17.0,6,0,1.0,Clear or Partly Cloudy
98677,113103,113103,3386779,Matched,Intersection,29774.0,12TH AVE AND E SPRING ST,,,2,Injury Collision,Cycles,2,0,1,1,1,0,0,2010-10-20T00:00:00.000Z,10/20/2010 6:26:00 PM,At Intersection (intersection related),51,PEDALCYCLIST STRUCK MOTOR VEHICLE FRONT END AT ANGLE,,N,Clear or Partly Cloudy,Dry,Dark - Street Lights On,Y,10293028.0,,45.0,Vehicle - Pedalcyclist,10730,0,N,POINT (1274531.320117921 226606.0179481059),15593.0,0.0,Clear or Partly Cloudy,2010-10-20,18:26:00,18.0,2,1,1.0,Clear or Partly Cloudy
98702,113635,113635,3288027,Matched,Block,,CALIFORNIA AVE SW BETWEEN FAUNTLEROY WAY SW AND SW HOLLY ST,,,1,Property Damage Only Collision,Cycles,2,0,1,1,0,0,0,2010-08-01T00:00:00.000Z,8/1/2010 9:04:00 PM,Mid-Block (not related to intersection),51,PEDALCYCLIST STRUCK MOTOR VEHICLE FRONT END AT ANGLE,Y,N,Clear or Partly Cloudy,Dry,Dark - Street Lights On,,10213023.0,,45.0,Vehicle - Pedalcyclist,0,0,N,POINT (1256660.714211613 202300.2606112063),13728.0,2.6822544971110686e-06,Clear or Partly Cloudy,2010-08-01,21:04:00,21.0,6,0,0.0,Clear or Partly Cloudy
98703,113366,113366,3327810,Matched,Block,,NW 65TH ST BETWEEN 19TH AVE NW AND 20TH AVE NW,,,2,Injury Collision,Cycles,2,0,1,1,1,0,0,2010-01-26T00:00:00.000Z,1/26/2010 9:44:00 PM,Mid-Block (but intersection related),21,"MOTOR VEHICLE STRUCK PEDALCYCLIST, REAR END",Y,N,Clear or Partly Cloudy,Dry,Dark - Street Lights On,,10026003.0,,45.0,Vehicle - Pedalcyclist,3710,0,N,POINT (1259021.882150039 250415.9418764859),1598.0,2.292927226711161e-05,Clear or Partly Cloudy,2010-01-26,21:44:00,21.0,1,1,0.0,Clear or Partly Cloudy
98740,114466,114466,3329146,Matched,Intersection,30174.0,22ND AVE AND E CHERRY ST,,,2,Injury Collision,Cycles,2,0,1,1,1,0,0,2010-04-11T00:00:00.000Z,4/11/2010 4:41:00 PM,At Intersection (intersection related),51,PEDALCYCLIST STRUCK MOTOR VEHICLE FRONT END AT ANGLE,,N,Clear or Partly Cloudy,Dry,Daylight,,10101001.0,,45.0,Vehicle - Pedalcyclist,9559,0,N,POINT (1277726.718265191 225248.9476107061),3864.0,0.0,Clear or Partly Cloudy,2010-04-11,16:41:00,16.0,6,0,1.0,Clear or Partly Cloudy
98797,113242,113242,3197889,Matched,Intersection,32203.0,11TH AVE SW AND SW SPOKANE NR ST,,,2,Injury Collision,Cycles,2,0,1,1,1,0,0,2010-07-15T00:00:00.000Z,7/15/2010 7:06:00 AM,At Intersection (intersection related),51,PEDALCYCLIST STRUCK MOTOR VEHICLE FRONT END AT ANGLE,,N,Clear or Partly Cloudy,Dry,Daylight,,10196011.0,,45.0,Vehicle - Pedalcyclist,0,525537,N,POINT (1266238.505261421 212207.5664773583),2234.0,0.0,Clear or Partly Cloudy,2010-07-15,07:06:00,7.0,3,1,1.0,Clear or Partly Cloudy
98823,113931,113931,3335532,Matched,Intersection,31304.0,15TH AVE S AND S MCCLELLAN ST,,,2,Injury Collision,Cycles,3,0,1,1,1,0,0,2010-07-21T00:00:00.000Z,7/21/2010 5:52:00 PM,At Intersection (intersection related),51,PEDALCYCLIST STRUCK MOTOR VEHICLE FRONT END AT ANGLE,,N,Clear or Partly Cloudy,Dry,Daylight,,10202013.0,Y,45.0,Vehicle - Pedalcyclist,0,520973,N,POINT (1275145.100342542 214580.4681117833),1837.0,0.0,Clear or Partly Cloudy,2010-07-21,17:52:00,17.0,2,1,1.0,Clear or Partly Cloudy
98838,113511,113511,2796239,Matched,Intersection,28237.0,10TH AVE E AND E LYNN ST,,,2,Injury Collision,Cycles,3,0,1,1,1,0,0,2010-09-18T00:00:00.000Z,9/18/2010 2:17:00 AM,At Intersection (intersection related),51,PEDALCYCLIST STRUCK MOTOR VEHICLE FRONT END AT ANGLE,,Y,Raining,Wet,Dark - Street Lights On,Y,10261001.0,,45.0,Vehicle - Pedalcyclist,6102,0,N,POINT (1273918.633013293 236827.4961025715),22.0,0.0,Raining,2010-09-18,02:17:00,2.0,5,0,0.0,Raining
98870,114203,114203,3346099,Matched,Intersection,29661.0,1ST AVE AND WARREN PL,,,2,Injury Collision,Cycles,2,0,1,1,1,0,0,2010-11-16T00:00:00.000Z,11/16/2010 5:07:00 PM,At Intersection (intersection related),18,"MOTOR VEHICLE STRUCK PEDALCYCLIST, FRONT END AT ANGLE",,N,Overcast,Dry,Dark - Street Lights On,Y,10320027.0,,45.0,Vehicle - Pedalcyclist,14422,0,N,POINT (1265359.861292526 229093.2980786413),4942.0,0.0,Overcast,2010-11-16,17:07:00,17.0,1,1,1.0,Clear or Partly Cloudy
99003,114212,114212,3559503,Matched,Intersection,29745.0,BROADWAY AND E PIKE ST,,,2b,Serious Injury Collision,Cycles,3,0,1,1,1,1,0,2010-12-18T00:00:00.000Z,12/18/2010 1:14:00 AM,At Intersection (intersection related),18,"MOTOR VEHICLE STRUCK PEDALCYCLIST, FRONT END AT ANGLE",,N,Clear or Partly Cloudy,Dry,Dark - Street Lights On,Y,10352016.0,,45.0,Vehicle - Pedalcyclist,6859,0,N,POINT (1273562.21214892 227541.5487010628),1144.0,0.0,Clear or Partly Cloudy,2010-12-18,01:14:00,1.0,5,0,0.0,Clear or Partly Cloudy
99034,114482,114482,3329930,Matched,Intersection,30482.0,2ND AVE AND JAMES ST,,,1,Property Damage Only Collision,Cycles,2,0,1,1,0,0,0,2010-10-22T00:00:00.000Z,10/22/2010 4:27:00 PM,At Intersection (intersection related),51,PEDALCYCLIST STRUCK MOTOR VEHICLE FRONT END AT ANGLE,,N,Overcast,Dry,Daylight,,10295034.0,,45.0,Vehicle - Pedalcyclist,0,523248,N,POINT (1270583.694641873 223305.2345847189),134.0,0.0,Overcast,2010-10-22,16:27:00,16.0,4,1,1.0,Clear or Partly Cloudy
99038,114750,114750,3377776,Matched,Intersection,28006.0,WESTLAKE EAST RDWY AVE N AND NEWELL ST,,,2,Injury Collision,Cycles,2,0,1,1,1,0,0,2010-12-09T00:00:00.000Z,12/9/2010 7:18:00 AM,At Intersection (intersection related),18,"MOTOR VEHICLE STRUCK PEDALCYCLIST, FRONT END AT ANGLE",,N,Raining,Wet,Dawn,Y,10343004.0,,45.0,Vehicle - Pedalcyclist,0,0,N,POINT (1267881.510191113 238603.0908563882),3829.0,0.0,Raining,2010-12-09,07:18:00,7.0,3,1,1.0,Raining
99051,113002,113002,3345754,Matched,Block,,30TH AVE BETWEEN E CHERRY ST AND E ARLINGTON PL,,,2,Injury Collision,Cycles,2,0,1,1,1,0,0,2010-09-09T00:00:00.000Z,9/9/2010 5:30:00 PM,Mid-Block (not related to intersection),15,"MOTOR VEHICLE STRUCK MOTOR VEHICLE, RIGHT SIDE SIDESWIPE",,N,Clear or Partly Cloudy,Dry,Daylight,,10252021.0,,45.0,Vehicle - Pedalcyclist,0,0,N,POINT (1280211.514427736 225282.6989067495),14640.0,8.576346005846698e-06,Clear or Partly Cloudy,2010-09-09,17:30:00,17.0,3,1,1.0,Clear or Partly Cloudy
99075,112873,112873,3345654,Matched,Intersection,29631.0,ALASKAN WAY AND MADISON ST,,,1,Property Damage Only Collision,Cycles,2,0,1,1,0,0,0,2010-10-01T00:00:00.000Z,10/1/2010 1:35:00 PM,At Intersection (intersection related),54,PEDALCYCLIST STRUCK MOTOR VEHICLE REAR END,,N,Clear or Partly Cloudy,Dry,Daylight,,10274041.0,,45.0,Vehicle - Pedalcyclist,38504,0,N,POINT (1269137.794096395 223871.8634493053),3315.0,0.0,Clear or Partly Cloudy,2010-10-01,13:35:00,13.0,4,1,0.0,Clear or Partly Cloudy
99082,113391,113391,3383078,Matched,Block,,LAKE WASHINGTON BLVD E BETWEEN ARBORETUM DR E AND E INTERLAKEN BLVD,,,1,Property Damage Only Collision,Cycles,2,0,1,1,0,0,0,2010-11-10T00:00:00.000Z,11/10/2010 7:50:00 AM,Mid-Block (not related to intersection),51,PEDALCYCLIST STRUCK MOTOR VEHICLE FRONT END AT ANGLE,,N,Unknown,Unknown,Unknown,,10314044.0,,45.0,Vehicle - Pedalcyclist,8939,0,N,POINT (1279763.806203276 232942.8689625859),790.0,7.777070419702952e-06,,2010-11-10,07:50:00,7.0,2,1,1.0,