OBJECTID,INCKEY,COLDETKEY,REPORTNO,STATUS,ADDRTYPE,INTKEY,LOCATION,EXCEPTRSNC,EXCEPTRSND,SEVERITYCO,SEVERITYDE,COLLISIONT,PERSONCOUN,PEDCOUNT,PEDCYLCOUN,VEHCOUNT,INJURIES,SERIOUSINJ,FATALITIES,INCDATE,INCDTTM,JUNCTIONTY,SDOT_COLCO,SDOT_COLDE,INATTENTIO,UNDERINFL,WEATHER,ROADCOND,LIGHTCOND,PEDROWNOTG,SDOTCOLNUM,SPEEDING,ST_COLCODE,ST_COLDESC,SEGLANEKEY,CROSSWALKK,HITPARKEDC,geometry,near_str_index,min_length,weather_group,date,time,hour,dayofweek,weekday,rushhour,weather_group2
99102,113803,113803,3559307,Matched,Intersection,27183.0,1ST AVE NE AND NE 45TH ST,,,2,Injury Collision,Cycles,6,0,1,1,1,0,0,2010-10-10T00:00:00.000Z,10/10/2010 4:14:00 PM,At Intersection (intersection related),18,"MOTOR VEHICLE STRUCK PEDALCYCLIST, FRONT END AT ANGLE",,N,Overcast,Dry,Daylight,,10283043.0,,45.0,Vehicle - Pedalcyclist,6528,0,N,POINT (1272052.552243382 244821.6562387496),2275.0,0.0,Overcast,2010-10-10,16:14:00,16.0,6,0,1.0,Clear or Partly Cloudy
99138,114359,114359,2897154,Matched,Intersection,25482.0,KENWOOD PL N AND EAST GREEN LAKE WAY N,,,2,Injury Collision,Cycles,2,1,1,0,1,0,0,2010-06-03T00:00:00.000Z,6/3/2010 11:40:00 AM,At Intersection (intersection related),24,MOTOR VEHCILE STRUCK PEDESTRIAN,,N,Clear or Partly Cloudy,Dry,Daylight,Y,10154027.0,,45.0,Vehicle - Pedalcyclist,0,524207,N,POINT (1269823.795761093 248814.1795068383),18087.0,0.0,Clear or Partly Cloudy,2010-06-03,11:40:00,11.0,3,1,0.0,Clear or Partly Cloudy
99144,114624,114624,3346533,Matched,Intersection,29585.0,1ST AVE AND PINE ST,,,2,Injury Collision,Cycles,2,0,1,1,1,0,0,2010-07-14T00:00:00.000Z,7/14/2010 4:40:00 PM,At Intersection (intersection related),51,PEDALCYCLIST STRUCK MOTOR VEHICLE FRONT END AT ANGLE,,N,Clear or Partly Cloudy,Dry,Daylight,Y,10195032.0,,45.0,Vehicle - Pedalcyclist,36650,0,N,POINT (1268564.779311806 226084.0889875591),1.0,0.0,Clear or Partly Cloudy,2010-07-14,16:40:00,16.0,2,1,1.0,Clear or Partly Cloudy
99215,113533,113533,3377056,Matched,Intersection,37812.0,SAND POINT WAY NE AND NE 95TH ST,,,2,Injury Collision,Cycles,3,0,1,1,1,0,0,2010-06-27T00:00:00.000Z,6/27/2010 4:20:00 PM,At Intersection (intersection related),61,PEDALCYCLIST STRUCK PEDALCYCLIST REAR END,,N,Overcast,Dry,Daylight,Y,10178016.0,,45.0,Vehicle - Pedalcyclist,28117,0,N,POINT (1284775.258944407 257712.4282199591),15925.0,0.0,Overcast,2010-06-27,16:20:00,16.0,6,0,1.0,Clear or Partly Cloudy
99221,114091,114091,3376734,Matched,Intersection,25716.0,ROOSEVELT WAY NE AND NE 62ND ST,NEI,"Not Enough Information, or Insufficient Location Information",2,Injury Collision,Cycles,2,0,1,1,1,0,0,2010-06-10T00:00:00.000Z,6/10/2010 4:11:00 PM,At Intersection (intersection related),0,NOT ENOUGH INFORMATION / NOT APPLICABLE,,N,Clear or Partly Cloudy,Dry,Daylight,,10161013.0,,45.0,Vehicle - Pedalcyclist,9202,0,N,POINT (1274821.663286209 249136.9402111769),7288.0,0.0,Clear or Partly Cloudy,2010-06-10,16:11:00,16.0,3,1,1.0,Clear or Partly Cloudy
99332,113017,113017,3335417,Matched,Block,,EASTLAKE AVE E BETWEEN E LYNN ST AND E LOUISA ST,,,2,Injury Collision,Cycles,3,0,1,1,1,0,0,2010-12-30T00:00:00.000Z,12/30/2010 4:30:00 PM,Mid-Block (not related to intersection),51,PEDALCYCLIST STRUCK MOTOR VEHICLE FRONT END AT ANGLE,,N,Clear or Partly Cloudy,Dry,Dusk,,10364006.0,,45.0,Vehicle - Pedalcyclist,54728,0,N,POINT (1272491.78142783 237340.4494470954),17909.0,2.8952388918938843e-05,Clear or Partly Cloudy,2010-12-30,16:30:00,16.0,3,1,1.0,Clear or Partly Cloudy
99341,113014,113014,3332405,Matched,Intersection,30656.0,28TH AVE S AND S CHARLES ST,,,1,Property Damage Only Collision,Cycles,2,0,1,1,0,0,0,2010-10-09T00:00:00.000Z,10/9/2010 6:38:00 PM,At Intersection (but not related to intersection),51,PEDALCYCLIST STRUCK MOTOR VEHICLE FRONT END AT ANGLE,,N,Clear or Partly Cloudy,Dry,Daylight,,10282001.0,,45.0,Vehicle - Pedalcyclist,0,0,N,POINT (1279395.465786904 220285.1657176316),12362.0,0.0,Clear or Partly Cloudy,2010-10-09,18:38:00,18.0,5,0,1.0,Clear or Partly Cloudy
99403,114233,114233,3565043,Matched,Block,,N 50TH ST BETWEEN EASTERN AVE N AND 1ST AVE NE,,,2b,Serious Injury Collision,Cycles,5,0,1,1,1,1,0,2010-12-17T00:00:00.000Z,12/17/2010 8:23:00 AM,Mid-Block (but intersection related),51,PEDALCYCLIST STRUCK MOTOR VEHICLE FRONT END AT ANGLE,Y,N,Clear or Partly Cloudy,Dry,Daylight,,10351037.0,,45.0,Vehicle - Pedalcyclist,21542,0,N,POINT (1271978.805171311 246153.2100321203),16694.0,2.2632881057230458e-10,Clear or Partly Cloudy,2010-12-17,08:23:00,8.0,4,1,1.0,Clear or Partly Cloudy
99416,114373,114373,2796612,Matched,Block,,DELRIDGE WAY SW BETWEEN SW BRANDON ST AND SW FINDLAY ST,,,2,Injury Collision,Cycles,2,0,1,1,1,0,0,2010-05-22T00:00:00.000Z,5/22/2010 5:45:00 PM,Driveway Junction,18,"MOTOR VEHICLE STRUCK PEDALCYCLIST, FRONT END AT ANGLE",,N,Unknown,Unknown,Unknown,,10142030.0,,45.0,Vehicle - Pedalcyclist,0,0,N,POINT (1262712.745577812 205406.4490303844),21579.0,2.021049566173787e-05,,2010-05-22,17:45:00,17.0,5,0,1.0,
99430,113965,113965,3198645,Matched,Block,,LAKE CITY WAY NE BETWEEN 27TH AVE NE AND NE 117TH ST,,,2,Injury Collision,Cycles,2,0,1,1,1,0,0,2010-03-09T00:00:00.000Z,3/9/2010 4:56:00 PM,Driveway Junction,18,"MOTOR VEHICLE STRUCK PEDALCYCLIST, FRONT END AT ANGLE",,N,Clear or Partly Cloudy,Dry,Daylight,Y,10068018.0,,45.0,Vehicle - Pedalcyclist,0,0,N,POINT (1279725.122939229 263733.0281621218),21065.0,2.038544398054581e-05,Clear or Partly Cloudy,2010-03-09,16:56:00,16.0,1,1,1.0,Clear or Partly Cloudy
99459,114880,114880,3333749,Matched,Block,,5TH AVE NE BETWEEN NE 112TH S ST AND NE 112TH N ST,,,2,Injury Collision,Cycles,3,0,1,1,1,0,0,2010-06-18T00:00:00.000Z,6/18/2010 5:37:00 PM,Mid-Block (not related to intersection),54,PEDALCYCLIST STRUCK MOTOR VEHICLE REAR END,,N,Clear or Partly Cloudy,Dry,Daylight,,10169029.0,,45.0,Vehicle - Pedalcyclist,0,0,N,POINT (1273614.256948978 262459.2296968102),484.0,7.581518741764669e-06,Clear or Partly Cloudy,2010-06-18,17:37:00,17.0,4,1,1.0,Clear or Partly Cloudy
99506,113419,113419,3376033,Matched,Block,,BROOKLYN AVE NE BETWEEN NE PACIFIC ST AND NE 40TH ST,,,2,Injury Collision,Cycles,2,0,1,1,1,0,0,2010-03-31T00:00:00.000Z,3/31/2010 5:45:00 PM,Mid-Block (not related to intersection),18,"MOTOR VEHICLE STRUCK PEDALCYCLIST, FRONT END AT ANGLE",,N,Clear or Partly Cloudy,Dry,Daylight,,10090006.0,,45.0,Vehicle - Pedalcyclist,0,525567,N,POINT (1275403.365302816 242247.5613881201),21781.0,1.2572490569969435e-05,Clear or Partly Cloudy,2010-03-31,17:45:00,17.0,2,1,1.0,Clear or Partly Cloudy
99535,113971,113971,3377333,Matched,Intersection,24699.0,29TH AVE NE AND NE 65TH ST,,,2,Injury Collision,Left Turn,2,0,1,1,1,0,0,2010-04-18T00:00:00.000Z,4/18/2010 5:24:00 PM,At Intersection (intersection related),18,"MOTOR VEHICLE STRUCK PEDALCYCLIST, FRONT END AT ANGLE",,N,Clear or Partly Cloudy,Dry,Daylight,Y,10108005.0,,28.0,From opposite direction - one left turn - one straight,29815,0,N,POINT (1279994.523451507 249929.3093639761),10538.0,0.0,Clear or Partly Cloudy,2010-04-18,17:24:00,17.0,6,0,1.0,Clear or Partly Cloudy
99546,113967,113967,3560430,Matched,Intersection,29509.0,BLANCHARD ST AND WESTLAKE AVE,,,2,Injury Collision,Cycles,3,0,1,1,1,0,0,2010-11-07T00:00:00.000Z,11/7/2010 5:50:00 PM,At Intersection (intersection related),51,PEDALCYCLIST STRUCK MOTOR VEHICLE FRONT END AT ANGLE,,N,Clear or Partly Cloudy,Dry,Dark - Street Lights On,,10311023.0,,45.0,Vehicle - Pedalcyclist,37224,0,N,POINT (1269257.09419252 228966.4577585161),1029.0,0.0,Clear or Partly Cloudy,2010-11-07,17:50:00,17.0,6,0,1.0,Clear or Partly Cloudy
99588,112908,112908,2797565,Matched,Block,,DEXTER AVE N BETWEEN WARD ST AND PROSPECT ST,,,2,Injury Collision,Cycles,2,0,1,1,1,0,0,2010-06-01T00:00:00.000Z,6/1/2010 8:45:00 AM,Mid-Block (not related to intersection),51,PEDALCYCLIST STRUCK MOTOR VEHICLE FRONT END AT ANGLE,,N,Clear or Partly Cloudy,Dry,Daylight,Y,10152033.0,,45.0,Vehicle - Pedalcyclist,12788,0,N,,,,Clear or Partly Cloudy,2010-06-01,08:45:00,8.0,1,1,1.0,Clear or Partly Cloudy
99629,113420,113420,3334929,Matched,Intersection,30538.0,4TH AVE S AND SEATTLE BLVD S,,,1,Property Damage Only Collision,Cycles,2,0,1,1,0,0,0,2010-04-01T00:00:00.000Z,4/1/2010 3:20:00 PM,At Intersection (intersection related),18,"MOTOR VEHICLE STRUCK PEDALCYCLIST, FRONT END AT ANGLE",,N,Raining,Wet,Daylight,Y,10091005.0,,45.0,Vehicle - Pedalcyclist,0,522348,N,POINT (1271399.136818707 221166.1812705249),593.0,0.0,Raining,2010-04-01,15:20:00,15.0,3,1,1.0,Raining
99656,114389,114389,3343975,Matched,Block,,AIRPORT WAY S BETWEEN S EDMUNDS ST AND AIRPORT WY S VI,,,2,Injury Collision,Cycles,2,0,1,1,1,0,0,2010-03-24T00:00:00.000Z,3/24/2010 8:11:00 PM,Mid-Block (not related to intersection),23,"MOTOR VEHICLE STRUCK PEDALCYCLIST, LEFT SIDE SIDESWIPE",,0,Clear or Partly Cloudy,Dry,Dark - Street Lights On,Y,10083012.0,,45.0,Vehicle - Pedalcyclist,21166,0,N,POINT (1272582.622835919 207437.8747604638),3311.0,1.2749971010895612e-05,Clear or Partly Cloudy,2010-03-24,20:11:00,20.0,2,1,0.0,Clear or Partly Cloudy
99708,114524,114524,3565680,Matched,Intersection,26193.0,35TH AVE NE AND NE 60TH ST,,,2,Injury Collision,Cycles,2,0,1,1,1,0,0,2010-10-20T00:00:00.000Z,10/20/2010 3:30:00 PM,At Intersection (but not related to intersection),51,PEDALCYCLIST STRUCK MOTOR VEHICLE FRONT END AT ANGLE,,N,Clear or Partly Cloudy,Dry,Daylight,,10293025.0,,45.0,Vehicle - Pedalcyclist,30277,0,N,POINT (1281496.146493047 248576.2446586043),1434.0,0.0,Clear or Partly Cloudy,2010-10-20,15:30:00,15.0,2,1,1.0,Clear or Partly Cloudy
99776,113704,113704,3335039,Matched,Block,,15TH AV W SB ON RP BETWEEN 15TH AVE W AND W DRAVUS ST,,,2,Injury Collision,Cycles,2,0,1,1,1,0,0,2010-02-22T00:00:00.000Z,2/22/2010 4:27:00 PM,Mid-Block (but intersection related),21,"MOTOR VEHICLE STRUCK PEDALCYCLIST, REAR END",Y,N,Clear or Partly Cloudy,Dry,Daylight,Y,10053019.0,,45.0,Vehicle - Pedalcyclist,19321,0,N,POINT (1260032.75331907 240005.5090338141),12290.0,4.492695862520153e-06,Clear or Partly Cloudy,2010-02-22,16:27:00,16.0,0,1,1.0,Clear or Partly Cloudy
99795,113568,113568,3344293,Matched,Block,,S ANGELINE ST BETWEEN 39TH AVE S AND 42ND AVE S,,,2,Injury Collision,Cycles,2,0,1,1,1,0,0,2010-05-07T00:00:00.000Z,5/7/2010 2:05:00 PM,Mid-Block (not related to intersection),54,PEDALCYCLIST STRUCK MOTOR VEHICLE REAR END,Y,N,Clear or Partly Cloudy,Dry,Daylight,,10127005.0,,45.0,Vehicle - Pedalcyclist,0,0,N,POINT (1282722.624254301 207430.2982484698),20715.0,7.569992287721648e-07,Clear or Partly Cloudy,2010-05-07,14:05:00,14.0,4,1,0.0,Clear or Partly Cloudy
99868,113045,113045,3558779,Matched,Intersection,27027.0,FREMONT AVE N AND N 36TH ST,,,2,Injury Collision,Cycles,5,0,1,1,1,0,0,2010-09-25T00:00:00.000Z,9/25/2010 12:40:00 AM,At Intersection (intersection related),51,PEDALCYCLIST STRUCK MOTOR VEHICLE FRONT END AT ANGLE,,N,Clear or Partly Cloudy,Dry,Dark - Street Lights On,,10268006.0,,45.0,Vehicle - Pedalcyclist,8360,0,N,POINT (1266640.677421838 241275.2014511228),11267.0,0.0,Clear or Partly Cloudy,2010-09-25,00:40:00,,5,0,,Clear or Partly Cloudy
99932,113854,113854,3346579,Matched,Block,,QUEEN ANNE AVE N BETWEEN CROCKETT ST AND BOSTON ST,,,2,Injury Collision,Cycles,3,0,1,1,1,0,0,2010-07-13T00:00:00.000Z,7/13/2010 12:00:00 PM,Mid-Block (not related to intersection),56,PEDALCYCLIST STRUCK MOTOR VEHICLE LEFT SIDE SIDESWIPE,,N,Clear or Partly Cloudy,Dry,Daylight,Y,10194016.0,,45.0,Vehicle - Pedalcyclist,10896,0,N,POINT (1264817.801579967 236358.8879740834),12635.0,2.768284307642417e-05,Clear or Partly Cloudy,2010-07-13,12:00:00,12.0,1,1,0.0,Clear or Partly Cloudy
99969,114672,114672,3377336,Matched,Block,,NE 65TH ST BETWEEN LATONA E AVE NE AND 4TH AVE NE,,,2,Injury Collision,Cycles,2,0,1,1,1,0,0,2010-05-16T00:00:00.000Z,5/16/2010 6:42:00 PM,Mid-Block (not related to intersection),56,PEDALCYCLIST STRUCK MOTOR VEHICLE LEFT SIDE SIDESWIPE,Y,N,Clear or Partly Cloudy,Dry,Daylight,,10136003.0,,45.0,Vehicle - Pedalcyclist,6651,0,N,POINT (1272978.252532333 250107.9110921621),22060.0,2.849581876490239e-05,Clear or Partly Cloudy,2010-05-16,18:42:00,18.0,6,0,1.0,Clear or Partly Cloudy
99984,114272,114272,3345680,Matched,Intersection,29969.0,2ND AVE AND COLUMBIA ST,,,2,Injury Collision,Cycles,4,0,1,1,1,0,0,2010-09-10T00:00:00.000Z,9/10/2010 11:21:00 PM,At Intersection (intersection related),51,PEDALCYCLIST STRUCK MOTOR VEHICLE FRONT END AT ANGLE,,N,Clear or Partly Cloudy,Dry,Dark - Street Lights On,,10253022.0,,45.0,Vehicle - Pedalcyclist,12041,0,N,POINT (1270271.923249558 223832.0001532584),5206.0,0.0,Clear or Partly Cloudy,2010-09-10,23:21:00,23.0,4,1,0.0,Clear or Partly Cloudy
100028,113719,113719,3329872,Matched,Block,,WESTERN AVE BETWEEN UNION ST AND PIKE ST,,,2,Injury Collision,Cycles,2,0,1,1,1,0,0,2010-12-05T00:00:00.000Z,12/5/2010 1:29:00 PM,Driveway Junction,18,"MOTOR VEHICLE STRUCK PEDALCYCLIST, FRONT END AT ANGLE",,N,Overcast,Wet,Daylight,Y,10339014.0,,45.0,Vehicle - Pedalcyclist,13036,0,N,POINT (1268613.002415851 225370.2989068329),11196.0,1.0205433644179254e-08,Overcast,2010-12-05,13:29:00,13.0,6,0,0.0,Clear or Partly Cloudy
100078,114841,114841,3373640,Matched,Intersection,29613.0,2ND AVE AND SPRING ST,,,2,Injury Collision,Cycles,1,0,1,0,1,0,0,2010-09-15T00:00:00.000Z,9/15/2010 7:24:00 AM,At Intersection (intersection related),51,PEDALCYCLIST STRUCK MOTOR VEHICLE FRONT END AT ANGLE,,N,Clear or Partly Cloudy,Dry,Daylight,,10258025.0,,45.0,Vehicle - Pedalcyclist,12144,0,N,POINT (1269804.427313074 224621.804442063),3767.0,0.0,Clear or Partly Cloudy,2010-09-15,07:24:00,7.0,2,1,1.0,Clear or Partly Cloudy
100102,114554,114554,3373626,Matched,Intersection,29563.0,3RD AVE AND VIRGINIA ST,,,2,Injury Collision,Cycles,2,0,1,1,1,0,0,2010-08-19T00:00:00.000Z,8/19/2010 5:13:00 PM,At Intersection (intersection related),18,"MOTOR VEHICLE STRUCK PEDALCYCLIST, FRONT END AT ANGLE",,N,Clear or Partly Cloudy,Dry,Daylight,Y,10231010.0,,45.0,Vehicle - Pedalcyclist,34736,0,N,POINT (1268590.538287833 227026.2439965308),262.0,0.0,Clear or Partly Cloudy,2010-08-19,17:13:00,17.0,3,1,1.0,Clear or Partly Cloudy
100239,115380,115380,3559010,Matched,Intersection,25793.0,UNIVERSITY WAY NE AND NE 50TH ST,,,2,Injury Collision,Cycles,3,0,1,1,1,0,0,2010-11-05T00:00:00.000Z,11/5/2010 1:41:00 PM,At Intersection (intersection related),51,PEDALCYCLIST STRUCK MOTOR VEHICLE FRONT END AT ANGLE,,N,Overcast,Dry,Daylight,,10309046.0,,45.0,Vehicle - Pedalcyclist,5631,0,N,POINT (1275819.041847229 246040.7075040042),999.0,0.0,Overcast,2010-11-05,13:41:00,13.0,4,1,0.0,Clear or Partly Cloudy
100292,116350,116350,3383246,Matched,Block,,BOREN AVE BETWEEN UNION ST AND PIKE ST,,,2,Injury Collision,Cycles,2,0,1,1,1,0,0,2010-11-02T00:00:00.000Z,11/2/2010 5:00:00 PM,Mid-Block (not related to intersection),54,PEDALCYCLIST STRUCK MOTOR VEHICLE REAR END,,N,Clear or Partly Cloudy,Dry,Dark - Street Lights On,,10306036.0,Y,45.0,Vehicle - Pedalcyclist,25232,0,N,POINT (1271661.042162985 227174.245852679),20551.0,1.9733726529860605e-05,Clear or Partly Cloudy,2010-11-02,17:00:00,17.0,1,1,1.0,Clear or Partly Cloudy
100335,115250,115250,3344131,Matched,Intersection,27062.0,UNIVERSITY WAY NE AND NE 45TH ST,,,2,Injury Collision,Cycles,3,0,1,1,1,0,0,2010-01-03T00:00:00.000Z,1/3/2010 8:23:00 PM,At Intersection (intersection related),18,"MOTOR VEHICLE STRUCK PEDALCYCLIST, FRONT END AT ANGLE",,N,Raining,Wet,Dark - Street Lights On,,10003022.0,,45.0,Vehicle - Pedalcyclist,0,524692,N,POINT (1275779.900215194 244716.6202066392),10399.0,0.0,Raining,2010-01-03,20:23:00,20.0,6,0,0.0,Raining
100344,115117,115117,3559318,Matched,Intersection,26793.0,INTERLAKE AVE N AND N 45TH ST,,,2,Injury Collision,Cycles,3,0,1,1,1,0,0,2010-12-04T00:00:00.000Z,12/4/2010 4:23:00 PM,At Intersection (intersection related),18,"MOTOR VEHICLE STRUCK PEDALCYCLIST, FRONT END AT ANGLE",,N,Clear or Partly Cloudy,Dry,Dusk,Y,10338029.0,,45.0,Vehicle - Pedalcyclist,6459,0,N,POINT (1268997.228592247 244890.673838824),13756.0,0.0,Clear or Partly Cloudy,2010-12-04,16:23:00,16.0,5,0,1.0,Clear or Partly Cloudy
100381,115814,115814,3329413,Matched,Block,,S JACKSON ST BETWEEN 20TH AVE S AND 20TH PL S,,,2,Injury Collision,Cycles,3,0,1,1,1,0,0,2010-02-10T00:00:00.000Z,2/10/2010 8:18:00 AM,Mid-Block (not related to intersection),18,"MOTOR VEHICLE STRUCK PEDALCYCLIST, FRONT END AT ANGLE",,N,Overcast,Dry,Daylight,Y,10041006.0,,45.0,Vehicle - Pedalcyclist,11048,0,N,POINT (1277232.551608682 222065.6404714435),13995.0,7.529302783637449e-09,Overcast,2010-02-10,08:18:00,8.0,2,1,1.0,Clear or Partly Cloudy
100466,117047,117047,3329188,Matched,Block,,E PINE ST BETWEEN BROADWAY AND NAGLE PL,,,2,Injury Collision,Cycles,2,0,1,1,2,0,0,2010-06-15T00:00:00.000Z,6/15/2010 9:52:00 AM,,0,NOT ENOUGH INFORMATION / NOT APPLICABLE,,N,Clear or Partly Cloudy,Dry,Daylight,,10166004.0,,45.0,Vehicle - Pedalcyclist,0,523986,N,POINT (1273661.878837034 227963.7055654824),3934.0,1.6518172502117998e-05,Clear or Partly Cloudy,2010-06-15,09:52:00,9.0,1,1,1.0,Clear or Partly Cloudy
100488,114990,114990,3345042,Matched,Intersection,28605.0,ALOHA ST AND QUEEN ANNE AVE N,,,2,Injury Collision,Cycles,2,0,1,1,1,0,0,2010-01-10T00:00:00.000Z,1/10/2010 12:57:00 PM,At Intersection (intersection related),51,PEDALCYCLIST STRUCK MOTOR VEHICLE FRONT END AT ANGLE,,N,Clear or Partly Cloudy,Dry,Daylight,Y,10010019.0,,45.0,Vehicle - Pedalcyclist,30638,0,N,POINT (1264801.645611957 232498.3812181354),6603.0,0.0,Clear or Partly Cloudy,2010-01-10,12:57:00,12.0,6,0,0.0,Clear or Partly Cloudy
100499,114983,114983,3332381,Matched,Intersection,30022.0,M L KING JR WAY AND E UNION ST,,,2,Injury Collision,Cycles,2,0,1,1,1,0,0,2010-08-09T00:00:00.000Z,8/9/2010 5:42:00 PM,At Intersection (intersection related),51,PEDALCYCLIST STRUCK MOTOR VEHICLE FRONT END AT ANGLE,,N,Overcast,Dry,Daylight,Y,10221009.0,,45.0,Vehicle - Pedalcyclist,9486,0,N,POINT (1279616.149307117 227011.3645085096),3638.0,0.0,Overcast,2010-08-09,17:42:00,17.0,0,1,1.0,Clear or Partly Cloudy
100516,115548,115548,3559210,Matched,Block,,N 45TH ST BETWEEN STONE WAY N AND INTERLAKE AVE N,,,2,Injury Collision,Cycles,3,0,1,1,1,0,0,2010-08-13T00:00:00.000Z,8/13/2010 5:27:00 PM,Mid-Block (not related to intersection),51,PEDALCYCLIST STRUCK MOTOR VEHICLE FRONT END AT ANGLE,,N,Clear or Partly Cloudy,Dry,Daylight,,10225022.0,,45.0,Vehicle - Pedalcyclist,6445,0,N,POINT (1268814.052464068 244894.2115668207),20656.0,2.4110152439468178e-05,Clear or Partly Cloudy,2010-08-13,17:27:00,17.0,4,1,1.0,Clear or Partly Cloudy
100535,115689,115689,3346022,Matched,Intersection,30447.0,8TH AVE S AND S DEARBORN ST,,,2,Injury Collision,Cycles,2,0,1,1,1,0,0,2010-09-13T00:00:00.000Z,9/13/2010 10:46:00 AM,At Intersection (intersection related),51,PEDALCYCLIST STRUCK MOTOR VEHICLE FRONT END AT ANGLE,,N,Clear or Partly Cloudy,Dry,Daylight,Y,10256003.0,,45.0,Vehicle - Pedalcyclist,5851,0,N,POINT (1273019.573044375 220895.8416862488),3274.0,0.0,Clear or Partly Cloudy,2010-09-13,10:46:00,10.0,0,1,0.0,Clear or Partly Cloudy
100575,116650,116650,3383657,Matched,Block,,BLANCHARD ST BETWEEN 7TH AVE AND 8TH AVE,,,2,Injury Collision,Cycles,2,0,1,1,1,0,0,2010-10-03T00:00:00.000Z,10/3/2010 1:39:00 PM,Mid-Block (not related to intersection),16,"MOTOR VEHICLE STRUCK MOTOR VEHICLE, LEFT SIDE SIDESWIPE",,N,Clear or Partly Cloudy,Dry,Daylight,,10276010.0,,45.0,Vehicle - Pedalcyclist,14212,0,N,POINT (1268935.070384189 228671.3997102082),16839.0,2.231455103754924e-05,Clear or Partly Cloudy,2010-10-03,13:39:00,13.0,6,0,0.0,Clear or Partly Cloudy
100594,116370,116370,2906817,Matched,Intersection,31344.0,1ST AVE S AND S MASSACHUSETTS ST,,,2,Injury Collision,Cycles,2,0,1,1,1,0,0,2010-05-13T00:00:00.000Z,5/13/2010 4:50:00 PM,At Intersection (intersection related),51,PEDALCYCLIST STRUCK MOTOR VEHICLE FRONT END AT ANGLE,,N,Clear or Partly Cloudy,Dry,Daylight,Y,10133001.0,,45.0,Vehicle - Pedalcyclist,5266,0,N,POINT (1270069.862961352 218179.4730434716),7797.0,0.0,Clear or Partly Cloudy,2010-05-13,16:50:00,16.0,3,1,1.0,Clear or Partly Cloudy
100628,114992,114992,3331951,Matched,Block,,LAKE WASHINGTON BLVD S BETWEEN S FRINK PL AND S DEARBORN ST,,,2,Injury Collision,Cycles,2,0,1,1,1,0,0,2010-05-07T00:00:00.000Z,5/7/2010 9:56:00 AM,Mid-Block (not related to intersection),18,"MOTOR VEHICLE STRUCK PEDALCYCLIST, FRONT END AT ANGLE",,N,Clear or Partly Cloudy,Dry,Daylight,,10127008.0,,45.0,Vehicle - Pedalcyclist,41006,0,N,POINT (1281005.931836545 221576.1223269552),17951.0,2.260769606324659e-05,Clear or Partly Cloudy,2010-05-07,09:56:00,9.0,4,1,1.0,Clear or Partly Cloudy
100635,117059,117059,3332076,Matched,Block,,HARVARD AVE BETWEEN E PIKE ST AND E PINE ST,,,2,Injury Collision,Cycles,2,0,1,1,1,0,0,2010-06-02T00:00:00.000Z,6/2/2010 4:56:00 PM,Mid-Block (not related to intersection),56,PEDALCYCLIST STRUCK MOTOR VEHICLE LEFT SIDE SIDESWIPE,,N,Clear or Partly Cloudy,Dry,Daylight,,10153036.0,,45.0,Vehicle - Pedalcyclist,0,0,N,POINT (1273235.774004593 227755.4895652831),17936.0,2.5295655027623722e-05,Clear or Partly Cloudy,2010-06-02,16:56:00,16.0,2,1,1.0,Clear or Partly Cloudy
100664,115131,115131,3327816,Matched,Block,,NE 68TH ST BETWEEN 27TH AVE NE AND 28TH AVE NE,,,2,Injury Collision,Cycles,2,0,1,1,1,0,0,2010-03-06T00:00:00.000Z,3/6/2010 8:37:00 AM,Mid-Block (but intersection related),54,PEDALCYCLIST STRUCK MOTOR VEHICLE REAR END,,N,Clear or Partly Cloudy,Dry,Daylight,,10065001.0,Y,45.0,Vehicle - Pedalcyclist,0,0,N,POINT (1279642.022715151 250598.6840846688),23307.0,0.0,Clear or Partly Cloudy,2010-03-06,08:37:00,8.0,5,0,1.0,Clear or Partly Cloudy
100693,115698,115698,3333208,Matched,Intersection,27149.0,15TH AVE NE AND NE PACIFIC ST,,,2,Injury Collision,Cycles,2,0,1,1,1,0,0,2010-04-05T00:00:00.000Z,4/5/2010 10:19:00 AM,At Intersection (intersection related),18,"MOTOR VEHICLE STRUCK PEDALCYCLIST, FRONT END AT ANGLE",,N,Clear or Partly Cloudy,Dry,Daylight,Y,10095027.0,,45.0,Vehicle - Pedalcyclist,0,520838,N,POINT (1275885.728567302 241688.8779955506),1534.0,0.0,Clear or Partly Cloudy,2010-04-05,10:19:00,10.0,0,1,0.0,Clear or Partly Cloudy
100793,115142,115142,3333538,Matched,Block,,11TH AVE NE BETWEEN NE 50TH ST AND NE 52ND ST,,,2,Injury Collision,Cycles,2,0,1,1,1,0,0,2010-05-04T00:00:00.000Z,5/4/2010 2:30:00 PM,Mid-Block (not related to intersection),56,PEDALCYCLIST STRUCK MOTOR VEHICLE LEFT SIDE SIDESWIPE,,N,Overcast,Dry,Daylight,,10124004.0,,45.0,Vehicle - Pedalcyclist,9026,0,N,POINT (1275023.74187842 246341.8600163162),14108.0,2.0897160303115853e-10,Overcast,2010-05-04,14:30:00,14.0,1,1,0.0,Clear or Partly Cloudy