OBJECTID,INCKEY,COLDETKEY,REPORTNO,STATUS,ADDRTYPE,INTKEY,LOCATION,EXCEPTRSNC,EXCEPTRSND,SEVERITYCO,SEVERITYDE,COLLISIONT,PERSONCOUN,PEDCOUNT,PEDCYLCOUN,VEHCOUNT,INJURIES,SERIOUSINJ,FATALITIES,INCDATE,INCDTTM,JUNCTIONTY,SDOT_COLCO,SDOT_COLDE,INATTENTIO,UNDERINFL,WEATHER,ROADCOND,LIGHTCOND,PEDROWNOTG,SDOTCOLNUM,SPEEDING,ST_COLCODE,ST_COLDESC,SEGLANEKEY,CROSSWALKK,HITPARKEDC,geometry,near_str_index,min_length,weather_group,date,time,hour,dayofweek,weekday,rushhour,weather_group2
102014,115496,115496,3208045,Matched,Intersection,29556.0,5TH AVE AND STEWART ST,,,2,Injury Collision,Cycles,2,0,1,1,1,0,0,2010-06-06T00:00:00.000Z,6/6/2010 12:46:00 AM,At Intersection (intersection related),51,PEDALCYCLIST STRUCK MOTOR VEHICLE FRONT END AT ANGLE,,N,Clear or Partly Cloudy,Dry,Dark - Street Lights On,,10157006.0,,45.0,Vehicle - Pedalcyclist,36167,0,N,POINT (1269339.042608604 227215.989660725),3109.0,0.0,Clear or Partly Cloudy,2010-06-06,00:46:00,,6,0,,Clear or Partly Cloudy
102039,116467,116467,2892786,Matched,Intersection,24499.0,ROOSEVELT WAY NE AND NE 66TH ST,,,2,Injury Collision,Cycles,2,0,1,1,1,0,0,2010-08-25T00:00:00.000Z,8/25/2010 12:42:00 PM,At Intersection (intersection related),18,"MOTOR VEHICLE STRUCK PEDALCYCLIST, FRONT END AT ANGLE",Y,N,Clear or Partly Cloudy,Dry,Daylight,Y,10237004.0,,45.0,Vehicle - Pedalcyclist,9394,0,N,POINT (1274841.88523823 250311.1781643778),4208.0,0.0,Clear or Partly Cloudy,2010-08-25,12:42:00,12.0,2,1,0.0,Clear or Partly Cloudy
102094,116741,116741,3326894,Matched,Block,,AIRPORT WAY S BETWEEN AIRPORT NB N WAY S AND S ROYAL BROUGHAM WAY,,,2,Injury Collision,Cycles,2,0,1,1,1,0,0,2010-07-10T00:00:00.000Z,7/10/2010 11:36:00 AM,Mid-Block (not related to intersection),56,PEDALCYCLIST STRUCK MOTOR VEHICLE LEFT SIDE SIDESWIPE,,N,Clear or Partly Cloudy,Dry,Daylight,,10191031.0,,45.0,Vehicle - Pedalcyclist,16287,0,N,POINT (1272564.223283902 219816.6745811403),23228.0,3.2721066458000174e-06,Clear or Partly Cloudy,2010-07-10,11:36:00,11.0,5,0,0.0,Clear or Partly Cloudy
102117,115924,115924,3375032,Matched,Intersection,35825.0,FREMONT AVE N AND N 130TH ST,,,2,Injury Collision,Cycles,2,0,1,1,1,0,0,2010-09-25T00:00:00.000Z,9/25/2010 6:58:00 PM,At Intersection (intersection related),11,"MOTOR VEHICLE STRUCK MOTOR VEHICLE, FRONT END AT ANGLE",,N,Clear or Partly Cloudy,Dry,Dusk,Y,10268026.0,,45.0,Vehicle - Pedalcyclist,9611,0,N,POINT (1267052.230958253 267489.4294459671),3989.0,0.0,Clear or Partly Cloudy,2010-09-25,18:58:00,18.0,5,0,1.0,Clear or Partly Cloudy
102129,115793,115793,3344868,Matched,Intersection,29591.0,3RD AVE AND UNION ST,,,2,Injury Collision,Cycles,2,0,1,1,1,0,0,2010-05-17T00:00:00.000Z,5/17/2010 8:11:00 PM,At Intersection (intersection related),18,"MOTOR VEHICLE STRUCK PEDALCYCLIST, FRONT END AT ANGLE",,N,Clear or Partly Cloudy,Dry,Daylight,,10137002.0,,45.0,Vehicle - Pedalcyclist,35825,0,N,POINT (1269552.961328819 225678.7565071434),2713.0,0.0,Clear or Partly Cloudy,2010-05-17,20:11:00,20.0,0,1,0.0,Clear or Partly Cloudy
102134,115649,115649,3561777,Matched,Intersection,27077.0,UNIVERSITY WAY NE AND NE 43RD ST,,,2,Injury Collision,Cycles,2,0,1,1,1,0,0,2010-12-19T00:00:00.000Z,12/19/2010 11:00:00 PM,At Intersection (intersection related),18,"MOTOR VEHICLE STRUCK PEDALCYCLIST, FRONT END AT ANGLE",,N,Raining,Wet,Dark - Street Lights On,,10353007.0,,45.0,Vehicle - Pedalcyclist,0,524563,N,POINT (1275760.030775174 244179.1487180889),998.0,0.0,Raining,2010-12-19,23:00:00,23.0,6,0,0.0,Raining
102189,115929,115929,3198535,Matched,Block,,N 105TH ST BETWEEN WHITMAN AVE N AND AURORA AVE N,,,2,Injury Collision,Cycles,1,0,1,0,1,0,0,2010-05-14T00:00:00.000Z,5/14/2010 8:25:00 PM,Mid-Block (not related to intersection),69,PEDALCYCLIST OVERTURNED IN ROAD,,N,Clear or Partly Cloudy,Dry,Dusk,,10134005.0,,45.0,Vehicle - Pedalcyclist,18890,0,N,POINT (1268151.208431378 260838.8260471523),6973.0,1.3878991119233325e-05,Clear or Partly Cloudy,2010-05-14,20:25:00,20.0,4,1,0.0,Clear or Partly Cloudy
102208,116752,116752,3332327,Matched,Intersection,29809.0,12TH AVE AND E JEFFERSON ST,,,1,Property Damage Only Collision,Cycles,2,0,1,1,0,0,0,2010-06-27T00:00:00.000Z,6/27/2010 8:50:00 AM,At Intersection (intersection related),51,PEDALCYCLIST STRUCK MOTOR VEHICLE FRONT END AT ANGLE,,N,Clear or Partly Cloudy,Dry,Daylight,Y,10178009.0,,45.0,Vehicle - Pedalcyclist,10458,0,N,POINT (1274493.248053879 224651.3819140941),2320.0,0.0,Clear or Partly Cloudy,2010-06-27,08:50:00,8.0,6,0,1.0,Clear or Partly Cloudy
102242,115370,115370,3373956,Matched,Block,,AIRPORT WAY S BETWEEN S INDUSTRIAL EB WAY AND S OREGON ST,,,2,Injury Collision,Cycles,2,0,1,1,1,0,0,2010-08-30T00:00:00.000Z,8/30/2010 5:55:00 AM,Mid-Block (not related to intersection),51,PEDALCYCLIST STRUCK MOTOR VEHICLE FRONT END AT ANGLE,,N,Clear or Partly Cloudy,Dry,Dawn,Y,10242026.0,,45.0,Vehicle - Pedalcyclist,17554,0,N,POINT (1272692.288948029 209213.2078822851),12520.0,1.7949372601835237e-05,Clear or Partly Cloudy,2010-08-30,05:55:00,5.0,0,1,0.0,Clear or Partly Cloudy
102245,117718,117718,3331901,Matched,Intersection,31062.0,39TH AVE SW AND SW ADMIRAL WAY,,,2,Injury Collision,Cycles,2,0,1,1,1,0,0,2010-04-27T00:00:00.000Z,4/27/2010 3:30:00 PM,At Intersection (intersection related),18,"MOTOR VEHICLE STRUCK PEDALCYCLIST, FRONT END AT ANGLE",,N,Unknown,Unknown,Daylight,Y,10117003.0,,45.0,Vehicle - Pedalcyclist,0,0,N,POINT (1258433.22678943 215830.6443690658),2941.0,0.0,,2010-04-27,15:30:00,15.0,1,1,1.0,
102277,117722,117722,3200693,Matched,Intersection,29599.0,1ST AVE AND UNION ST,,,2,Injury Collision,Cycles,3,0,1,1,1,0,0,2010-05-03T00:00:00.000Z,5/3/2010 5:22:00 PM,At Intersection (intersection related),51,PEDALCYCLIST STRUCK MOTOR VEHICLE FRONT END AT ANGLE,,N,Clear or Partly Cloudy,Dry,Daylight,Y,10123005.0,,45.0,Vehicle - Pedalcyclist,36675,0,N,POINT (1268998.645552248 225351.0061068088),3796.0,0.0,Clear or Partly Cloudy,2010-05-03,17:22:00,17.0,0,1,1.0,Clear or Partly Cloudy
102302,118410,118410,3376372,Matched,Intersection,26939.0,FREMONT AVE N AND N 44TH ST,,,2,Injury Collision,Cycles,2,0,1,1,1,0,0,2010-05-03T00:00:00.000Z,5/3/2010 7:30:00 AM,At Intersection (intersection related),69,PEDALCYCLIST OVERTURNED IN ROAD,,N,Clear or Partly Cloudy,Dry,Daylight,Y,10123026.0,,45.0,Vehicle - Pedalcyclist,8437,0,N,POINT (1266681.753901884 244509.1424464285),731.0,0.0,Clear or Partly Cloudy,2010-05-03,07:30:00,7.0,0,1,1.0,Clear or Partly Cloudy
102308,118408,118408,3288207,Matched,Block,,SW ADMIRAL WAY BETWEEN 41ST AVE SW AND 42ND AVE SW,,,2,Injury Collision,Cycles,3,0,1,1,1,0,0,2010-04-26T00:00:00.000Z,4/26/2010 7:48:00 AM,Driveway Junction,18,"MOTOR VEHICLE STRUCK PEDALCYCLIST, FRONT END AT ANGLE",,N,Clear or Partly Cloudy,Dry,Daylight,Y,10116004.0,,45.0,Vehicle - Pedalcyclist,0,0,N,POINT (1257599.500324577 215855.5605930835),19292.0,7.446781953655814e-09,Clear or Partly Cloudy,2010-04-26,07:48:00,7.0,0,1,1.0,Clear or Partly Cloudy
102335,118974,118974,3565732,Matched,Block,,MELROSE AVE E BETWEEN E MERCER ST AND E ROY ST,,,1,Property Damage Only Collision,Cycles,2,0,1,1,0,0,0,2011-05-24T00:00:00.000Z,5/24/2011 6:55:00 PM,Driveway Junction,51,PEDALCYCLIST STRUCK MOTOR VEHICLE FRONT END AT ANGLE,,N,Clear or Partly Cloudy,Dry,Daylight,Y,11144013.0,,45.0,Vehicle - Pedalcyclist,11539,0,N,POINT (1271885.770227209 231449.8934730589),11132.0,2.442747614753519e-05,Clear or Partly Cloudy,2011-05-24,18:55:00,18.0,1,1,1.0,Clear or Partly Cloudy
102375,117448,117448,3333811,Matched,Intersection,27149.0,15TH AVE NE AND NE PACIFIC ST,,,2,Injury Collision,Cycles,2,0,1,1,1,0,0,2010-04-06T00:00:00.000Z,4/6/2010 3:03:00 PM,At Intersection (intersection related),18,"MOTOR VEHICLE STRUCK PEDALCYCLIST, FRONT END AT ANGLE",,N,Overcast,Wet,Daylight,Y,10096012.0,,45.0,Vehicle - Pedalcyclist,0,520838,N,POINT (1275885.728567302 241688.8779955506),1534.0,0.0,Overcast,2010-04-06,15:03:00,15.0,1,1,1.0,Clear or Partly Cloudy
102428,118425,118425,3565045,Matched,Block,,NW MARKET ST BETWEEN 24TH AVE NW AND 26TH AVE NW,,,1,Property Damage Only Collision,Cycles,3,0,1,1,0,0,0,2010-12-30T00:00:00.000Z,12/30/2010 12:15:00 PM,Mid-Block (not related to intersection),21,"MOTOR VEHICLE STRUCK PEDALCYCLIST, REAR END",,N,Clear or Partly Cloudy,Dry,Daylight,Y,10364016.0,,45.0,Vehicle - Pedalcyclist,25907,0,N,POINT (1257176.069540143 247784.8753137887),19217.0,0.0,Clear or Partly Cloudy,2010-12-30,12:15:00,12.0,3,1,0.0,Clear or Partly Cloudy
102455,118144,118144,3276972,Matched,Block,,BELL ST BETWEEN WESTERN AVE AND 1ST AVE,,,1,Property Damage Only Collision,Cycles,2,0,1,1,0,0,0,2010-04-29T00:00:00.000Z,4/29/2010 5:55:00 PM,Driveway Junction,18,"MOTOR VEHICLE STRUCK PEDALCYCLIST, FRONT END AT ANGLE",,N,Clear or Partly Cloudy,Dry,Daylight,Y,10119017.0,,45.0,Vehicle - Pedalcyclist,0,0,N,POINT (1267102.781358317 227290.3048608005),632.0,1.0977240697047336e-05,Clear or Partly Cloudy,2010-04-29,17:55:00,17.0,3,1,1.0,Clear or Partly Cloudy
102472,118701,118701,3568725,Matched,Block,,AURORA AVE N BETWEEN N 130TH ST AND N 135TH ST,,,2,Injury Collision,Cycles,2,0,1,1,1,0,0,2011-05-17T00:00:00.000Z,5/17/2011 7:11:00 AM,Driveway Junction,51,PEDALCYCLIST STRUCK MOTOR VEHICLE FRONT END AT ANGLE,,N,Clear or Partly Cloudy,Dry,Daylight,,11137013.0,,45.0,Vehicle - Pedalcyclist,14992,0,N,POINT (1268385.368431628 268124.5042626113),10278.0,2.2503360537973277e-05,Clear or Partly Cloudy,2011-05-17,07:11:00,7.0,1,1,1.0,Clear or Partly Cloudy
102481,118844,118844,3287649,Matched,Intersection,28303.0,EASTLAKE AVE E AND E LOUISA ST,,,2,Injury Collision,Cycles,2,0,1,1,1,0,0,2011-09-20T00:00:00.000Z,9/20/2011 5:16:00 PM,At Intersection (intersection related),51,PEDALCYCLIST STRUCK MOTOR VEHICLE FRONT END AT ANGLE,,N,Clear or Partly Cloudy,Dry,Daylight,Y,11263029.0,,45.0,Vehicle - Pedalcyclist,24739,0,N,POINT (1272500.319795832 237760.9773195237),6316.0,0.0,Clear or Partly Cloudy,2011-09-20,17:16:00,17.0,1,1,1.0,Clear or Partly Cloudy
102506,119391,119391,3346574,Matched,Intersection,30516.0,6TH AVE S AND S KING ST,,,1,Property Damage Only Collision,Cycles,3,0,1,1,0,0,0,2011-01-24T00:00:00.000Z,1/24/2011 3:37:00 PM,At Intersection (intersection related),51,PEDALCYCLIST STRUCK MOTOR VEHICLE FRONT END AT ANGLE,,N,Overcast,Dry,Daylight,,11024027.0,Y,45.0,Vehicle - Pedalcyclist,5761,0,N,POINT (1272074.048563406 221834.5122792125),4530.0,0.0,Overcast,2011-01-24,15:37:00,15.0,0,1,1.0,Clear or Partly Cloudy
102517,117452,117452,3377123,Matched,Block,,NE 55TH ST BETWEEN 45TH AVE NE AND NE TULANE PL,,,2,Injury Collision,Cycles,2,0,1,1,1,0,0,2010-06-07T00:00:00.000Z,6/7/2010 6:10:00 PM,Mid-Block (not related to intersection),56,PEDALCYCLIST STRUCK MOTOR VEHICLE LEFT SIDE SIDESWIPE,,N,Clear or Partly Cloudy,Dry,Daylight,,10158004.0,,45.0,Vehicle - Pedalcyclist,34183,0,N,POINT (1284338.324863955 247432.4079214185),20098.0,1.3554418974438498e-05,Clear or Partly Cloudy,2010-06-07,18:10:00,18.0,0,1,1.0,Clear or Partly Cloudy
102521,119259,119259,3558837,Matched,Intersection,37392.0,FREMONT AVE N AND N 102ND ST,,,2,Injury Collision,Cycles,2,0,1,1,1,0,0,2011-04-22T00:00:00.000Z,4/22/2011 8:43:00 AM,At Intersection (intersection related),18,"MOTOR VEHICLE STRUCK PEDALCYCLIST, FRONT END AT ANGLE",,N,Clear or Partly Cloudy,Dry,Daylight,,11112012.0,,45.0,Vehicle - Pedalcyclist,0,0,N,POINT (1266982.788142189 260074.185406372),736.0,0.0,Clear or Partly Cloudy,2011-04-22,08:43:00,8.0,4,1,1.0,Clear or Partly Cloudy
102534,119255,119255,2828090,Matched,Intersection,28209.0,BOYLSTON AVE E AND E LOUISA ST,,,2,Injury Collision,Cycles,2,0,1,1,1,0,0,2011-08-10T00:00:00.000Z,8/10/2011 6:10:00 PM,At Intersection (intersection related),21,"MOTOR VEHICLE STRUCK PEDALCYCLIST, REAR END",,N,Clear or Partly Cloudy,Dry,Daylight,Y,11222002.0,,45.0,Vehicle - Pedalcyclist,37326,0,N,POINT (1273099.423028454 237749.010087505),1111.0,0.0,Clear or Partly Cloudy,2011-08-10,18:10:00,18.0,2,1,1.0,Clear or Partly Cloudy
102554,118152,118152,3386879,Matched,Block,,E MADISON ST BETWEEN 10TH AVE AND E SENECA ST,,,1,Property Damage Only Collision,Cycles,2,0,1,1,0,0,0,2010-10-20T00:00:00.000Z,10/20/2010 5:07:00 PM,Mid-Block (not related to intersection),21,"MOTOR VEHICLE STRUCK PEDALCYCLIST, REAR END",,N,Clear or Partly Cloudy,Dry,Daylight,,10293026.0,,45.0,Vehicle - Pedalcyclist,22931,0,N,POINT (1274025.875317395 226764.1753242612),19991.0,2.2728383117267552e-05,Clear or Partly Cloudy,2010-10-20,17:07:00,17.0,2,1,1.0,Clear or Partly Cloudy
102560,118294,118294,3332745,Matched,Block,,NE 65TH ST BETWEEN 58TH AVE NE AND SAND POINT WAY NE,,,2,Injury Collision,Cycles,2,0,1,1,1,0,0,2010-03-24T00:00:00.000Z,3/24/2010 8:20:00 AM,Mid-Block (not related to intersection),18,"MOTOR VEHICLE STRUCK PEDALCYCLIST, FRONT END AT ANGLE",,N,Clear or Partly Cloudy,Dry,Daylight,Y,10083009.0,,45.0,Vehicle - Pedalcyclist,0,524265,N,POINT (1287666.692739367 249767.1766918153),13915.0,2.9200310446714582e-06,Clear or Partly Cloudy,2010-03-24,08:20:00,8.0,2,1,1.0,Clear or Partly Cloudy
102614,118988,118988,3376193,Matched,Block,,NE NORTHGATE WAY BETWEEN 19TH AVE NE AND 20TH AVE NE,,,2,Injury Collision,Cycles,2,0,1,1,1,0,0,2011-10-09T00:00:00.000Z,10/9/2011,Mid-Block (not related to intersection),21,"MOTOR VEHICLE STRUCK PEDALCYCLIST, REAR END",Y,1,Raining,Wet,Dark - Street Lights On,,11282013.0,,45.0,Vehicle - Pedalcyclist,14639,0,N,POINT (1277577.337657034 261905.7267842442),16714.0,7.570461076813924e-06,Raining,2011-10-09,00:00:00,,6,0,,Raining
102637,117184,117184,3377089,Matched,Intersection,25423.0,14TH AVE NW AND NW MARKET ST,,,2,Injury Collision,Cycles,2,0,1,1,1,0,0,2010-12-15T00:00:00.000Z,12/15/2010 4:45:00 PM,At Intersection (intersection related),18,"MOTOR VEHICLE STRUCK PEDALCYCLIST, FRONT END AT ANGLE",Y,N,Raining,Wet,Dark - Street Lights On,Y,10349032.0,,45.0,Vehicle - Pedalcyclist,0,520756,N,POINT (1260938.171943992 247706.2063857019),7584.0,0.0,Raining,2010-12-15,16:45:00,16.0,2,1,1.0,Raining
102700,118574,118574,2670129,Matched,Intersection,27975.0,W GARFIELD ST AND DEAD END 1,,,1,Property Damage Only Collision,Cycles,2,0,1,1,0,0,0,2011-06-04T00:00:00.000Z,6/4/2011 3:10:00 PM,At Intersection (intersection related),51,PEDALCYCLIST STRUCK MOTOR VEHICLE FRONT END AT ANGLE,,N,Clear or Partly Cloudy,Dry,Daylight,,11155039.0,,45.0,Vehicle - Pedalcyclist,0,0,N,,,,Clear or Partly Cloudy,2011-06-04,15:10:00,15.0,5,0,1.0,Clear or Partly Cloudy
102759,118861,118861,3283073,Matched,Intersection,29994.0,M L KING JR WAY AND E OLIVE ST,,,2,Injury Collision,Cycles,2,0,1,1,1,0,0,2011-08-14T00:00:00.000Z,8/14/2011 10:46:00 AM,At Intersection (intersection related),51,PEDALCYCLIST STRUCK MOTOR VEHICLE FRONT END AT ANGLE,,0,Clear or Partly Cloudy,Dry,Daylight,,11226003.0,,45.0,Vehicle - Pedalcyclist,35400,0,N,POINT (1279651.271227166 228292.7430698276),6492.0,0.0,Clear or Partly Cloudy,2011-08-14,10:46:00,10.0,6,0,0.0,Clear or Partly Cloudy
102764,118720,118720,3559534,Matched,Block,,12TH AVE S BETWEEN BOREN AVE S AND 12TH AVE S TURN RD,,,2,Injury Collision,Cycles,3,0,1,1,1,0,0,2011-08-31T00:00:00.000Z,8/31/2011 8:14:00 AM,Driveway Junction,18,"MOTOR VEHICLE STRUCK PEDALCYCLIST, FRONT END AT ANGLE",,0,Clear or Partly Cloudy,Dry,Daylight,,11243032.0,,45.0,Vehicle - Pedalcyclist,0,0,N,POINT (1274375.688757762 222599.8456559926),2339.0,7.054312675691165e-09,Clear or Partly Cloudy,2011-08-31,08:14:00,8.0,2,1,1.0,Clear or Partly Cloudy
102788,117472,117472,3565539,Matched,Block,,WALLINGFORD AVE N BETWEEN N 38TH ST AND N 39TH ST,,,2,Injury Collision,Cycles,2,0,1,1,1,0,0,2010-10-26T00:00:00.000Z,10/26/2010 6:00:00 PM,Mid-Block (not related to intersection),23,"MOTOR VEHICLE STRUCK PEDALCYCLIST, LEFT SIDE SIDESWIPE",,N,Raining,Wet,Dusk,,10299028.0,,45.0,Vehicle - Pedalcyclist,6183,0,N,POINT (1270021.217841297 242078.1082039475),23358.0,2.0041503604200588e-05,Raining,2010-10-26,18:00:00,18.0,1,1,1.0,Raining
102837,118033,118033,3342095,Matched,Block,,ROY ST BETWEEN 9TH AVE N AND VALLEY ST,,,1,Property Damage Only Collision,Cycles,2,0,1,1,0,0,0,2010-02-10T00:00:00.000Z,2/10/2010 4:05:00 PM,Mid-Block (not related to intersection),21,"MOTOR VEHICLE STRUCK PEDALCYCLIST, REAR END",,N,Raining,Wet,Daylight,,10041004.0,,45.0,Vehicle - Pedalcyclist,0,0,N,POINT (1269105.841584355 231830.6835534424),13725.0,3.204017498135113e-09,Raining,2010-02-10,16:05:00,16.0,2,1,1.0,Raining
102886,118730,118730,3567942,Matched,Intersection,29603.0,2ND AVE AND UNIVERSITY ST,,,2,Injury Collision,Cycles,2,0,1,1,1,0,0,2011-04-27T00:00:00.000Z,4/27/2011 5:30:00 PM,At Intersection (intersection related),18,"MOTOR VEHICLE STRUCK PEDALCYCLIST, FRONT END AT ANGLE",,N,Raining,Wet,Daylight,Y,11117014.0,,45.0,Vehicle - Pedalcyclist,0,520994,N,POINT (1269492.709168762 225148.3088906109),2490.0,0.0,Raining,2011-04-27,17:30:00,17.0,2,1,1.0,Raining
102970,118040,118040,3345930,Matched,Block,,W DRAVUS ST BETWEEN 20TH AVE W AND 21ST AVE W,,,2b,Serious Injury Collision,Cycles,4,0,1,1,1,1,0,2010-07-29T00:00:00.000Z,7/29/2010 2:05:00 PM,Mid-Block (not related to intersection),51,PEDALCYCLIST STRUCK MOTOR VEHICLE FRONT END AT ANGLE,,0,Clear or Partly Cloudy,Dry,Daylight,,10210025.0,,45.0,Vehicle - Pedalcyclist,0,0,N,POINT (1258553.197989553 240381.2529702038),12968.0,2.4371530744858216e-06,Clear or Partly Cloudy,2010-07-29,14:05:00,14.0,3,1,0.0,Clear or Partly Cloudy
102987,118318,118318,3387287,Matched,Block,,S MCCLELLAN ST BETWEEN 26TH AVE S AND RAINIER AVE S,,,2,Injury Collision,Cycles,2,0,1,1,1,0,0,2010-08-25T00:00:00.000Z,8/25/2010 3:16:00 PM,Mid-Block (not related to intersection),18,"MOTOR VEHICLE STRUCK PEDALCYCLIST, FRONT END AT ANGLE",,N,Clear or Partly Cloudy,Dry,Daylight,,10237002.0,,45.0,Vehicle - Pedalcyclist,0,0,N,POINT (1278755.628346249 214408.0959516019),1838.0,1.13931458225806e-05,Clear or Partly Cloudy,2010-08-25,15:16:00,15.0,2,1,1.0,Clear or Partly Cloudy
103013,118879,118879,3559331,Matched,Block,,ROOSEVELT WAY NE BETWEEN NE 41ST ST AND NE 42ND S ST,,,2,Injury Collision,Cycles,2,0,1,1,1,0,0,2011-03-25T00:00:00.000Z,3/25/2011 10:08:00 AM,Driveway Junction,51,PEDALCYCLIST STRUCK MOTOR VEHICLE FRONT END AT ANGLE,,N,Clear or Partly Cloudy,Dry,Daylight,,11084018.0,,45.0,Vehicle - Pedalcyclist,8974,0,N,POINT (1274597.998005986 243255.3891011477),17459.0,0.0,Clear or Partly Cloudy,2011-03-25,10:08:00,10.0,4,1,0.0,Clear or Partly Cloudy
103022,118452,118452,3345853,Matched,Block,,SEWARD PARK AVE S BETWEEN S KENYON ST AND S BUDD CT,,,1,Property Damage Only Collision,Cycles,2,0,1,1,0,0,0,2010-09-18T00:00:00.000Z,9/18/2010 10:00:00 AM,Mid-Block (not related to intersection),23,"MOTOR VEHICLE STRUCK PEDALCYCLIST, LEFT SIDE SIDESWIPE",,N,Unknown,Unknown,Unknown,Y,10261023.0,,45.0,Vehicle - Pedalcyclist,37675,0,N,POINT (1286424.597698092 196880.4920936674),6667.0,2.1598422191330855e-05,,2010-09-18,10:00:00,10.0,5,0,0.0,
103074,117216,117216,3276710,Matched,Intersection,26673.0,LEARY WAY NW AND NW 39TH ST,,,1,Property Damage Only Collision,Cycles,4,0,1,2,0,0,0,2010-04-03T00:00:00.000Z,4/3/2010 9:33:00 PM,At Intersection (intersection related),18,"MOTOR VEHICLE STRUCK PEDALCYCLIST, FRONT END AT ANGLE",,N,Raining,Wet,Dark - Street Lights On,,10093003.0,,45.0,Vehicle - Pedalcyclist,17451,0,N,POINT (1264164.958763301 242344.6294202209),3623.0,0.0,Raining,2010-04-03,21:33:00,21.0,5,0,0.0,Raining
103082,117214,117214,3335243,Matched,Intersection,28045.0,4TH AVE N AND FREMONT BR,,,2,Injury Collision,Cycles,2,0,1,1,1,0,0,2010-04-01T00:00:00.000Z,4/1/2010 9:45:00 AM,At Intersection (intersection related),51,PEDALCYCLIST STRUCK MOTOR VEHICLE FRONT END AT ANGLE,Y,N,Clear or Partly Cloudy,Dry,Daylight,,10091007.0,,45.0,Vehicle - Pedalcyclist,17117,0,N,POINT (1266653.095981851 239644.4832414538),10319.0,0.0,Clear or Partly Cloudy,2010-04-01,09:45:00,9.0,3,1,1.0,Clear or Partly Cloudy
103104,117772,117772,3208647,Matched,Intersection,29702.0,2ND AVE AND BELL ST,,,2,Injury Collision,Cycles,2,0,1,1,1,0,0,2010-08-05T00:00:00.000Z,8/5/2010 7:05:00 PM,At Intersection (intersection related),18,"MOTOR VEHICLE STRUCK PEDALCYCLIST, FRONT END AT ANGLE",,N,Clear or Partly Cloudy,Dry,Daylight,,10217032.0,,45.0,Vehicle - Pedalcyclist,0,521007,N,POINT (1267428.198190644 227648.0385571718),6173.0,0.0,Clear or Partly Cloudy,2010-08-05,19:05:00,19.0,3,1,1.0,Clear or Partly Cloudy
103129,118607,118607,3466952,Matched,Intersection,27035.0,FREMONT AVE N AND FREMONT PL N,,,2,Injury Collision,Cycles,2,0,1,1,1,0,0,2011-06-15T00:00:00.000Z,6/15/2011 8:46:00 AM,At Intersection (intersection related),18,"MOTOR VEHICLE STRUCK PEDALCYCLIST, FRONT END AT ANGLE",,N,Overcast,Wet,Daylight,,11166015.0,,45.0,Vehicle - Pedalcyclist,0,522545,N,POINT (1266658.612013862 240940.0040107816),6356.0,0.0,Overcast,2011-06-15,08:46:00,8.0,2,1,1.0,Clear or Partly Cloudy
103143,118603,118603,3568205,Matched,Block,,UNIVERSITY ST BETWEEN 4TH AVE AND 5TH AVE,,,2,Injury Collision,Cycles,2,0,1,1,1,0,0,2011-09-28T00:00:00.000Z,9/28/2011 8:25:00 AM,Mid-Block (not related to intersection),56,PEDALCYCLIST STRUCK MOTOR VEHICLE LEFT SIDE SIDESWIPE,,N,Unknown,Unknown,Daylight,,11271019.0,,45.0,Vehicle - Pedalcyclist,36420,0,N,POINT (1270185.432881474 225558.4306830317),996.0,2.8177222312144217e-06,,2011-09-28,08:25:00,8.0,2,1,1.0,
103148,119158,119158,3505533,Matched,Intersection,29632.0,ALASKAN WAY AND SPRING ST,,,2,Injury Collision,Cycles,1,0,1,0,1,0,0,2011-11-13T00:00:00.000Z,11/13/2011 5:37:00 PM,At Intersection (intersection related),69,PEDALCYCLIST OVERTURNED IN ROAD,,N,Clear or Partly Cloudy,Dry,Dark - Street Lights On,,11317030.0,,45.0,Vehicle - Pedalcyclist,0,0,N,POINT (1268978.35166423 224132.6800895631),3766.0,0.0,Clear or Partly Cloudy,2011-11-13,17:37:00,17.0,6,0,1.0,Clear or Partly Cloudy
103157,119021,119021,3373665,Matched,Block,,1ST AVE BETWEEN SPRING ST AND SENECA ST,,,2,Injury Collision,Cycles,2,0,1,1,1,0,0,2011-06-05T00:00:00.000Z,6/5/2011 10:11:00 AM,Mid-Block (not related to intersection),51,PEDALCYCLIST STRUCK MOTOR VEHICLE FRONT END AT ANGLE,,N,Clear or Partly Cloudy,Dry,Daylight,Y,11156009.0,,45.0,Vehicle - Pedalcyclist,36752,0,N,POINT (1269449.773296714 224589.0553860366),8365.0,3.7123569208211534e-05,Clear or Partly Cloudy,2011-06-05,10:11:00,10.0,6,0,0.0,Clear or Partly Cloudy
103321,117233,117233,3342841,Matched,Block,,DELRIDGE WAY SW BETWEEN SW BRANDON ST AND SW FINDLAY ST,,,2b,Serious Injury Collision,Cycles,3,0,1,1,1,1,0,2010-09-19T00:00:00.000Z,9/19/2010 4:05:00 PM,Mid-Block (not related to intersection),51,PEDALCYCLIST STRUCK MOTOR VEHICLE FRONT END AT ANGLE,,N,Clear or Partly Cloudy,Dry,Daylight,Y,10262004.0,,45.0,Vehicle - Pedalcyclist,0,0,N,POINT (1262712.745577812 205406.4490303844),21579.0,2.021049566173787e-05,Clear or Partly Cloudy,2010-09-19,16:05:00,16.0,6,0,1.0,Clear or Partly Cloudy