OBJECTID,INCKEY,COLDETKEY,REPORTNO,STATUS,ADDRTYPE,INTKEY,LOCATION,EXCEPTRSNC,EXCEPTRSND,SEVERITYCO,SEVERITYDE,COLLISIONT,PERSONCOUN,PEDCOUNT,PEDCYLCOUN,VEHCOUNT,INJURIES,SERIOUSINJ,FATALITIES,INCDATE,INCDTTM,JUNCTIONTY,SDOT_COLCO,SDOT_COLDE,INATTENTIO,UNDERINFL,WEATHER,ROADCOND,LIGHTCOND,PEDROWNOTG,SDOTCOLNUM,SPEEDING,ST_COLCODE,ST_COLDESC,SEGLANEKEY,CROSSWALKK,HITPARKEDC,geometry,near_str_index,min_length,weather_group,date,time,hour,dayofweek,weekday,rushhour,weather_group2
103395,118208,118208,3329585,Matched,Intersection,28294.0,EASTLAKE AVE E AND E EDGAR ST,,,2,Injury Collision,Cycles,2,0,1,1,1,0,0,2010-05-21T00:00:00.000Z,5/21/2010 2:55:00 PM,At Intersection (intersection related),51,PEDALCYCLIST STRUCK MOTOR VEHICLE FRONT END AT ANGLE,,N,Clear or Partly Cloudy,Dry,Daylight,Y,10141030.0,,45.0,Vehicle - Pedalcyclist,24709,0,N,POINT (1272519.139635861 238659.0959764421),6828.0,0.0,Clear or Partly Cloudy,2010-05-21,14:55:00,14.0,4,1,0.0,Clear or Partly Cloudy
103411,118760,118760,3546342,Matched,Block,,1ST AVE BETWEEN UNION ST AND PIKE ST,,,2b,Serious Injury Collision,Cycles,2,0,1,1,1,1,0,2011-12-03T00:00:00.000Z,12/3/2011 4:00:00 PM,Mid-Block (not related to intersection),18,"MOTOR VEHICLE STRUCK PEDALCYCLIST, FRONT END AT ANGLE",,N,Clear or Partly Cloudy,Dry,Dusk,,11337022.0,,45.0,Vehicle - Pedalcyclist,36675,0,N,POINT (1268890.208304137 225534.2326029986),16932.0,0.0,Clear or Partly Cloudy,2011-12-03,16:00:00,16.0,5,0,1.0,Clear or Partly Cloudy
103456,117237,117237,3376405,Matched,Intersection,25294.0,3RD AVE NW AND NW 56TH ST,,,2b,Serious Injury Collision,Cycles,2,0,1,1,1,1,0,2010-12-29T00:00:00.000Z,12/29/2010 4:38:00 PM,At Intersection (intersection related),18,"MOTOR VEHICLE STRUCK PEDALCYCLIST, FRONT END AT ANGLE",,N,Clear or Partly Cloudy,Dry,Dusk,Y,10363011.0,,45.0,Vehicle - Pedalcyclist,33517,0,N,POINT (1264093.707563236 247921.4895859212),9215.0,0.0,Clear or Partly Cloudy,2010-12-29,16:38:00,16.0,2,1,1.0,Clear or Partly Cloudy
103460,119043,119043,2619567,Matched,Block,,SW TRENTON ST BETWEEN 30TH AVE SW AND 31ST AVE SW,,,2,Injury Collision,Cycles,3,0,1,1,2,0,0,2011-09-18T00:00:00.000Z,9/18/2011 1:40:00 PM,Driveway Junction,18,"MOTOR VEHICLE STRUCK PEDALCYCLIST, FRONT END AT ANGLE",,0,Overcast,Wet,Daylight,,11261034.0,,45.0,Vehicle - Pedalcyclist,0,0,N,POINT (1260297.235111341 195182.0564439148),15072.0,1.915803284585069e-05,Overcast,2011-09-18,13:40:00,13.0,6,0,0.0,Clear or Partly Cloudy
103516,118355,118355,3325962,Matched,Block,,SENECA ST BETWEEN 8TH AVE AND 9TH AVE,,,2,Injury Collision,Cycles,2,0,1,1,1,0,0,2010-02-09T00:00:00.000Z,2/9/2010,Driveway Junction,18,"MOTOR VEHICLE STRUCK PEDALCYCLIST, FRONT END AT ANGLE",,0,Clear or Partly Cloudy,Dry,Daylight,,10040022.0,,45.0,Vehicle - Pedalcyclist,9110,0,N,POINT (1271448.569138765 225950.8596754223),3756.0,2.4785537565728186e-05,Clear or Partly Cloudy,2010-02-09,00:00:00,,1,1,,Clear or Partly Cloudy
103556,118773,118773,3565250,Matched,Intersection,27213.0,EASTERN AVE N AND N 42ND ST,,,2,Injury Collision,Cycles,2,0,1,1,1,0,0,2011-05-08T00:00:00.000Z,5/8/2011 4:01:00 PM,At Intersection (intersection related),18,"MOTOR VEHICLE STRUCK PEDALCYCLIST, FRONT END AT ANGLE",,N,Clear or Partly Cloudy,Dry,Daylight,,11128021.0,,45.0,Vehicle - Pedalcyclist,0,0,N,POINT (1271841.922099158 243578.124461472),1245.0,0.0,Clear or Partly Cloudy,2011-05-08,16:01:00,16.0,6,0,1.0,Clear or Partly Cloudy
103611,117809,117809,3329578,Matched,Block,,12TH AVE BETWEEN E REMINGTON CT AND E JEFFERSON ST,,,2,Injury Collision,Cycles,2,0,1,1,1,0,0,2010-03-05T00:00:00.000Z,3/5/2010 8:15:00 PM,Mid-Block (not related to intersection),18,"MOTOR VEHICLE STRUCK PEDALCYCLIST, FRONT END AT ANGLE",,N,Clear or Partly Cloudy,Dry,Dark - Street Lights On,,10064015.0,,45.0,Vehicle - Pedalcyclist,10614,0,N,POINT (1274490.98603788 224535.4521859735),2320.0,7.449163053530303e-09,Clear or Partly Cloudy,2010-03-05,20:15:00,20.0,4,1,0.0,Clear or Partly Cloudy
103632,117386,117386,3333045,Matched,Intersection,26737.0,15TH NB AVE NW AND NW 45TH ST,,,2,Injury Collision,Cycles,2,0,1,1,1,0,0,2010-08-28T00:00:00.000Z,8/28/2010 5:09:00 PM,At Intersection (intersection related),51,PEDALCYCLIST STRUCK MOTOR VEHICLE FRONT END AT ANGLE,,N,Clear or Partly Cloudy,Dry,Daylight,Y,10240016.0,,45.0,Vehicle - Pedalcyclist,41891,0,N,POINT (1260266.364711314 245117.4680790603),2411.0,0.0,Clear or Partly Cloudy,2010-08-28,17:09:00,17.0,5,0,1.0,Clear or Partly Cloudy
103640,118084,118084,3376785,Matched,Block,,ROOSEVELT WAY NE BETWEEN NE 45TH ST AND NE 47TH ST,,,1,Property Damage Only Collision,Cycles,2,0,1,1,0,0,0,2010-08-17T00:00:00.000Z,8/17/2010 2:02:00 PM,Mid-Block (not related to intersection),51,PEDALCYCLIST STRUCK MOTOR VEHICLE FRONT END AT ANGLE,,N,Clear or Partly Cloudy,Dry,Daylight,Y,10229024.0,,45.0,Vehicle - Pedalcyclist,10833,0,N,POINT (1274721.706934109 245075.8127190173),19913.0,2.054423759327244e-05,Clear or Partly Cloudy,2010-08-17,14:02:00,14.0,1,1,0.0,Clear or Partly Cloudy
103733,119060,119060,3559795,Matched,Intersection,30135.0,15TH AVE AND E PINE ST,,,2,Injury Collision,Cycles,2,0,1,1,1,0,0,2011-06-05T00:00:00.000Z,6/5/2011 5:29:00 PM,At Intersection (intersection related),18,"MOTOR VEHICLE STRUCK PEDALCYCLIST, FRONT END AT ANGLE",,N,Clear or Partly Cloudy,Dry,Daylight,,11156003.0,,45.0,Vehicle - Pedalcyclist,8604,0,N,POINT (1275547.013430953 227945.2317734659),2385.0,0.0,Clear or Partly Cloudy,2011-06-05,17:29:00,17.0,6,0,1.0,Clear or Partly Cloudy
103740,117670,117670,3207737,Matched,Intersection,29734.0,BOYLSTON AVE AND E PINE ST,,,2,Injury Collision,Cycles,2,0,1,1,1,0,0,2010-03-09T00:00:00.000Z,3/9/2010 8:12:00 PM,At Intersection (intersection related),18,"MOTOR VEHICLE STRUCK PEDALCYCLIST, FRONT END AT ANGLE",,N,Clear or Partly Cloudy,Dry,Dark - Street Lights On,,10068016.0,,45.0,Vehicle - Pedalcyclist,10374,0,N,POINT (1272920.548660263 227975.5196454972),6198.0,0.0,Clear or Partly Cloudy,2010-03-09,20:12:00,20.0,1,1,0.0,Clear or Partly Cloudy
103762,117532,117532,3377234,Matched,Intersection,37475.0,5TH AVE NE AND NE 103RD ST,,,2,Injury Collision,Cycles,2,0,1,1,1,0,0,2010-05-19T00:00:00.000Z,5/19/2010 12:58:00 PM,At Intersection (intersection related),18,"MOTOR VEHICLE STRUCK PEDALCYCLIST, FRONT END AT ANGLE",,N,Clear or Partly Cloudy,Ice,Daylight,Y,10139002.0,,45.0,Vehicle - Pedalcyclist,0,525674,N,POINT (1273607.151412964 260034.4928623289),12473.0,0.0,Clear or Partly Cloudy,2010-05-19,12:58:00,12.0,2,1,0.0,Clear or Partly Cloudy
103804,118095,118095,2905536,Matched,Intersection,24594.0,NE 68TH ST AND NE RAVENNA EB BV,,,2,Injury Collision,Cycles,2,0,1,1,1,0,0,2010-11-13T00:00:00.000Z,11/13/2010 9:05:00 AM,At Intersection (intersection related),51,PEDALCYCLIST STRUCK MOTOR VEHICLE FRONT END AT ANGLE,,N,Overcast,Wet,Daylight,,10317013.0,,45.0,Vehicle - Pedalcyclist,0,0,N,POINT (1273238.496308595 250710.6275087893),4209.0,0.0,Overcast,2010-11-13,09:05:00,9.0,5,0,1.0,Clear or Partly Cloudy
103811,118926,118926,2905994,Matched,Intersection,29738.0,10TH AVE AND E PINE ST,,,2,Injury Collision,Cycles,2,0,1,1,1,0,0,2011-05-14T00:00:00.000Z,5/14/2011 8:39:00 PM,At Intersection (intersection related),18,"MOTOR VEHICLE STRUCK PEDALCYCLIST, FRONT END AT ANGLE",,0,Raining,Wet,Dark - Street Lights On,Y,11134012.0,,45.0,Vehicle - Pedalcyclist,10405,0,N,POINT (1273894.705717266 227961.786013484),11240.0,0.0,Raining,2011-05-14,20:39:00,20.0,5,0,0.0,Raining
103851,119337,119337,3210739,Matched,Intersection,37612.0,24TH AVE NE AND LAKE CITY WAY NE,,,2b,Serious Injury Collision,Cycles,2,0,1,1,1,1,0,2011-04-06T00:00:00.000Z,4/6/2011 5:03:00 PM,At Intersection (intersection related),11,"MOTOR VEHICLE STRUCK MOTOR VEHICLE, FRONT END AT ANGLE",,N,Raining,Wet,Daylight,Y,11096002.0,,45.0,Vehicle - Pedalcyclist,17941,0,N,POINT (1278917.833274409 260444.6611827463),10335.0,0.0,Raining,2011-04-06,17:03:00,17.0,2,1,1.0,Raining
103880,117970,117970,3200796,Matched,Intersection,29852.0,BOREN AVE AND HOWELL ST,,,2,Injury Collision,Cycles,2,0,1,1,1,0,0,2010-08-11T00:00:00.000Z,8/11/2010 6:13:00 PM,At Intersection (intersection related),18,"MOTOR VEHICLE STRUCK PEDALCYCLIST, FRONT END AT ANGLE",,N,Clear or Partly Cloudy,Dry,Daylight,,10223003.0,,45.0,Vehicle - Pedalcyclist,0,522452,N,POINT (1270954.168370247 228356.6383658946),640.0,0.0,Clear or Partly Cloudy,2010-08-11,18:13:00,18.0,2,1,1.0,Clear or Partly Cloudy
103947,118519,118519,3559027,Matched,Block,,35TH AVE NE BETWEEN NE 110TH ST AND NE 113TH ST,,,2,Injury Collision,Cycles,1,0,1,0,1,0,0,2010-09-10T00:00:00.000Z,9/10/2010 7:00:00 PM,Mid-Block (not related to intersection),51,PEDALCYCLIST STRUCK MOTOR VEHICLE FRONT END AT ANGLE,,N,Overcast,Dry,Daylight,,10253032.0,,45.0,Vehicle - Pedalcyclist,3389,0,N,POINT (1281629.328445181 262119.474112466),2855.0,7.444608516306463e-09,Overcast,2010-09-10,19:00:00,19.0,4,1,1.0,Clear or Partly Cloudy
103956,118515,118515,3375233,Matched,Intersection,26647.0,6TH AVE NW AND NW 40TH ST,,,2,Injury Collision,Cycles,2,0,1,1,1,0,0,2010-06-04T00:00:00.000Z,6/4/2010 4:10:00 PM,At Intersection (intersection related),51,PEDALCYCLIST STRUCK MOTOR VEHICLE FRONT END AT ANGLE,,N,Overcast,Dry,Daylight,,10155045.0,,45.0,Vehicle - Pedalcyclist,0,0,N,POINT (1263310.90897043 243058.5153729469),9700.0,0.0,Overcast,2010-06-04,16:10:00,16.0,4,1,1.0,Clear or Partly Cloudy
103985,119212,119212,3565981,Matched,Intersection,29370.0,16TH AVE E AND E THOMAS ST,,,2,Injury Collision,Cycles,2,0,1,1,1,0,0,2011-08-01T00:00:00.000Z,8/1/2011,At Intersection (intersection related),18,"MOTOR VEHICLE STRUCK PEDALCYCLIST, FRONT END AT ANGLE",,0,Clear or Partly Cloudy,Dry,Daylight,,11213003.0,,45.0,Vehicle - Pedalcyclist,0,0,N,POINT (1275924.470071346 229839.5828794092),3956.0,0.0,Clear or Partly Cloudy,2011-08-01,00:00:00,,0,1,,Clear or Partly Cloudy
104038,118109,118109,3288055,Matched,Block,,DELRIDGE WAY SW BETWEEN SW HENDERSON ST AND 20TH AVE SW,,,2,Injury Collision,Cycles,3,0,1,1,1,0,0,2010-01-23T00:00:00.000Z,1/23/2010 1:53:00 PM,Mid-Block (but intersection related),18,"MOTOR VEHICLE STRUCK PEDALCYCLIST, FRONT END AT ANGLE",,N,Overcast,Dry,Daylight,Y,10023002.0,,45.0,Vehicle - Pedalcyclist,0,0,N,POINT (1263319.01060243 194271.6629709899),17902.0,6.443065081157544e-09,Overcast,2010-01-23,13:53:00,13.0,5,0,0.0,Clear or Partly Cloudy
104039,118381,118381,3325928,Matched,Block,,S JACKSON ST BETWEEN 6TH AVE S AND MAYNARD AVE S,,,2,Injury Collision,Cycles,2,0,1,1,1,0,0,2010-03-10T00:00:00.000Z,3/10/2010 8:05:00 AM,Mid-Block (but intersection related),51,PEDALCYCLIST STRUCK MOTOR VEHICLE FRONT END AT ANGLE,,N,Clear or Partly Cloudy,Dry,Daylight,Y,10069028.0,,45.0,Vehicle - Pedalcyclist,24416,0,N,POINT (1272241.301555574 222136.9774955213),1803.0,2.030286019987107e-05,Clear or Partly Cloudy,2010-03-10,08:05:00,8.0,2,1,1.0,Clear or Partly Cloudy
104146,117279,117279,3331959,Matched,Block,,29TH AVE S BETWEEN S WASHINGTON ST AND S MAIN ST,,,2,Injury Collision,Cycles,3,0,1,1,1,0,0,2010-05-17T00:00:00.000Z,5/17/2010 8:54:00 AM,Mid-Block (but intersection related),23,"MOTOR VEHICLE STRUCK PEDALCYCLIST, LEFT SIDE SIDESWIPE",,N,Clear or Partly Cloudy,Dry,Daylight,,10137006.0,,45.0,Vehicle - Pedalcyclist,0,0,N,POINT (1279827.443003342 222493.210647881),256.0,0.0,Clear or Partly Cloudy,2010-05-17,08:54:00,8.0,0,1,1.0,Clear or Partly Cloudy
104184,117558,117558,3287346,Matched,Block,,MONTLAKE BLVD NE BETWEEN 25TH AVE NE AND NE 44TH ST,,,2,Injury Collision,Cycles,2,0,1,1,1,0,0,2010-06-01T00:00:00.000Z,6/1/2010 6:00:00 PM,Mid-Block (not related to intersection),23,"MOTOR VEHICLE STRUCK PEDALCYCLIST, LEFT SIDE SIDESWIPE",,N,Raining,Wet,Daylight,,10152034.0,,45.0,Vehicle - Pedalcyclist,26658,0,N,POINT (1278836.525498331 244087.2692299932),17298.0,1.886277246828512e-05,Raining,2010-06-01,18:00:00,18.0,1,1,1.0,Raining
104185,117843,117843,3560682,Matched,Intersection,29893.0,8TH AVE AND PIKE ST,,,2,Injury Collision,Cycles,3,0,2,1,1,0,0,2010-12-16T00:00:00.000Z,12/16/2010 7:54:00 PM,At Intersection (intersection related),21,"MOTOR VEHICLE STRUCK PEDALCYCLIST, REAR END",,N,Overcast,Dry,Dark - Street Lights On,,10350005.0,,45.0,Vehicle - Pedalcyclist,21880,0,N,POINT (1270720.985650018 226865.1572763622),564.0,0.0,Overcast,2010-12-16,19:54:00,19.0,3,1,1.0,Clear or Partly Cloudy
104219,118817,118817,3283123,Matched,Intersection,29446.0,32ND AVE E AND LAKE WASHINGTON BLVD E,,,2,Injury Collision,Cycles,3,0,1,1,1,0,0,2011-05-17T00:00:00.000Z,5/17/2011 3:41:00 PM,At Intersection (intersection related),18,"MOTOR VEHICLE STRUCK PEDALCYCLIST, FRONT END AT ANGLE",,N,Clear or Partly Cloudy,Dry,Daylight,Y,11137001.0,,45.0,Vehicle - Pedalcyclist,8960,0,N,POINT (1280968.790844515 231367.6325449795),2795.0,0.0,Clear or Partly Cloudy,2011-05-17,15:41:00,15.0,1,1,1.0,Clear or Partly Cloudy
104311,118543,118543,3562260,Matched,Intersection,30355.0,2ND AVE AND CHERRY ST,,,2,Injury Collision,Cycles,2,0,1,1,1,0,0,2011-09-07T00:00:00.000Z,9/7/2011,At Intersection (intersection related),18,"MOTOR VEHICLE STRUCK PEDALCYCLIST, FRONT END AT ANGLE",,0,Clear or Partly Cloudy,Dry,Daylight,,11250002.0,,45.0,Vehicle - Pedalcyclist,12035,0,N,POINT (1270427.74891372 223568.6895609945),2488.0,0.0,Clear or Partly Cloudy,2011-09-07,00:00:00,,2,1,,Clear or Partly Cloudy
104316,118541,118541,3559540,Matched,Intersection,29794.0,13TH AVE AND E CHERRY ST,,,2,Injury Collision,Cycles,2,0,1,1,1,0,0,2011-09-04T00:00:00.000Z,9/4/2011,At Intersection (intersection related),51,PEDALCYCLIST STRUCK MOTOR VEHICLE FRONT END AT ANGLE,,0,Clear or Partly Cloudy,Dry,Daylight,,11247004.0,,45.0,Vehicle - Pedalcyclist,0,0,N,POINT (1274832.526134223 225319.8816267848),55.0,0.0,Clear or Partly Cloudy,2011-09-04,00:00:00,,6,0,,Clear or Partly Cloudy
104343,118682,118682,3564601,Matched,Intersection,26679.0,1ST AVE NW AND NW 36TH ST,,,2,Injury Collision,Cycles,2,0,1,1,1,0,0,2011-04-01T00:00:00.000Z,4/1/2011 12:46:00 PM,At Intersection (intersection related),18,"MOTOR VEHICLE STRUCK PEDALCYCLIST, FRONT END AT ANGLE",,N,Raining,Wet,Daylight,,11091009.0,,45.0,Vehicle - Pedalcyclist,0,0,N,POINT (1264748.164139897 241902.3853237629),1560.0,0.0,Raining,2011-04-01,12:46:00,12.0,4,1,0.0,Raining
104347,118547,118547,3545586,Matched,Intersection,486567.0,M L KING JR ER WAY S AND S OTHELLO ST,,,2,Injury Collision,Cycles,2,0,1,1,1,0,0,2011-09-24T00:00:00.000Z,9/24/2011 4:00:00 PM,At Intersection (intersection related),18,"MOTOR VEHICLE STRUCK PEDALCYCLIST, FRONT END AT ANGLE",,N,Clear or Partly Cloudy,Dry,Daylight,,11267004.0,,45.0,Vehicle - Pedalcyclist,0,545762,N,POINT (1282818.003262401 199264.2156801075),1865.0,0.0,Clear or Partly Cloudy,2011-09-24,16:00:00,16.0,5,0,1.0,Clear or Partly Cloudy
104397,118967,118967,3377826,Matched,Block,,5TH AVE BETWEEN BLANCHARD ST AND BELL ST,,,2,Injury Collision,Cycles,2,0,1,1,1,0,0,2011-01-27T00:00:00.000Z,1/27/2011 1:00:00 AM,Mid-Block (not related to intersection),21,"MOTOR VEHICLE STRUCK PEDALCYCLIST, REAR END",,N,Clear or Partly Cloudy,Dry,Dark - Street Lights On,,11027001.0,,45.0,Vehicle - Pedalcyclist,36118,0,N,POINT (1268235.869999468 228219.2531497478),15550.0,1.0524700790821315e-08,Clear or Partly Cloudy,2011-01-27,01:00:00,1.0,3,1,0.0,Clear or Partly Cloudy
104398,118821,118821,3466659,Matched,Intersection,24804.0,23RD AVE NE AND NE 65TH ST,,,2,Injury Collision,Cycles,2,0,1,1,1,0,0,2011-08-27T00:00:00.000Z,8/27/2011 11:11:00 AM,At Intersection (intersection related),18,"MOTOR VEHICLE STRUCK PEDALCYCLIST, FRONT END AT ANGLE",,0,Clear or Partly Cloudy,Dry,Daylight,,11239019.0,,45.0,Vehicle - Pedalcyclist,0,0,N,POINT (1278440.231225923 249957.8897160143),4203.0,0.0,Clear or Partly Cloudy,2011-08-27,11:11:00,11.0,5,0,0.0,Clear or Partly Cloudy
104401,117436,117436,3374105,Matched,Block,,BEACON AVE S BETWEEN S HANFORD ST AND S HORTON ST,,,2,Injury Collision,Cycles,2,0,1,1,1,0,0,2010-09-12T00:00:00.000Z,9/12/2010 1:25:00 PM,Mid-Block (not related to intersection),51,PEDALCYCLIST STRUCK MOTOR VEHICLE FRONT END AT ANGLE,Y,N,Clear or Partly Cloudy,Dry,Daylight,Y,10255001.0,,45.0,Vehicle - Pedalcyclist,13391,0,N,POINT (1276176.738871604 213077.3132942468),3361.0,7.324608281073104e-09,Clear or Partly Cloudy,2010-09-12,13:25:00,13.0,6,0,0.0,Clear or Partly Cloudy
104415,117442,117442,3326062,Matched,Intersection,29566.0,4TH AVE AND OLIVE WAY,,,2,Injury Collision,Cycles,2,1,1,0,2,0,0,2010-05-07T00:00:00.000Z,5/7/2010 7:35:00 AM,At Intersection (intersection related),64,PEDALCYCLIST STRUCK PEDESTRIAN,,N,Clear or Partly Cloudy,Dry,Daylight,,10127011.0,,45.0,Vehicle - Pedalcyclist,12774,523727,N,POINT (1269168.478512421 226935.948188439),14218.0,0.0,Clear or Partly Cloudy,2010-05-07,07:35:00,7.0,4,1,1.0,Clear or Partly Cloudy
104462,120084,120084,3559325,Matched,Block,,NW 45TH ST BETWEEN 11TH AVE NW AND 14TH AVE NW,,,2,Injury Collision,Cycles,1,0,1,0,1,0,0,2011-04-04T00:00:00.000Z,4/4/2011 5:02:00 PM,Mid-Block (not related to intersection),69,PEDALCYCLIST OVERTURNED IN ROAD,,N,Raining,Wet,Daylight,,11094019.0,,45.0,Vehicle - Pedalcyclist,41861,0,N,POINT (1261231.796392292 245075.5588950068),12822.0,1.170429639415723e-06,Raining,2011-04-04,17:02:00,17.0,0,1,1.0,Raining
104500,121061,121061,3383691,Matched,Intersection,28332.0,EASTLAKE AVE E AND E GARFIELD ST,,,2,Injury Collision,Left Turn,2,0,1,1,1,0,0,2011-07-05T00:00:00.000Z,7/5/2011 4:54:00 PM,At Intersection (intersection related),51,PEDALCYCLIST STRUCK MOTOR VEHICLE FRONT END AT ANGLE,,N,Clear or Partly Cloudy,Dry,Daylight,Y,11186003.0,,28.0,From opposite direction - one left turn - one straight,25387,0,N,POINT (1272516.78597185 234779.6425324678),8786.0,0.0,Clear or Partly Cloudy,2011-07-05,16:54:00,16.0,1,1,1.0,Clear or Partly Cloudy
104542,119520,119520,3372608,Matched,Intersection,31372.0,1ST AVE S AND S LANDER ST,,,2,Injury Collision,Cycles,2,0,1,1,1,0,0,2011-06-08T00:00:00.000Z,6/8/2011 3:03:00 PM,At Intersection (intersection related),18,"MOTOR VEHICLE STRUCK PEDALCYCLIST, FRONT END AT ANGLE",,N,Overcast,Dry,Daylight,Y,11159001.0,,45.0,Vehicle - Pedalcyclist,5329,0,N,POINT (1270008.956465289 215109.6856483221),10801.0,0.0,Overcast,2011-06-08,15:03:00,15.0,2,1,1.0,Clear or Partly Cloudy
104544,119799,119799,3562389,Matched,Intersection,29580.0,3RD AVE AND PINE ST,,,2,Injury Collision,Cycles,3,0,1,1,1,0,0,2011-11-03T00:00:00.000Z,11/3/2011 7:02:00 PM,At Intersection (intersection related),18,"MOTOR VEHICLE STRUCK PEDALCYCLIST, FRONT END AT ANGLE",,N,Clear or Partly Cloudy,Dry,Dark - Street Lights On,,11307026.0,,45.0,Vehicle - Pedalcyclist,35766,0,N,POINT (1269119.038256377 226412.0677399039),6590.0,0.0,Clear or Partly Cloudy,2011-11-03,19:02:00,19.0,3,1,1.0,Clear or Partly Cloudy
104586,119951,119951,3329387,Matched,Block,,EASTLAKE AVE E BETWEEN E HAMLIN ST AND E SHELBY ST,,,2,Injury Collision,Cycles,2,0,1,1,1,0,0,2011-02-01T00:00:00.000Z,2/1/2011 9:01:00 AM,Mid-Block (not related to intersection),18,"MOTOR VEHICLE STRUCK PEDALCYCLIST, FRONT END AT ANGLE",,N,Clear or Partly Cloudy,Dry,Daylight,,11032004.0,,45.0,Vehicle - Pedalcyclist,24681,0,N,POINT (1272702.002292037 239389.2466971874),17015.0,1.539284537724247e-05,Clear or Partly Cloudy,2011-02-01,09:01:00,9.0,1,1,1.0,Clear or Partly Cloudy
104605,120092,120092,3552811,Matched,Intersection,28775.0,DEXTER AVE N AND REPUBLICAN ST,,,2,Injury Collision,Cycles,2,0,1,1,1,0,0,2011-07-15T00:00:00.000Z,7/15/2011 5:30:00 PM,At Intersection (intersection related),51,PEDALCYCLIST STRUCK MOTOR VEHICLE FRONT END AT ANGLE,,N,Unknown,Unknown,Unknown,Y,11196030.0,,45.0,Vehicle - Pedalcyclist,12628,0,N,POINT (1268305.74238354 230981.4332485795),6636.0,0.0,,2011-07-15,17:30:00,17.0,4,1,1.0,
104689,121612,121612,3373261,Matched,Intersection,31345.0,1ST AVE S AND S HOLGATE ST,,,1,Property Damage Only Collision,Cycles,2,0,1,1,0,0,0,2011-07-20T00:00:00.000Z,7/20/2011 5:51:00 PM,At Intersection (intersection related),18,"MOTOR VEHICLE STRUCK PEDALCYCLIST, FRONT END AT ANGLE",,N,Clear or Partly Cloudy,Dry,Daylight,Y,11201006.0,,45.0,Vehicle - Pedalcyclist,0,0,N,POINT (1270054.451761335 217404.5661626756),4503.0,0.0,Clear or Partly Cloudy,2011-07-20,17:51:00,17.0,2,1,1.0,Clear or Partly Cloudy
104697,119531,119531,3383372,Matched,Intersection,30506.0,2ND AVE S AND S JACKSON ST,,,2,Injury Collision,Cycles,2,0,1,1,1,0,0,2011-06-09T00:00:00.000Z,6/9/2011 8:53:00 PM,At Intersection (intersection related),51,PEDALCYCLIST STRUCK MOTOR VEHICLE FRONT END AT ANGLE,,N,Clear or Partly Cloudy,Dry,Dusk,Y,11160011.0,,45.0,Vehicle - Pedalcyclist,4848,0,N,POINT (1270793.938226089 222168.3961835504),5222.0,0.0,Clear or Partly Cloudy,2011-06-09,20:53:00,20.0,3,1,0.0,Clear or Partly Cloudy
104720,119961,119961,3568953,Matched,Intersection,27065.0,11TH AVE NE AND NE 45TH ST,,,2,Injury Collision,Cycles,2,0,1,1,1,0,0,2011-02-07T00:00:00.000Z,2/7/2011 2:40:00 PM,At Intersection (intersection related),51,PEDALCYCLIST STRUCK MOTOR VEHICLE FRONT END AT ANGLE,,N,Raining,Wet,Daylight,,11038001.0,Y,45.0,Vehicle - Pedalcyclist,0,520889,N,POINT (1274930.22776632 244741.2228306681),2303.0,0.0,Raining,2011-02-07,14:40:00,14.0,0,1,0.0,Raining
104723,120384,120384,3341788,Matched,Intersection,28775.0,DEXTER AVE N AND REPUBLICAN ST,,,1,Property Damage Only Collision,Cycles,2,0,1,1,0,0,0,2011-06-09T00:00:00.000Z,6/9/2011 6:55:00 PM,At Intersection (intersection related),18,"MOTOR VEHICLE STRUCK PEDALCYCLIST, FRONT END AT ANGLE",,N,Clear or Partly Cloudy,Dry,Daylight,,11160010.0,,45.0,Vehicle - Pedalcyclist,12643,0,N,POINT (1268305.74238354 230981.4332485795),6636.0,0.0,Clear or Partly Cloudy,2011-06-09,18:55:00,18.0,3,1,1.0,Clear or Partly Cloudy
104737,120379,120379,3544932,Matched,Block,,ROOSEVELT WAY NE BETWEEN NE 42ND N ST AND NE 43RD S ST,,,2,Injury Collision,Cycles,2,0,1,1,1,0,0,2011-09-21T00:00:00.000Z,9/21/2011 8:39:00 AM,Mid-Block (not related to intersection),51,PEDALCYCLIST STRUCK MOTOR VEHICLE FRONT END AT ANGLE,,N,Clear or Partly Cloudy,Dry,Daylight,Y,11264009.0,,45.0,Vehicle - Pedalcyclist,8990,0,N,POINT (1274621.021750003 243878.6222537905),19030.0,1.4612336307282195e-05,Clear or Partly Cloudy,2011-09-21,08:39:00,8.0,2,1,1.0,Clear or Partly Cloudy
104759,120664,120664,3566408,Matched,Intersection,30794.0,RAINIER AVE S AND S CHARLES S ST,,,2,Injury Collision,Cycles,2,0,1,1,1,0,0,2011-07-15T00:00:00.000Z,7/15/2011 1:35:00 AM,At Intersection (intersection related),51,PEDALCYCLIST STRUCK MOTOR VEHICLE FRONT END AT ANGLE,,N,Overcast,Dry,Dark - Street Lights On,,11196008.0,,45.0,Vehicle - Pedalcyclist,0,0,N,POINT (1276043.599415466 220195.7387735397),3719.0,0.0,Overcast,2011-07-15,01:35:00,1.0,4,1,0.0,Clear or Partly Cloudy