OBJECTID,INCKEY,COLDETKEY,REPORTNO,STATUS,ADDRTYPE,INTKEY,LOCATION,EXCEPTRSNC,EXCEPTRSND,SEVERITYCO,SEVERITYDE,COLLISIONT,PERSONCOUN,PEDCOUNT,PEDCYLCOUN,VEHCOUNT,INJURIES,SERIOUSINJ,FATALITIES,INCDATE,INCDTTM,JUNCTIONTY,SDOT_COLCO,SDOT_COLDE,INATTENTIO,UNDERINFL,WEATHER,ROADCOND,LIGHTCOND,PEDROWNOTG,SDOTCOLNUM,SPEEDING,ST_COLCODE,ST_COLDESC,SEGLANEKEY,CROSSWALKK,HITPARKEDC,geometry,near_str_index,min_length,weather_group,date,time,hour,dayofweek,weekday,rushhour,weather_group2
104760,121072,121072,3288339,Matched,Block,,CALIFORNIA AVE SW BETWEEN SW GENESEE ST AND SW OREGON ST,,,2,Injury Collision,Cycles,2,0,1,1,1,0,0,2011-10-20T00:00:00.000Z,10/20/2011 11:37:00 AM,Mid-Block (not related to intersection),56,PEDALCYCLIST STRUCK MOTOR VEHICLE LEFT SIDE SIDESWIPE,,N,Clear or Partly Cloudy,Dry,Daylight,,11293027.0,,45.0,Vehicle - Pedalcyclist,2674,0,N,POINT (1256918.216739878 209533.868426621),6227.0,0.0,Clear or Partly Cloudy,2011-10-20,11:37:00,11.0,3,1,0.0,Clear or Partly Cloudy
104762,120940,120940,3377752,Matched,Block,,HOWELL ST BETWEEN MINOR AVE AND YALE AVE,,,2,Injury Collision,Cycles,2,0,1,1,1,0,0,2011-01-13T00:00:00.000Z,1/13/2011 7:48:00 PM,Mid-Block (but intersection related),21,"MOTOR VEHICLE STRUCK PEDALCYCLIST, REAR END",,N,Raining,Wet,Dark - Street Lights On,Y,11013007.0,,45.0,Vehicle - Pedalcyclist,14399,0,N,POINT (1271278.480690584 228715.3143982589),13755.0,1.897506887636784e-05,Raining,2011-01-13,19:48:00,19.0,3,1,1.0,Raining
104868,119680,119680,3567231,Matched,Intersection,30132.0,17TH AVE AND E MADISON ST,,,2,Injury Collision,Cycles,3,0,1,1,1,0,0,2011-10-12T00:00:00.000Z,10/12/2011 3:33:00 PM,At Intersection (intersection related),51,PEDALCYCLIST STRUCK MOTOR VEHICLE FRONT END AT ANGLE,,0,Overcast,Dry,Daylight,Y,11285008.0,,45.0,Vehicle - Pedalcyclist,0,0,N,POINT (1276193.988919616 228043.2848935723),2436.0,0.0,Overcast,2011-10-12,15:33:00,15.0,2,1,1.0,Clear or Partly Cloudy
104875,120808,120808,3562915,Matched,Intersection,29510.0,DENNY WAY AND WESTLAKE AVE,,,1,Property Damage Only Collision,Cycles,4,0,1,2,0,0,0,2011-08-11T00:00:00.000Z,8/11/2011 11:02:00 PM,At Intersection (intersection related),18,"MOTOR VEHICLE STRUCK PEDALCYCLIST, FRONT END AT ANGLE",,0,Clear or Partly Cloudy,Dry,Dark - Street Lights On,,11223023.0,,45.0,Vehicle - Pedalcyclist,37291,0,N,POINT (1269228.121136487 229252.4793908149),1030.0,0.0,Clear or Partly Cloudy,2011-08-11,23:02:00,23.0,3,1,0.0,Clear or Partly Cloudy
104960,121501,121501,3559485,Matched,Block,,ROOSEVELT WAY NE BETWEEN NE 52ND ST AND NE 53RD ST,,,1,Property Damage Only Collision,Cycles,2,0,1,1,0,0,0,2011-05-20T00:00:00.000Z,5/20/2011 6:15:00 PM,Mid-Block (not related to intersection),51,PEDALCYCLIST STRUCK MOTOR VEHICLE FRONT END AT ANGLE,,N,Clear or Partly Cloudy,Dry,Daylight,,11140022.0,,45.0,Vehicle - Pedalcyclist,9132,0,N,POINT (1274770.503222167 246742.8854247183),14834.0,1.5109812797894006e-05,Clear or Partly Cloudy,2011-05-20,18:15:00,18.0,4,1,1.0,Clear or Partly Cloudy
104973,119690,119690,3548329,Matched,Block,,S GRAHAM ST BETWEEN M L KING JR ER WAY S AND 38TH AVE S,,,2,Injury Collision,Cycles,4,0,1,1,1,0,0,2011-10-27T00:00:00.000Z,10/27/2011 3:58:00 PM,Driveway Junction,18,"MOTOR VEHICLE STRUCK PEDALCYCLIST, FRONT END AT ANGLE",,0,Clear or Partly Cloudy,Dry,Daylight,Y,11300017.0,,45.0,Vehicle - Pedalcyclist,0,0,N,POINT (1281878.841533437 202565.043203488),13985.0,7.4381872149621904e-09,Clear or Partly Cloudy,2011-10-27,15:58:00,15.0,3,1,1.0,Clear or Partly Cloudy
104982,119981,119981,3562585,Matched,Intersection,28667.0,DENNY WAY AND QUEEN ANNE AVE N,,,2,Injury Collision,Cycles,3,0,1,1,1,0,0,2011-10-08T00:00:00.000Z,10/8/2011 10:43:00 PM,At Intersection (intersection related),51,PEDALCYCLIST STRUCK MOTOR VEHICLE FRONT END AT ANGLE,,Y,Raining,Wet,Dark - Street Lights On,,11281002.0,,45.0,Vehicle - Pedalcyclist,41826,0,N,POINT (1264723.202347875 229367.6919349283),8887.0,0.0,Raining,2011-10-08,22:43:00,22.0,5,0,0.0,Raining
106078,120187,120187,3566482,Matched,Intersection,31377.0,6TH AVE S AND S FOREST ST,,,2b,Serious Injury Collision,Cycles,2,0,1,1,1,1,0,2011-03-15T00:00:00.000Z,3/15/2011 9:33:00 PM,At Intersection (intersection related),21,"MOTOR VEHICLE STRUCK PEDALCYCLIST, REAR END",,N,Raining,Wet,Dark - Street Lights On,Y,11074008.0,,45.0,Vehicle - Pedalcyclist,19404,0,N,POINT (1272023.317811355 214309.4403995126),7694.0,0.0,Raining,2011-03-15,21:33:00,21.0,1,1,0.0,Raining
106140,120467,120467,3565911,Matched,Block,,BROADWAY E BETWEEN E HARRISON ST AND E REPUBLICAN ST,,,2,Injury Collision,Cycles,2,0,1,1,1,0,0,2011-05-13T00:00:00.000Z,5/13/2011 1:50:00 PM,Mid-Block (not related to intersection),56,PEDALCYCLIST STRUCK MOTOR VEHICLE LEFT SIDE SIDESWIPE,,N,Clear or Partly Cloudy,Dry,Daylight,,11133017.0,,45.0,Vehicle - Pedalcyclist,6261,0,N,POINT (1273588.761396959 230635.3561282307),651.0,2.390535313402537e-05,Clear or Partly Cloudy,2011-05-13,13:50:00,13.0,4,1,0.0,Clear or Partly Cloudy
106141,120742,120742,3287431,Matched,Intersection,29757.0,BROADWAY AND E UNION ST,,,2,Injury Collision,Cycles,2,0,1,1,1,0,0,2011-08-01T00:00:00.000Z,8/1/2011,At Intersection (intersection related),51,PEDALCYCLIST STRUCK MOTOR VEHICLE FRONT END AT ANGLE,,0,Clear or Partly Cloudy,Dry,Daylight,,11213012.0,,45.0,Vehicle - Pedalcyclist,9234,0,N,POINT (1273558.806836918 227135.8089246452),6210.0,0.0,Clear or Partly Cloudy,2011-08-01,00:00:00,,0,1,,Clear or Partly Cloudy
106165,121027,121027,3566353,Matched,Intersection,29293.0,27TH AVE E AND E MADISON S ST,,,2,Injury Collision,Cycles,3,0,1,1,1,0,0,2011-09-08T00:00:00.000Z,9/8/2011,At Intersection (intersection related),51,PEDALCYCLIST STRUCK MOTOR VEHICLE FRONT END AT ANGLE,,0,Clear or Partly Cloudy,Dry,Daylight,,11251014.0,,45.0,Vehicle - Pedalcyclist,34580,0,N,POINT (1279361.73522687 230536.1128001213),14377.0,0.0,Clear or Partly Cloudy,2011-09-08,00:00:00,,3,1,,Clear or Partly Cloudy
106189,119769,119769,3560637,Matched,Intersection,26691.0,NICKERSON ST AND QUEEN ANNE AVE N,,,2,Injury Collision,Cycles,2,0,1,1,1,0,0,2011-05-03T00:00:00.000Z,5/3/2011 6:11:00 PM,At Intersection (intersection related),18,"MOTOR VEHICLE STRUCK PEDALCYCLIST, FRONT END AT ANGLE",,N,Clear or Partly Cloudy,Dry,Daylight,,11123023.0,,45.0,Vehicle - Pedalcyclist,12480,0,N,POINT (1264720.989483878 240738.6853545755),4816.0,0.0,Clear or Partly Cloudy,2011-05-03,18:11:00,18.0,1,1,1.0,Clear or Partly Cloudy
106214,119487,119487,2825323,Matched,Intersection,32923.0,CALIFORNIA AVE SW AND SW GRAHAM ST,,,2,Injury Collision,Cycles,2,0,1,1,1,0,0,2011-07-01T00:00:00.000Z,7/1/2011 8:21:00 PM,At Intersection (intersection related),51,PEDALCYCLIST STRUCK MOTOR VEHICLE FRONT END AT ANGLE,,N,Clear or Partly Cloudy,Dry,Daylight,,11182005.0,,45.0,Vehicle - Pedalcyclist,32478,0,N,POINT (1256687.891747639 203287.6460842192),1990.0,0.0,Clear or Partly Cloudy,2011-07-01,20:21:00,20.0,4,1,0.0,Clear or Partly Cloudy
106280,120477,120477,3552969,Matched,Intersection,24306.0,GREENWOOD AVE N AND N 75TH ST,,,2,Injury Collision,Cycles,4,0,2,1,2,0,0,2011-09-03T00:00:00.000Z,9/3/2011,At Intersection (intersection related),18,"MOTOR VEHICLE STRUCK PEDALCYCLIST, FRONT END AT ANGLE",,0,Clear or Partly Cloudy,Dry,Daylight,,11246042.0,,45.0,Vehicle - Pedalcyclist,0,0,N,POINT (1265549.540652722 252949.5963430703),3560.0,0.0,Clear or Partly Cloudy,2011-09-03,00:00:00,,5,0,,Clear or Partly Cloudy
106307,121036,121036,3566226,Matched,Intersection,30426.0,10TH AVE S AND S JACKSON ST,,,2,Injury Collision,Cycles,2,0,1,1,1,0,0,2011-06-27T00:00:00.000Z,6/27/2011 12:26:00 PM,At Intersection (intersection related),18,"MOTOR VEHICLE STRUCK PEDALCYCLIST, FRONT END AT ANGLE",,N,Overcast,Dry,Daylight,,11178005.0,,45.0,Vehicle - Pedalcyclist,24474,0,N,POINT (1273738.875957102 222105.1769834906),15118.0,0.0,Overcast,2011-06-27,12:26:00,12.0,0,1,0.0,Clear or Partly Cloudy
106338,119633,119633,3561304,Matched,Intersection,29541.0,VIRGINIA ST AND WESTLAKE AVE,,,2,Injury Collision,Cycles,2,0,1,1,1,0,0,2011-08-07T00:00:00.000Z,8/7/2011,At Intersection (intersection related),51,PEDALCYCLIST STRUCK MOTOR VEHICLE FRONT END AT ANGLE,,0,Clear or Partly Cloudy,Dry,Daylight,,11219025.0,,45.0,Vehicle - Pedalcyclist,14298,0,N,POINT (1269384.191792652 227898.6602534205),1007.0,0.0,Clear or Partly Cloudy,2011-08-07,00:00:00,,6,0,,Clear or Partly Cloudy
106361,121584,121584,3466986,Matched,Block,,8TH AVE NW BETWEEN NW 56TH ST AND NW 57TH ST,,,2,Injury Collision,Cycles,2,0,1,1,1,0,0,2011-07-05T00:00:00.000Z,7/5/2011 8:44:00 AM,Mid-Block (but intersection related),54,PEDALCYCLIST STRUCK MOTOR VEHICLE REAR END,,N,Clear or Partly Cloudy,Dry,Daylight,Y,11186023.0,,45.0,Vehicle - Pedalcyclist,2426,0,N,POINT (1262772.286953881 248081.3430900872),10265.0,2.2604039396202442e-05,Clear or Partly Cloudy,2011-07-05,08:44:00,8.0,1,1,1.0,Clear or Partly Cloudy
106454,121452,121452,3377709,Matched,Block,,CHERRY ST BETWEEN 1ST AVE AND 2ND AVE,,,2,Injury Collision,Cycles,2,0,1,1,1,0,0,2011-12-27T00:00:00.000Z,12/27/2011 2:49:00 PM,Driveway Junction,51,PEDALCYCLIST STRUCK MOTOR VEHICLE FRONT END AT ANGLE,,N,Raining,Wet,Daylight,,11361002.0,,45.0,Vehicle - Pedalcyclist,13300,0,N,POINT (1270289.348529577 223486.7350009084),3435.0,2.821214761271119e-05,Raining,2011-12-27,14:49:00,14.0,1,1,0.0,Raining
106473,119506,119506,3545166,Matched,Intersection,26042.0,24TH AVE NE AND RAVENNA PL NE,,,1,Property Damage Only Collision,Cycles,2,0,1,1,0,0,0,2011-10-24T00:00:00.000Z,10/24/2011 7:18:00 AM,At Intersection (intersection related),18,"MOTOR VEHICLE STRUCK PEDALCYCLIST, FRONT END AT ANGLE",,0,Raining,Sand/Mud/Dirt,Dawn,Y,11297031.0,,45.0,Vehicle - Pedalcyclist,11728,0,N,POINT (1278575.751994058 246779.1538407505),3730.0,0.0,Raining,2011-10-24,07:18:00,7.0,0,1,1.0,Raining
106494,119647,119647,3564908,Matched,Block,,8TH AVE NW BETWEEN NW 54TH ST AND NW MARKET ST,,,2b,Serious Injury Collision,Cycles,2,0,1,1,1,1,0,2011-03-18T00:00:00.000Z,3/18/2011 2:06:00 PM,Mid-Block (not related to intersection),51,PEDALCYCLIST STRUCK MOTOR VEHICLE FRONT END AT ANGLE,,N,Overcast,Dry,Daylight,,11077011.0,,45.0,Vehicle - Pedalcyclist,2413,0,N,POINT (1262760.666217864 247529.7903215289),20538.0,1.5446820894968743e-06,Overcast,2011-03-18,14:06:00,14.0,4,1,0.0,Clear or Partly Cloudy
106539,120360,120360,3562805,Matched,Intersection,27758.0,FLORENTIA ST AND QUEEN ANNE E AVE N,,,2,Injury Collision,Cycles,2,0,1,1,1,0,0,2011-08-26T00:00:00.000Z,8/26/2011 2:55:00 PM,At Intersection (intersection related),51,PEDALCYCLIST STRUCK MOTOR VEHICLE FRONT END AT ANGLE,,0,Clear or Partly Cloudy,Dry,Daylight,,11238011.0,,45.0,Vehicle - Pedalcyclist,34771,0,N,POINT (1264900.374316052 239683.3696414977),3716.0,0.0,Clear or Partly Cloudy,2011-08-26,14:55:00,14.0,4,1,0.0,Clear or Partly Cloudy
106571,121051,121051,2825325,Matched,Intersection,35094.0,8TH AVE S AND S CLOVERDALE ST,,,2,Injury Collision,Cycles,2,0,1,1,1,0,0,2011-09-10T00:00:00.000Z,9/10/2011 5:46:00 PM,At Intersection (intersection related),51,PEDALCYCLIST STRUCK MOTOR VEHICLE FRONT END AT ANGLE,,N,Clear or Partly Cloudy,Dry,Daylight,Y,11253007.0,,45.0,Vehicle - Pedalcyclist,0,521995,N,POINT (1272417.12696375 195600.5894363523),3278.0,0.0,Clear or Partly Cloudy,2011-09-10,17:46:00,17.0,5,0,1.0,Clear or Partly Cloudy
106603,119656,119656,3342858,Matched,Intersection,31066.0,CALIFORNIA AVE SW AND SW ADMIRAL WAY,,,2,Injury Collision,Cycles,2,0,1,1,1,0,0,2011-03-26T00:00:00.000Z,3/26/2011 2:13:00 AM,At Intersection (intersection related),51,PEDALCYCLIST STRUCK MOTOR VEHICLE FRONT END AT ANGLE,,Y,Clear or Partly Cloudy,Dry,Dark - Street Lights On,,11085025.0,,45.0,Vehicle - Pedalcyclist,32697,0,N,POINT (1257102.362148076 215870.8315051049),1934.0,0.0,Clear or Partly Cloudy,2011-03-26,02:13:00,2.0,5,0,0.0,Clear or Partly Cloudy
106639,119797,119797,3552653,Matched,Block,,11TH AVE NE BETWEEN EASTLAKE AVE NE AND NE 42ND ST,,,2,Injury Collision,Cycles,2,0,1,1,1,0,0,2011-07-16T00:00:00.000Z,7/16/2011 12:36:00 AM,Mid-Block (not related to intersection),52,PEDALCYCLIST STRUCK MOTOR VEHICLE RIGHT SIDE AT ANGLE,,Y,Clear or Partly Cloudy,Dry,Dark - Street Lights On,,11197030.0,,45.0,Vehicle - Pedalcyclist,0,0,N,POINT (1274885.230838284 243510.2196934074),5000.0,2.659050233639808e-05,Clear or Partly Cloudy,2011-07-16,00:36:00,,5,0,,Clear or Partly Cloudy
106645,119795,119795,3562928,Matched,Intersection,30488.0,2ND AVE AND YESLER WAY,,,1,Property Damage Only Collision,Cycles,2,0,1,1,0,0,0,2011-11-18T00:00:00.000Z,11/18/2011 7:40:00 AM,At Intersection (intersection related),18,"MOTOR VEHICLE STRUCK PEDALCYCLIST, FRONT END AT ANGLE",,N,Overcast,Wet,Daylight,,11322003.0,,45.0,Vehicle - Pedalcyclist,9964,0,N,POINT (1270711.71845001 223088.620440498),134.0,0.0,Overcast,2011-11-18,07:40:00,7.0,4,1,1.0,Clear or Partly Cloudy
106674,122820,122820,3332045,Matched,Intersection,29817.0,BOREN AVE AND JEFFERSON ST,,,2,Injury Collision,Cycles,2,0,1,1,1,0,0,2011-04-27T00:00:00.000Z,4/27/2011 1:36:00 PM,At Intersection (intersection related),51,PEDALCYCLIST STRUCK MOTOR VEHICLE FRONT END AT ANGLE,,N,Overcast,Wet,Daylight,,11117005.0,,45.0,Vehicle - Pedalcyclist,10442,0,N,POINT (1273233.142580584 224517.6429059654),3390.0,0.0,Overcast,2011-04-27,13:36:00,13.0,2,1,0.0,Clear or Partly Cloudy
106686,122816,122816,3559194,Matched,Block,,UNIVERSITY WAY NE BETWEEN NE 55TH ST AND NE 56TH ST,,,2,Injury Collision,Cycles,2,0,1,1,1,0,0,2011-06-30T00:00:00.000Z,6/30/2011 12:57:00 PM,Mid-Block (not related to intersection),21,"MOTOR VEHICLE STRUCK PEDALCYCLIST, REAR END",,N,Overcast,Dry,Daylight,,11181013.0,,45.0,Vehicle - Pedalcyclist,5582,0,N,POINT (1275860.886391282 247533.0120815337),3800.0,1.910747981209644e-06,Overcast,2011-06-30,12:57:00,12.0,3,1,0.0,Clear or Partly Cloudy
106705,123241,123241,3466718,Matched,Intersection,27299.0,MONTLAKE BLVD NE AND NE PACIFIC ST,,,2,Injury Collision,Cycles,2,0,1,1,1,0,0,2011-10-05T00:00:00.000Z,10/5/2011 4:17:00 PM,At Intersection (intersection related),18,"MOTOR VEHICLE STRUCK PEDALCYCLIST, FRONT END AT ANGLE",,N,Raining,Wet,Daylight,Y,11278008.0,,45.0,Vehicle - Pedalcyclist,0,524625,N,POINT (1277798.016569257 240200.7080100179),12233.0,0.0,Raining,2011-10-05,16:17:00,16.0,2,1,1.0,Raining
106732,123098,123098,3552787,Matched,Intersection,37185.0,1ST AVE NW AND NW 85TH ST,,,1,Property Damage Only Collision,Cycles,2,0,1,1,0,0,0,2011-07-11T00:00:00.000Z,7/11/2011 12:16:00 PM,At Intersection (intersection related),18,"MOTOR VEHICLE STRUCK PEDALCYCLIST, FRONT END AT ANGLE",,N,Clear or Partly Cloudy,Dry,Daylight,Y,11192003.0,,45.0,Vehicle - Pedalcyclist,0,521017,N,POINT (1264941.290540099 255632.8449858278),9078.0,0.0,Clear or Partly Cloudy,2011-07-11,12:16:00,12.0,0,1,0.0,Clear or Partly Cloudy
106787,122002,122002,3569069,Matched,Intersection,27179.0,4TH AVE NE AND NE 45TH ST,,,2,Injury Collision,Cycles,2,0,1,1,1,0,0,2011-05-11T00:00:00.000Z,5/11/2011 10:01:00 AM,At Intersection (intersection related),51,PEDALCYCLIST STRUCK MOTOR VEHICLE FRONT END AT ANGLE,,N,Clear or Partly Cloudy,Dry,Daylight,Y,11131027.0,,45.0,Vehicle - Pedalcyclist,6552,0,N,POINT (1273093.195316449 244793.776558727),1399.0,0.0,Clear or Partly Cloudy,2011-05-11,10:01:00,10.0,2,1,0.0,Clear or Partly Cloudy
106808,122828,122828,3380426,Matched,Block,,11TH AV SW ACCESS RD BETWEEN 13TH AVE SW AND KLICKITAT ER AVE SW,,,2b,Serious Injury Collision,Cycles,2,0,1,1,2,2,0,2011-04-30T00:00:00.000Z,4/30/2011 4:55:00 PM,Mid-Block (not related to intersection),51,PEDALCYCLIST STRUCK MOTOR VEHICLE FRONT END AT ANGLE,,N,Clear or Partly Cloudy,Dry,Daylight,,11120035.0,,45.0,Vehicle - Pedalcyclist,0,525537,N,POINT (1265409.72350058 212667.3164298236),2235.0,2.9025800841394512e-05,Clear or Partly Cloudy,2011-04-30,16:55:00,16.0,5,0,1.0,Clear or Partly Cloudy
106850,123684,123684,3562628,Matched,Intersection,30379.0,ALASKAN WAY AND MARION ST,,,2,Injury Collision,Cycles,3,0,1,1,1,0,0,2011-06-13T00:00:00.000Z,6/13/2011 5:55:00 PM,At Intersection (intersection related),18,"MOTOR VEHICLE STRUCK PEDALCYCLIST, FRONT END AT ANGLE",,N,Clear or Partly Cloudy,Dry,Daylight,Y,11164002.0,,45.0,Vehicle - Pedalcyclist,0,523341,N,POINT (1269289.658672556 223605.9344890267),598.0,0.0,Clear or Partly Cloudy,2011-06-13,17:55:00,17.0,0,1,1.0,Clear or Partly Cloudy
106874,123524,123524,3387315,Matched,Block,,S COLUMBIAN WAY BETWEEN S SPOKANE ST AND 15TH AVS TURN RD,,,2,Injury Collision,Cycles,2,0,1,1,1,0,0,2011-01-06T00:00:00.000Z,1/6/2011 7:35:00 AM,Mid-Block (not related to intersection),23,"MOTOR VEHICLE STRUCK PEDALCYCLIST, LEFT SIDE SIDESWIPE",,N,Overcast,Wet,Daylight,Y,11006042.0,,45.0,Vehicle - Pedalcyclist,24534,0,N,POINT (1274893.945526287 211707.4389888495),20722.0,5.216581447966893e-09,Overcast,2011-01-06,07:35:00,7.0,3,1,1.0,Clear or Partly Cloudy
106882,122142,122142,3569074,Matched,Intersection,24323.0,FREMONT AVE N AND N 73RD ST,,,2b,Serious Injury Collision,Cycles,2,0,1,1,1,1,0,2011-06-27T00:00:00.000Z,6/27/2011 9:39:00 AM,At Intersection (intersection related),51,PEDALCYCLIST STRUCK MOTOR VEHICLE FRONT END AT ANGLE,,N,Clear or Partly Cloudy,Dry,Daylight,,11178004.0,,45.0,Vehicle - Pedalcyclist,0,0,N,POINT (1266870.364206076 252381.6311585009),3536.0,0.0,Clear or Partly Cloudy,2011-06-27,09:39:00,9.0,0,1,1.0,Clear or Partly Cloudy
106899,122005,122005,3376808,Matched,Block,,N 45TH ST BETWEEN N MIDVALE PL AND STONE WAY N,,,2,Injury Collision,Cycles,2,0,1,1,1,0,0,2011-08-22T00:00:00.000Z,8/22/2011 4:28:00 PM,Driveway Junction,51,PEDALCYCLIST STRUCK MOTOR VEHICLE FRONT END AT ANGLE,,N,Clear or Partly Cloudy,Dry,Daylight,,11234032.0,,45.0,Vehicle - Pedalcyclist,28177,0,N,POINT (1268526.248559773 244899.7697748393),21113.0,2.1904753921108732e-05,Clear or Partly Cloudy,2011-08-22,16:28:00,16.0,0,1,1.0,Clear or Partly Cloudy
106919,122694,122694,3375978,Matched,Intersection,30542.0,6TH AVE S AND S DEARBORN ST,,,1,Property Damage Only Collision,Cycles,2,0,1,1,0,0,0,2011-05-06T00:00:00.000Z,5/6/2011 9:44:00 PM,At Intersection (intersection related),51,PEDALCYCLIST STRUCK MOTOR VEHICLE FRONT END AT ANGLE,,N,Raining,Wet,Dark - Street Lights On,Y,11126011.0,,45.0,Vehicle - Pedalcyclist,0,522031,N,POINT (1272053.794867381 220916.7845342755),4454.0,0.0,Raining,2011-05-06,21:44:00,21.0,4,1,0.0,Raining
105013,120541,120541,3561170,Matched,Intersection,28736.0,DEXTER AVE N AND VALLEY ST,,,2,Injury Collision,Cycles,2,0,1,1,1,0,0,2011-12-12T00:00:00.000Z,12/12/2011 4:20:00 PM,At Intersection (intersection related),51,PEDALCYCLIST STRUCK MOTOR VEHICLE FRONT END AT ANGLE,,N,Clear or Partly Cloudy,Dry,Dusk,Y,11346007.0,,45.0,Vehicle - Pedalcyclist,12719,0,N,POINT (1268334.096175566 232089.1498577148),9821.0,0.0,Clear or Partly Cloudy,2011-12-12,16:20:00,16.0,0,1,1.0,Clear or Partly Cloudy
105015,120815,120815,3383574,Matched,Block,,2ND AVE W BETWEEN W ROY ST AND W OLYMPIC PL,,,2b,Serious Injury Collision,Cycles,2,0,1,1,1,1,0,2011-04-25T00:00:00.000Z,4/25/2011 6:15:00 AM,Mid-Block (not related to intersection),18,"MOTOR VEHICLE STRUCK PEDALCYCLIST, FRONT END AT ANGLE",,N,Raining,Wet,Daylight,Y,11115026.0,,45.0,Vehicle - Pedalcyclist,30580,0,N,POINT (1264148.667435288 232157.8274257779),8470.0,2.1391779674422242e-05,Raining,2011-04-25,06:15:00,6.0,0,1,0.0,Raining
105046,120265,120265,3331417,Matched,Block,,SW ADMIRAL WAY BETWEEN 57TH AVE SW AND 59TH AVE SW,,,2,Injury Collision,Cycles,2,0,1,1,2,0,0,2011-01-07T00:00:00.000Z,1/7/2011 6:35:00 PM,,0,NOT ENOUGH INFORMATION / NOT APPLICABLE,,N,Raining,Wet,Dark - Street Lights On,,11007029.0,,45.0,Vehicle - Pedalcyclist,28799,0,N,POINT (1252066.404830918 214301.9531034976),22281.0,2.732454095552907e-05,Raining,2011-01-07,18:35:00,18.0,4,1,1.0,Raining
105069,119416,119416,3559014,Matched,Intersection,26028.0,20TH AVE NE AND NE RAVENNA WB BV,,,2,Injury Collision,Cycles,2,0,1,1,1,0,0,2011-02-08T00:00:00.000Z,2/8/2011 5:30:00 PM,At Intersection (intersection related),51,PEDALCYCLIST STRUCK MOTOR VEHICLE FRONT END AT ANGLE,,N,Clear or Partly Cloudy,Dry,Dusk,,11039023.0,,45.0,Vehicle - Pedalcyclist,32742,0,N,POINT (1277470.848568931 247628.2085616291),4287.0,0.0,Clear or Partly Cloudy,2011-02-08,17:30:00,17.0,1,1,1.0,Clear or Partly Cloudy
105074,121365,121365,3466507,Matched,Block,,STONE WAY N BETWEEN N 40TH ST AND N LUCAS PL,,,2,Injury Collision,Cycles,2,0,1,1,1,0,0,2011-08-25T00:00:00.000Z,8/25/2011 1:16:00 PM,Mid-Block (not related to intersection),55,PEDALCYCLIST STRUCK MOTOR VEHICLE RIGHT SIDE SIDESWIPE,,0,Clear or Partly Cloudy,Dry,Daylight,,11237012.0,,45.0,Vehicle - Pedalcyclist,6319,0,N,POINT (1268521.776367769 242809.2760766894),14356.0,1.5754622891906598e-05,Clear or Partly Cloudy,2011-08-25,13:16:00,13.0,3,1,0.0,Clear or Partly Cloudy
105075,121511,121511,3375041,Matched,Block,,24TH AVE NW BETWEEN NW 61ST ST AND NW 62ND ST,,,2,Injury Collision,Cycles,2,0,1,1,1,0,0,2011-01-18T00:00:00.000Z,1/18/2011 6:00:00 PM,Mid-Block (not related to intersection),51,PEDALCYCLIST STRUCK MOTOR VEHICLE FRONT END AT ANGLE,,N,Clear or Partly Cloudy,Dry,Dark - Street Lights On,Y,11018025.0,,45.0,Vehicle - Pedalcyclist,2126,0,N,POINT (1257525.368100509 249526.6866435707),8499.0,7.4489224040720376e-09,Clear or Partly Cloudy,2011-01-18,18:00:00,18.0,1,1,1.0,Clear or Partly Cloudy
105088,120954,120954,2802591,Matched,Block,,15TH AVE NE BETWEEN COWEN PL NE AND NE 62ND ST,,,2,Injury Collision,Cycles,3,0,1,1,2,0,0,2011-05-20T00:00:00.000Z,5/20/2011 9:30:00 AM,Mid-Block (not related to intersection),55,PEDALCYCLIST STRUCK MOTOR VEHICLE RIGHT SIDE SIDESWIPE,Y,N,Clear or Partly Cloudy,Dry,Daylight,,11140023.0,,45.0,Vehicle - Pedalcyclist,29052,0,N,POINT (1276162.522999585 249003.8042110354),15771.0,1.822542920440013e-05,Clear or Partly Cloudy,2011-05-20,09:30:00,9.0,4,1,1.0,Clear or Partly Cloudy
105109,119993,119993,3466327,Matched,Intersection,27182.0,2ND AVE NE AND NE 45TH ST,,,2,Injury Collision,Cycles,2,0,1,1,1,0,0,2011-06-23T00:00:00.000Z,6/23/2011 3:26:00 PM,At Intersection (intersection related),18,"MOTOR VEHICLE STRUCK PEDALCYCLIST, FRONT END AT ANGLE",,N,Clear or Partly Cloudy,Dry,Daylight,Y,11174010.0,,45.0,Vehicle - Pedalcyclist,6532,0,N,POINT (1272301.489459634 244814.9838547409),5213.0,0.0,Clear or Partly Cloudy,2011-06-23,15:26:00,15.0,3,1,1.0,Clear or Partly Cloudy