OBJECTID,INCKEY,COLDETKEY,REPORTNO,STATUS,ADDRTYPE,INTKEY,LOCATION,EXCEPTRSNC,EXCEPTRSND,SEVERITYCO,SEVERITYDE,COLLISIONT,PERSONCOUN,PEDCOUNT,PEDCYLCOUN,VEHCOUNT,INJURIES,SERIOUSINJ,FATALITIES,INCDATE,INCDTTM,JUNCTIONTY,SDOT_COLCO,SDOT_COLDE,INATTENTIO,UNDERINFL,WEATHER,ROADCOND,LIGHTCOND,PEDROWNOTG,SDOTCOLNUM,SPEEDING,ST_COLCODE,ST_COLDESC,SEGLANEKEY,CROSSWALKK,HITPARKEDC,geometry,near_str_index,min_length,weather_group,date,time,hour,dayofweek,weekday,rushhour,weather_group2
105129,119841,119841,3567031,Matched,Block,,49TH AVE S BETWEEN S BARTON ST AND S FLETCHER ST,,,2,Injury Collision,Cycles,2,0,1,1,1,0,0,2011-05-31T00:00:00.000Z,5/31/2011 6:30:00 PM,Mid-Block (not related to intersection),51,PEDALCYCLIST STRUCK MOTOR VEHICLE FRONT END AT ANGLE,,N,Clear or Partly Cloudy,Dry,Daylight,,11151002.0,,45.0,Vehicle - Pedalcyclist,0,0,N,POINT (1284609.577856243 193037.0672577322),12467.0,1.1220923259176179e-05,Clear or Partly Cloudy,2011-05-31,18:30:00,18.0,1,1,1.0,Clear or Partly Cloudy
105132,119555,119555,3552864,Matched,Intersection,24297.0,AURORA AVE N AND N 77TH ST,,,2,Injury Collision,Cycles,2,0,1,1,1,0,0,2011-09-27T00:00:00.000Z,9/27/2011 9:48:00 AM,At Intersection (intersection related),18,"MOTOR VEHICLE STRUCK PEDALCYCLIST, FRONT END AT ANGLE",,N,Clear or Partly Cloudy,Dry,Daylight,,11270005.0,,45.0,Vehicle - Pedalcyclist,0,0,N,POINT (1268221.185583457 253436.5359915793),3342.0,0.0,Clear or Partly Cloudy,2011-09-27,09:48:00,9.0,1,1,1.0,Clear or Partly Cloudy
105150,120825,120825,3283030,Matched,Intersection,29761.0,12TH AVE AND E MADISON ST,,,1,Property Damage Only Collision,Cycles,2,0,1,1,0,0,0,2011-03-08T00:00:00.000Z,3/8/2011 9:18:00 AM,At Intersection (intersection related),69,PEDALCYCLIST OVERTURNED IN ROAD,,N,Raining,Wet,Daylight,,11067036.0,,45.0,Vehicle - Pedalcyclist,9272,0,N,POINT (1274551.867445946 227089.5945245922),39.0,0.0,Raining,2011-03-08,09:18:00,9.0,1,1,1.0,Raining
105248,120001,120001,2904916,Matched,Block,,FREMONT AVE N BETWEEN FREMONT BR AND N 34TH ST,,,2,Injury Collision,Cycles,2,0,1,1,1,0,0,2011-06-30T00:00:00.000Z,6/30/2011 6:18:00 AM,Mid-Block (not related to intersection),18,"MOTOR VEHICLE STRUCK PEDALCYCLIST, FRONT END AT ANGLE",,N,Clear or Partly Cloudy,Dry,Daylight,,11181008.0,,45.0,Vehicle - Pedalcyclist,8235,0,N,POINT (1266667.734701872 240327.6562341452),13746.0,2.2837248532698263e-06,Clear or Partly Cloudy,2011-06-30,06:18:00,6.0,3,1,0.0,Clear or Partly Cloudy
105250,119999,119999,3565099,Matched,Intersection,27179.0,4TH AVE NE AND NE 45TH ST,,,1,Property Damage Only Collision,Cycles,2,0,1,1,0,0,0,2011-06-28T00:00:00.000Z,6/28/2011 5:05:00 PM,At Intersection (intersection related),18,"MOTOR VEHICLE STRUCK PEDALCYCLIST, FRONT END AT ANGLE",,N,Clear or Partly Cloudy,Dry,Daylight,Y,11179006.0,,45.0,Vehicle - Pedalcyclist,6559,0,N,POINT (1273093.195316449 244793.776558727),1399.0,0.0,Clear or Partly Cloudy,2011-06-28,17:05:00,17.0,1,1,1.0,Clear or Partly Cloudy
105286,120696,120696,3545533,Matched,Block,,M L KING JR WAY S BETWEEN S IRVING ST AND MOUNTAINS TO SOUND TRL,,,2,Injury Collision,Cycles,2,0,1,1,1,0,0,2011-07-23T00:00:00.000Z,7/23/2011 8:47:00 AM,Mid-Block (not related to intersection),18,"MOTOR VEHICLE STRUCK PEDALCYCLIST, FRONT END AT ANGLE",,N,Clear or Partly Cloudy,Dry,Daylight,Y,11204033.0,,45.0,Vehicle - Pedalcyclist,0,630872,N,POINT (1279156.887866661 218933.6142282486),22548.0,0.0,Clear or Partly Cloudy,2011-07-23,08:47:00,8.0,5,0,1.0,Clear or Partly Cloudy
105290,120421,120421,3328068,Matched,Block,,GREENWOOD AVE N BETWEEN N 74TH ST AND N 75TH ST,,,2,Injury Collision,Cycles,2,0,1,1,1,0,0,2011-11-22T00:00:00.000Z,11/22/2011 4:00:00 PM,Mid-Block (not related to intersection),56,PEDALCYCLIST STRUCK MOTOR VEHICLE LEFT SIDE SIDESWIPE,,N,Raining,Wet,Dark - Street Lights On,,11326026.0,,45.0,Vehicle - Pedalcyclist,4467,0,N,POINT (1265546.492652714 252815.0939429402),6390.0,2.2729739164642568e-05,Raining,2011-11-22,16:00:00,16.0,1,1,1.0,Raining
105326,120555,120555,3560906,Matched,Intersection,30355.0,2ND AVE AND CHERRY ST,,,1,Property Damage Only Collision,Cycles,2,0,1,1,0,0,0,2011-10-10T00:00:00.000Z,10/10/2011 12:44:00 PM,At Intersection (intersection related),54,PEDALCYCLIST STRUCK MOTOR VEHICLE REAR END,,0,Raining,Wet,Daylight,,11283025.0,,45.0,Vehicle - Pedalcyclist,12035,0,N,POINT (1270427.74891372 223568.6895609945),2488.0,0.0,Raining,2011-10-10,12:44:00,12.0,0,1,0.0,Raining
105334,121248,121248,3466517,Matched,Intersection,26897.0,STONE WAY N AND N 35TH ST,,,2,Injury Collision,Cycles,2,0,1,1,1,0,0,2011-10-17T00:00:00.000Z,10/17/2011 2:16:00 PM,At Intersection (intersection related),51,PEDALCYCLIST STRUCK MOTOR VEHICLE FRONT END AT ANGLE,,0,Clear or Partly Cloudy,Dry,Daylight,Y,11290004.0,,45.0,Vehicle - Pedalcyclist,6280,0,N,POINT (1268401.595439643 240536.8288423717),6689.0,0.0,Clear or Partly Cloudy,2011-10-17,14:16:00,14.0,0,1,0.0,Clear or Partly Cloudy
105392,120424,120424,3375632,Matched,Intersection,28642.0,QUEEN ANNE AVE N AND REPUBLICAN ST,,,2,Injury Collision,Cycles,2,0,1,1,1,0,0,2011-05-17T00:00:00.000Z,5/17/2011 11:55:00 PM,At Intersection (intersection related),18,"MOTOR VEHICLE STRUCK PEDALCYCLIST, FRONT END AT ANGLE",,N,Clear or Partly Cloudy,Dry,Dark - Street Lights On,Y,11137005.0,,45.0,Vehicle - Pedalcyclist,0,0,N,POINT (1264765.902891919 231070.5437766761),903.0,0.0,Clear or Partly Cloudy,2011-05-17,23:55:00,23.0,1,1,0.0,Clear or Partly Cloudy
105399,120291,120291,3568607,Matched,Block,,SHILSHOLE AVE NW BETWEEN 15TH SB AVE NW AND NW 46TH ST,,,2,Injury Collision,Cycles,3,0,1,1,1,0,0,2011-01-26T00:00:00.000Z,1/26/2011 12:48:00 PM,Mid-Block (not related to intersection),18,"MOTOR VEHICLE STRUCK PEDALCYCLIST, FRONT END AT ANGLE",Y,N,Clear or Partly Cloudy,Dry,Daylight,Y,11026005.0,,45.0,Vehicle - Pedalcyclist,41891,0,N,POINT (1259971.441319004 245257.8765912056),957.0,1.8914591044845826e-05,Clear or Partly Cloudy,2011-01-26,12:48:00,12.0,2,1,0.0,Clear or Partly Cloudy
105421,119713,119713,3564836,Matched,Intersection,24156.0,11TH AVE NW AND NW 75TH ST,,,2,Injury Collision,Cycles,2,0,1,1,1,0,0,2011-04-13T00:00:00.000Z,4/13/2011 7:45:00 AM,At Intersection (intersection related),18,"MOTOR VEHICLE STRUCK PEDALCYCLIST, FRONT END AT ANGLE",,N,Raining,Wet,Daylight,,11103003.0,,45.0,Vehicle - Pedalcyclist,0,0,N,POINT (1261831.959336907 253011.1889191419),33.0,0.0,Raining,2011-04-13,07:45:00,7.0,2,1,1.0,Raining
105430,119860,119860,3560052,Matched,Intersection,29734.0,BOYLSTON AVE AND E PINE ST,,,2,Injury Collision,Cycles,2,0,1,1,1,0,0,2011-04-02T00:00:00.000Z,4/2/2011 10:34:00 PM,At Intersection (intersection related),51,PEDALCYCLIST STRUCK MOTOR VEHICLE FRONT END AT ANGLE,,Y,Overcast,Dry,Dark - Street Lights On,,11092009.0,,45.0,Vehicle - Pedalcyclist,10373,0,N,POINT (1272920.548660263 227975.5196454972),6198.0,0.0,Overcast,2011-04-02,22:34:00,22.0,5,0,0.0,Clear or Partly Cloudy
105493,121533,121533,3287274,Matched,Intersection,24493.0,NE 65TH ST AND NE RAVENNA EB BV,,,2,Injury Collision,Cycles,2,0,1,1,1,0,0,2011-02-08T00:00:00.000Z,2/8/2011 6:54:00 AM,At Intersection (intersection related),51,PEDALCYCLIST STRUCK MOTOR VEHICLE FRONT END AT ANGLE,,N,Clear or Partly Cloudy,Dry,Dawn,Y,11039001.0,,45.0,Vehicle - Pedalcyclist,0,0,N,POINT (1273615.982388973 250085.9043081403),534.0,0.0,Clear or Partly Cloudy,2011-02-08,06:54:00,6.0,1,1,0.0,Clear or Partly Cloudy
105508,119863,119863,3562839,Matched,Block,,WESTLAKE EAST RDWY AVE N BETWEEN HIGHLAND DR AND COMSTOCK ST,,,1,Property Damage Only Collision,Cycles,3,0,1,1,0,0,0,2011-12-15T00:00:00.000Z,12/15/2011 8:06:00 PM,Mid-Block (not related to intersection),51,PEDALCYCLIST STRUCK MOTOR VEHICLE FRONT END AT ANGLE,,N,Raining,Wet,Dark - No Street Lights,Y,11349036.0,,45.0,Vehicle - Pedalcyclist,0,0,N,POINT (1268754.095344007 233541.2939871997),21348.0,2.7549723939537274e-05,Raining,2011-12-15,20:06:00,20.0,3,1,0.0,Raining
105522,121393,121393,3374046,Matched,Intersection,352611.0,M L KING JR WR WAY S AND S CHARLESTOWN ST,,,2,Injury Collision,Cycles,2,0,1,1,1,0,0,2011-08-03T00:00:00.000Z,8/3/2011,At Intersection (intersection related),0,NOT ENOUGH INFORMATION / NOT APPLICABLE,,0,Clear or Partly Cloudy,Dry,Daylight,,11215002.0,,45.0,Vehicle - Pedalcyclist,0,0,N,POINT (1279129.670202628 211410.3343485445),4900.0,0.0,Clear or Partly Cloudy,2011-08-03,00:00:00,,2,1,,Clear or Partly Cloudy
105549,120295,120295,3383195,Matched,Block,,EASTLAKE AVE E BETWEEN E BOSTON ST AND E LYNN ST,,,2,Injury Collision,Cycles,3,0,1,1,1,0,0,2011-05-04T00:00:00.000Z,5/4/2011 1:35:00 PM,,56,PEDALCYCLIST STRUCK MOTOR VEHICLE LEFT SIDE SIDESWIPE,,N,Clear or Partly Cloudy,Dry,Daylight,,11124019.0,,45.0,Vehicle - Pedalcyclist,24751,0,N,POINT (1272477.548147812 236651.0616703928),12571.0,2.8641089257223292e-05,Clear or Partly Cloudy,2011-05-04,13:35:00,13.0,2,1,0.0,Clear or Partly Cloudy
105583,120712,120712,3565371,Matched,Intersection,287169.0,40TH AVE NE AND BURKE GILMAN TRL,,,2,Injury Collision,Cycles,2,0,1,1,1,0,0,2011-03-11T00:00:00.000Z,3/11/2011 5:57:00 PM,At Intersection (intersection related),18,"MOTOR VEHICLE STRUCK PEDALCYCLIST, FRONT END AT ANGLE",,N,Clear or Partly Cloudy,Dry,Dusk,Y,11070016.0,,45.0,Vehicle - Pedalcyclist,0,521972,N,POINT (1282799.440702379 246786.1656807661),2983.0,0.0,Clear or Partly Cloudy,2011-03-11,17:57:00,17.0,4,1,1.0,Clear or Partly Cloudy
105589,120709,120709,3560439,Matched,Block,,ELLIOTT AVE BETWEEN BATTERY ST AND WALL ST,,,2,Injury Collision,Cycles,2,0,1,1,1,0,0,2011-03-08T00:00:00.000Z,3/8/2011 5:37:00 PM,Driveway Junction,51,PEDALCYCLIST STRUCK MOTOR VEHICLE FRONT END AT ANGLE,,N,Clear or Partly Cloudy,Dry,Dusk,,11067035.0,,45.0,Vehicle - Pedalcyclist,0,0,N,POINT (1266349.754541546 227323.0511648357),707.0,5.016481405142764e-09,Clear or Partly Cloudy,2011-03-08,17:37:00,17.0,1,1,1.0,Clear or Partly Cloudy
105644,121405,121405,2614645,Matched,Intersection,27167.0,UNIVERSITY WAY NE AND NE PACIFIC ST,,,1,Property Damage Only Collision,Cycles,2,0,1,1,0,0,0,2011-09-15T00:00:00.000Z,9/15/2011 9:23:00 AM,At Intersection (intersection related),18,"MOTOR VEHICLE STRUCK PEDALCYCLIST, FRONT END AT ANGLE",,0,Clear or Partly Cloudy,Dry,Daylight,,11258001.0,,45.0,Vehicle - Pedalcyclist,0,522415,N,POINT (1275674.208311081 241847.4433717132),2203.0,0.0,Clear or Partly Cloudy,2011-09-15,09:23:00,9.0,3,1,1.0,Clear or Partly Cloudy
105657,119877,119877,3565330,Matched,Block,,N 97TH ST BETWEEN WALLINGFORD AVE N AND COLLEGE WAY N,,,2,Injury Collision,Cycles,2,0,1,1,1,0,0,2011-01-05T00:00:00.000Z,1/5/2011 8:50:00 AM,Mid-Block (not related to intersection),21,"MOTOR VEHICLE STRUCK PEDALCYCLIST, REAR END",,N,Overcast,Wet,Daylight,,11005026.0,,45.0,Vehicle - Pedalcyclist,0,0,N,POINT (1270466.205233753 258799.7982050627),9888.0,7.447088753476809e-09,Overcast,2011-01-05,08:50:00,8.0,2,1,1.0,Clear or Partly Cloudy
105663,120163,120163,3377734,Matched,Block,,ALASKAN WAY BETWEEN CLAY ST AND BROAD ST,,,2,Injury Collision,Cycles,2,0,1,1,1,0,0,2011-06-17T00:00:00.000Z,6/17/2011 8:26:00 AM,Mid-Block (not related to intersection),51,PEDALCYCLIST STRUCK MOTOR VEHICLE FRONT END AT ANGLE,,N,Clear or Partly Cloudy,Dry,Daylight,,11168003.0,,45.0,Vehicle - Pedalcyclist,20766,0,N,POINT (1265252.220780417 227935.6119334549),6111.0,2.6849740543234957e-06,Clear or Partly Cloudy,2011-06-17,08:26:00,8.0,4,1,1.0,Clear or Partly Cloudy
105781,121275,121275,3466330,Matched,Block,,NE 45TH ST BETWEEN 1ST AVE NE AND 2ND AVE NE,,,2,Injury Collision,Cycles,2,0,1,1,1,0,0,2011-07-23T00:00:00.000Z,7/23/2011 5:56:00 PM,Mid-Block (not related to intersection),18,"MOTOR VEHICLE STRUCK PEDALCYCLIST, FRONT END AT ANGLE",,N,Clear or Partly Cloudy,Dry,Daylight,Y,11204015.0,,45.0,Vehicle - Pedalcyclist,6532,0,N,POINT (1272176.522995502 244818.3334227502),18208.0,3.0169654243669977e-05,Clear or Partly Cloudy,2011-07-23,17:56:00,17.0,5,0,1.0,Clear or Partly Cloudy
105866,120597,120597,3566023,Matched,Block,,23RD AVE S BETWEEN S JACKSON ST AND S KING ST,,,1,Property Damage Only Collision,Cycles,2,0,1,1,0,0,0,2011-06-03T00:00:00.000Z,6/3/2011 6:25:00 PM,Mid-Block (not related to intersection),51,PEDALCYCLIST STRUCK MOTOR VEHICLE FRONT END AT ANGLE,,N,Clear or Partly Cloudy,Dry,Daylight,,11154023.0,,45.0,Vehicle - Pedalcyclist,24612,0,N,POINT (1278028.557625502 221802.6852071881),20474.0,5.544848616752427e-07,Clear or Partly Cloudy,2011-06-03,18:25:00,18.0,4,1,1.0,Clear or Partly Cloudy
105879,121005,121005,3332722,Matched,Intersection,24245.0,STROUD AVE N AND EAST GREEN LAKE DR N,,,2,Injury Collision,Cycles,2,0,1,1,1,0,0,2011-09-05T00:00:00.000Z,9/5/2011,At Intersection (intersection related),18,"MOTOR VEHICLE STRUCK PEDALCYCLIST, FRONT END AT ANGLE",,0,Clear or Partly Cloudy,Dry,Daylight,,11248005.0,,45.0,Vehicle - Pedalcyclist,7361,0,N,POINT (1270260.463409543 253635.7472557724),11177.0,0.0,Clear or Partly Cloudy,2011-09-05,00:00:00,,0,1,,Clear or Partly Cloudy
105912,119612,119612,3561046,Matched,Block,,VIRGINIA ST BETWEEN 6TH AVE AND WESTLAKE AVE,,,2,Injury Collision,Cycles,2,0,1,1,1,0,0,2011-11-16T00:00:00.000Z,11/16/2011 7:15:00 PM,Mid-Block (not related to intersection),18,"MOTOR VEHICLE STRUCK PEDALCYCLIST, FRONT END AT ANGLE",,N,Raining,Wet,Dark - Street Lights On,,11320033.0,,45.0,Vehicle - Pedalcyclist,14281,0,N,POINT (1269312.032560572 227819.3482533395),1007.0,8.201056171178148e-06,Raining,2011-11-16,19:15:00,19.0,2,1,1.0,Raining
105913,119894,119894,3550530,Matched,Intersection,28744.0,WESTLAKE AVE N AND VALLEY ST,,,1,Property Damage Only Collision,Cycles,2,0,1,1,0,0,0,2011-06-20T00:00:00.000Z,6/20/2011 7:45:00 PM,At Intersection (intersection related),24,MOTOR VEHCILE STRUCK PEDESTRIAN,,N,Unknown,Unknown,Unknown,Y,11171001.0,,45.0,Vehicle - Pedalcyclist,0,0,N,POINT (1269242.945584506 231901.4393935204),3828.0,0.0,,2011-06-20,19:45:00,19.0,0,1,1.0,
105921,119604,119604,3562233,Matched,Intersection,29971.0,4TH AVE AND CHERRY ST,,,2,Injury Collision,Cycles,2,1,1,0,1,0,0,2011-10-04T00:00:00.000Z,10/4/2011 9:46:00 AM,At Intersection (intersection related),64,PEDALCYCLIST STRUCK PEDESTRIAN,,N,Clear or Partly Cloudy,Dry,Daylight,Y,11277002.0,,45.0,Vehicle - Pedalcyclist,13337,522725,N,POINT (1270981.961778283 223896.8431613296),6242.0,0.0,Clear or Partly Cloudy,2011-10-04,09:46:00,9.0,1,1,1.0,Clear or Partly Cloudy
105938,119748,119748,3552510,Matched,Block,,AURORA AVE N BETWEEN N 89TH ST AND N 90TH ST,,,2b,Serious Injury Collision,Cycles,2,0,1,1,1,1,0,2011-10-20T00:00:00.000Z,10/20/2011 7:38:00 PM,Mid-Block (not related to intersection),51,PEDALCYCLIST STRUCK MOTOR VEHICLE FRONT END AT ANGLE,,N,Overcast,Wet,Dark - Street Lights On,,11293016.0,,45.0,Vehicle - Pedalcyclist,16388,0,N,POINT (1268269.133359507 256738.9448909611),6145.0,3.0768902397720344e-05,Overcast,2011-10-20,19:38:00,19.0,3,1,1.0,Clear or Partly Cloudy
107050,122286,122286,3373249,Matched,Block,,W GARFIELD ST BETWEEN 1ST AVE W AND 2ND AVE W,,,1,Property Damage Only Collision,Cycles,3,0,1,1,0,0,0,2011-07-31T00:00:00.000Z,7/31/2011 10:08:00 AM,Mid-Block (not related to intersection),18,"MOTOR VEHICLE STRUCK PEDALCYCLIST, FRONT END AT ANGLE",,0,Overcast,Dry,Daylight,,11212020.0,,45.0,Vehicle - Pedalcyclist,0,0,N,POINT (1264278.868267417 234820.7800685167),10057.0,7.4492604867832616e-09,Overcast,2011-07-31,10:08:00,10.0,6,0,0.0,Clear or Partly Cloudy
107061,121886,121886,3545201,Matched,Intersection,36585.0,CORLISS AVE N AND N NORTHGATE WAY,,,2,Injury Collision,Cycles,2,0,1,1,1,0,0,2011-10-12T00:00:00.000Z,10/12/2011 8:40:00 AM,At Intersection (intersection related),18,"MOTOR VEHICLE STRUCK PEDALCYCLIST, FRONT END AT ANGLE",,N,Overcast,Dry,Daylight,Y,11285004.0,,45.0,Vehicle - Pedalcyclist,0,525659,N,POINT (1271636.107314959 262081.3979524225),14407.0,0.0,Overcast,2011-10-12,08:40:00,8.0,2,1,1.0,Clear or Partly Cloudy
107062,122151,122151,3564981,Matched,Block,,EAST GREEN LAKE DR N BETWEEN ORIN CT N AND N 77TH ST,,,2,Injury Collision,Cycles,3,0,1,1,1,0,0,2011-06-04T00:00:00.000Z,6/4/2011 5:06:00 PM,Mid-Block (not related to intersection),21,"MOTOR VEHICLE STRUCK PEDALCYCLIST, REAR END",,N,Clear or Partly Cloudy,Dry,Daylight,,11155022.0,,45.0,Vehicle - Pedalcyclist,7347,0,N,POINT (1270636.055025935 253129.4095272571),1087.0,1.4367489142037662e-06,Clear or Partly Cloudy,2011-06-04,17:06:00,17.0,5,0,1.0,Clear or Partly Cloudy
107124,123696,123696,3567476,Matched,Block,,E PIKE ST BETWEEN 10TH AVE AND 11TH AVE,,,2,Injury Collision,Cycles,2,0,1,1,1,0,0,2011-10-31T00:00:00.000Z,10/31/2011 10:55:00 PM,Driveway Junction,51,PEDALCYCLIST STRUCK MOTOR VEHICLE FRONT END AT ANGLE,,N,Clear or Partly Cloudy,Dry,Dark - Street Lights On,Y,11304017.0,,45.0,Vehicle - Pedalcyclist,31245,0,N,POINT (1274051.69016543 227537.2437410504),1145.0,2.6589055945385706e-05,Clear or Partly Cloudy,2011-10-31,22:55:00,22.0,0,1,0.0,Clear or Partly Cloudy
107156,122989,122989,3567944,Matched,Intersection,29894.0,6TH AVE AND PIKE ST,,,1,Property Damage Only Collision,Cycles,2,0,1,1,0,0,0,2011-05-18T00:00:00.000Z,5/18/2011 10:57:00 AM,At Intersection (intersection related),18,"MOTOR VEHICLE STRUCK PEDALCYCLIST, FRONT END AT ANGLE",,N,Clear or Partly Cloudy,Dry,Daylight,Y,11138004.0,,45.0,Vehicle - Pedalcyclist,0,521716,N,POINT (1270166.981681451 226537.3270040303),16633.0,0.0,Clear or Partly Cloudy,2011-05-18,10:57:00,10.0,2,1,0.0,Clear or Partly Cloudy
107218,122852,122852,3335742,Matched,Block,,M L KING JR WAY S BETWEEN S BAYVIEW S ST AND S MCCLELLAN ST,,,2,Injury Collision,Cycles,3,0,1,1,1,0,0,2011-07-17T00:00:00.000Z,7/17/2011 12:24:00 PM,Mid-Block (not related to intersection),18,"MOTOR VEHICLE STRUCK PEDALCYCLIST, FRONT END AT ANGLE",,N,Raining,Wet,Daylight,,11198022.0,,45.0,Vehicle - Pedalcyclist,6643,0,N,POINT (1279381.063738883 214946.4180641621),21807.0,5.905464302152702e-06,Raining,2011-07-17,12:24:00,12.0,6,0,0.0,Raining
107224,122296,122296,3562385,Matched,Block,,ALASKAN WAY BETWEEN COLUMBIA ST AND MARION ST,,,2,Injury Collision,Cycles,2,0,1,1,1,0,0,2011-08-11T00:00:00.000Z,8/11/2011 11:34:00 AM,Mid-Block (not related to intersection),18,"MOTOR VEHICLE STRUCK PEDALCYCLIST, FRONT END AT ANGLE",,0,Clear or Partly Cloudy,Dry,Daylight,,11223010.0,,45.0,Vehicle - Pedalcyclist,38501,0,N,POINT (1269366.290928632 223473.9461368918),598.0,2.9836165941388227e-06,Clear or Partly Cloudy,2011-08-11,11:34:00,11.0,3,1,0.0,Clear or Partly Cloudy
107253,122998,122998,3466334,Matched,Intersection,26870.0,STONE WAY N AND N 38TH ST,,,2,Injury Collision,Cycles,2,0,1,1,1,0,0,2011-09-01T00:00:00.000Z,9/1/2011 1:41:00 PM,At Intersection (intersection related),51,PEDALCYCLIST STRUCK MOTOR VEHICLE FRONT END AT ANGLE,,N,Clear or Partly Cloudy,Dry,Daylight,,11244001.0,,45.0,Vehicle - Pedalcyclist,0,0,N,POINT (1268463.857455701 241734.6945715845),4009.0,0.0,Clear or Partly Cloudy,2011-09-01,13:41:00,13.0,3,1,0.0,Clear or Partly Cloudy
107315,123714,123714,3545903,Matched,Intersection,32673.0,33RD AVE S AND RAINIER AVE S,,,2,Injury Collision,Cycles,2,0,1,1,1,0,0,2011-07-22T00:00:00.000Z,7/22/2011 4:23:00 PM,At Intersection (intersection related),51,PEDALCYCLIST STRUCK MOTOR VEHICLE FRONT END AT ANGLE,,N,Clear or Partly Cloudy,Dry,Daylight,Y,11203006.0,,45.0,Vehicle - Pedalcyclist,0,0,N,POINT (1280595.566396132 211304.0953724235),2823.0,0.0,Clear or Partly Cloudy,2011-07-22,16:23:00,16.0,4,1,1.0,Clear or Partly Cloudy
107382,123421,123421,3332750,Matched,Intersection,287164.0,30TH AVE NE AND BURKE GILMAN TRL,,,2,Injury Collision,Cycles,2,0,1,1,1,0,0,2011-05-17T00:00:00.000Z,5/17/2011 9:35:00 AM,At Intersection (intersection related),18,"MOTOR VEHICLE STRUCK PEDALCYCLIST, FRONT END AT ANGLE",,N,Clear or Partly Cloudy,Dry,Daylight,,11137003.0,,45.0,Vehicle - Pedalcyclist,0,525568,N,POINT (1280116.486459643 245793.1419357508),4875.0,0.0,Clear or Partly Cloudy,2011-05-17,09:35:00,9.0,1,1,1.0,Clear or Partly Cloudy
107438,121912,121912,3283230,Matched,Intersection,29047.0,HARVARD AVE E AND E THOMAS ST,,,2,Injury Collision,Cycles,2,0,1,1,1,0,0,2011-06-03T00:00:00.000Z,6/3/2011 2:00:00 PM,At Intersection (intersection related),18,"MOTOR VEHICLE STRUCK PEDALCYCLIST, FRONT END AT ANGLE",,N,Clear or Partly Cloudy,Dry,Daylight,Y,11154008.0,,45.0,Vehicle - Pedalcyclist,0,0,N,POINT (1273255.328564614 230097.9142716825),6410.0,0.0,Clear or Partly Cloudy,2011-06-03,14:00:00,14.0,4,1,0.0,Clear or Partly Cloudy
107514,122592,122592,3552836,Matched,Intersection,35767.0,STONE AVE N AND N 125TH ST,,,1,Property Damage Only Collision,Cycles,2,0,1,1,0,0,0,2011-09-26T00:00:00.000Z,9/26/2011 1:30:00 PM,At Intersection (intersection related),51,PEDALCYCLIST STRUCK MOTOR VEHICLE FRONT END AT ANGLE,Y,0,Raining,Wet,Unknown,Y,11269033.0,,45.0,Vehicle - Pedalcyclist,5605,0,N,POINT (1269022.708272278 266118.5975725651),3775.0,0.0,Raining,2011-09-26,13:30:00,13.0,0,1,0.0,Raining
107554,122874,122874,3383699,Matched,Intersection,28741.0,DEXTER AVE N AND ROY ST,,,2,Injury Collision,Cycles,2,0,1,1,1,0,0,2011-08-26T00:00:00.000Z,8/26/2011 5:21:00 PM,At Intersection (intersection related),51,PEDALCYCLIST STRUCK MOTOR VEHICLE FRONT END AT ANGLE,,0,Clear or Partly Cloudy,Dry,Daylight,,11238010.0,,45.0,Vehicle - Pedalcyclist,12712,0,N,POINT (1268326.078767568 231776.213409394),6297.0,0.0,Clear or Partly Cloudy,2011-08-26,17:21:00,17.0,4,1,1.0,Clear or Partly Cloudy
107574,121789,121789,3560539,Matched,Block,,4TH AVE BETWEEN SENECA ST AND UNIVERSITY ST,,,1,Property Damage Only Collision,Cycles,2,0,1,1,0,0,0,2011-11-12T00:00:00.000Z,11/12/2011 3:16:00 PM,Mid-Block (but intersection related),21,"MOTOR VEHICLE STRUCK PEDALCYCLIST, REAR END",Y,N,Raining,Wet,Daylight,,11316014.0,,45.0,Vehicle - Pedalcyclist,12735,0,N,POINT (1270124.915761411 225344.7849228084),10210.0,1.1034528287789031e-05,Raining,2011-11-12,15:16:00,15.0,5,0,1.0,Raining
107579,121925,121925,3283075,Matched,Intersection,28300.0,EASTLAKE AVE E AND E ROANOKE ST,,,2,Injury Collision,Cycles,2,0,1,1,1,0,0,2011-09-01T00:00:00.000Z,9/1/2011,At Intersection (intersection related),51,PEDALCYCLIST STRUCK MOTOR VEHICLE FRONT END AT ANGLE,,0,Clear or Partly Cloudy,Dry,Daylight,,11244003.0,,45.0,Vehicle - Pedalcyclist,24724,0,N,POINT (1272508.910643846 238184.0703119487),3943.0,0.0,Clear or Partly Cloudy,2011-09-01,00:00:00,,3,1,,Clear or Partly Cloudy
107602,122466,122466,3559806,Matched,Intersection,29809.0,12TH AVE AND E JEFFERSON ST,,,2,Injury Collision,Cycles,2,0,1,1,1,0,0,2011-02-13T00:00:00.000Z,2/13/2011 10:09:00 PM,At Intersection (intersection related),51,PEDALCYCLIST STRUCK MOTOR VEHICLE FRONT END AT ANGLE,,N,Raining,Wet,Dark - Street Lights On,,11044006.0,,45.0,Vehicle - Pedalcyclist,10636,0,N,POINT (1274493.248053879 224651.3819140941),2320.0,0.0,Raining,2011-02-13,22:09:00,22.0,6,0,0.0,Raining