OBJECTID,INCKEY,COLDETKEY,REPORTNO,STATUS,ADDRTYPE,INTKEY,LOCATION,EXCEPTRSNC,EXCEPTRSND,SEVERITYCO,SEVERITYDE,COLLISIONT,PERSONCOUN,PEDCOUNT,PEDCYLCOUN,VEHCOUNT,INJURIES,SERIOUSINJ,FATALITIES,INCDATE,INCDTTM,JUNCTIONTY,SDOT_COLCO,SDOT_COLDE,INATTENTIO,UNDERINFL,WEATHER,ROADCOND,LIGHTCOND,PEDROWNOTG,SDOTCOLNUM,SPEEDING,ST_COLCODE,ST_COLDESC,SEGLANEKEY,CROSSWALKK,HITPARKEDC,geometry,near_str_index,min_length,weather_group,date,time,hour,dayofweek,weekday,rushhour,weather_group2
108353,123339,123339,3374638,Matched,Intersection,36501.0,ROOSEVELT WAY NE AND NE NORTHGATE WAY,,,2,Injury Collision,Cycles,3,0,1,1,1,0,0,2011-04-24T00:00:00.000Z,4/24/2011 12:11:00 AM,At Intersection (intersection related),51,PEDALCYCLIST STRUCK MOTOR VEHICLE FRONT END AT ANGLE,,Y,Clear or Partly Cloudy,Dry,Dark - Street Lights On,,11114004.0,,45.0,Vehicle - Pedalcyclist,7757,0,N,POINT (1274949.104950339 261986.2030723244),1532.0,0.0,Clear or Partly Cloudy,2011-04-24,00:11:00,,6,0,,Clear or Partly Cloudy
108355,122780,122780,3375045,Matched,Block,,GREENWOOD AVE N BETWEEN N 87TH ST AND N 90TH ST,,,2,Injury Collision,Cycles,3,0,1,1,1,0,0,2011-08-02T00:00:00.000Z,8/2/2011,Driveway Junction,18,"MOTOR VEHICLE STRUCK PEDALCYCLIST, FRONT END AT ANGLE",,0,Clear or Partly Cloudy,Dry,Daylight,,11214018.0,,45.0,Vehicle - Pedalcyclist,4677,0,N,POINT (1265613.78244479 256606.7642188221),6391.0,2.2181736578953687e-05,Clear or Partly Cloudy,2011-08-02,00:00:00,,1,1,,Clear or Partly Cloudy
108360,122644,122644,3545568,Matched,Block,,15TH AVE S BETWEEN S BAYVIEW ST AND BEACON AVE S,,,2,Injury Collision,Cycles,2,0,1,1,1,0,0,2011-07-21T00:00:00.000Z,7/21/2011 5:00:00 PM,Mid-Block (not related to intersection),18,"MOTOR VEHICLE STRUCK PEDALCYCLIST, FRONT END AT ANGLE",,N,Clear or Partly Cloudy,Dry,Daylight,Y,11202032.0,,45.0,Vehicle - Pedalcyclist,15861,0,N,POINT (1275146.254134551 215372.4439205974),23122.0,7.4483959470851425e-09,Clear or Partly Cloudy,2011-07-21,17:00:00,17.0,3,1,1.0,Clear or Partly Cloudy
108362,122643,122643,3373702,Matched,Intersection,29785.0,BOYLSTON AVE AND MARION ST,,,2,Injury Collision,Cycles,2,0,1,1,1,0,0,2011-07-21T00:00:00.000Z,7/21/2011 12:27:00 PM,At Intersection (intersection related),26,MOTOR VEHICLE STRUCK OBJECT IN ROAD,,N,Overcast,Wet,Daylight,,11202004.0,,45.0,Vehicle - Pedalcyclist,0,0,N,POINT (1273440.378932804 226062.9871635437),645.0,0.0,Overcast,2011-07-21,12:27:00,12.0,3,1,0.0,Clear or Partly Cloudy
108400,123622,123622,3383719,Matched,Intersection,30355.0,2ND AVE AND CHERRY ST,,,2,Injury Collision,Cycles,3,0,1,1,1,0,0,2011-06-01T00:00:00.000Z,6/1/2011,At Intersection (intersection related),18,"MOTOR VEHICLE STRUCK PEDALCYCLIST, FRONT END AT ANGLE",,0,Overcast,Dry,Daylight,Y,11152012.0,,45.0,Vehicle - Pedalcyclist,12035,0,N,POINT (1270427.74891372 223568.6895609945),2488.0,0.0,Overcast,2011-06-01,00:00:00,,2,1,,Clear or Partly Cloudy
108402,122233,122233,3562340,Matched,Intersection,29172.0,MINOR AVE AND STEWART ST,,,2,Injury Collision,Cycles,2,0,1,1,1,0,0,2011-11-06T00:00:00.000Z,11/6/2011 8:50:00 PM,At Intersection (intersection related),51,PEDALCYCLIST STRUCK MOTOR VEHICLE FRONT END AT ANGLE,Y,N,Clear or Partly Cloudy,Dry,Dark - Street Lights On,Y,11310006.0,,45.0,Vehicle - Pedalcyclist,0,630805,N,POINT (1270855.40024215 228883.3427504301),8866.0,0.0,Clear or Partly Cloudy,2011-11-06,20:50:00,20.0,6,0,0.0,Clear or Partly Cloudy
108462,122789,122789,3383194,Matched,Intersection,28764.0,MERCER SR ST AND WESTLAKE AVE N,,,2,Injury Collision,Cycles,2,0,1,1,1,0,0,2011-05-01T00:00:00.000Z,5/1/2011 2:01:00 PM,At Intersection (intersection related),18,"MOTOR VEHICLE STRUCK PEDALCYCLIST, FRONT END AT ANGLE",,N,Clear or Partly Cloudy,Dry,Daylight,Y,11121003.0,,45.0,Vehicle - Pedalcyclist,24588,0,N,POINT (1269283.177008539 231447.0130250603),2250.0,0.0,Clear or Partly Cloudy,2011-05-01,14:01:00,14.0,6,0,0.0,Clear or Partly Cloudy
108504,121719,121719,3565095,Matched,Intersection,24499.0,ROOSEVELT WAY NE AND NE 66TH ST,,,2,Injury Collision,Cycles,2,0,1,1,1,0,0,2011-06-11T00:00:00.000Z,6/11/2011 6:50:00 PM,At Intersection (intersection related),51,PEDALCYCLIST STRUCK MOTOR VEHICLE FRONT END AT ANGLE,Y,N,Clear or Partly Cloudy,Dry,Daylight,Y,11162025.0,,45.0,Vehicle - Pedalcyclist,9394,0,N,POINT (1274841.88523823 250311.1781643778),4208.0,0.0,Clear or Partly Cloudy,2011-06-11,18:50:00,18.0,5,0,1.0,Clear or Partly Cloudy
108523,123490,123490,3566422,Matched,Block,,24TH AVE E BETWEEN E PROSPECT ST AND E HIGHLAND DR,,,2b,Serious Injury Collision,Cycles,1,0,1,0,1,1,0,2011-08-27T00:00:00.000Z,8/27/2011 2:48:00 AM,,0,NOT ENOUGH INFORMATION / NOT APPLICABLE,,1,Clear or Partly Cloudy,Dry,Dark - Street Lights On,,11239022.0,,45.0,Vehicle - Pedalcyclist,22525,0,N,POINT (1278387.282233864 233174.3974748254),20475.0,0.0,Clear or Partly Cloudy,2011-08-27,02:48:00,2.0,5,0,0.0,Clear or Partly Cloudy
108540,121977,121977,3466713,Matched,Block,,7TH AVE NE BETWEEN NE 45TH ST AND NE 45TH ST ON RP,,,2b,Serious Injury Collision,Cycles,2,0,1,1,1,1,0,2011-08-24T00:00:00.000Z,8/24/2011 11:29:00 AM,Mid-Block (not related to intersection),22,"MOTOR VEHICLE STRUCK PEDALCYCLIST, RIGHT SIDE SIDESWIPE",Y,N,Clear or Partly Cloudy,Dry,Daylight,,11236004.0,,45.0,Vehicle - Pedalcyclist,15369,0,N,POINT (1273910.328757286 244859.6143827885),12503.0,7.448457959371914e-09,Clear or Partly Cloudy,2011-08-24,11:29:00,11.0,2,1,0.0,Clear or Partly Cloudy
108569,122655,122655,3567303,Matched,Block,,E JAMES WAY BETWEEN BROADWAY AND E CHERRY ST,,,2,Injury Collision,Cycles,2,0,1,1,1,0,0,2011-09-30T00:00:00.000Z,9/30/2011 11:29:00 AM,Driveway Junction,54,PEDALCYCLIST STRUCK MOTOR VEHICLE REAR END,,0,Clear or Partly Cloudy,Dry,Daylight,,11273019.0,,45.0,Vehicle - Pedalcyclist,31015,0,N,POINT (1273770.132533133 225191.4527626485),15973.0,1.1224075487296865e-05,Clear or Partly Cloudy,2011-09-30,11:29:00,11.0,4,1,0.0,Clear or Partly Cloudy
108615,122803,122803,3380282,Matched,Block,,CALIFORNIA AVE SW BETWEEN SW OREGON ST AND SW ALASKA ST,,,2,Injury Collision,Cycles,2,0,1,1,1,0,0,2011-03-04T00:00:00.000Z,3/4/2011 5:00:00 PM,Mid-Block (not related to intersection),56,PEDALCYCLIST STRUCK MOTOR VEHICLE LEFT SIDE SIDESWIPE,,N,Raining,Wet,Daylight,,11063003.0,,45.0,Vehicle - Pedalcyclist,2684,0,N,POINT (1256904.120995864 208875.4186339378),18917.0,1.732656074009561e-05,Raining,2011-03-04,17:00:00,17.0,4,1,1.0,Raining
108719,122527,122527,3329632,Matched,Intersection,29508.0,DENNY WAY AND TERRY AVE,,,2,Injury Collision,Cycles,2,0,1,1,1,0,0,2011-06-02T00:00:00.000Z,6/2/2011,,0,NOT ENOUGH INFORMATION / NOT APPLICABLE,,0,Clear or Partly Cloudy,Unknown,Daylight,,11153027.0,,45.0,Vehicle - Pedalcyclist,23507,0,N,POINT (1269556.96734482 229243.3586228043),11074.0,0.0,Clear or Partly Cloudy,2011-06-02,00:00:00,,3,1,,Clear or Partly Cloudy
108725,122949,122949,3378083,Matched,Intersection,37389.0,FREMONT AVE N AND N 103RD ST,,,1,Property Damage Only Collision,Cycles,2,0,1,1,0,0,0,2011-01-14T00:00:00.000Z,1/14/2011 8:30:00 AM,At Intersection (intersection related),18,"MOTOR VEHICLE STRUCK PEDALCYCLIST, FRONT END AT ANGLE",,N,Raining,Wet,Unknown,,11014014.0,,45.0,Vehicle - Pedalcyclist,0,0,N,POINT (1266986.057262197 260338.3989106417),3971.0,0.0,Raining,2011-01-14,08:30:00,8.0,4,1,1.0,Raining
108802,124484,124484,3559644,Matched,Intersection,30125.0,19TH AVE AND E MADISON ST,,,2,Injury Collision,Cycles,2,0,1,1,1,0,0,2011-09-19T00:00:00.000Z,9/19/2011 3:30:00 PM,At Intersection (intersection related),18,"MOTOR VEHICLE STRUCK PEDALCYCLIST, FRONT END AT ANGLE",,0,Clear or Partly Cloudy,Dry,Daylight,,11262004.0,,45.0,Vehicle - Pedalcyclist,8688,0,N,POINT (1276878.160696328 228447.1312939823),127.0,0.0,Clear or Partly Cloudy,2011-09-19,15:30:00,15.0,0,1,1.0,Clear or Partly Cloudy
108819,123662,123662,3568580,Matched,Block,,N MOTOR PL BETWEEN LINDEN AVE N AND AURORA AVE N,,,2,Injury Collision,Cycles,2,0,1,1,1,0,0,2011-07-04T00:00:00.000Z,7/4/2011 10:37:00 PM,Mid-Block (not related to intersection),18,"MOTOR VEHICLE STRUCK PEDALCYCLIST, FRONT END AT ANGLE",,N,Clear or Partly Cloudy,Dry,Dark - Street Lights On,,11185006.0,,45.0,Vehicle - Pedalcyclist,16854,0,N,POINT (1267179.486382395 243928.8479818404),4087.0,2.977418804726922e-05,Clear or Partly Cloudy,2011-07-04,22:37:00,22.0,0,1,0.0,Clear or Partly Cloudy
108862,125606,125606,3287698,Matched,Block,,E OLIVE WAY BETWEEN BELMONT AVE E AND BOYLSTON W AVE E,,,2,Injury Collision,Cycles,1,0,1,0,1,0,0,2011-09-20T00:00:00.000Z,9/20/2011 11:08:00 AM,Mid-Block (not related to intersection),69,PEDALCYCLIST OVERTURNED IN ROAD,,0,Clear or Partly Cloudy,Dry,Daylight,,11263011.0,,45.0,Vehicle - Pedalcyclist,23250,0,N,POINT (1272870.446644217 229623.3502391875),9004.0,2.5595601446215343e-05,Clear or Partly Cloudy,2011-09-20,11:08:00,11.0,1,1,0.0,Clear or Partly Cloudy
108932,124364,124364,3342641,Matched,Block,,DELRIDGE WAY SW BETWEEN 17TH AVE SW AND SW ROXBURY ST,,,2,Injury Collision,Cycles,2,0,1,1,1,0,0,2011-08-13T00:00:00.000Z,8/13/2011 7:04:00 PM,Mid-Block (not related to intersection),24,MOTOR VEHCILE STRUCK PEDESTRIAN,,0,Clear or Partly Cloudy,Dry,Daylight,,11225017.0,,45.0,Vehicle - Pedalcyclist,0,522696,N,POINT (1264226.48900336 192709.4478013963),16023.0,3.741397042784796e-09,Clear or Partly Cloudy,2011-08-13,19:04:00,19.0,5,0,1.0,Clear or Partly Cloudy
111046,127422,127422,3562830,Matched,Block,,FAUNTLEROY WAY SW BETWEEN 37TH AVE SW AND SW OREGON ST,,,2,Injury Collision,Cycles,2,0,1,1,1,0,0,2011-06-23T00:00:00.000Z,6/23/2011 7:40:00 AM,Driveway Junction,51,PEDALCYCLIST STRUCK MOTOR VEHICLE FRONT END AT ANGLE,,N,Unknown,Unknown,Daylight,Y,11174027.0,,45.0,Vehicle - Pedalcyclist,19809,0,N,POINT (1258824.872165829 209222.9678183049),15347.0,1.3681484139980967e-05,,2011-06-23,07:40:00,7.0,3,1,1.0,
111058,127699,127699,3287437,Matched,Block,,S JACKSON ST BETWEEN 12TH AVE S AND 14TH AVE S,,,2,Injury Collision,Cycles,2,0,1,1,1,0,0,2011-11-05T00:00:00.000Z,11/5/2011 5:11:00 PM,Mid-Block (not related to intersection),56,PEDALCYCLIST STRUCK MOTOR VEHICLE LEFT SIDE SIDESWIPE,,N,Clear or Partly Cloudy,Dry,Dusk,,11309027.0,,45.0,Vehicle - Pedalcyclist,11001,0,N,POINT (1274714.950966105 222091.9929194748),12155.0,2.01258740024902e-05,Clear or Partly Cloudy,2011-11-05,17:11:00,17.0,5,0,1.0,Clear or Partly Cloudy
111067,127972,127972,3383696,Matched,Block,,DENNY WAY BETWEEN FAIRVIEW AVE AND MINOR AVE,,,2,Injury Collision,Cycles,3,0,1,1,1,0,0,2011-08-21T00:00:00.000Z,8/21/2011 12:02:00 PM,Mid-Block (not related to intersection),54,PEDALCYCLIST STRUCK MOTOR VEHICLE REAR END,,0,Clear or Partly Cloudy,Dry,Daylight,,11233007.0,,45.0,Vehicle - Pedalcyclist,23526,0,N,POINT (1270377.868849665 229223.3230387866),20562.0,7.448393488203636e-09,Clear or Partly Cloudy,2011-08-21,12:02:00,12.0,6,0,0.0,Clear or Partly Cloudy
111089,127278,127278,3341793,Matched,Intersection,28797.0,DEXTER AVE N AND JOHN ST,,,2,Injury Collision,Cycles,2,0,1,1,1,0,0,2011-08-01T00:00:00.000Z,8/1/2011,At Intersection (intersection related),18,"MOTOR VEHICLE STRUCK PEDALCYCLIST, FRONT END AT ANGLE",,0,Clear or Partly Cloudy,Dry,Dark - Street Lights On,,11213011.0,,45.0,Vehicle - Pedalcyclist,12606,0,N,POINT (1268273.173295513 229703.638431266),3489.0,0.0,Clear or Partly Cloudy,2011-08-01,00:00:00,,0,1,,Clear or Partly Cloudy
111130,126306,126306,3564909,Matched,Intersection,27244.0,LATONA AVE NE AND NE PACIFIC ST,,,2,Injury Collision,Cycles,1,0,1,0,1,0,0,2011-03-18T00:00:00.000Z,3/18/2011 3:05:00 PM,At Intersection (intersection related),14,"MOTOR VEHICLE STRUCK MOTOR VEHICLE, REAR END",,N,Clear or Partly Cloudy,Dry,Daylight,,11077012.0,,45.0,Vehicle - Pedalcyclist,0,576113,N,POINT (1272637.023795977 242449.5139003247),7415.0,0.0,Clear or Partly Cloudy,2011-03-18,15:05:00,15.0,4,1,1.0,Clear or Partly Cloudy
111189,127428,127428,3565338,Matched,Intersection,36351.0,AURORA AVE N AND N 107TH N ST,,,2,Injury Collision,Cycles,2,0,1,1,1,0,0,2011-06-28T00:00:00.000Z,6/28/2011 8:15:00 AM,At Intersection (intersection related),18,"MOTOR VEHICLE STRUCK PEDALCYCLIST, FRONT END AT ANGLE",,N,Clear or Partly Cloudy,Dry,Daylight,Y,11179003.0,,45.0,Vehicle - Pedalcyclist,0,0,N,POINT (1268322.364975557 261497.6263038218),3345.0,0.0,Clear or Partly Cloudy,2011-06-28,08:15:00,8.0,1,1,1.0,Clear or Partly Cloudy
111241,128256,128256,3569193,Matched,Intersection,27244.0,LATONA AVE NE AND NE PACIFIC ST,,,2,Injury Collision,Cycles,3,0,1,1,2,0,0,2011-07-08T00:00:00.000Z,7/8/2011 2:40:00 PM,At Intersection (intersection related),18,"MOTOR VEHICLE STRUCK PEDALCYCLIST, FRONT END AT ANGLE",Y,N,Clear or Partly Cloudy,Dry,Daylight,,11189009.0,,45.0,Vehicle - Pedalcyclist,0,576113,N,POINT (1272637.023795977 242449.5139003247),7415.0,0.0,Clear or Partly Cloudy,2011-07-08,14:40:00,14.0,4,1,0.0,Clear or Partly Cloudy
111323,126879,126879,3466427,Matched,Intersection,37278.0,INTERLAKE AVE N AND N NORTHGATE WAY,,,2,Injury Collision,Cycles,2,0,1,1,1,0,0,2011-08-11T00:00:00.000Z,8/11/2011 1:18:00 PM,At Intersection (intersection related),18,"MOTOR VEHICLE STRUCK PEDALCYCLIST, FRONT END AT ANGLE",,0,Clear or Partly Cloudy,Dry,Daylight,,11223004.0,,45.0,Vehicle - Pedalcyclist,18936,0,N,POINT (1269312.603952572 260813.3042551279),3593.0,0.0,Clear or Partly Cloudy,2011-08-11,13:18:00,13.0,3,1,0.0,Clear or Partly Cloudy
111330,127850,127850,3375731,Matched,Intersection,29877.0,MELROSE AVE AND PIKE ST,,,1,Property Damage Only Collision,Cycles,2,0,1,1,0,0,0,2011-03-10T00:00:00.000Z,3/10/2011 8:03:00 AM,At Intersection (intersection related),18,"MOTOR VEHICLE STRUCK PEDALCYCLIST, FRONT END AT ANGLE",,N,Raining,Wet,Daylight,Y,11069007.0,,45.0,Vehicle - Pedalcyclist,31114,0,N,POINT (1271828.993331149 227522.0719650388),1143.0,0.0,Raining,2011-03-10,08:03:00,8.0,3,1,1.0,Raining
111380,126176,126176,3559814,Matched,Block,,12TH AVE BETWEEN E YESLER WAY AND E FIR ST,,,2,Injury Collision,Cycles,2,0,1,1,1,0,0,2011-04-27T00:00:00.000Z,4/27/2011 12:10:00 PM,Mid-Block (not related to intersection),18,"MOTOR VEHICLE STRUCK PEDALCYCLIST, FRONT END AT ANGLE",Y,N,Overcast,Wet,Daylight,,11117007.0,,45.0,Vehicle - Pedalcyclist,10556,0,N,POINT (1274464.679541856 223187.2106485963),12266.0,2.189364124587166e-05,Overcast,2011-04-27,12:10:00,12.0,2,1,0.0,Clear or Partly Cloudy
111459,126887,126887,3332116,Matched,Intersection,30145.0,19TH AVE AND E UNION ST,,,2,Injury Collision,Cycles,1,0,1,0,1,0,0,2011-03-04T00:00:00.000Z,3/4/2011 6:48:00 AM,At Intersection (intersection related),69,PEDALCYCLIST OVERTURNED IN ROAD,Y,N,Overcast,Wet,Daylight,,11063002.0,,45.0,Vehicle - Pedalcyclist,9335,0,N,POINT (1276827.780664265 227049.1508765519),126.0,0.0,Overcast,2011-03-04,06:48:00,6.0,4,1,0.0,Clear or Partly Cloudy
111489,127864,127864,3335206,Matched,Block,,ALASKAN WAY S BETWEEN S MAIN ST AND S JACKSON ST,,,2,Injury Collision,Cycles,4,0,1,2,2,0,0,2011-03-11T00:00:00.000Z,3/11/2011 5:32:00 PM,Mid-Block (not related to intersection),54,PEDALCYCLIST STRUCK MOTOR VEHICLE REAR END,,N,Clear or Partly Cloudy,Dry,Dusk,,11070030.0,,45.0,Vehicle - Pedalcyclist,0,0,N,POINT (1269728.355505005 222344.6448877305),8725.0,7.449374601908822e-09,Clear or Partly Cloudy,2011-03-11,17:32:00,17.0,4,1,1.0,Clear or Partly Cloudy
111490,127448,127448,2898009,Matched,Block,,5TH AVE S BETWEEN S WELLER ST AND S DEARBORN ST,,,2,Injury Collision,Cycles,2,0,1,1,1,0,0,2011-05-04T00:00:00.000Z,5/4/2011 8:00:00 AM,Mid-Block (not related to intersection),56,PEDALCYCLIST STRUCK MOTOR VEHICLE LEFT SIDE SIDESWIPE,,N,Unknown,Unknown,Daylight,,11124011.0,,45.0,Vehicle - Pedalcyclist,31131,0,N,POINT (1271737.21323505 221221.9010145813),492.0,1.2314445539912399e-05,,2011-05-04,08:00:00,8.0,2,1,1.0,
111530,126050,126050,3387007,Matched,Intersection,28994.0,BROADWAY E AND E MERCER ST,,,2,Injury Collision,Cycles,2,0,1,1,1,0,0,2011-02-02T00:00:00.000Z,2/2/2011 11:58:00 AM,At Intersection (intersection related),51,PEDALCYCLIST STRUCK MOTOR VEHICLE FRONT END AT ANGLE,,N,Clear or Partly Cloudy,Dry,Daylight,,11033006.0,,45.0,Vehicle - Pedalcyclist,0,522273,N,POINT (1273594.126900956 231259.8135368675),6211.0,0.0,Clear or Partly Cloudy,2011-02-02,11:58:00,11.0,2,1,0.0,Clear or Partly Cloudy
111532,126049,126049,3565587,Matched,Block,,24TH AVE NW BETWEEN NW 56TH ST AND NW 57TH ST,,,2,Injury Collision,Cycles,2,0,1,1,1,0,0,2011-01-31T00:00:00.000Z,1/31/2011 5:39:00 PM,Mid-Block (not related to intersection),51,PEDALCYCLIST STRUCK MOTOR VEHICLE FRONT END AT ANGLE,Y,0,Overcast,Dry,Dark - Street Lights On,,11031011.0,,45.0,Vehicle - Pedalcyclist,1873,0,N,POINT (1257498.216548473 248197.0392822027),19507.0,4.705980645790648e-06,Overcast,2011-01-31,17:39:00,17.0,0,1,1.0,Clear or Partly Cloudy
111608,127591,127591,3564382,Matched,Block,,NE 45TH ST BETWEEN 15TH AVE NE AND 16TH AVE NE,,,2,Injury Collision,Cycles,2,0,1,1,1,0,0,2011-08-27T00:00:00.000Z,8/27/2011 8:06:00 AM,Mid-Block (not related to intersection),18,"MOTOR VEHICLE STRUCK PEDALCYCLIST, FRONT END AT ANGLE",,0,Clear or Partly Cloudy,Dry,Daylight,,11239007.0,,45.0,Vehicle - Pedalcyclist,6944,0,N,POINT (1276199.294199631 244705.6790866405),16347.0,2.2451780535474273e-05,Clear or Partly Cloudy,2011-08-27,08:06:00,8.0,5,0,1.0,Clear or Partly Cloudy
111626,127451,127451,3283074,Matched,Intersection,27153.0,EASTLAKE AVE E AND FUHRMAN AVE E,,,2,Injury Collision,Cycles,2,0,1,1,1,0,0,2011-08-16T00:00:00.000Z,8/16/2011 9:40:00 AM,At Intersection (intersection related),18,"MOTOR VEHICLE STRUCK PEDALCYCLIST, FRONT END AT ANGLE",,N,Clear or Partly Cloudy,Dry,Daylight,Y,11228004.0,,45.0,Vehicle - Pedalcyclist,6078,0,N,POINT (1273704.647989064 241221.0042030662),995.0,0.0,Clear or Partly Cloudy,2011-08-16,09:40:00,9.0,1,1,1.0,Clear or Partly Cloudy
111677,126627,126627,3561078,Matched,Block,,STEWART ST BETWEEN 8TH AVE AND 9TH AVE,,,2,Injury Collision,Cycles,2,1,1,0,2,0,0,2011-09-09T00:00:00.000Z,9/9/2011 12:10:00 PM,Mid-Block (not related to intersection),64,PEDALCYCLIST STRUCK PEDESTRIAN,,N,Clear or Partly Cloudy,Dry,Daylight,Y,11252017.0,,45.0,Vehicle - Pedalcyclist,13684,0,N,POINT (1270097.299889371 228049.8687015772),19038.0,5.014234262537953e-09,Clear or Partly Cloudy,2011-09-09,12:10:00,12.0,4,1,0.0,Clear or Partly Cloudy
111708,127321,127321,3375522,Matched,Block,,DENNY WAY BETWEEN PONTIUS AVE N AND YALE AVE,,,2,Injury Collision,Cycles,3,0,1,1,1,0,0,2011-05-07T00:00:00.000Z,5/7/2011 4:02:00 PM,Mid-Block (not related to intersection),54,PEDALCYCLIST STRUCK MOTOR VEHICLE REAR END,,N,Overcast,Dry,Daylight,,11127018.0,Y,45.0,Vehicle - Pedalcyclist,23543,0,N,,,,Overcast,2011-05-07,16:02:00,16.0,5,0,1.0,Clear or Partly Cloudy
111720,126909,126909,3560787,Matched,Intersection,27900.0,15TH AVE W AND GILMAN UPPER DR W,,,2,Injury Collision,Cycles,2,0,1,1,1,0,0,2011-05-07T00:00:00.000Z,5/7/2011 11:55:00 AM,At Intersection (intersection related),18,"MOTOR VEHICLE STRUCK PEDALCYCLIST, FRONT END AT ANGLE",,N,Overcast,Dry,Daylight,,11127005.0,,45.0,Vehicle - Pedalcyclist,0,522927,N,POINT (1260114.230311155 238338.4357521087),746.0,0.0,Overcast,2011-05-07,11:55:00,11.0,5,0,0.0,Clear or Partly Cloudy
111730,127178,127178,3552795,Matched,Intersection,24202.0,9TH AVE NW AND NW 67TH ST,,,2b,Serious Injury Collision,Cycles,2,0,1,1,1,1,0,2011-09-20T00:00:00.000Z,9/20/2011 6:45:00 AM,,0,NOT ENOUGH INFORMATION / NOT APPLICABLE,,0,Clear or Partly Cloudy,Dry,Daylight,Y,11263039.0,,45.0,Vehicle - Pedalcyclist,0,0,N,POINT (1262203.597097293 251006.5665810853),3297.0,0.0,Clear or Partly Cloudy,2011-09-20,06:45:00,6.0,1,1,0.0,Clear or Partly Cloudy
111749,127877,127877,3329572,Matched,Block,,26TH AVE E BETWEEN BOYER AVE E AND E NEWTON ST,,,2,Injury Collision,Cycles,2,0,1,1,1,0,0,2011-07-21T00:00:00.000Z,7/21/2011 9:28:00 AM,Driveway Junction,18,"MOTOR VEHICLE STRUCK PEDALCYCLIST, FRONT END AT ANGLE",,N,Raining,Wet,Daylight,,11202035.0,,45.0,Vehicle - Pedalcyclist,0,0,N,POINT (1278968.479994461 235403.2652531117),8511.0,1.7366605418985038e-05,Raining,2011-07-21,09:28:00,9.0,3,1,1.0,Raining
111777,126210,126210,3466335,Matched,Intersection,23860.0,15TH AVE NW AND NW 83RD ST,,,2,Injury Collision,Cycles,2,0,1,1,1,0,0,2011-09-06T00:00:00.000Z,9/6/2011,At Intersection (intersection related),51,PEDALCYCLIST STRUCK MOTOR VEHICLE FRONT END AT ANGLE,,0,Clear or Partly Cloudy,Dry,Daylight,,11249009.0,,45.0,Vehicle - Pedalcyclist,0,0,N,POINT (1260293.924391344 255037.4248252064),9579.0,0.0,Clear or Partly Cloudy,2011-09-06,00:00:00,,1,1,,Clear or Partly Cloudy
111818,126488,126488,3295916,Matched,Intersection,31755.0,BEACH DR SW AND SW GENESEE ST,,,2,Injury Collision,Cycles,2,0,1,1,1,0,0,2011-05-07T00:00:00.000Z,5/7/2011 1:30:00 PM,At Intersection (intersection related),18,"MOTOR VEHICLE STRUCK PEDALCYCLIST, FRONT END AT ANGLE",,N,Unknown,Unknown,Daylight,,11127023.0,,45.0,Vehicle - Pedalcyclist,4019,0,N,POINT (1251914.983710751 210040.5728111416),13719.0,0.0,,2011-05-07,13:30:00,13.0,5,0,0.0,
111890,127752,127752,3564744,Matched,Intersection,27009.0,FREMONT AVE N AND FREMONT WAY N,,,2b,Serious Injury Collision,Cycles,2,0,1,1,1,1,0,2011-11-02T00:00:00.000Z,11/2/2011 7:22:00 AM,At Intersection (intersection related),51,PEDALCYCLIST STRUCK MOTOR VEHICLE FRONT END AT ANGLE,,N,Clear or Partly Cloudy,Dry,Dawn,Y,11306005.0,,45.0,Vehicle - Pedalcyclist,0,522550,N,POINT (1266667.913261861 242293.0889401585),738.0,0.0,Clear or Partly Cloudy,2011-11-02,07:22:00,7.0,2,1,1.0,Clear or Partly Cloudy
111921,126356,126356,3561391,Matched,Intersection,29599.0,1ST AVE AND UNION ST,,,1,Property Damage Only Collision,Cycles,2,0,1,1,0,0,0,2011-11-26T00:00:00.000Z,11/26/2011 3:58:00 AM,At Intersection (intersection related),51,PEDALCYCLIST STRUCK MOTOR VEHICLE FRONT END AT ANGLE,,N,Clear or Partly Cloudy,Dry,Dark - Street Lights On,,11330003.0,,45.0,Vehicle - Pedalcyclist,36670,0,N,POINT (1268998.645552248 225351.0061068088),3796.0,0.0,Clear or Partly Cloudy,2011-11-26,03:58:00,3.0,5,0,0.0,Clear or Partly Cloudy
111945,126076,126076,3560859,Matched,Intersection,28027.0,DEXTER AVE N AND HAYES ST,,,2b,Serious Injury Collision,Cycles,2,0,1,1,1,1,0,2011-09-15T00:00:00.000Z,9/15/2011 5:07:00 PM,At Intersection (intersection related),51,PEDALCYCLIST STRUCK MOTOR VEHICLE FRONT END AT ANGLE,Y,N,Clear or Partly Cloudy,Dry,Daylight,,11258031.0,,45.0,Vehicle - Pedalcyclist,12989,0,N,POINT (1268401.703215644 234899.7362285852),6300.0,0.0,Clear or Partly Cloudy,2011-09-15,17:07:00,17.0,3,1,1.0,Clear or Partly Cloudy