OBJECTID,INCKEY,COLDETKEY,REPORTNO,STATUS,ADDRTYPE,INTKEY,LOCATION,EXCEPTRSNC,EXCEPTRSND,SEVERITYCO,SEVERITYDE,COLLISIONT,PERSONCOUN,PEDCOUNT,PEDCYLCOUN,VEHCOUNT,INJURIES,SERIOUSINJ,FATALITIES,INCDATE,INCDTTM,JUNCTIONTY,SDOT_COLCO,SDOT_COLDE,INATTENTIO,UNDERINFL,WEATHER,ROADCOND,LIGHTCOND,PEDROWNOTG,SDOTCOLNUM,SPEEDING,ST_COLCODE,ST_COLDESC,SEGLANEKEY,CROSSWALKK,HITPARKEDC,geometry,near_str_index,min_length,weather_group,date,time,hour,dayofweek,weekday,rushhour,weather_group2
112757,126406,126406,3377316,Matched,Intersection,25789.0,ROOSEVELT WAY NE AND NE 50TH ST,,,2,Injury Collision,Cycles,2,0,1,1,1,0,0,2011-09-11T00:00:00.000Z,9/11/2011 1:53:00 AM,At Intersection (intersection related),51,PEDALCYCLIST STRUCK MOTOR VEHICLE FRONT END AT ANGLE,,0,Clear or Partly Cloudy,Dry,Dark - Street Lights On,,11254004.0,,45.0,Vehicle - Pedalcyclist,21441,0,N,POINT (1274752.641334146 246074.6052320302),7253.0,0.0,Clear or Partly Cloudy,2011-09-11,01:53:00,1.0,6,0,0.0,Clear or Partly Cloudy
112774,126544,126544,3375633,Matched,Block,,S JACKSON ST BETWEEN 2ND AVE S AND 3RD AVE S,,,2,Injury Collision,Cycles,3,0,1,1,1,0,0,2011-05-20T00:00:00.000Z,5/20/2011 10:46:00 AM,Mid-Block (not related to intersection),23,"MOTOR VEHICLE STRUCK PEDALCYCLIST, LEFT SIDE SIDESWIPE",,N,Clear or Partly Cloudy,Dry,Daylight,,11140032.0,,45.0,Vehicle - Pedalcyclist,4851,0,N,POINT (1270954.001266256 222164.9003115445),18368.0,1.3477456637490964e-06,Clear or Partly Cloudy,2011-05-20,10:46:00,10.0,4,1,0.0,Clear or Partly Cloudy
112788,126131,126131,3466991,Matched,Intersection,287164.0,30TH AVE NE AND BURKE GILMAN TRL,,,2,Injury Collision,Cycles,3,0,1,1,1,0,0,2011-07-12T00:00:00.000Z,7/12/2011 6:48:00 PM,At Intersection (intersection related),18,"MOTOR VEHICLE STRUCK PEDALCYCLIST, FRONT END AT ANGLE",,N,Clear or Partly Cloudy,Dry,Daylight,,11193003.0,,45.0,Vehicle - Pedalcyclist,0,525568,N,POINT (1280116.486459643 245793.1419357508),4875.0,0.0,Clear or Partly Cloudy,2011-07-12,18:48:00,18.0,1,1,1.0,Clear or Partly Cloudy
112822,127111,127111,3377310,Matched,Intersection,27090.0,UNIVERSITY WAY NE AND NE 42ND ST,,,2,Injury Collision,Cycles,3,0,1,2,1,0,0,2011-05-30T00:00:00.000Z,5/30/2011 9:50:00 PM,At Intersection (intersection related),69,PEDALCYCLIST OVERTURNED IN ROAD,,Y,Clear or Partly Cloudy,Dry,Dark - Street Lights On,,11150001.0,Y,45.0,Vehicle - Pedalcyclist,5663,0,N,POINT (1275740.08043915 243639.4802375436),998.0,0.0,Clear or Partly Cloudy,2011-05-30,21:50:00,21.0,0,1,0.0,Clear or Partly Cloudy
112830,126699,126699,3373268,Matched,Intersection,31203.0,ALASKAN WAY S AND S MASSACHUSETTS ST,,,2,Injury Collision,Cycles,2,0,1,1,1,0,0,2011-10-25T00:00:00.000Z,10/25/2011 2:38:00 PM,At Intersection (intersection related),18,"MOTOR VEHICLE STRUCK PEDALCYCLIST, FRONT END AT ANGLE",,0,Clear or Partly Cloudy,Dry,Daylight,,11298005.0,,45.0,Vehicle - Pedalcyclist,0,630867,N,POINT (1269023.349552274 218229.7632195204),599.0,0.0,Clear or Partly Cloudy,2011-10-25,14:38:00,14.0,1,1,0.0,Clear or Partly Cloudy
112844,127945,127945,3285499,Matched,Intersection,33119.0,AIRPORT WAY S AND S NEBRASKA ST,,,1,Property Damage Only Collision,Cycles,2,0,1,1,0,0,0,2011-01-24T00:00:00.000Z,1/24/2011 12:57:00 PM,At Intersection (intersection related),18,"MOTOR VEHICLE STRUCK PEDALCYCLIST, FRONT END AT ANGLE",,N,Raining,Wet,Daylight,,11024005.0,,45.0,Vehicle - Pedalcyclist,0,0,N,POINT (1273989.463093355 203994.4316209406),3312.0,0.0,Raining,2011-01-24,12:57:00,12.0,0,1,0.0,Raining
112845,128222,128222,3565293,Matched,Block,,NE 130TH ST BETWEEN 30TH AVE NE AND 31ST AVE NE,,,2,Injury Collision,Cycles,2,0,1,1,1,0,0,2011-06-23T00:00:00.000Z,6/23/2011 4:25:00 PM,Mid-Block (not related to intersection),18,"MOTOR VEHICLE STRUCK PEDALCYCLIST, FRONT END AT ANGLE",,N,Overcast,Dry,Daylight,,11174028.0,,45.0,Vehicle - Pedalcyclist,0,0,N,POINT (1280555.408380091 267110.1258935779),7200.0,6.90991611285788e-06,Overcast,2011-06-23,16:25:00,16.0,3,1,1.0,Clear or Partly Cloudy
112933,126988,126988,3466873,Matched,Block,,STONE WAY N BETWEEN N 47TH ST AND N 48TH ST,,,2,Injury Collision,Cycles,2,0,1,1,1,0,0,2011-11-22T00:00:00.000Z,11/22/2011 5:08:00 PM,Mid-Block (not related to intersection),21,"MOTOR VEHICLE STRUCK PEDALCYCLIST, REAR END",Y,N,Raining,Wet,Dark - Street Lights On,,11326024.0,,45.0,Vehicle - Pedalcyclist,6404,0,N,POINT (1268832.222512081 245563.4435675144),973.0,1.2740354614524734e-05,Raining,2011-11-22,17:08:00,17.0,1,1,1.0,Raining
112946,127126,127126,3559146,Matched,Block,,ROOSEVELT WAY NE BETWEEN NE 43RD N ST AND NE 45TH ST,,,2,Injury Collision,Cycles,2,0,1,1,1,0,0,2011-06-03T00:00:00.000Z,6/3/2011 9:28:00 AM,Mid-Block (not related to intersection),51,PEDALCYCLIST STRUCK MOTOR VEHICLE FRONT END AT ANGLE,,N,Clear or Partly Cloudy,Dry,Daylight,Y,11154022.0,,45.0,Vehicle - Pedalcyclist,9002,0,N,POINT (1274643.41477403 244486.5489104092),22683.0,1.6744602144952038e-05,Clear or Partly Cloudy,2011-06-03,09:28:00,9.0,4,1,1.0,Clear or Partly Cloudy
112969,127677,127677,3387021,Matched,Intersection,28400.0,20TH AVE E AND E LOUISA ST,,,2,Injury Collision,Cycles,5,0,1,3,1,0,0,2011-10-26T00:00:00.000Z,10/26/2011 9:06:00 AM,At Intersection (intersection related),51,PEDALCYCLIST STRUCK MOTOR VEHICLE FRONT END AT ANGLE,,0,Overcast,Dry,Daylight,Y,11299029.0,Y,45.0,Vehicle - Pedalcyclist,0,0,N,POINT (1277525.54322499 237821.074343577),6871.0,0.0,Overcast,2011-10-26,09:06:00,9.0,2,1,1.0,Clear or Partly Cloudy
112990,127959,127959,2501942,Matched,Intersection,27063.0,BROOKLYN AVE NE AND NE 45TH ST,,,2,Injury Collision,Cycles,3,0,1,1,1,0,0,2011-12-03T00:00:00.000Z,12/3/2011 1:57:00 AM,At Intersection (intersection related),18,"MOTOR VEHICLE STRUCK PEDALCYCLIST, FRONT END AT ANGLE",,Y,Overcast,Dry,Dark - Street Lights On,,11337034.0,,45.0,Vehicle - Pedalcyclist,6974,0,N,POINT (1275495.099958912 244724.8767186552),1400.0,0.0,Overcast,2011-12-03,01:57:00,1.0,5,0,0.0,Clear or Partly Cloudy
113001,127955,127955,3295760,Matched,Block,,ALKI AVE SW BETWEEN 57TH AVE SW AND 58TH AVE SW,,,2,Injury Collision,Cycles,3,0,1,2,1,0,0,2011-09-03T00:00:00.000Z,9/3/2011,Mid-Block (not related to intersection),56,PEDALCYCLIST STRUCK MOTOR VEHICLE LEFT SIDE SIDESWIPE,,0,Clear or Partly Cloudy,Dry,Daylight,,11246034.0,,45.0,Vehicle - Pedalcyclist,3625,0,N,POINT (1252380.143071234 215920.7316651642),6119.0,4.544789253251045e-06,Clear or Partly Cloudy,2011-09-03,00:00:00,,5,0,,Clear or Partly Cloudy
113026,126148,126148,3561927,Matched,Intersection,36986.0,17TH AVE NW AND NW 85TH ST,,,2,Injury Collision,Cycles,2,0,1,1,1,0,0,2011-07-22T00:00:00.000Z,7/22/2011 4:31:00 PM,At Intersection (intersection related),51,PEDALCYCLIST STRUCK MOTOR VEHICLE FRONT END AT ANGLE,,N,Clear or Partly Cloudy,Dry,Daylight,,11203002.0,,45.0,Vehicle - Pedalcyclist,0,0,N,POINT (1259776.512038812 255733.0159939229),1638.0,0.0,Clear or Partly Cloudy,2011-07-22,16:31:00,16.0,4,1,1.0,Clear or Partly Cloudy
113093,127689,127689,3334733,Matched,Block,,GILMAN AVE W BETWEEN 25TH AVE W AND 26TH AVE W,,,2,Injury Collision,Cycles,3,0,1,1,1,0,0,2011-10-31T00:00:00.000Z,10/31/2011 7:52:00 PM,Driveway Junction,51,PEDALCYCLIST STRUCK MOTOR VEHICLE FRONT END AT ANGLE,Y,N,Overcast,Dry,Dark - Street Lights On,Y,11304016.0,,45.0,Vehicle - Pedalcyclist,15458,0,N,POINT (1256986.090851948 243943.7359178513),13749.0,1.7938110152360542e-06,Overcast,2011-10-31,19:52:00,19.0,0,1,1.0,Clear or Partly Cloudy
113134,128106,128106,3287275,Matched,Intersection,26026.0,17TH AVE NE AND NE RAVENNA WB BV,,,2,Injury Collision,Cycles,2,0,1,1,1,0,0,2011-02-08T00:00:00.000Z,2/8/2011 8:38:00 AM,At Intersection (but not related to intersection),18,"MOTOR VEHICLE STRUCK PEDALCYCLIST, FRONT END AT ANGLE",,N,Clear or Partly Cloudy,Dry,Daylight,,11039002.0,,45.0,Vehicle - Pedalcyclist,32688,0,N,POINT (1276706.374712139 247925.9452659339),1540.0,0.0,Clear or Partly Cloudy,2011-02-08,08:38:00,8.0,1,1,1.0,Clear or Partly Cloudy
113196,126571,126571,3552679,Matched,Block,,N 34TH ST BETWEEN WOODLAND PARK AVE N AND STONE WAY N,,,2b,Serious Injury Collision,Cycles,2,0,1,1,1,1,0,2011-05-18T00:00:00.000Z,5/18/2011 8:00:00 PM,Mid-Block (not related to intersection),21,"MOTOR VEHICLE STRUCK PEDALCYCLIST, REAR END",,Y,Clear or Partly Cloudy,Dry,Daylight,,11138022.0,,45.0,Vehicle - Pedalcyclist,8850,0,N,POINT (1268229.432751462 240254.514986068),16565.0,7.236095260111585e-09,Clear or Partly Cloudy,2011-05-18,20:00:00,20.0,2,1,0.0,Clear or Partly Cloudy
113214,128807,128807,3559890,Matched,Intersection,30174.0,22ND AVE AND E CHERRY ST,,,2,Injury Collision,Cycles,3,0,1,1,1,0,0,2011-03-23T00:00:00.000Z,3/23/2011 7:44:00 PM,At Intersection (intersection related),18,"MOTOR VEHICLE STRUCK PEDALCYCLIST, FRONT END AT ANGLE",,N,Clear or Partly Cloudy,Dry,Dark - Street Lights On,Y,11082033.0,,45.0,Vehicle - Pedalcyclist,9559,0,N,POINT (1277726.718265191 225248.9476107061),3864.0,0.0,Clear or Partly Cloudy,2011-03-23,19:44:00,19.0,2,1,1.0,Clear or Partly Cloudy
113228,129507,129507,3373265,Matched,Block,,7TH AVE S BETWEEN S PLUMMER ST AND AIRPORT NB WAY S,,,2,Injury Collision,Cycles,3,0,1,1,1,0,0,2011-09-13T00:00:00.000Z,9/13/2011 5:25:00 PM,Mid-Block (not related to intersection),51,PEDALCYCLIST STRUCK MOTOR VEHICLE FRONT END AT ANGLE,,N,Clear or Partly Cloudy,Dry,Daylight,,11256015.0,,45.0,Vehicle - Pedalcyclist,16261,0,N,POINT (1272678.760244027 220043.374293372),3241.0,2.1484403289354866e-05,Clear or Partly Cloudy,2011-09-13,17:25:00,17.0,1,1,1.0,Clear or Partly Cloudy
113272,130482,130482,3564815,Matched,Block,,3RD AVE NE BETWEEN NE 115TH ST AND NE 116TH ST,,,2,Injury Collision,Cycles,5,0,1,1,1,0,0,2011-07-03T00:00:00.000Z,7/3/2011 6:56:00 PM,Mid-Block (not related to intersection),18,"MOTOR VEHICLE STRUCK PEDALCYCLIST, FRONT END AT ANGLE",,N,Clear or Partly Cloudy,Dry,Dusk,,11184017.0,,45.0,Vehicle - Pedalcyclist,0,0,N,POINT (1272957.504308313 263535.0256019086),16326.0,2.1249749041090844e-05,Clear or Partly Cloudy,2011-07-03,18:56:00,18.0,6,0,1.0,Clear or Partly Cloudy
113296,129783,129783,3387023,Matched,Intersection,29863.0,MELROSE AVE AND PINE ST,,,2,Injury Collision,Cycles,2,0,1,1,1,0,0,2011-10-27T00:00:00.000Z,10/27/2011 5:26:00 PM,At Intersection (intersection related),18,"MOTOR VEHICLE STRUCK PEDALCYCLIST, FRONT END AT ANGLE",,0,Clear or Partly Cloudy,Dry,Daylight,,11300006.0,,45.0,Vehicle - Pedalcyclist,11517,0,N,POINT (1271813.802035138 227999.6394535303),897.0,0.0,Clear or Partly Cloudy,2011-10-27,17:26:00,17.0,3,1,1.0,Clear or Partly Cloudy
113355,129657,129657,3329274,Matched,Intersection,29177.0,E HOWELL ST AND E OLIVE WAY,,,1,Property Damage Only Collision,Cycles,2,0,1,1,0,0,0,2011-01-20T00:00:00.000Z,1/20/2011 11:48:00 PM,At Intersection (intersection related),18,"MOTOR VEHICLE STRUCK PEDALCYCLIST, FRONT END AT ANGLE",,N,Raining,Wet,Unknown,Y,11020016.0,,45.0,Vehicle - Pedalcyclist,23270,0,N,POINT (1272238.338355571 228902.7705904543),679.0,0.0,Raining,2011-01-20,23:48:00,23.0,3,1,0.0,Raining
113415,130207,130207,3554549,Matched,Intersection,37407.0,FREMONT AVE N AND N 100TH ST,,,1,Property Damage Only Collision,Cycles,2,0,1,1,0,0,0,2011-12-13T00:00:00.000Z,12/13/2011 5:16:00 PM,At Intersection (intersection related),18,"MOTOR VEHICLE STRUCK PEDALCYCLIST, FRONT END AT ANGLE",,N,Raining,Wet,Dark - Street Lights On,,11347032.0,,45.0,Vehicle - Pedalcyclist,0,0,N,POINT (1266974.798894182 259545.7978218347),1186.0,0.0,Raining,2011-12-13,17:16:00,17.0,1,1,1.0,Raining
113548,130360,130360,3344138,Matched,Intersection,30135.0,15TH AVE AND E PINE ST,,,2,Injury Collision,Cycles,3,0,1,1,1,0,0,2011-03-16T00:00:00.000Z,3/16/2011 7:51:00 AM,At Intersection (intersection related),18,"MOTOR VEHICLE STRUCK PEDALCYCLIST, FRONT END AT ANGLE",,N,Clear or Partly Cloudy,Wet,Daylight,Y,11075009.0,,45.0,Vehicle - Pedalcyclist,31300,0,N,POINT (1275547.013430953 227945.2317734659),2385.0,0.0,Clear or Partly Cloudy,2011-03-16,07:51:00,7.0,2,1,1.0,Clear or Partly Cloudy
113625,128970,128970,2805987,Matched,Intersection,29860.0,SUMMIT AVE AND E PINE ST,,,2,Injury Collision,Cycles,2,0,1,1,1,0,0,2011-07-26T00:00:00.000Z,7/26/2011 12:04:00 AM,At Intersection (intersection related),18,"MOTOR VEHICLE STRUCK PEDALCYCLIST, FRONT END AT ANGLE",,0,Overcast,Wet,Dark - Street Lights On,,11207002.0,,45.0,Vehicle - Pedalcyclist,10354,0,N,POINT (1272399.309875742 227981.0989095122),1148.0,0.0,Overcast,2011-07-26,00:04:00,,1,1,,Clear or Partly Cloudy
113648,129398,129398,3545913,Matched,Intersection,35254.0,44TH AVE S AND S CLOVERDALE ST,,,2,Injury Collision,Cycles,3,0,1,1,1,0,0,2011-07-25T00:00:00.000Z,7/25/2011 8:12:00 PM,At Intersection (intersection related),21,"MOTOR VEHICLE STRUCK PEDALCYCLIST, REAR END",,0,Clear or Partly Cloudy,Dry,Daylight,,11206011.0,,45.0,Vehicle - Pedalcyclist,0,0,N,POINT (1283495.566911101 195263.1010520011),1713.0,0.0,Clear or Partly Cloudy,2011-07-25,20:12:00,20.0,0,1,0.0,Clear or Partly Cloudy
113679,129110,129110,3545027,Matched,Block,,AURORA AVE N BETWEEN N 100TH ST AND N 101ST ST,,,2,Injury Collision,Cycles,2,0,1,1,1,0,0,2011-11-27T00:00:00.000Z,11/27/2011 3:00:00 PM,Driveway Junction,24,MOTOR VEHCILE STRUCK PEDESTRIAN,,N,Clear or Partly Cloudy,Dry,Daylight,Y,11331031.0,,45.0,Vehicle - Pedalcyclist,0,0,N,POINT (1268302.892335534 259645.5570539385),19741.0,2.894440245362095e-05,Clear or Partly Cloudy,2011-11-27,15:00:00,15.0,6,0,1.0,Clear or Partly Cloudy
113723,129948,129948,3197565,Matched,Block,,DELRIDGE WAY SW BETWEEN SW THISTLE ST AND SW CLOVERDALE ST,,,2,Injury Collision,Cycles,2,0,1,1,1,0,0,2011-04-26T00:00:00.000Z,4/26/2011 8:26:00 AM,Driveway Junction,18,"MOTOR VEHICLE STRUCK PEDALCYCLIST, FRONT END AT ANGLE",,N,Overcast,Dry,Daylight,Y,11116014.0,,45.0,Vehicle - Pedalcyclist,0,0,N,POINT (1263148.508970261 196118.1327328831),19790.0,0.0,Overcast,2011-04-26,08:26:00,8.0,1,1,1.0,Clear or Partly Cloudy
113796,129678,129678,3559514,Matched,Intersection,28294.0,EASTLAKE AVE E AND E EDGAR ST,,,2,Injury Collision,Cycles,3,0,1,1,1,0,0,2011-01-28T00:00:00.000Z,1/28/2011 5:41:00 PM,At Intersection (intersection related),18,"MOTOR VEHICLE STRUCK PEDALCYCLIST, FRONT END AT ANGLE",Y,N,Overcast,Wet,Dark - Street Lights On,Y,11028002.0,,45.0,Vehicle - Pedalcyclist,24709,0,N,POINT (1272519.139635861 238659.0959764421),6828.0,0.0,Overcast,2011-01-28,17:41:00,17.0,4,1,1.0,Clear or Partly Cloudy
113850,130096,130096,3559439,Matched,Intersection,29026.0,FEDERAL AVE E AND E HARRISON ST,,,2,Injury Collision,Cycles,4,0,1,1,1,0,0,2011-09-07T00:00:00.000Z,9/7/2011,At Intersection (intersection related),51,PEDALCYCLIST STRUCK MOTOR VEHICLE FRONT END AT ANGLE,,0,Clear or Partly Cloudy,Dry,Daylight,,11250007.0,,45.0,Vehicle - Pedalcyclist,0,0,N,POINT (1274088.013621464 230414.0719680041),3527.0,0.0,Clear or Partly Cloudy,2011-09-07,00:00:00,,2,1,,Clear or Partly Cloudy
113891,128992,128992,3559539,Matched,Block,,E CHERRY ST BETWEEN 23RD AVE AND 24TH AVE,,,2,Injury Collision,Cycles,2,0,1,1,1,0,0,2011-09-03T00:00:00.000Z,9/3/2011,Mid-Block (not related to intersection),54,PEDALCYCLIST STRUCK MOTOR VEHICLE REAR END,,1,Clear or Partly Cloudy,Dry,Daylight,,11246025.0,,45.0,Vehicle - Pedalcyclist,9571,0,N,POINT (1278120.373625591 225240.1329547018),6816.0,4.9131693656850925e-06,Clear or Partly Cloudy,2011-09-03,00:00:00,,5,0,,Clear or Partly Cloudy
113931,129546,129546,3566235,Matched,Intersection,29734.0,BOYLSTON AVE AND E PINE ST,,,2,Injury Collision,Cycles,5,0,1,1,1,0,0,2011-07-05T00:00:00.000Z,7/5/2011 8:09:00 AM,At Intersection (intersection related),51,PEDALCYCLIST STRUCK MOTOR VEHICLE FRONT END AT ANGLE,,N,Clear or Partly Cloudy,Dry,Daylight,Y,11186007.0,,45.0,Vehicle - Pedalcyclist,10374,0,N,POINT (1272920.548660263 227975.5196454972),6198.0,0.0,Clear or Partly Cloudy,2011-07-05,08:09:00,8.0,1,1,1.0,Clear or Partly Cloudy
113936,129543,129543,3380451,Matched,Block,,HARBOR AVE SW BETWEEN CALIFORNIA WAY SW AND FAIRMOUNT AVE SW,,,2,Injury Collision,Cycles,3,0,1,1,1,0,0,2011-06-29T00:00:00.000Z,6/29/2011 6:06:00 PM,Driveway Junction,18,"MOTOR VEHICLE STRUCK PEDALCYCLIST, FRONT END AT ANGLE",,N,Clear or Partly Cloudy,Dry,Daylight,,11180009.0,,45.0,Vehicle - Pedalcyclist,4167,0,N,POINT (1258813.585125819 218426.0909637213),15569.0,1.0984254900840304e-05,Clear or Partly Cloudy,2011-06-29,18:06:00,18.0,2,1,1.0,Clear or Partly Cloudy
113946,129412,129412,3200500,Matched,Block,,2ND AVE BETWEEN UNION ST AND PIKE ST,,,2,Injury Collision,Cycles,2,0,1,1,1,0,0,2011-11-14T00:00:00.000Z,11/14/2011 7:08:00 AM,Driveway Junction,18,"MOTOR VEHICLE STRUCK PEDALCYCLIST, FRONT END AT ANGLE",,N,Clear or Partly Cloudy,Dry,Dawn,,11318016.0,Y,45.0,Vehicle - Pedalcyclist,12168,0,N,POINT (1269167.241392419 225698.1291791648),135.0,1.0206619767903732e-08,Clear or Partly Cloudy,2011-11-14,07:08:00,7.0,0,1,1.0,Clear or Partly Cloudy
113960,130387,130387,3559777,Matched,Intersection,29748.0,12TH AVE AND E PIKE ST,,,2,Injury Collision,Cycles,2,0,1,1,1,0,0,2011-02-12T00:00:00.000Z,2/12/2011 8:18:00 AM,At Intersection (intersection related),18,"MOTOR VEHICLE STRUCK PEDALCYCLIST, FRONT END AT ANGLE",,N,Clear or Partly Cloudy,Dry,Daylight,Y,11043002.0,,45.0,Vehicle - Pedalcyclist,10802,0,N,POINT (1274535.139893919 227533.018781051),39.0,0.0,Clear or Partly Cloudy,2011-02-12,08:18:00,8.0,5,0,1.0,Clear or Partly Cloudy
114004,128435,128435,3568847,Matched,Intersection,25184.0,SHILSHOLE AVE NW AND NW 46TH ST,,,2,Injury Collision,Cycles,3,0,1,1,1,0,0,2011-04-22T00:00:00.000Z,4/22/2011 11:32:00 AM,At Intersection (intersection related),18,"MOTOR VEHICLE STRUCK PEDALCYCLIST, FRONT END AT ANGLE",,N,Clear or Partly Cloudy,Dry,Daylight,,11112013.0,,45.0,Vehicle - Pedalcyclist,41180,0,N,POINT (1259729.65200676 245374.2066393197),957.0,0.0,Clear or Partly Cloudy,2011-04-22,11:32:00,11.0,4,1,0.0,Clear or Partly Cloudy
114014,128434,128434,3332812,Matched,Intersection,27108.0,UNIVERSITY WAY NE AND NE 40TH ST,,,2b,Serious Injury Collision,Cycles,2,0,1,1,1,1,0,2011-04-22T00:00:00.000Z,4/22/2011 8:52:00 PM,At Intersection (intersection related),51,PEDALCYCLIST STRUCK MOTOR VEHICLE FRONT END AT ANGLE,,N,Clear or Partly Cloudy,Dry,Dark - Street Lights On,Y,11112008.0,,45.0,Vehicle - Pedalcyclist,5695,0,N,POINT (1275700.171831116 242559.9261884391),4147.0,0.0,Clear or Partly Cloudy,2011-04-22,20:52:00,20.0,4,1,0.0,Clear or Partly Cloudy
114078,129417,129417,3333669,Matched,Block,,15TH AVE NE BETWEEN NE 45TH ST AND NE 47TH ST,,,2,Injury Collision,Cycles,3,0,1,1,1,0,0,2011-04-17T00:00:00.000Z,4/17/2011 9:50:00 AM,Mid-Block (not related to intersection),55,PEDALCYCLIST STRUCK MOTOR VEHICLE RIGHT SIDE SIDESWIPE,,N,Clear or Partly Cloudy,Dry,Daylight,,11107016.0,,45.0,Vehicle - Pedalcyclist,21387,0,N,POINT (1276069.606967494 245040.653742969),22718.0,2.1942384084511887e-10,Clear or Partly Cloudy,2011-04-17,09:50:00,9.0,6,0,1.0,Clear or Partly Cloudy
114117,128442,128442,3375712,Matched,Intersection,28914.0,5TH AVE N AND MERCER ST,,,2,Injury Collision,Cycles,2,0,1,1,1,0,0,2011-03-09T00:00:00.000Z,3/9/2011 9:07:00 AM,At Intersection (intersection related),18,"MOTOR VEHICLE STRUCK PEDALCYCLIST, FRONT END AT ANGLE",,N,Overcast,Wet,Daylight,Y,11068008.0,,45.0,Vehicle - Pedalcyclist,0,521786,N,POINT (1267030.83652623 231494.5296971053),847.0,0.0,Overcast,2011-03-09,09:07:00,9.0,2,1,1.0,Clear or Partly Cloudy
114152,129145,129145,3375355,Matched,Intersection,31203.0,ALASKAN WAY S AND S MASSACHUSETTS ST,,,2,Injury Collision,Cycles,2,0,1,1,1,0,0,2011-02-14T00:00:00.000Z,2/14/2011 5:38:00 PM,At Intersection (intersection related),51,PEDALCYCLIST STRUCK MOTOR VEHICLE FRONT END AT ANGLE,,N,Raining,Wet,Dark - Street Lights On,Y,11045005.0,,45.0,Vehicle - Pedalcyclist,4797,0,N,POINT (1269023.349552274 218229.7632195204),599.0,0.0,Raining,2011-02-14,17:38:00,17.0,0,1,1.0,Raining
114173,128717,128717,3466682,Matched,Block,,NE 125TH ST BETWEEN 33RD AVE NE AND 35TH AVE NE,,,2,Injury Collision,Cycles,2,0,1,1,1,0,0,2011-10-31T00:00:00.000Z,10/31/2011 3:32:00 PM,Driveway Junction,18,"MOTOR VEHICLE STRUCK PEDALCYCLIST, FRONT END AT ANGLE",Y,N,Overcast,Wet,Daylight,,11304033.0,,45.0,Vehicle - Pedalcyclist,0,0,N,POINT (1281446.570684999 265764.9381801933),1361.0,2.9071184492304527e-05,Overcast,2011-10-31,15:32:00,15.0,0,1,1.0,Clear or Partly Cloudy
114195,129285,129285,3329069,Matched,Block,,DENNY WAY BETWEEN QUEEN ANNE AVE N AND 1ST AVE,,,2,Injury Collision,Cycles,2,0,1,1,1,0,0,2011-07-19T00:00:00.000Z,7/19/2011 1:30:00 PM,Mid-Block (not related to intersection),22,"MOTOR VEHICLE STRUCK PEDALCYCLIST, RIGHT SIDE SIDESWIPE",,N,Overcast,Dry,Daylight,Y,11200005.0,,45.0,Vehicle - Pedalcyclist,20122,0,N,POINT (1264883.350636035 229363.6142389178),11073.0,3.0386927963207347e-05,Overcast,2011-07-19,13:30:00,13.0,1,1,0.0,Clear or Partly Cloudy
114238,129839,129839,3466345,Matched,Intersection,27184.0,EASTERN AVE N AND N 45TH ST,,,2,Injury Collision,Cycles,2,0,1,1,1,0,0,2011-12-24T00:00:00.000Z,12/24/2011 5:29:00 PM,At Intersection (intersection related),51,PEDALCYCLIST STRUCK MOTOR VEHICLE FRONT END AT ANGLE,,N,Overcast,Dry,Dark - Street Lights On,Y,11358005.0,,45.0,Vehicle - Pedalcyclist,6523,0,N,POINT (1271878.001203194 244826.3482067585),9056.0,0.0,Overcast,2011-12-24,17:29:00,17.0,5,0,1.0,Clear or Partly Cloudy
114278,130401,130401,3466802,Matched,Intersection,27090.0,UNIVERSITY WAY NE AND NE 42ND ST,,,2,Injury Collision,Cycles,3,0,1,1,1,0,0,2011-07-01T00:00:00.000Z,7/1/2011 8:26:00 AM,At Intersection (intersection related),51,PEDALCYCLIST STRUCK MOTOR VEHICLE FRONT END AT ANGLE,,N,Clear or Partly Cloudy,Dry,Daylight,,11182011.0,,45.0,Vehicle - Pedalcyclist,5663,0,N,POINT (1275740.08043915 243639.4802375436),998.0,0.0,Clear or Partly Cloudy,2011-07-01,08:26:00,8.0,4,1,1.0,Clear or Partly Cloudy
114281,130263,130263,3545006,Matched,Intersection,25803.0,BROOKLYN AVE NE AND NE 47TH ST,,,2,Injury Collision,Cycles,3,0,1,1,1,0,0,2011-09-28T00:00:00.000Z,9/28/2011 8:47:00 AM,At Intersection (intersection related),18,"MOTOR VEHICLE STRUCK PEDALCYCLIST, FRONT END AT ANGLE",,N,Clear or Partly Cloudy,Dry,Daylight,Y,11271001.0,,45.0,Vehicle - Pedalcyclist,32429,0,N,POINT (1275519.669558927 245389.3738713264),1405.0,0.0,Clear or Partly Cloudy,2011-09-28,08:47:00,8.0,2,1,1.0,Clear or Partly Cloudy
114325,129434,129434,3375502,Matched,Block,,1ST AVE BETWEEN BLANCHARD ST AND BELL ST,,,2b,Serious Injury Collision,Cycles,2,0,1,1,1,1,0,2011-04-11T00:00:00.000Z,4/11/2011 6:50:00 PM,Mid-Block (not related to intersection),21,"MOTOR VEHICLE STRUCK PEDALCYCLIST, REAR END",,N,Clear or Partly Cloudy,Dry,Daylight,Y,11101023.0,,45.0,Vehicle - Pedalcyclist,13233,0,N,POINT (1267368.977454588 227266.4868127704),2269.0,5.014503332264041e-09,Clear or Partly Cloudy,2011-04-11,18:50:00,18.0,0,1,1.0,Clear or Partly Cloudy