OBJECTID,INCKEY,COLDETKEY,REPORTNO,STATUS,ADDRTYPE,INTKEY,LOCATION,EXCEPTRSNC,EXCEPTRSND,SEVERITYCO,SEVERITYDE,COLLISIONT,PERSONCOUN,PEDCOUNT,PEDCYLCOUN,VEHCOUNT,INJURIES,SERIOUSINJ,FATALITIES,INCDATE,INCDTTM,JUNCTIONTY,SDOT_COLCO,SDOT_COLDE,INATTENTIO,UNDERINFL,WEATHER,ROADCOND,LIGHTCOND,PEDROWNOTG,SDOTCOLNUM,SPEEDING,ST_COLCODE,ST_COLDESC,SEGLANEKEY,CROSSWALKK,HITPARKEDC,geometry,near_str_index,min_length,weather_group,date,time,hour,dayofweek,weekday,rushhour,weather_group2
114378,129855,129855,3554504,Matched,Block,,ROOSEVELT WAY NE BETWEEN NE 45TH ST AND NE 47TH ST,,,2,Injury Collision,Cycles,2,0,1,1,1,0,0,2011-11-15T00:00:00.000Z,11/15/2011 3:35:00 PM,Mid-Block (not related to intersection),51,PEDALCYCLIST STRUCK MOTOR VEHICLE FRONT END AT ANGLE,Y,N,Clear or Partly Cloudy,Dry,Dusk,,11319020.0,,45.0,Vehicle - Pedalcyclist,10833,0,N,POINT (1274721.706934109 245075.8127190173),19913.0,2.054423759327244e-05,Clear or Partly Cloudy,2011-11-15,15:35:00,15.0,1,1,1.0,Clear or Partly Cloudy
114382,129853,129853,3546477,Matched,Intersection,29632.0,ALASKAN WAY AND SPRING ST,,,2,Injury Collision,Cycles,1,0,1,0,1,0,0,2011-11-13T00:00:00.000Z,11/13/2011 5:37:00 PM,At Intersection (intersection related),51,PEDALCYCLIST STRUCK MOTOR VEHICLE FRONT END AT ANGLE,,N,Clear or Partly Cloudy,Dry,Dark - Street Lights On,,11317002.0,,45.0,Vehicle - Pedalcyclist,0,0,N,POINT (1268978.35166423 224132.6800895631),3766.0,0.0,Clear or Partly Cloudy,2011-11-13,17:37:00,17.0,6,0,1.0,Clear or Partly Cloudy
114398,128740,128740,3335214,Matched,Block,,2ND AV ET S BETWEEN S MAIN ST AND S WASHINGTON ST,,,2,Injury Collision,Cycles,2,0,1,1,1,0,0,2011-07-21T00:00:00.000Z,7/21/2011 5:11:00 PM,Mid-Block (but intersection related),21,"MOTOR VEHICLE STRUCK PEDALCYCLIST, REAR END",Y,N,Clear or Partly Cloudy,Dry,Daylight,,11202037.0,,45.0,Vehicle - Pedalcyclist,12007,0,N,POINT (1270999.796978295 222614.6374000162),8471.0,5.341536409067881e-06,Clear or Partly Cloudy,2011-07-21,17:11:00,17.0,3,1,1.0,Clear or Partly Cloudy
114423,128738,128738,3558998,Matched,Intersection,27077.0,UNIVERSITY WAY NE AND NE 43RD ST,,,2,Injury Collision,Cycles,2,0,1,1,1,0,0,2011-11-10T00:00:00.000Z,11/10/2011 11:12:00 AM,At Intersection (intersection related),51,PEDALCYCLIST STRUCK MOTOR VEHICLE FRONT END AT ANGLE,,N,Clear or Partly Cloudy,Dry,Daylight,Y,11314009.0,,45.0,Vehicle - Pedalcyclist,31578,0,N,POINT (1275760.030775174 244179.1487180889),998.0,0.0,Clear or Partly Cloudy,2011-11-10,11:12:00,11.0,3,1,0.0,Clear or Partly Cloudy
114433,128458,128458,3562784,Matched,Intersection,28917.0,2ND AVE N AND MERCER ST,,,2,Injury Collision,Cycles,2,0,1,1,1,0,0,2011-08-11T00:00:00.000Z,8/11/2011 12:17:00 PM,At Intersection (intersection related),18,"MOTOR VEHICLE STRUCK PEDALCYCLIST, FRONT END AT ANGLE",,0,Clear or Partly Cloudy,Dry,Daylight,,11223019.0,,45.0,Vehicle - Pedalcyclist,0,0,N,POINT (1265743.638316914 231524.0134731382),846.0,0.0,Clear or Partly Cloudy,2011-08-11,12:17:00,12.0,3,1,0.0,Clear or Partly Cloudy
114453,129306,129306,3546304,Matched,Block,,2ND AVE BETWEEN UNIVERSITY ST AND UNION ST,,,2,Injury Collision,Cycles,2,0,1,1,1,0,0,2011-09-22T00:00:00.000Z,9/22/2011 8:25:00 AM,Mid-Block (not related to intersection),18,"MOTOR VEHICLE STRUCK PEDALCYCLIST, FRONT END AT ANGLE",,0,Overcast,Dry,Daylight,,11265024.0,,45.0,Vehicle - Pedalcyclist,12162,0,N,POINT (1269384.209328651 225331.5899147987),16946.0,0.0,Overcast,2011-09-22,08:25:00,8.0,3,1,1.0,Clear or Partly Cloudy
114454,129024,129024,3564833,Matched,Intersection,37279.0,STONE AVE N AND N NORTHGATE WAY,,,2,Injury Collision,Cycles,2,0,1,1,1,0,0,2011-03-28T00:00:00.000Z,3/28/2011 5:06:00 PM,At Intersection (intersection related),18,"MOTOR VEHICLE STRUCK PEDALCYCLIST, FRONT END AT ANGLE",Y,N,Overcast,Dry,Daylight,Y,11087005.0,,45.0,Vehicle - Pedalcyclist,0,0,N,POINT (1268979.151152238 260820.5111671388),3774.0,0.0,Overcast,2011-03-28,17:06:00,17.0,0,1,1.0,Clear or Partly Cloudy
114455,129305,129305,3287699,Matched,Intersection,29809.0,12TH AVE AND E JEFFERSON ST,,,2b,Serious Injury Collision,Cycles,2,0,1,1,1,1,0,2011-09-20T00:00:00.000Z,9/20/2011 5:19:00 PM,At Intersection (intersection related),51,PEDALCYCLIST STRUCK MOTOR VEHICLE FRONT END AT ANGLE,,0,Clear or Partly Cloudy,Dry,Daylight,,11263003.0,,45.0,Vehicle - Pedalcyclist,10458,0,N,POINT (1274493.248053879 224651.3819140941),2320.0,0.0,Clear or Partly Cloudy,2011-09-20,17:19:00,17.0,1,1,1.0,Clear or Partly Cloudy
114580,128611,128611,3568867,Matched,Intersection,26629.0,8TH AVE NW AND NW 43RD N ST,,,2,Injury Collision,Cycles,3,0,1,1,1,0,0,2011-06-26T00:00:00.000Z,6/26/2011 4:02:00 PM,At Intersection (intersection related),51,PEDALCYCLIST STRUCK MOTOR VEHICLE FRONT END AT ANGLE,,N,Clear or Partly Cloudy,Dry,Daylight,,11177003.0,,45.0,Vehicle - Pedalcyclist,0,523915,N,POINT (1262708.46544981 244242.8087501526),571.0,0.0,Clear or Partly Cloudy,2011-06-26,16:02:00,16.0,6,0,1.0,Clear or Partly Cloudy
114645,130150,130150,3564714,Matched,Block,,GREENWOOD AVE N BETWEEN N 85TH ST AND N 87TH ST,,,2,Injury Collision,Cycles,2,0,1,1,1,0,0,2011-09-10T00:00:00.000Z,9/10/2011 11:32:00 AM,Mid-Block (not related to intersection),56,PEDALCYCLIST STRUCK MOTOR VEHICLE LEFT SIDE SIDESWIPE,Y,N,Clear or Partly Cloudy,Dry,Daylight,,11253020.0,,45.0,Vehicle - Pedalcyclist,4623,0,N,POINT (1265606.582636774 255946.2417861372),13332.0,3.186865805434691e-05,Clear or Partly Cloudy,2011-09-10,11:32:00,11.0,5,0,0.0,Clear or Partly Cloudy
114680,128339,128339,3373917,Matched,Intersection,29869.0,HOWELL ST AND OLIVE WAY,,,2,Injury Collision,Cycles,3,0,1,1,1,0,0,2011-06-18T00:00:00.000Z,6/18/2011 1:39:00 AM,At Intersection (intersection related),18,"MOTOR VEHICLE STRUCK PEDALCYCLIST, FRONT END AT ANGLE",,N,Clear or Partly Cloudy,Dry,Dark - Street Lights On,,11169023.0,,45.0,Vehicle - Pedalcyclist,14009,0,N,POINT (1270287.080497578 227598.1718051136),6044.0,0.0,Clear or Partly Cloudy,2011-06-18,01:39:00,1.0,5,0,0.0,Clear or Partly Cloudy
114702,128758,128758,3552813,Matched,Block,,LEARY AVE NW BETWEEN NW IONE PL AND 20TH AVE NW,,,2,Injury Collision,Cycles,3,0,1,1,1,0,0,2011-07-30T00:00:00.000Z,7/30/2011 5:35:00 PM,Mid-Block (not related to intersection),51,PEDALCYCLIST STRUCK MOTOR VEHICLE FRONT END AT ANGLE,,0,Clear or Partly Cloudy,Dry,Daylight,,11211019.0,,45.0,Vehicle - Pedalcyclist,23658,0,N,POINT (1258972.297637984 246821.6227688044),20886.0,4.1315598178906236e-05,Clear or Partly Cloudy,2011-07-30,17:35:00,17.0,5,0,1.0,Clear or Partly Cloudy
114706,129041,129041,3345948,Matched,Intersection,26465.0,20TH AVE W AND GILMAN AVE W,,,2,Injury Collision,Cycles,2,0,1,1,1,0,0,2011-04-08T00:00:00.000Z,4/8/2011 5:25:00 PM,At Intersection (intersection related),51,PEDALCYCLIST STRUCK MOTOR VEHICLE FRONT END AT ANGLE,,N,Clear or Partly Cloudy,Dry,Daylight,,11098003.0,,45.0,Vehicle - Pedalcyclist,15402,0,N,POINT (1258734.049317747 241061.6769708991),17928.0,0.0,Clear or Partly Cloudy,2011-04-08,17:25:00,17.0,4,1,1.0,Clear or Partly Cloudy
114723,128618,128618,3559958,Matched,Intersection,30181.0,15TH AVE AND E CHERRY ST,,,2,Injury Collision,Cycles,1,0,1,0,1,0,0,2011-06-24T00:00:00.000Z,6/24/2011 6:01:00 AM,At Intersection (intersection related),69,PEDALCYCLIST OVERTURNED IN ROAD,,N,Raining,Wet,Daylight,,11175013.0,,45.0,Vehicle - Pedalcyclist,9527,0,N,POINT (1275476.206134886 225303.596186772),5089.0,0.0,Raining,2011-06-24,06:01:00,6.0,4,1,0.0,Raining
114725,128617,128617,3553081,Matched,Intersection,36635.0,LAKE CITY WAY NE AND NE 117TH ST,,,2,Injury Collision,Cycles,2,0,1,1,1,0,0,2011-06-24T00:00:00.000Z,6/24/2011 5:13:00 PM,At Intersection (intersection related),51,PEDALCYCLIST STRUCK MOTOR VEHICLE FRONT END AT ANGLE,,N,Overcast,Dry,Daylight,,11175004.0,,45.0,Vehicle - Pedalcyclist,17898,0,N,POINT (1279818.53343533 263954.7071383446),8831.0,0.0,Overcast,2011-06-24,17:13:00,17.0,4,1,1.0,Clear or Partly Cloudy
114752,129321,129321,3375095,Matched,Block,,UNIVERSITY WAY NE BETWEEN NE 52ND ST AND NE 55TH ST,,,1,Property Damage Only Collision,Cycles,2,0,1,1,0,0,0,2011-06-12T00:00:00.000Z,6/12/2011 8:37:00 PM,Mid-Block (not related to intersection),53,PEDALCYCLIST STRUCK MOTOR VEHICLE LEFT SIDE AT ANGLE,,N,Overcast,Dry,Dusk,,11163011.0,,45.0,Vehicle - Pedalcyclist,5597,0,N,POINT (1275847.037559271 246984.8828009665),23173.0,1.2508808248239295e-05,Overcast,2011-06-12,20:37:00,20.0,6,0,0.0,Clear or Partly Cloudy
114755,129461,129461,3566028,Matched,Intersection,27153.0,EASTLAKE AVE E AND FUHRMAN AVE E,,,2,Injury Collision,Cycles,2,0,1,1,1,0,0,2011-08-06T00:00:00.000Z,8/6/2011,At Intersection (intersection related),18,"MOTOR VEHICLE STRUCK PEDALCYCLIST, FRONT END AT ANGLE",,0,Clear or Partly Cloudy,Dry,Daylight,,11218008.0,,45.0,Vehicle - Pedalcyclist,6078,0,N,POINT (1273704.647989064 241221.0042030662),995.0,0.0,Clear or Partly Cloudy,2011-08-06,00:00:00,,5,0,,Clear or Partly Cloudy
114763,129594,129594,3387171,Matched,Block,,BROADWAY E BETWEEN E MERCER ST AND E ROY E ST,,,2,Injury Collision,Cycles,2,0,1,1,1,0,0,2011-08-24T00:00:00.000Z,8/24/2011 5:37:00 PM,Mid-Block (not related to intersection),18,"MOTOR VEHICLE STRUCK PEDALCYCLIST, FRONT END AT ANGLE",,0,Clear or Partly Cloudy,Dry,Daylight,,11236019.0,,45.0,Vehicle - Pedalcyclist,6215,0,N,POINT (1273598.291444957 231402.488353014),6211.0,1.1533499057365304e-05,Clear or Partly Cloudy,2011-08-24,17:37:00,17.0,2,1,1.0,Clear or Partly Cloudy
114843,128762,128762,2805996,Matched,Block,,12TH AVE BETWEEN E MARION ST AND E SPRING ST,,,2,Injury Collision,Cycles,2,0,1,1,1,0,0,2011-08-02T00:00:00.000Z,8/2/2011,Mid-Block (not related to intersection),14,"MOTOR VEHICLE STRUCK MOTOR VEHICLE, REAR END",,0,Clear or Partly Cloudy,Dry,Daylight,,11214017.0,,45.0,Vehicle - Pedalcyclist,10730,0,N,POINT (1274527.158005908 226393.0969878882),18595.0,1.3906977835739267e-05,Clear or Partly Cloudy,2011-08-02,00:00:00,,1,1,,Clear or Partly Cloudy
114865,129187,129187,3377790,Matched,Block,,6TH AVE BETWEEN PIKE ST AND PINE ST,,,2,Injury Collision,Cycles,2,0,1,1,1,0,0,2011-06-11T00:00:00.000Z,6/11/2011 2:19:00 PM,Mid-Block (not related to intersection),51,PEDALCYCLIST STRUCK MOTOR VEHICLE FRONT END AT ANGLE,,N,Clear or Partly Cloudy,Dry,Daylight,,11162023.0,,45.0,Vehicle - Pedalcyclist,25502,0,N,POINT (1270058.64222534 226720.3504282236),19694.0,1.570964774479554e-05,Clear or Partly Cloudy,2011-06-11,14:19:00,14.0,5,0,0.0,Clear or Partly Cloudy
114884,129885,129885,3565007,Matched,Intersection,36551.0,1ST AVE NE AND NE 120TH ST,,,2,Injury Collision,Cycles,2,0,1,1,1,0,0,2011-03-09T00:00:00.000Z,3/9/2011 8:56:00 PM,At Intersection (intersection related),51,PEDALCYCLIST STRUCK MOTOR VEHICLE FRONT END AT ANGLE,,N,Raining,Wet,Dark - No Street Lights,Y,11068009.0,,45.0,Vehicle - Pedalcyclist,5676,0,N,POINT (1272305.827891633 264712.6030751169),1350.0,0.0,Raining,2011-03-09,20:56:00,20.0,2,1,0.0,Raining
114915,129333,129333,3550738,Matched,Intersection,28800.0,JOHN ST AND WESTLAKE AVE N,,,2,Injury Collision,Cycles,2,0,1,1,1,0,0,2011-06-21T00:00:00.000Z,6/21/2011 7:00:00 PM,At Intersection (intersection related),18,"MOTOR VEHICLE STRUCK PEDALCYCLIST, FRONT END AT ANGLE",,N,Unknown,Unknown,Unknown,Y,11172001.0,,45.0,Vehicle - Pedalcyclist,24577,0,N,POINT (1269238.734640494 229679.5693112463),1030.0,0.0,,2011-06-21,19:00:00,19.0,1,1,1.0,
115090,128367,128367,3567839,Matched,Intersection,28744.0,WESTLAKE AVE N AND VALLEY ST,,,2b,Serious Injury Collision,Cycles,2,0,1,1,1,1,0,2011-03-22T00:00:00.000Z,3/22/2011 9:23:00 AM,At Intersection (intersection related),51,PEDALCYCLIST STRUCK MOTOR VEHICLE FRONT END AT ANGLE,,N,Clear or Partly Cloudy,Dry,Daylight,Y,11081002.0,,45.0,Vehicle - Pedalcyclist,31158,0,N,POINT (1269242.945584506 231901.4393935204),3828.0,0.0,Clear or Partly Cloudy,2011-03-22,09:23:00,9.0,1,1,1.0,Clear or Partly Cloudy
115166,129627,129627,3344542,Matched,Intersection,25800.0,ROOSEVELT WAY NE AND NE 47TH ST,,,2,Injury Collision,Cycles,2,0,1,1,1,0,0,2011-11-24T00:00:00.000Z,11/24/2011 1:55:00 AM,At Intersection (intersection related),51,PEDALCYCLIST STRUCK MOTOR VEHICLE FRONT END AT ANGLE,,N,Clear or Partly Cloudy,Wet,Dark - Street Lights On,Y,11328004.0,,45.0,Vehicle - Pedalcyclist,0,0,N,POINT (1274735.003446132 245411.0941913575),4163.0,0.0,Clear or Partly Cloudy,2011-11-24,01:55:00,1.0,3,1,0.0,Clear or Partly Cloudy
115194,130466,130466,3546608,Matched,Intersection,29576.0,5TH AVE AND PIKE ST,,,1,Property Damage Only Collision,Cycles,2,0,1,1,0,0,0,2011-10-08T00:00:00.000Z,10/8/2011,At Intersection (intersection related),18,"MOTOR VEHICLE STRUCK PEDALCYCLIST, FRONT END AT ANGLE",,0,Unknown,Unknown,Dark - Street Lights On,,11281005.0,,45.0,Vehicle - Pedalcyclist,21852,0,N,POINT (1269889.867825165 226373.2711958587),5878.0,0.0,,2011-10-08,00:00:00,,5,0,,
115210,128512,128512,3376934,Matched,Block,,ROOSEVELT WAY NE BETWEEN NE 43RD N ST AND NE 45TH ST,,,2,Injury Collision,Cycles,2,0,1,1,1,0,0,2011-03-29T00:00:00.000Z,3/29/2011 7:13:00 AM,Mid-Block (not related to intersection),18,"MOTOR VEHICLE STRUCK PEDALCYCLIST, FRONT END AT ANGLE",Y,N,Clear or Partly Cloudy,Dry,Daylight,Y,11088021.0,,45.0,Vehicle - Pedalcyclist,9001,0,N,POINT (1274643.41477403 244486.5489104092),22683.0,1.6744602144952038e-05,Clear or Partly Cloudy,2011-03-29,07:13:00,7.0,1,1,1.0,Clear or Partly Cloudy
115246,128646,128646,3566139,Matched,Intersection,29807.0,13TH AVE AND E JEFFERSON ST,,,2b,Serious Injury Collision,Cycles,2,0,1,1,1,1,0,2011-12-09T00:00:00.000Z,12/9/2011 5:03:00 PM,At Intersection (intersection related),51,PEDALCYCLIST STRUCK MOTOR VEHICLE FRONT END AT ANGLE,,N,Clear or Partly Cloudy,Dry,Dark - Street Lights On,Y,11343015.0,,45.0,Vehicle - Pedalcyclist,10463,0,N,POINT (1274816.240438208 224643.1215620935),6860.0,0.0,Clear or Partly Cloudy,2011-12-09,17:03:00,17.0,4,1,1.0,Clear or Partly Cloudy
115251,128793,128793,3562160,Matched,Intersection,28788.0,DEXTER AVE N AND THOMAS ST,,,3,Fatality Collision,Cycles,2,0,1,1,0,0,1,2011-07-28T00:00:00.000Z,7/28/2011 3:44:00 PM,At Intersection (intersection related),18,"MOTOR VEHICLE STRUCK PEDALCYCLIST, FRONT END AT ANGLE",,N,Clear or Partly Cloudy,Dry,Daylight,Y,11209006.0,,45.0,Vehicle - Pedalcyclist,12606,0,N,POINT (1268283.993903518 230129.8392637074),3489.0,0.0,Clear or Partly Cloudy,2011-07-28,15:44:00,15.0,3,1,1.0,Clear or Partly Cloudy
115318,129499,129499,3380244,Matched,Intersection,35167.0,5TH AVE S AND S TRENTON S ST,,,2,Injury Collision,Cycles,2,0,1,1,1,0,0,2011-08-18T00:00:00.000Z,8/18/2011 1:15:00 PM,At Intersection (intersection related),51,PEDALCYCLIST STRUCK MOTOR VEHICLE FRONT END AT ANGLE,,0,Clear or Partly Cloudy,Dry,Daylight,,11230016.0,,45.0,Vehicle - Pedalcyclist,0,0,N,POINT (1271091.616050392 194956.1616596878),1903.0,0.0,Clear or Partly Cloudy,2011-08-18,13:15:00,13.0,3,1,0.0,Clear or Partly Cloudy
115374,128378,128378,3375531,Matched,Block,,DEXTER AVE N BETWEEN MCGRAW ST AND 6TH AVE N,,,2,Injury Collision,Cycles,1,0,1,0,1,0,0,2011-04-20T00:00:00.000Z,4/20/2011 6:27:00 AM,Mid-Block (not related to intersection),69,PEDALCYCLIST OVERTURNED IN ROAD,,N,Overcast,Dry,Daylight,,11110001.0,,45.0,Vehicle - Pedalcyclist,13332,0,N,POINT (1267953.875567183 237090.6150788367),16244.0,1.4608200169792154e-05,Overcast,2011-04-20,06:27:00,6.0,2,1,0.0,Clear or Partly Cloudy
115376,130052,130052,3564858,Matched,Block,,AURORA AVE N BETWEEN N 141ST ST AND N 143RD ST,,,2,Injury Collision,Cycles,2,0,1,1,1,0,0,2011-04-02T00:00:00.000Z,4/2/2011 1:48:00 PM,Mid-Block (not related to intersection),53,PEDALCYCLIST STRUCK MOTOR VEHICLE LEFT SIDE AT ANGLE,,N,Raining,Wet,Daylight,,11092019.0,,45.0,Vehicle - Pedalcyclist,14937,0,N,POINT (1268414.918255657 270545.9316570908),3347.0,1.7034221749906587e-05,Raining,2011-04-02,13:48:00,13.0,5,0,0.0,Raining
115383,131007,131007,3599313,Matched,Intersection,29660.0,2ND AVE AND DENNY WAY,,,2,Injury Collision,Cycles,2,0,1,1,1,0,0,2012-08-23T00:00:00.000Z,8/23/2012 8:34:00 AM,At Intersection (intersection related),18,"MOTOR VEHICLE STRUCK PEDALCYCLIST, FRONT END AT ANGLE",,N,Clear or Partly Cloudy,Dry,Daylight,Y,12236002.0,,45.0,Vehicle - Pedalcyclist,0,521014,N,POINT (1265688.931628868 229343.1149109006),5208.0,0.0,Clear or Partly Cloudy,2012-08-23,08:34:00,8.0,3,1,1.0,Clear or Partly Cloudy
115438,131714,131714,3561090,Matched,Intersection,26454.0,GILMAN AVE W AND W EMERSON ST,,,2,Injury Collision,Cycles,2,0,1,1,1,0,0,2012-04-22T00:00:00.000Z,4/22/2012 9:35:00 AM,At Intersection (intersection related),51,PEDALCYCLIST STRUCK MOTOR VEHICLE FRONT END AT ANGLE,,N,Clear or Partly Cloudy,Dry,Daylight,Y,12113006.0,,45.0,Vehicle - Pedalcyclist,15423,0,N,POINT (1258113.653029099 242404.7763642818),180.0,0.0,Clear or Partly Cloudy,2012-04-22,09:35:00,9.0,6,0,1.0,Clear or Partly Cloudy
115479,132271,132271,3465781,Matched,Intersection,29700.0,1ST AVE AND BATTERY ST,,,2,Injury Collision,Cycles,3,0,1,1,1,0,0,2012-07-29T00:00:00.000Z,7/29/2012 1:41:00 AM,At Intersection (intersection related),0,NOT ENOUGH INFORMATION / NOT APPLICABLE,,Y,Clear or Partly Cloudy,Dry,Dark - Street Lights On,,12211017.0,,45.0,Vehicle - Pedalcyclist,13239,0,N,POINT (1266896.352046102 227696.5413412154),623.0,0.0,Clear or Partly Cloudy,2012-07-29,01:41:00,1.0,6,0,0.0,Clear or Partly Cloudy
115481,132424,132424,3561000,Matched,Intersection,28731.0,DEXTER AVE N AND ALOHA ST,,,1,Property Damage Only Collision,Cycles,2,0,1,1,0,0,0,2012-02-08T00:00:00.000Z,2/8/2012 4:02:00 PM,At Intersection (intersection related),51,PEDALCYCLIST STRUCK MOTOR VEHICLE FRONT END AT ANGLE,,N,Clear or Partly Cloudy,Wet,Daylight,Y,12039002.0,,45.0,Vehicle - Pedalcyclist,12729,0,N,POINT (1268342.286383584 232408.9135700464),604.0,0.0,Clear or Partly Cloudy,2012-02-08,16:02:00,16.0,2,1,1.0,Clear or Partly Cloudy
115483,132423,132423,3561936,Matched,Intersection,25394.0,15TH AVE NW AND NW 60TH ST,,,2,Injury Collision,Cycles,2,0,1,1,1,0,0,2012-02-03T00:00:00.000Z,2/3/2012 1:40:00 PM,At Intersection (intersection related),18,"MOTOR VEHICLE STRUCK PEDALCYCLIST, FRONT END AT ANGLE",,N,Clear or Partly Cloudy,Dry,Daylight,Y,12034013.0,,45.0,Vehicle - Pedalcyclist,0,524984,N,POINT (1260319.129639357 249066.4326910973),1586.0,0.0,Clear or Partly Cloudy,2012-02-03,13:40:00,13.0,4,1,0.0,Clear or Partly Cloudy
115487,132135,132135,3503545,Matched,Block,,2ND AVE BETWEEN UNIVERSITY ST AND UNION ST,,,2,Injury Collision,Cycles,3,0,1,1,1,0,0,2012-05-23T00:00:00.000Z,5/23/2012 5:18:00 PM,Mid-Block (not related to intersection),18,"MOTOR VEHICLE STRUCK PEDALCYCLIST, FRONT END AT ANGLE",,N,Clear or Partly Cloudy,Dry,Daylight,Y,12144017.0,,45.0,Vehicle - Pedalcyclist,12162,0,N,POINT (1269384.209328651 225331.5899147987),16946.0,0.0,Clear or Partly Cloudy,2012-05-23,17:18:00,17.0,2,1,1.0,Clear or Partly Cloudy
115499,132130,132130,3599371,Matched,Block,,8TH AVE BETWEEN PINE ST AND OLIVE WAY,,,2,Injury Collision,Cycles,2,0,1,1,1,0,0,2012-10-08T00:00:00.000Z,10/8/2012 3:56:00 PM,Driveway Junction,18,"MOTOR VEHICLE STRUCK PEDALCYCLIST, FRONT END AT ANGLE",,N,Clear or Partly Cloudy,Dry,Daylight,Y,12282021.0,,45.0,Vehicle - Pedalcyclist,14005,0,N,POINT (1270395.530161679 227414.9832609296),6044.0,1.1666863453267258e-05,Clear or Partly Cloudy,2012-10-08,15:56:00,15.0,0,1,1.0,Clear or Partly Cloudy
115507,130873,130873,3617381,Matched,Block,,LAKE WASHINGTON BLVD S BETWEEN S FERDINAND ST AND S DAWSON ST,,,2,Injury Collision,Cycles,3,0,1,1,1,0,0,2012-05-08T00:00:00.000Z,5/8/2012 7:00:00 PM,Mid-Block (not related to intersection),23,"MOTOR VEHICLE STRUCK PEDALCYCLIST, LEFT SIDE SIDESWIPE",,N,Clear or Partly Cloudy,Dry,Daylight,,12129010.0,Y,45.0,Vehicle - Pedalcyclist,38097,0,N,POINT (1287611.135427311 206286.3064392954),8834.0,3.18723926056061e-05,Clear or Partly Cloudy,2012-05-08,19:00:00,19.0,1,1,1.0,Clear or Partly Cloudy
115537,132579,132579,3597147,Matched,Intersection,27043.0,TROLL AVE N AND N 34TH ST,,,2,Injury Collision,Cycles,3,0,1,2,1,0,0,2012-09-04T00:00:00.000Z,9/4/2012 4:23:00 PM,At Intersection (intersection related),24,MOTOR VEHCILE STRUCK PEDESTRIAN,,N,Clear or Partly Cloudy,Dry,Daylight,Y,12248005.0,,45.0,Vehicle - Pedalcyclist,8816,595675,N,POINT (1267245.477678463 240493.9652263224),1223.0,0.0,Clear or Partly Cloudy,2012-09-04,16:23:00,16.0,1,1,1.0,Clear or Partly Cloudy
115637,130876,130876,3564850,Matched,Intersection,25466.0,8TH AVE NW AND NW 47TH ST,,,2,Injury Collision,Cycles,2,0,1,1,1,0,0,2012-05-25T00:00:00.000Z,5/25/2012 3:50:00 PM,At Intersection (intersection related),18,"MOTOR VEHICLE STRUCK PEDALCYCLIST, FRONT END AT ANGLE",,N,Clear or Partly Cloudy,Dry,Daylight,,12146014.0,,45.0,Vehicle - Pedalcyclist,26366,0,N,POINT (1262718.175529823 245575.3148635179),1568.0,0.0,Clear or Partly Cloudy,2012-05-25,15:50:00,15.0,4,1,1.0,Clear or Partly Cloudy
115708,131304,131304,3476353,Matched,Intersection,29050.0,BOYLSTON AVE E AND E OLIVE E WAY,,,2,Injury Collision,Cycles,2,0,1,1,1,0,0,2012-11-03T00:00:00.000Z,11/3/2012 10:58:00 PM,At Intersection (intersection related),18,"MOTOR VEHICLE STRUCK PEDALCYCLIST, FRONT END AT ANGLE",,N,Raining,Wet,Dark - Street Lights On,Y,12308001.0,,45.0,Vehicle - Pedalcyclist,23232,0,N,POINT (1273038.029620394 229665.2279352248),3929.0,0.0,Raining,2012-11-03,22:58:00,22.0,5,0,0.0,Raining
115718,131301,131301,3593477,Matched,Intersection,30421.0,14TH AVE S AND S MAIN ST,,,2,Injury Collision,Cycles,3,0,1,1,1,0,0,2012-07-03T00:00:00.000Z,7/3/2012 5:12:00 PM,At Intersection (intersection related),18,"MOTOR VEHICLE STRUCK PEDALCYCLIST, FRONT END AT ANGLE",,N,Clear or Partly Cloudy,Dry,Daylight,Y,12185005.0,,45.0,Vehicle - Pedalcyclist,10972,0,N,POINT (1275102.761270508 222380.5492717773),1831.0,0.0,Clear or Partly Cloudy,2012-07-03,17:12:00,17.0,1,1,1.0,Clear or Partly Cloudy
115737,131164,131164,3565850,Matched,Intersection,28425.0,MONTLAKE BLVD E AND MONTLAKE BV EB ON RP,,,2,Injury Collision,Cycles,2,0,1,1,1,0,0,2012-12-10T00:00:00.000Z,12/10/2012 6:32:00 PM,At Intersection (intersection related),18,"MOTOR VEHICLE STRUCK PEDALCYCLIST, FRONT END AT ANGLE",,N,Overcast,Dry,Dark - Street Lights On,,12345026.0,,45.0,Vehicle - Pedalcyclist,0,525577,N,,,,Overcast,2012-12-10,18:32:00,18.0,0,1,1.0,Clear or Partly Cloudy