OBJECTID,INCKEY,COLDETKEY,REPORTNO,STATUS,ADDRTYPE,INTKEY,LOCATION,EXCEPTRSNC,EXCEPTRSND,SEVERITYCO,SEVERITYDE,COLLISIONT,PERSONCOUN,PEDCOUNT,PEDCYLCOUN,VEHCOUNT,INJURIES,SERIOUSINJ,FATALITIES,INCDATE,INCDTTM,JUNCTIONTY,SDOT_COLCO,SDOT_COLDE,INATTENTIO,UNDERINFL,WEATHER,ROADCOND,LIGHTCOND,PEDROWNOTG,SDOTCOLNUM,SPEEDING,ST_COLCODE,ST_COLDESC,SEGLANEKEY,CROSSWALKK,HITPARKEDC,geometry,near_str_index,min_length,weather_group,date,time,hour,dayofweek,weekday,rushhour,weather_group2
115738,132440,132440,3564845,Matched,Intersection,23897.0,17TH AVE NW AND NW 75TH ST,,,2,Injury Collision,Cycles,3,0,1,1,1,0,0,2012-05-15T00:00:00.000Z,5/15/2012 8:26:00 AM,At Intersection (intersection related),11,"MOTOR VEHICLE STRUCK MOTOR VEHICLE, FRONT END AT ANGLE",,N,Clear or Partly Cloudy,Dry,Daylight,,12136029.0,,45.0,Vehicle - Pedalcyclist,0,0,N,POINT (1259729.208102763 253039.5905831605),10841.0,0.0,Clear or Partly Cloudy,2012-05-15,08:26:00,8.0,1,1,1.0,Clear or Partly Cloudy
115743,132152,132152,3211410,Matched,Block,,S HANFORD ST BETWEEN COLORADO AVE S AND UTAH AVE S,,,2,Injury Collision,Cycles,2,0,1,1,1,0,0,2012-10-23T00:00:00.000Z,10/23/2012 1:28:00 PM,Mid-Block (not related to intersection),51,PEDALCYCLIST STRUCK MOTOR VEHICLE FRONT END AT ANGLE,Y,N,Overcast,Dry,Daylight,,12297035.0,,45.0,Vehicle - Pedalcyclist,24661,0,N,POINT (1269544.790832818 213573.5931027532),20731.0,2.6617673865703282e-05,Overcast,2012-10-23,13:28:00,13.0,1,1,0.0,Clear or Partly Cloudy
115761,132015,132015,3562440,Matched,Block,,PIKE ST BETWEEN 5TH AVE AND 6TH AVE,,,2,Injury Collision,Cycles,2,0,1,1,1,0,0,2012-06-12T00:00:00.000Z,6/12/2012 7:37:00 PM,Mid-Block (not related to intersection),18,"MOTOR VEHICLE STRUCK PEDALCYCLIST, FRONT END AT ANGLE",,N,Clear or Partly Cloudy,Dry,Daylight,,12164020.0,,45.0,Vehicle - Pedalcyclist,21851,0,N,POINT (1270028.2396653 226454.6231959462),19017.0,2.982161336822212e-05,Clear or Partly Cloudy,2012-06-12,19:37:00,19.0,1,1,1.0,Clear or Partly Cloudy
115795,130755,130755,2617480,Matched,Block,,HARVARD AVE E BETWEEN E GWINN PL AND E ALLISON ST,,,2,Injury Collision,Cycles,2,0,1,1,1,0,0,2011-07-09T00:00:00.000Z,7/9/2011 5:49:00 PM,Mid-Block (not related to intersection),54,PEDALCYCLIST STRUCK MOTOR VEHICLE REAR END,,N,Clear or Partly Cloudy,Dry,Daylight,Y,11190008.0,,45.0,Vehicle - Pedalcyclist,6051,0,N,POINT (1273478.06277284 240017.4465058297),6412.0,2.8143054633193573e-05,Clear or Partly Cloudy,2011-07-09,17:49:00,17.0,5,0,1.0,Clear or Partly Cloudy
115798,130754,130754,3544908,Matched,Intersection,28681.0,ELLIOTT AVE W AND W GALER ST FLYOVER,,,1,Property Damage Only Collision,Cycles,2,0,1,1,0,0,0,2011-09-29T00:00:00.000Z,9/29/2011 5:47:00 AM,At Intersection (intersection related),18,"MOTOR VEHICLE STRUCK PEDALCYCLIST, FRONT END AT ANGLE",,N,Clear or Partly Cloudy,Dry,Dawn,Y,11272006.0,,45.0,Vehicle - Pedalcyclist,19264,0,N,POINT (1260401.805607453 234147.7006438226),17216.0,0.0,Clear or Partly Cloudy,2011-09-29,05:47:00,5.0,3,1,0.0,Clear or Partly Cloudy
115815,130886,130886,3466594,Matched,Intersection,27074.0,11TH AVE NE AND NE 43RD ST,,,2,Injury Collision,Cycles,2,0,1,1,1,0,0,2012-03-15T00:00:00.000Z,3/15/2012 6:40:00 AM,At Intersection (intersection related),18,"MOTOR VEHICLE STRUCK PEDALCYCLIST, FRONT END AT ANGLE",,N,Raining,Wet,Dark - Street Lights On,Y,12075022.0,,45.0,Vehicle - Pedalcyclist,31541,0,N,POINT (1274910.628406301 244210.6052301228),30.0,0.0,Raining,2012-03-15,06:40:00,6.0,3,1,0.0,Raining
115816,130627,130627,3566094,Matched,Intersection,29734.0,BOYLSTON AVE AND E PINE ST,,,2,Injury Collision,Cycles,2,0,1,1,1,0,0,2011-06-20T00:00:00.000Z,6/20/2011 10:21:00 AM,At Intersection (intersection related),18,"MOTOR VEHICLE STRUCK PEDALCYCLIST, FRONT END AT ANGLE",,N,Clear or Partly Cloudy,Dry,Daylight,,11171017.0,,45.0,Vehicle - Pedalcyclist,10372,0,N,POINT (1272920.548660263 227975.5196454972),6198.0,0.0,Clear or Partly Cloudy,2011-06-20,10:21:00,10.0,0,1,0.0,Clear or Partly Cloudy
115820,131309,131309,3544960,Matched,Block,,N CANAL ST BETWEEN 1ST AVE NW AND PHINNEY AVE N,,,2,Injury Collision,Cycles,2,0,1,1,1,0,0,2012-11-08T00:00:00.000Z,11/8/2012 7:17:00 AM,Mid-Block (not related to intersection),18,"MOTOR VEHICLE STRUCK PEDALCYCLIST, FRONT END AT ANGLE",,N,Clear or Partly Cloudy,Dry,Daylight,,12313013.0,,45.0,Vehicle - Pedalcyclist,0,0,N,POINT (1265101.938348264 241267.7169711143),9087.0,3.447073719859124e-06,Clear or Partly Cloudy,2012-11-08,07:17:00,7.0,3,1,1.0,Clear or Partly Cloudy
115843,131316,131316,3544760,Matched,Block,,MERIDIAN AVE N BETWEEN N NORTHLAKE WAY AND N 34TH ST,,,2,Injury Collision,Cycles,3,0,1,1,1,0,0,2012-03-08T00:00:00.000Z,3/8/2012 8:20:00 AM,Mid-Block (not related to intersection),18,"MOTOR VEHICLE STRUCK PEDALCYCLIST, FRONT END AT ANGLE",,N,Overcast,Dry,Daylight,Y,12068020.0,,45.0,Vehicle - Pedalcyclist,0,0,N,POINT (1270559.229041845 239775.8079135865),17978.0,1.6341719992260715e-05,Overcast,2012-03-08,08:20:00,8.0,3,1,1.0,Clear or Partly Cloudy
115883,132156,132156,3560365,Matched,Intersection,30513.0,7TH AVE S AND S JACKSON ST,,,2,Injury Collision,Cycles,2,0,1,1,1,0,0,2012-05-20T00:00:00.000Z,5/20/2012 4:17:00 PM,At Intersection (intersection related),18,"MOTOR VEHICLE STRUCK PEDALCYCLIST, FRONT END AT ANGLE",,N,Raining,Wet,Daylight,Y,12141001.0,,45.0,Vehicle - Pedalcyclist,24453,0,N,POINT (1272724.717620075 222126.4531435072),559.0,0.0,Raining,2012-05-20,16:17:00,16.0,6,0,1.0,Raining
115892,131880,131880,3380775,Matched,Block,,S CLOVERDALE ST BETWEEN 1ST AVE S AND CLOVERDALE ST OFF RP,,,2b,Serious Injury Collision,Cycles,3,0,1,1,1,1,0,2012-07-06T00:00:00.000Z,7/6/2012 8:28:00 AM,Mid-Block (but intersection related),54,PEDALCYCLIST STRUCK MOTOR VEHICLE REAR END,,N,Clear or Partly Cloudy,Dry,Daylight,,12188012.0,,45.0,Vehicle - Pedalcyclist,24938,0,N,POINT (1269832.374257103 195770.657660529),4438.0,2.051796654732665e-05,Clear or Partly Cloudy,2012-07-06,08:28:00,8.0,4,1,1.0,Clear or Partly Cloudy
115932,131038,131038,3597175,Matched,Intersection,27130.0,ROOSEVELT WAY NE AND NE 40TH ALLEY ST,,,2,Injury Collision,Cycles,2,0,1,1,1,0,0,2012-10-02T00:00:00.000Z,10/2/2012 6:15:00 PM,At Intersection (intersection related),18,"MOTOR VEHICLE STRUCK PEDALCYCLIST, FRONT END AT ANGLE",,N,Clear or Partly Cloudy,Dry,Daylight,Y,12276001.0,,45.0,Vehicle - Pedalcyclist,11662,0,N,POINT (1274585.836853966 242927.3043648154),3740.0,0.0,Clear or Partly Cloudy,2012-10-02,18:15:00,18.0,1,1,1.0,Clear or Partly Cloudy
116009,132170,132170,3567809,Matched,Intersection,29737.0,NAGLE PL AND E PINE ST,,,2,Injury Collision,Cycles,3,0,1,1,1,0,0,2012-04-17T00:00:00.000Z,4/17/2012 5:27:00 PM,At Intersection (intersection related),18,"MOTOR VEHICLE STRUCK PEDALCYCLIST, FRONT END AT ANGLE",,N,Raining,Wet,Dark - No Street Lights,,12108005.0,Y,45.0,Vehicle - Pedalcyclist,0,0,N,POINT (1273758.874165133 227962.8476454914),3934.0,0.0,Raining,2012-04-17,17:27:00,17.0,1,1,1.0,Raining
116042,132313,132313,3546891,Matched,Block,,DELRIDGE WAY SW BETWEEN SW EDMUNDS ST AND SW HUDSON ST,,,2,Injury Collision,Cycles,2,0,1,1,1,0,0,2012-03-27T00:00:00.000Z,3/27/2012 8:35:00 PM,Mid-Block (not related to intersection),18,"MOTOR VEHICLE STRUCK PEDALCYCLIST, FRONT END AT ANGLE",,N,Raining,Wet,Dark - Street Lights On,,12087028.0,,45.0,Vehicle - Pedalcyclist,22978,0,N,POINT (1262769.844009876 207430.3063124567),3474.0,2.1226053791528767e-10,Raining,2012-03-27,20:35:00,20.0,1,1,0.0,Raining
116066,131191,131191,3553297,Matched,Block,,LINCOLN PARK WAY SW BETWEEN MURRAY AVE SW AND 47TH AVE SW,,,2,Injury Collision,Cycles,2,0,1,1,1,0,0,2012-12-30T00:00:00.000Z,12/30/2012 12:55:00 PM,Driveway Junction,18,"MOTOR VEHICLE STRUCK PEDALCYCLIST, FRONT END AT ANGLE",,N,Clear or Partly Cloudy,Dry,Daylight,Y,12365011.0,,45.0,Vehicle - Pedalcyclist,29430,0,N,POINT (1254956.671969876 200649.5572495162),19859.0,6.5985959517721705e-06,Clear or Partly Cloudy,2012-12-30,12:55:00,12.0,6,0,0.0,Clear or Partly Cloudy
116078,131188,131188,3467084,Matched,Block,,LAKE CITY WAY NE BETWEEN NE 85TH ST AND 20TH AVE NE,,,2,Injury Collision,Cycles,2,0,1,1,1,0,0,2012-12-27T00:00:00.000Z,12/27/2012 9:22:00 PM,Mid-Block (not related to intersection),21,"MOTOR VEHICLE STRUCK PEDALCYCLIST, REAR END",,N,Clear or Partly Cloudy,Wet,Dark - Street Lights On,,12362019.0,,45.0,Vehicle - Pedalcyclist,18066,0,N,POINT (1277370.494008824 255450.1694016308),785.0,7.536799969258313e-06,Clear or Partly Cloudy,2012-12-27,21:22:00,21.0,3,1,0.0,Clear or Partly Cloudy
116105,131045,131045,3551413,Matched,Intersection,25001.0,56TH AVE NE AND NE 70TH ST,,,2,Injury Collision,Cycles,2,0,1,1,1,0,0,2012-09-09T00:00:00.000Z,9/9/2012 5:46:00 PM,At Intersection (intersection related),18,"MOTOR VEHICLE STRUCK PEDALCYCLIST, FRONT END AT ANGLE",,N,Clear or Partly Cloudy,Dry,Daylight,Y,12253001.0,,45.0,Vehicle - Pedalcyclist,34997,0,N,POINT (1286997.842754677 251112.9563411921),3178.0,0.0,Clear or Partly Cloudy,2012-09-09,17:46:00,17.0,6,0,1.0,Clear or Partly Cloudy
116206,130528,130528,3568966,Matched,Intersection,27149.0,15TH AVE NE AND NE PACIFIC ST,,,2,Injury Collision,Cycles,2,0,1,1,1,0,0,2011-05-19T00:00:00.000Z,5/19/2011 3:05:00 PM,At Intersection (intersection related),18,"MOTOR VEHICLE STRUCK PEDALCYCLIST, FRONT END AT ANGLE",,N,Clear or Partly Cloudy,Dry,Daylight,Y,11139003.0,,45.0,Vehicle - Pedalcyclist,0,520838,N,POINT (1275885.728567302 241688.8779955506),1534.0,0.0,Clear or Partly Cloudy,2011-05-19,15:05:00,15.0,3,1,1.0,Clear or Partly Cloudy
116289,132047,132047,3504737,Matched,Intersection,287158.0,BROOKLYN AVE NE AND BURKE GILMAN TRL,,,2,Injury Collision,Cycles,2,0,1,1,1,0,0,2012-07-02T00:00:00.000Z,7/2/2012 4:35:00 PM,At Intersection (intersection related),51,PEDALCYCLIST STRUCK MOTOR VEHICLE FRONT END AT ANGLE,,N,Overcast,Dry,Daylight,,12184020.0,,45.0,Vehicle - Pedalcyclist,0,525567,N,POINT (1275399.661622807 242148.1143480092),2203.0,0.0,Overcast,2012-07-02,16:35:00,16.0,0,1,1.0,Clear or Partly Cloudy
116350,132647,132647,3503846,Matched,Intersection,30486.0,6TH AVE AND YESLER WAY,,,2,Injury Collision,Cycles,2,0,1,1,1,0,0,2012-12-19T00:00:00.000Z,12/19/2012 10:07:00 PM,At Intersection (intersection related),18,"MOTOR VEHICLE STRUCK PEDALCYCLIST, FRONT END AT ANGLE",,N,Raining,Wet,Dark - Street Lights On,Y,12354039.0,,45.0,Vehicle - Pedalcyclist,37254,0,N,POINT (1272101.018675432 223058.4262644649),540.0,0.0,Raining,2012-12-19,22:07:00,22.0,2,1,0.0,Raining
116367,131069,131069,3295875,Matched,Intersection,34902.0,26TH AVE SW AND SW ROXBURY ST,,,2b,Serious Injury Collision,Cycles,2,0,1,1,1,1,0,2012-08-20T00:00:00.000Z,8/20/2012 11:40:00 AM,At Intersection (intersection related),51,PEDALCYCLIST STRUCK MOTOR VEHICLE FRONT END AT ANGLE,Y,N,Clear or Partly Cloudy,Dry,Daylight,Y,12233006.0,,45.0,Vehicle - Pedalcyclist,0,0,N,POINT (1261730.055208802 192489.6323771626),2659.0,0.0,Clear or Partly Cloudy,2012-08-20,11:40:00,11.0,0,1,0.0,Clear or Partly Cloudy
116418,131918,131918,3609266,Matched,Intersection,25786.0,7TH AVE NE AND NE 50TH ST,,,1,Property Damage Only Collision,Cycles,2,0,1,1,0,0,0,2012-12-04T00:00:00.000Z,12/4/2012 9:40:00 AM,At Intersection (intersection related),18,"MOTOR VEHICLE STRUCK PEDALCYCLIST, FRONT END AT ANGLE",,N,Overcast,Dry,Daylight,Y,12339001.0,,45.0,Vehicle - Pedalcyclist,0,522071,N,POINT (1273940.00901331 246097.7338080555),1409.0,0.0,Overcast,2012-12-04,09:40:00,9.0,1,1,1.0,Clear or Partly Cloudy
116461,130675,130675,3562461,Matched,Intersection,29920.0,BOREN AVE AND MADISON ST,,,2,Injury Collision,Cycles,3,0,1,1,1,0,0,2011-05-24T00:00:00.000Z,5/24/2011 8:00:00 PM,At Intersection (intersection related),51,PEDALCYCLIST STRUCK MOTOR VEHICLE FRONT END AT ANGLE,,N,Clear or Partly Cloudy,Dry,Daylight,,11144003.0,,45.0,Vehicle - Pedalcyclist,25201,0,N,POINT (1272453.844275787 225834.5358353108),3391.0,0.0,Clear or Partly Cloudy,2011-05-24,20:00:00,20.0,1,1,0.0,Clear or Partly Cloudy
116495,131217,131217,3593702,Matched,Intersection,30436.0,12TH AVE S AND S WELLER ST,,,2,Injury Collision,Left Turn,3,0,1,1,1,0,0,2012-11-28T00:00:00.000Z,11/28/2012 6:43:00 AM,At Intersection (intersection related),18,"MOTOR VEHICLE STRUCK PEDALCYCLIST, FRONT END AT ANGLE",,N,Overcast,Dry,Dark - Street Lights On,Y,12333026.0,,28.0,From opposite direction - one left turn - one straight,16233,0,N,POINT (1274321.9702297 221479.3706468493),9380.0,0.0,Overcast,2012-11-28,06:43:00,6.0,2,1,0.0,Clear or Partly Cloudy
116560,132068,132068,3559295,Matched,Intersection,486567.0,M L KING JR ER WAY S AND S OTHELLO ST,,,2,Injury Collision,Cycles,2,0,1,1,1,0,0,2012-07-09T00:00:00.000Z,7/9/2012 5:46:00 PM,At Intersection (intersection related),18,"MOTOR VEHICLE STRUCK PEDALCYCLIST, FRONT END AT ANGLE",,N,Clear or Partly Cloudy,Dry,Daylight,,12191024.0,,45.0,Vehicle - Pedalcyclist,24194,0,N,POINT (1282818.003262401 199264.2156801075),1865.0,0.0,Clear or Partly Cloudy,2012-07-09,17:46:00,17.0,0,1,1.0,Clear or Partly Cloudy
116599,130551,130551,3374582,Matched,Block,,S LANDER ST BETWEEN 5TH PL S AND 6TH AVE S,,,2,Injury Collision,Cycles,2,0,1,1,1,0,0,2011-04-20T00:00:00.000Z,4/20/2011 6:00:00 AM,Driveway Junction,18,"MOTOR VEHICLE STRUCK PEDALCYCLIST, FRONT END AT ANGLE",,N,Clear or Partly Cloudy,Dry,Dawn,,11110015.0,,45.0,Vehicle - Pedalcyclist,5550,0,N,POINT (1271943.403699264 215071.3984162807),7778.0,7.449167506335862e-09,Clear or Partly Cloudy,2011-04-20,06:00:00,6.0,2,1,0.0,Clear or Partly Cloudy
116623,131221,131221,3597392,Matched,Block,,EAST GREEN LAKE DR N BETWEEN 4TH AVE NE AND LATONA AVE NE,,,2b,Serious Injury Collision,Cycles,2,0,1,1,1,1,0,2012-10-03T00:00:00.000Z,10/3/2012 5:25:00 PM,Driveway Junction,18,"MOTOR VEHICLE STRUCK PEDALCYCLIST, FRONT END AT ANGLE",,N,Clear or Partly Cloudy,Dry,Daylight,Y,12277039.0,,45.0,Vehicle - Pedalcyclist,7301,0,N,POINT (1272484.709811822 252124.4297502339),22687.0,0.0,Clear or Partly Cloudy,2012-10-03,17:25:00,17.0,2,1,1.0,Clear or Partly Cloudy
116641,130684,130684,3288408,Matched,Block,,15TH AVE NE BETWEEN NE 63RD ST AND NE 65TH ST,,,2b,Serious Injury Collision,Cycles,2,0,1,1,1,1,0,2011-01-31T00:00:00.000Z,1/31/2011 10:30:00 AM,Mid-Block (not related to intersection),51,PEDALCYCLIST STRUCK MOTOR VEHICLE FRONT END AT ANGLE,,N,Clear or Partly Cloudy,Dry,Daylight,,11031028.0,,45.0,Vehicle - Pedalcyclist,29067,0,N,POINT (1276174.534263596 249818.5346438736),2391.0,2.8704743957910682e-05,Clear or Partly Cloudy,2011-01-31,10:30:00,10.0,0,1,0.0,Clear or Partly Cloudy
116687,132209,132209,3561965,Matched,Intersection,27043.0,TROLL AVE N AND N 34TH ST,,,2,Injury Collision,Cycles,2,0,1,1,1,0,0,2012-05-18T00:00:00.000Z,5/18/2012 3:42:00 PM,At Intersection (intersection related),18,"MOTOR VEHICLE STRUCK PEDALCYCLIST, FRONT END AT ANGLE",,N,Clear or Partly Cloudy,Dry,Daylight,Y,12139006.0,,45.0,Vehicle - Pedalcyclist,8816,0,N,POINT (1267245.477678463 240493.9652263224),1223.0,0.0,Clear or Partly Cloudy,2012-05-18,15:42:00,15.0,4,1,1.0,Clear or Partly Cloudy
116792,131229,131229,3593280,Matched,Intersection,27162.0,HARVARD AVE E AND E ALLISON ST,,,2,Injury Collision,Cycles,2,0,1,1,1,0,0,2012-06-07T00:00:00.000Z,6/7/2012 6:08:00 PM,At Intersection (intersection related),51,PEDALCYCLIST STRUCK MOTOR VEHICLE FRONT END AT ANGLE,Y,N,Clear or Partly Cloudy,Dry,Daylight,Y,12159024.0,,45.0,Vehicle - Pedalcyclist,6059,0,N,POINT (1273481.408564836 240179.1131300032),762.0,0.0,Clear or Partly Cloudy,2012-06-07,18:08:00,18.0,3,1,1.0,Clear or Partly Cloudy
116810,131657,131657,3211408,Matched,Intersection,531030.0,4TH AVE S AND W SEA BR EB 4 AV OFF RP,,,2,Injury Collision,Cycles,2,0,1,1,1,0,0,2012-10-05T00:00:00.000Z,10/5/2012 3:48:00 PM,At Intersection (intersection related),51,PEDALCYCLIST STRUCK MOTOR VEHICLE FRONT END AT ANGLE,,N,Clear or Partly Cloudy,Dry,Daylight,,12279012.0,,45.0,Vehicle - Pedalcyclist,19642,0,N,POINT (1271205.58059451 211379.1202685088),2974.0,0.0,Clear or Partly Cloudy,2012-10-05,15:48:00,15.0,4,1,1.0,Clear or Partly Cloudy
116820,132220,132220,3593851,Matched,Block,,E PINE ST BETWEEN CRAWFORD PL AND SUMMIT AVE,,,2,Injury Collision,Cycles,2,0,1,1,1,0,0,2012-09-14T00:00:00.000Z,9/14/2012 5:44:00 PM,Mid-Block (not related to intersection),23,"MOTOR VEHICLE STRUCK PEDALCYCLIST, LEFT SIDE SIDESWIPE",Y,N,Clear or Partly Cloudy,Dry,Daylight,,12258022.0,,45.0,Vehicle - Pedalcyclist,10348,0,N,POINT (1272317.718451649 227981.9497895092),1148.0,4.603173915512867e-06,Clear or Partly Cloudy,2012-09-14,17:44:00,17.0,4,1,1.0,Clear or Partly Cloudy
116832,131802,131802,3599354,Matched,Block,,EASTLAKE AVE E BETWEEN E HOWE ST AND E NEWTON ST,,,2,Injury Collision,Cycles,2,0,1,1,1,0,0,2012-08-21T00:00:00.000Z,8/21/2012 6:33:00 AM,Driveway Junction,18,"MOTOR VEHICLE STRUCK PEDALCYCLIST, FRONT END AT ANGLE",,N,Clear or Partly Cloudy,Dry,Daylight,Y,12234022.0,,45.0,Vehicle - Pedalcyclist,24776,0,N,POINT (1272495.951539829 235677.6184693873),11079.0,0.0,Clear or Partly Cloudy,2012-08-21,06:33:00,6.0,1,1,0.0,Clear or Partly Cloudy
116835,132080,132080,3564539,Matched,Intersection,26977.0,FREMONT AVE N AND N 41ST ST,,,2,Injury Collision,Cycles,3,0,1,1,1,0,0,2012-02-09T00:00:00.000Z,2/9/2012 7:04:00 PM,At Intersection (intersection related),18,"MOTOR VEHICLE STRUCK PEDALCYCLIST, FRONT END AT ANGLE",Y,N,Clear or Partly Cloudy,Dry,Dark - Street Lights Off,Y,12040011.0,,45.0,Vehicle - Pedalcyclist,8394,0,N,POINT (1266675.428909868 243213.2996291071),4016.0,0.0,Clear or Partly Cloudy,2012-02-09,19:04:00,19.0,3,1,1.0,Clear or Partly Cloudy
116845,131663,131663,3562664,Matched,Block,,S JACKSON ST BETWEEN 4TH AVE S AND 5TH AVE S,,,2,Injury Collision,Cycles,6,0,1,1,1,0,0,2012-05-10T00:00:00.000Z,5/10/2012 6:51:00 AM,Mid-Block (not related to intersection),18,"MOTOR VEHICLE STRUCK PEDALCYCLIST, FRONT END AT ANGLE",,N,Clear or Partly Cloudy,Dry,Daylight,Y,12131012.0,,45.0,Vehicle - Pedalcyclist,4880,0,N,POINT (1271598.163634911 222150.9747435302),9322.0,1.8193646041666734e-05,Clear or Partly Cloudy,2012-05-10,06:51:00,6.0,3,1,0.0,Clear or Partly Cloudy
116869,132610,132610,3599327,Matched,Intersection,28717.0,COMSTOCK ST AND DEXTER AVE N,,,2,Injury Collision,Cycles,2,0,1,1,1,0,0,2012-10-11T00:00:00.000Z,10/11/2012 4:36:00 PM,At Intersection (intersection related),18,"MOTOR VEHICLE STRUCK PEDALCYCLIST, FRONT END AT ANGLE",,N,Clear or Partly Cloudy,Dry,Daylight,Y,12285005.0,,45.0,Vehicle - Pedalcyclist,12809,0,N,POINT (1268374.516271606 233666.1961313337),3490.0,0.0,Clear or Partly Cloudy,2012-10-11,16:36:00,16.0,3,1,1.0,Clear or Partly Cloudy
116970,131812,131812,3593461,Matched,Intersection,29738.0,10TH AVE AND E PINE ST,,,1,Property Damage Only Collision,Cycles,2,0,1,1,0,0,0,2012-08-07T00:00:00.000Z,8/7/2012 9:48:00 AM,At Intersection (intersection related),0,NOT ENOUGH INFORMATION / NOT APPLICABLE,,N,Clear or Partly Cloudy,Dry,Daylight,Y,12220004.0,,45.0,Vehicle - Pedalcyclist,0,523987,N,POINT (1273894.705717266 227961.786013484),11240.0,0.0,Clear or Partly Cloudy,2012-08-07,09:48:00,9.0,1,1,1.0,Clear or Partly Cloudy
118046,134431,134431,3373546,Matched,Intersection,28331.0,FAIRVIEW AVE E AND E GARFIELD ST,,,2,Injury Collision,Cycles,2,0,1,1,1,0,0,2012-03-22T00:00:00.000Z,3/22/2012 6:23:00 PM,At Intersection (intersection related),18,"MOTOR VEHICLE STRUCK PEDALCYCLIST, FRONT END AT ANGLE",,N,Clear or Partly Cloudy,Dry,Dusk,Y,12082004.0,,45.0,Vehicle - Pedalcyclist,0,0,N,POINT (1272187.253299519 234786.0415084809),6338.0,0.0,Clear or Partly Cloudy,2012-03-22,18:23:00,18.0,3,1,1.0,Clear or Partly Cloudy
118066,134288,134288,3476431,Matched,Intersection,29747.0,11TH AVE AND E PIKE ST,,,1,Property Damage Only Collision,Cycles,2,0,1,1,0,0,0,2012-11-06T00:00:00.000Z,11/6/2012 6:00:00 PM,At Intersection (intersection related),18,"MOTOR VEHICLE STRUCK PEDALCYCLIST, FRONT END AT ANGLE",,N,Raining,Wet,Dark - Street Lights On,,12311011.0,,45.0,Vehicle - Pedalcyclist,31243,0,N,POINT (1274213.232437596 227535.8214690536),1145.0,0.0,Raining,2012-11-06,18:00:00,18.0,1,1,1.0,Raining
118102,132869,132869,3593951,Matched,Block,,12TH AVE BETWEEN E MADISON ST AND E PIKE ST,,,2,Injury Collision,Cycles,2,0,1,1,1,0,0,2012-09-25T00:00:00.000Z,9/25/2012 4:10:00 PM,Mid-Block (not related to intersection),51,PEDALCYCLIST STRUCK MOTOR VEHICLE FRONT END AT ANGLE,,N,Clear or Partly Cloudy,Dry,Daylight,,12269031.0,,45.0,Vehicle - Pedalcyclist,10789,0,N,POINT (1274543.503669932 227311.3066528141),39.0,2.808636349384009e-10,Clear or Partly Cloudy,2012-09-25,16:10:00,16.0,1,1,1.0,Clear or Partly Cloudy
118106,132868,132868,3507803,Matched,Intersection,25443.0,8TH AVE NW AND NW 50TH ST,,,2,Injury Collision,Cycles,2,0,1,1,1,0,0,2012-09-24T00:00:00.000Z,9/24/2012 10:30:00 AM,At Intersection (intersection related),51,PEDALCYCLIST STRUCK MOTOR VEHICLE FRONT END AT ANGLE,,N,Clear or Partly Cloudy,Dry,Daylight,Y,12268011.0,,45.0,Vehicle - Pedalcyclist,0,0,N,POINT (1262734.982441843 246346.7327203155),3262.0,0.0,Clear or Partly Cloudy,2012-09-24,10:30:00,10.0,0,1,0.0,Clear or Partly Cloudy
118122,133589,133589,3553591,Matched,Intersection,35097.0,14TH AVE S AND S CLOVERDALE ST,,,2,Injury Collision,Cycles,2,0,1,1,1,0,0,2012-07-12T00:00:00.000Z,7/12/2012 7:40:00 AM,At Intersection (intersection related),18,"MOTOR VEHICLE STRUCK PEDALCYCLIST, FRONT END AT ANGLE",,N,Clear or Partly Cloudy,Dry,Daylight,Y,12194007.0,,45.0,Vehicle - Pedalcyclist,0,524890,N,POINT (1274394.384949774 195553.4460123032),5085.0,0.0,Clear or Partly Cloudy,2012-07-12,07:40:00,7.0,3,1,1.0,Clear or Partly Cloudy
118144,133451,133451,3593935,Matched,Block,,36TH AVE BETWEEN E CHERRY ST AND E COLUMBIA ST,,,1,Property Damage Only Collision,Cycles,2,0,1,1,0,0,0,2012-09-30T00:00:00.000Z,9/30/2012 6:06:00 PM,Mid-Block (not related to intersection),18,"MOTOR VEHICLE STRUCK PEDALCYCLIST, FRONT END AT ANGLE",,N,Clear or Partly Cloudy,Dry,Daylight,,12274013.0,,45.0,Vehicle - Pedalcyclist,0,0,N,POINT (1281800.785469368 225377.2966668457),20501.0,7.446689973022018e-09,Clear or Partly Cloudy,2012-09-30,18:06:00,18.0,6,0,1.0,Clear or Partly Cloudy
118160,134724,134724,3467551,Matched,Intersection,35459.0,53RD AVE S AND RAINIER AVE S,,,2,Injury Collision,Cycles,2,0,1,1,1,0,0,2012-09-03T00:00:00.000Z,9/3/2012 12:51:00 PM,At Intersection (intersection related),51,PEDALCYCLIST STRUCK MOTOR VEHICLE FRONT END AT ANGLE,,N,Clear or Partly Cloudy,Dry,Daylight,,12247003.0,,45.0,Vehicle - Pedalcyclist,0,0,N,POINT (1286391.66189006 192918.4761535972),11156.0,0.0,Clear or Partly Cloudy,2012-09-03,12:51:00,12.0,0,1,0.0,Clear or Partly Cloudy