OBJECTID,INCKEY,COLDETKEY,REPORTNO,STATUS,ADDRTYPE,INTKEY,LOCATION,EXCEPTRSNC,EXCEPTRSND,SEVERITYCO,SEVERITYDE,COLLISIONT,PERSONCOUN,PEDCOUNT,PEDCYLCOUN,VEHCOUNT,INJURIES,SERIOUSINJ,FATALITIES,INCDATE,INCDTTM,JUNCTIONTY,SDOT_COLCO,SDOT_COLDE,INATTENTIO,UNDERINFL,WEATHER,ROADCOND,LIGHTCOND,PEDROWNOTG,SDOTCOLNUM,SPEEDING,ST_COLCODE,ST_COLDESC,SEGLANEKEY,CROSSWALKK,HITPARKEDC,geometry,near_str_index,min_length,weather_group,date,time,hour,dayofweek,weekday,rushhour,weather_group2
118168,134722,134722,3593777,Matched,Intersection,29061.0,15TH AVE AND E DENNY WAY,,,2,Injury Collision,Cycles,2,0,1,1,1,0,0,2012-08-31T00:00:00.000Z,8/31/2012 3:40:00 PM,At Intersection (intersection related),51,PEDALCYCLIST STRUCK MOTOR VEHICLE FRONT END AT ANGLE,,N,Clear or Partly Cloudy,Dry,Daylight,Y,12244002.0,,45.0,Vehicle - Pedalcyclist,0,0,N,POINT (1275575.593526989 229124.3352626711),5092.0,0.0,Clear or Partly Cloudy,2012-08-31,15:40:00,15.0,4,1,1.0,Clear or Partly Cloudy
118198,134291,134291,3329885,Matched,Intersection,29914.0,6TH AVE AND UNIVERSITY ST,,,2,Injury Collision,Cycles,2,0,1,1,1,0,0,2012-01-03T00:00:00.000Z,1/3/2012 7:13:00 AM,At Intersection (intersection related),18,"MOTOR VEHICLE STRUCK PEDALCYCLIST, FRONT END AT ANGLE",,N,Overcast,Dry,Dark - Street Lights On,Y,12003011.0,,45.0,Vehicle - Pedalcyclist,0,522379,N,POINT (1270602.618929893 225805.6667152792),997.0,0.0,Overcast,2012-01-03,07:13:00,7.0,1,1,1.0,Clear or Partly Cloudy
118204,133023,133023,3554510,Matched,Intersection,27114.0,7TH AVE NE AND NE 40TH ST,,,2,Injury Collision,Cycles,3,0,1,1,1,0,0,2012-03-02T00:00:00.000Z,3/2/2012 3:20:00 PM,At Intersection (intersection related),18,"MOTOR VEHICLE STRUCK PEDALCYCLIST, FRONT END AT ANGLE",,N,Raining,Wet,Daylight,Y,12062006.0,,45.0,Vehicle - Pedalcyclist,0,524351,N,POINT (1273838.842165202 242792.6606526673),1388.0,0.0,Raining,2012-03-02,15:20:00,15.0,4,1,1.0,Raining
118207,132887,132887,3331914,Matched,Intersection,28242.0,10TH AVE E AND E BOSTON ST,,,2,Injury Collision,Cycles,2,0,1,1,1,0,0,2012-01-26T00:00:00.000Z,1/26/2012 9:45:00 PM,At Intersection (intersection related),51,PEDALCYCLIST STRUCK MOTOR VEHICLE FRONT END AT ANGLE,,Y,Clear or Partly Cloudy,Dry,Dark - Street Lights On,,12026003.0,,45.0,Vehicle - Pedalcyclist,6106,0,N,POINT (1273908.496181279 236410.3633021414),22.0,0.0,Clear or Partly Cloudy,2012-01-26,21:45:00,21.0,3,1,0.0,Clear or Partly Cloudy
118221,132882,132882,3599255,Matched,Intersection,31203.0,ALASKAN WAY S AND S MASSACHUSETTS ST,,,2,Injury Collision,Cycles,2,0,1,1,1,0,0,2012-04-06T00:00:00.000Z,4/6/2012 5:59:00 AM,At Intersection (intersection related),18,"MOTOR VEHICLE STRUCK PEDALCYCLIST, FRONT END AT ANGLE",,N,Clear or Partly Cloudy,Dry,Dark - Street Lights On,,12097012.0,,45.0,Vehicle - Pedalcyclist,0,630867,N,POINT (1269023.349552274 218229.7632195204),599.0,0.0,Clear or Partly Cloudy,2012-04-06,05:59:00,5.0,4,1,0.0,Clear or Partly Cloudy
118241,132742,132742,3593284,Matched,Intersection,28359.0,LAKE WASHINGTON BLVD E AND LK WASH BV OFF RP,,,2,Injury Collision,Cycles,2,0,1,1,1,0,0,2012-10-10T00:00:00.000Z,10/10/2012 7:00:00 PM,At Intersection (intersection related),18,"MOTOR VEHICLE STRUCK PEDALCYCLIST, FRONT END AT ANGLE",,N,Clear or Partly Cloudy,Dry,Dark - Street Lights On,Y,12284016.0,,45.0,Vehicle - Pedalcyclist,8921,0,N,POINT (1279444.575802952 237253.6206469983),11112.0,0.0,Clear or Partly Cloudy,2012-10-10,19:00:00,19.0,2,1,1.0,Clear or Partly Cloudy
118311,134016,134016,3551406,Matched,Block,,8TH AVE NW BETWEEN NW 84TH ST AND NW 85TH ST,,,2,Injury Collision,Cycles,2,0,1,1,1,0,0,2012-07-05T00:00:00.000Z,7/5/2012 2:40:00 PM,Mid-Block (not related to intersection),51,PEDALCYCLIST STRUCK MOTOR VEHICLE FRONT END AT ANGLE,,N,Clear or Partly Cloudy,Dry,Daylight,,12187008.0,,45.0,Vehicle - Pedalcyclist,3386,0,N,POINT (1262965.752746075 255537.7694657296),14272.0,2.1056313048320827e-05,Clear or Partly Cloudy,2012-07-05,14:40:00,14.0,3,1,0.0,Clear or Partly Cloudy
118313,134446,134446,3552227,Matched,Intersection,29863.0,MELROSE AVE AND PINE ST,,,2,Injury Collision,Cycles,2,0,1,1,1,0,0,2012-04-09T00:00:00.000Z,4/9/2012 8:54:00 AM,At Intersection (intersection related),11,"MOTOR VEHICLE STRUCK MOTOR VEHICLE, FRONT END AT ANGLE",,N,Clear or Partly Cloudy,Dry,Daylight,Y,12100014.0,,45.0,Vehicle - Pedalcyclist,10336,0,N,POINT (1271813.802035138 227999.6394535303),897.0,0.0,Clear or Partly Cloudy,2012-04-09,08:54:00,8.0,0,1,1.0,Clear or Partly Cloudy
118357,133034,133034,3567249,Matched,Intersection,29863.0,MELROSE AVE AND PINE ST,,,2,Injury Collision,Cycles,2,0,1,1,1,0,0,2012-06-26T00:00:00.000Z,6/26/2012 9:48:00 PM,At Intersection (intersection related),51,PEDALCYCLIST STRUCK MOTOR VEHICLE FRONT END AT ANGLE,,N,Overcast,Dry,Daylight,Y,12178003.0,,45.0,Vehicle - Pedalcyclist,10336,0,N,POINT (1271813.802035138 227999.6394535303),897.0,0.0,Overcast,2012-06-26,21:48:00,21.0,1,1,0.0,Clear or Partly Cloudy
118377,134727,134727,3345958,Matched,Intersection,28744.0,WESTLAKE AVE N AND VALLEY ST,,,2,Injury Collision,Cycles,2,0,1,1,1,0,0,2012-09-25T00:00:00.000Z,9/25/2012 5:10:00 PM,At Intersection (intersection related),18,"MOTOR VEHICLE STRUCK PEDALCYCLIST, FRONT END AT ANGLE",,N,Clear or Partly Cloudy,Dry,Daylight,Y,12269011.0,,45.0,Vehicle - Pedalcyclist,0,523374,N,POINT (1269242.945584506 231901.4393935204),3828.0,0.0,Clear or Partly Cloudy,2012-09-25,17:10:00,17.0,1,1,1.0,Clear or Partly Cloudy
118400,133605,133605,3581926,Matched,Intersection,29174.0,HOWELL ST AND YALE AVE,,,2b,Serious Injury Collision,Cycles,2,0,1,1,1,1,0,2012-11-13T00:00:00.000Z,11/13/2012 8:36:00 AM,At Intersection (intersection related),51,PEDALCYCLIST STRUCK MOTOR VEHICLE FRONT END AT ANGLE,,N,Overcast,Wet,Daylight,,12318026.0,,45.0,Vehicle - Pedalcyclist,14397,0,N,POINT (1271387.224370703 228834.7163183838),9769.0,0.0,Overcast,2012-11-13,08:36:00,8.0,1,1,1.0,Clear or Partly Cloudy
118419,133472,133472,3504006,Matched,Intersection,30544.0,7TH AVE S AND S DEARBORN ST,,,2,Injury Collision,Cycles,2,0,1,1,1,0,0,2012-07-06T00:00:00.000Z,7/6/2012 4:19:00 PM,At Intersection (intersection related),18,"MOTOR VEHICLE STRUCK PEDALCYCLIST, FRONT END AT ANGLE",,N,Clear or Partly Cloudy,Dry,Daylight,Y,12188022.0,,45.0,Vehicle - Pedalcyclist,5835,0,N,POINT (1272697.666612044 220902.8542942554),7666.0,0.0,Clear or Partly Cloudy,2012-07-06,16:19:00,16.0,4,1,1.0,Clear or Partly Cloudy
118517,133755,133755,3593580,Matched,Block,,E PINE ST BETWEEN 13TH AVE AND 14TH AVE,,,2,Injury Collision,Cycles,3,0,1,1,1,0,0,2012-07-21T00:00:00.000Z,7/21/2012 11:21:00 PM,Mid-Block (not related to intersection),14,"MOTOR VEHICLE STRUCK MOTOR VEHICLE, REAR END",,N,Clear or Partly Cloudy,Dry,Dark - Street Lights On,Y,12203023.0,,45.0,Vehicle - Pedalcyclist,10425,0,N,POINT (1275021.38373442 227951.837533474),21104.0,2.5683912913690035e-05,Clear or Partly Cloudy,2012-07-21,23:21:00,23.0,5,0,0.0,Clear or Partly Cloudy
118525,133752,133752,3566188,Matched,Intersection,30410.0,12TH AVE AND E YESLER WAY,,,2,Injury Collision,Cycles,2,0,1,1,1,0,0,2012-09-11T00:00:00.000Z,9/11/2012 4:38:00 PM,At Intersection (intersection related),51,PEDALCYCLIST STRUCK MOTOR VEHICLE FRONT END AT ANGLE,,N,Clear or Partly Cloudy,Dry,Daylight,,12255009.0,,45.0,Vehicle - Pedalcyclist,10532,0,N,POINT (1274461.188917845 223006.7211764157),8412.0,0.0,Clear or Partly Cloudy,2012-09-11,16:38:00,16.0,1,1,1.0,Clear or Partly Cloudy
118546,133613,133613,3342595,Matched,Intersection,33748.0,41ST AVE SW AND SW MORGAN ST,,,2,Injury Collision,Cycles,2,0,1,1,1,0,0,2012-09-25T00:00:00.000Z,9/25/2012 11:16:00 AM,At Intersection (intersection related),51,PEDALCYCLIST STRUCK MOTOR VEHICLE FRONT END AT ANGLE,,N,Clear or Partly Cloudy,Dry,Daylight,,12269003.0,,45.0,Vehicle - Pedalcyclist,1961,0,N,POINT (1257351.348004326 202600.7553315163),4720.0,0.0,Clear or Partly Cloudy,2012-09-25,11:16:00,11.0,1,1,0.0,Clear or Partly Cloudy
118569,134180,134180,3581884,Matched,Block,,5TH AVE BETWEEN PIKE ST AND PINE ST,,,1,Property Damage Only Collision,Cycles,3,0,1,1,0,0,0,2012-12-13T00:00:00.000Z,12/13/2012 6:28:00 PM,Mid-Block (not related to intersection),18,"MOTOR VEHICLE STRUCK PEDALCYCLIST, FRONT END AT ANGLE",,N,Raining,Wet,Dark - Street Lights On,,12348021.0,,45.0,Vehicle - Pedalcyclist,24883,0,N,POINT (1269781.18731305 226556.725148052),5878.0,7.3967623311921815e-06,Raining,2012-12-13,18:28:00,18.0,3,1,1.0,Raining
118579,134610,134610,3504619,Matched,Intersection,25773.0,9TH AVE NE AND NE 53RD ST,,,2,Injury Collision,Cycles,2,0,1,1,1,0,0,2012-10-12T00:00:00.000Z,10/12/2012 10:16:00 AM,At Intersection (intersection related),18,"MOTOR VEHICLE STRUCK PEDALCYCLIST, FRONT END AT ANGLE",,N,Overcast,Wet,Daylight,Y,12286006.0,,45.0,Vehicle - Pedalcyclist,0,0,N,POINT (1274519.022389904 246873.1058408469),585.0,0.0,Overcast,2012-10-12,10:16:00,10.0,4,1,0.0,Clear or Partly Cloudy
118583,134607,134607,3593949,Matched,Intersection,30082.0,29TH AVE AND E JEFFERSON ST,,,2,Injury Collision,Cycles,2,0,1,1,1,0,0,2012-10-06T00:00:00.000Z,10/6/2012 4:36:00 PM,At Intersection (intersection related),21,"MOTOR VEHICLE STRUCK PEDALCYCLIST, REAR END",,N,Clear or Partly Cloudy,Dry,Daylight,,12280030.0,,45.0,Vehicle - Pedalcyclist,0,0,N,POINT (1279885.788987398 224536.13992998),252.0,0.0,Clear or Partly Cloudy,2012-10-06,16:36:00,16.0,5,0,1.0,Clear or Partly Cloudy
118619,134890,134890,3329018,Matched,Intersection,29535.0,6TH AVE AND BLANCHARD ST,,,2,Injury Collision,Cycles,2,0,1,1,1,0,0,2012-12-14T00:00:00.000Z,12/14/2012 7:45:00 AM,At Intersection (intersection related),18,"MOTOR VEHICLE STRUCK PEDALCYCLIST, FRONT END AT ANGLE",,N,Overcast,Wet,Dawn,Y,12349008.0,,45.0,Vehicle - Pedalcyclist,0,521731,N,POINT (1268610.200367853 228314.3269418478),3201.0,0.0,Overcast,2012-12-14,07:45:00,7.0,4,1,1.0,Clear or Partly Cloudy
118662,133764,133764,3608069,Matched,Block,,WILSON AVE S BETWEEN 50TH AVE S AND S FARRAR ST,,,2,Injury Collision,Cycles,2,0,1,1,1,0,0,2012-04-29T00:00:00.000Z,4/29/2012 1:36:00 PM,Mid-Block (not related to intersection),55,PEDALCYCLIST STRUCK MOTOR VEHICLE RIGHT SIDE SIDESWIPE,,N,Clear or Partly Cloudy,Dry,Daylight,,12120012.0,,45.0,Vehicle - Pedalcyclist,8120,0,N,POINT (1285574.586945221 206241.2628552467),21609.0,4.4217552104349653e-07,Clear or Partly Cloudy,2012-04-29,13:36:00,13.0,6,0,0.0,Clear or Partly Cloudy
118670,133762,133762,3545134,Matched,Block,,15TH AVE NE BETWEEN NE 47TH ST AND NE 50TH ST,,,2,Injury Collision,Cycles,2,0,1,1,1,0,0,2012-04-25T00:00:00.000Z,4/25/2012 5:27:00 PM,Mid-Block (not related to intersection),23,"MOTOR VEHICLE STRUCK PEDALCYCLIST, LEFT SIDE SIDESWIPE",Y,N,Raining,Wet,Daylight,,12116031.0,,45.0,Vehicle - Pedalcyclist,21394,0,N,POINT (1276089.214647517 245702.6054876596),78.0,7.225501131424053e-09,Raining,2012-04-25,17:27:00,17.0,2,1,1.0,Raining
118747,134326,134326,3553582,Matched,Intersection,32203.0,11TH AVE SW AND SW SPOKANE NR ST,,,2,Injury Collision,Cycles,2,0,1,1,1,0,0,2012-02-07T00:00:00.000Z,2/7/2012 7:01:00 AM,At Intersection (intersection related),51,PEDALCYCLIST STRUCK MOTOR VEHICLE FRONT END AT ANGLE,,N,Overcast,Dry,Daylight,,12038029.0,,45.0,Vehicle - Pedalcyclist,39178,0,N,POINT (1266238.505261421 212207.5664773583),2234.0,0.0,Overcast,2012-02-07,07:01:00,7.0,1,1,1.0,Clear or Partly Cloudy
118750,133057,133057,3465904,Matched,Intersection,28777.0,FAIRVIEW AVE N AND HARRISON ST,,,2,Injury Collision,Cycles,3,0,1,1,1,0,0,2012-08-18T00:00:00.000Z,8/18/2012 11:24:00 AM,At Intersection (intersection related),18,"MOTOR VEHICLE STRUCK PEDALCYCLIST, FRONT END AT ANGLE",,N,Overcast,Dry,Daylight,,12231011.0,,45.0,Vehicle - Pedalcyclist,0,522956,N,POINT (1270290.966321573 230496.0669760853),6395.0,0.0,Overcast,2012-08-18,11:24:00,11.0,5,0,0.0,Clear or Partly Cloudy
118835,133492,133492,3503859,Matched,Block,,DEXTER AVE N BETWEEN GALER ST AND GARFIELD S ST,,,2,Injury Collision,Cycles,2,0,1,1,1,0,0,2012-07-09T00:00:00.000Z,7/9/2012 4:38:00 PM,Mid-Block (but intersection related),18,"MOTOR VEHICLE STRUCK PEDALCYCLIST, FRONT END AT ANGLE",Y,N,Clear or Partly Cloudy,Dry,Daylight,Y,12191019.0,,45.0,Vehicle - Pedalcyclist,12954,0,N,POINT (1268392.727471635 234418.6114920974),697.0,0.0,Clear or Partly Cloudy,2012-07-09,16:38:00,16.0,0,1,1.0,Clear or Partly Cloudy
118898,132928,132928,3466465,Matched,Intersection,26710.0,9TH AVE NW AND NW 45TH ST,,,2,Injury Collision,Cycles,2,0,1,1,1,0,0,2012-03-09T00:00:00.000Z,3/9/2012 5:30:00 PM,At Intersection (intersection related),18,"MOTOR VEHICLE STRUCK PEDALCYCLIST, FRONT END AT ANGLE",,N,Unknown,Unknown,Dusk,Y,12069013.0,,45.0,Vehicle - Pedalcyclist,0,630875,N,POINT (1262110.833705202 245056.5021909922),1566.0,0.0,,2012-03-09,17:30:00,17.0,4,1,1.0,
118905,133210,133210,3593304,Matched,Block,,S KING ST BETWEEN 10TH AVE S AND 12TH AVE S,,,2,Injury Collision,Cycles,2,0,1,1,1,0,0,2012-06-25T00:00:00.000Z,6/25/2012 11:28:00 AM,Mid-Block (not related to intersection),18,"MOTOR VEHICLE STRUCK PEDALCYCLIST, FRONT END AT ANGLE",,N,Clear or Partly Cloudy,Dry,Daylight,Y,12177011.0,,45.0,Vehicle - Pedalcyclist,5773,0,N,POINT (1274029.154037401 221792.6436071694),9996.0,1.9271605916982416e-05,Clear or Partly Cloudy,2012-06-25,11:28:00,11.0,0,1,0.0,Clear or Partly Cloudy
118943,133641,133641,2618472,Matched,Block,,E DENNY WAY BETWEEN MELROSE AVE AND BELLEVUE AVE,,,2,Injury Collision,Cycles,2,0,1,1,1,0,0,2012-01-13T00:00:00.000Z,1/13/2012 1:42:00 AM,Mid-Block (not related to intersection),18,"MOTOR VEHICLE STRUCK PEDALCYCLIST, FRONT END AT ANGLE",,N,Clear or Partly Cloudy,Dry,Dark - Street Lights On,,12013003.0,,45.0,Vehicle - Pedalcyclist,23555,0,N,POINT (1271987.770547315 229184.2633907348),11213.0,2.364171684241842e-06,Clear or Partly Cloudy,2012-01-13,01:42:00,1.0,4,1,0.0,Clear or Partly Cloudy
118961,134061,134061,3551799,Matched,Intersection,29434.0,32ND AVE E AND E MADISON ST,,,2,Injury Collision,Cycles,2,0,1,1,1,0,0,2012-09-18T00:00:00.000Z,9/18/2012 9:30:00 AM,At Intersection (intersection related),18,"MOTOR VEHICLE STRUCK PEDALCYCLIST, FRONT END AT ANGLE",,N,Clear or Partly Cloudy,Dry,Daylight,Y,12262010.0,,45.0,Vehicle - Pedalcyclist,34494,0,N,POINT (1281013.139004558 232128.6872657537),13350.0,0.0,Clear or Partly Cloudy,2012-09-18,09:30:00,9.0,1,1,1.0,Clear or Partly Cloudy
118973,134202,134202,3502715,Matched,Intersection,167336.0,BEACON ER AVE S AND S GRAHAM ST,,,2,Injury Collision,Cycles,2,0,1,1,1,0,0,2012-12-22T00:00:00.000Z,12/22/2012 8:51:00 AM,At Intersection (intersection related),51,PEDALCYCLIST STRUCK MOTOR VEHICLE FRONT END AT ANGLE,,Y,Raining,Wet,Daylight,,12357007.0,,45.0,Vehicle - Pedalcyclist,0,524751,N,POINT (1278134.100281611 202753.326467678),4855.0,0.0,Raining,2012-12-22,08:51:00,8.0,5,0,1.0,Raining
117021,130966,130966,3599357,Matched,Intersection,30356.0,JAMES ST AND YESLER WAY,,,2,Injury Collision,Cycles,2,0,1,1,1,0,0,2012-08-22T00:00:00.000Z,8/22/2012 1:49:00 AM,At Intersection (intersection related),18,"MOTOR VEHICLE STRUCK PEDALCYCLIST, FRONT END AT ANGLE",,N,Clear or Partly Cloudy,Dry,Dark - Street Lights On,Y,12235007.0,,45.0,Vehicle - Pedalcyclist,9939,0,N,POINT (1270239.305265516 223098.985880509),1054.0,0.0,Clear or Partly Cloudy,2012-08-22,01:49:00,1.0,2,1,0.0,Clear or Partly Cloudy
117072,131673,131673,3386946,Matched,Block,,EASTLAKE AVE E BETWEEN E ROANOKE ST AND E EDGAR ST,,,2b,Serious Injury Collision,Cycles,2,0,1,1,1,1,0,2012-06-01T00:00:00.000Z,6/1/2012 6:52:00 PM,Mid-Block (not related to intersection),56,PEDALCYCLIST STRUCK MOTOR VEHICLE LEFT SIDE SIDESWIPE,,N,Overcast,Dry,Daylight,,12153030.0,,45.0,Vehicle - Pedalcyclist,24704,0,N,POINT (1272514.014387846 238421.0841362029),18944.0,1.9745095301494484e-05,Overcast,2012-06-01,18:52:00,18.0,4,1,1.0,Clear or Partly Cloudy
117074,131254,131254,3548847,Matched,Block,,1ST AVE S BETWEEN S ANDOVER ST AND S DAKOTA ST,,,2,Injury Collision,Cycles,2,0,1,1,1,0,0,2012-10-15T00:00:00.000Z,10/15/2012 10:56:00 AM,Mid-Block (not related to intersection),21,"MOTOR VEHICLE STRUCK PEDALCYCLIST, REAR END",,N,Clear or Partly Cloudy,Dry,Daylight,,12289039.0,,45.0,Vehicle - Pedalcyclist,5420,0,N,POINT (1269922.474225193 210747.1016438603),8294.0,4.833783068928001e-06,Clear or Partly Cloudy,2012-10-15,10:56:00,10.0,0,1,0.0,Clear or Partly Cloudy
117119,131820,131820,3503675,Matched,Intersection,29592.0,2ND AVE AND PIKE ST,,,2,Injury Collision,Cycles,2,0,1,1,1,0,0,2012-06-06T00:00:00.000Z,6/6/2012 7:25:00 PM,At Intersection (intersection related),51,PEDALCYCLIST STRUCK MOTOR VEHICLE FRONT END AT ANGLE,,N,Clear or Partly Cloudy,Dry,Daylight,,12158002.0,,45.0,Vehicle - Pedalcyclist,36905,0,N,POINT (1269058.773296311 225881.3874193579),135.0,0.0,Clear or Partly Cloudy,2012-06-06,19:25:00,19.0,2,1,1.0,Clear or Partly Cloudy
117157,132383,132383,3508302,Matched,Intersection,25949.0,25TH AVE NE AND NE BLAKELEY ST,,,1,Property Damage Only Collision,Cycles,2,0,1,1,0,0,0,2012-10-22T00:00:00.000Z,10/22/2012 7:25:00 AM,At Intersection (intersection related),18,"MOTOR VEHICLE STRUCK PEDALCYCLIST, FRONT END AT ANGLE",,N,Clear or Partly Cloudy,Dry,Daylight,Y,12296006.0,,45.0,Vehicle - Pedalcyclist,0,521604,N,POINT (1278900.484922394 246480.058544457),210.0,0.0,Clear or Partly Cloudy,2012-10-22,07:25:00,7.0,0,1,1.0,Clear or Partly Cloudy
117175,130843,130843,3503902,Matched,Intersection,30447.0,8TH AVE S AND S DEARBORN ST,,,2,Injury Collision,Cycles,2,0,1,1,1,0,0,2012-01-26T00:00:00.000Z,1/26/2012 7:09:00 AM,At Intersection (intersection related),18,"MOTOR VEHICLE STRUCK PEDALCYCLIST, FRONT END AT ANGLE",,N,Raining,Wet,Dark - Street Lights On,Y,12026007.0,,45.0,Vehicle - Pedalcyclist,5851,0,N,POINT (1273019.573044375 220895.8416862488),3274.0,0.0,Raining,2012-01-26,07:09:00,7.0,3,1,1.0,Raining
117179,131255,131255,3551607,Matched,Block,,NE 45TH ST BETWEEN 1ST AVE NE AND 2ND AVE NE,,,2,Injury Collision,Cycles,2,0,1,1,1,0,0,2012-10-16T00:00:00.000Z,10/16/2012 5:10:00 PM,Driveway Junction,18,"MOTOR VEHICLE STRUCK PEDALCYCLIST, FRONT END AT ANGLE",,N,Overcast,Dry,Daylight,Y,12290030.0,,45.0,Vehicle - Pedalcyclist,6532,0,N,POINT (1272176.522995502 244818.3334227502),18208.0,3.0169654243669977e-05,Overcast,2012-10-16,17:10:00,17.0,1,1,1.0,Clear or Partly Cloudy
117183,130717,130717,3565864,Matched,Intersection,29734.0,BOYLSTON AVE AND E PINE ST,,,2,Injury Collision,Cycles,1,0,1,0,1,0,0,2011-06-04T00:00:00.000Z,6/4/2011 11:11:00 PM,At Intersection (intersection related),69,PEDALCYCLIST OVERTURNED IN ROAD,,N,Clear or Partly Cloudy,Dry,Dark - Street Lights On,,11155014.0,Y,45.0,Vehicle - Pedalcyclist,10373,0,N,POINT (1272920.548660263 227975.5196454972),6198.0,0.0,Clear or Partly Cloudy,2011-06-04,23:11:00,23.0,5,0,0.0,Clear or Partly Cloudy
117251,132107,132107,3593929,Matched,Intersection,30408.0,14TH AVE AND E YESLER WAY,,,2,Injury Collision,Cycles,2,0,1,1,1,0,0,2012-09-24T00:00:00.000Z,9/24/2012 10:45:00 AM,At Intersection (intersection related),18,"MOTOR VEHICLE STRUCK PEDALCYCLIST, FRONT END AT ANGLE",,N,Clear or Partly Cloudy,,Daylight,,12268009.0,,45.0,Vehicle - Pedalcyclist,0,523818,N,POINT (1275107.402806506 222992.5917683989),1182.0,0.0,Clear or Partly Cloudy,2012-09-24,10:45:00,10.0,0,1,0.0,Clear or Partly Cloudy
117265,132250,132250,3465733,Matched,Intersection,30366.0,ALASKAN WAY S AND S JACKSON ST,,,2,Injury Collision,Cycles,2,0,1,1,1,0,0,2012-09-07T00:00:00.000Z,9/7/2012 3:40:00 PM,At Intersection (intersection related),18,"MOTOR VEHICLE STRUCK PEDALCYCLIST, FRONT END AT ANGLE",,N,Clear or Partly Cloudy,Dry,Daylight,Y,12251006.0,,45.0,Vehicle - Pedalcyclist,0,0,N,POINT (1269725.604400992 222191.7651435733),6112.0,0.0,Clear or Partly Cloudy,2012-09-07,15:40:00,15.0,4,1,1.0,Clear or Partly Cloudy
117309,131129,131129,3593662,Matched,Intersection,29748.0,12TH AVE AND E PIKE ST,,,2,Injury Collision,Cycles,1,0,1,0,1,0,0,2012-08-12T00:00:00.000Z,8/12/2012 2:21:00 AM,At Intersection (intersection related),14,"MOTOR VEHICLE STRUCK MOTOR VEHICLE, REAR END",,N,Clear or Partly Cloudy,Dry,Dark - Street Lights On,,12225013.0,,45.0,Vehicle - Pedalcyclist,10802,0,N,POINT (1274535.139893919 227533.018781051),39.0,0.0,Clear or Partly Cloudy,2012-08-12,02:21:00,2.0,6,0,0.0,Clear or Partly Cloudy
117349,131842,131842,3562443,Matched,Intersection,29624.0,ALASKAN E RDWY WAY AND MADISON ST,,,2,Injury Collision,Cycles,2,0,1,1,1,0,0,2012-06-15T00:00:00.000Z,6/15/2012 5:18:00 PM,At Intersection (intersection related),18,"MOTOR VEHICLE STRUCK PEDALCYCLIST, FRONT END AT ANGLE",,N,Clear or Partly Cloudy,Dry,Daylight,,12167002.0,,45.0,Vehicle - Pedalcyclist,12899,0,N,POINT (1269224.685616478 223922.2803453505),600.0,0.0,Clear or Partly Cloudy,2012-06-15,17:18:00,17.0,4,1,1.0,Clear or Partly Cloudy
117382,132541,132541,3546593,Matched,Intersection,26483.0,FISHERMAN TERM DR AND W EMERSON PL,,,2,Injury Collision,Cycles,2,0,1,1,1,0,0,2012-07-14T00:00:00.000Z,7/14/2012 2:24:00 PM,At Intersection (intersection related),18,"MOTOR VEHICLE STRUCK PEDALCYCLIST, FRONT END AT ANGLE",,N,Clear or Partly Cloudy,Dry,Daylight,Y,12196004.0,,45.0,Vehicle - Pedalcyclist,0,525463,N,POINT (1258960.194597974 242479.2654523551),8141.0,0.0,Clear or Partly Cloudy,2012-07-14,14:24:00,14.0,5,0,0.0,Clear or Partly Cloudy
117468,131567,131567,3551526,Matched,Block,,14TH AVE NW BETWEEN NW 67TH ST AND NW 70TH W ST,,,2,Injury Collision,Cycles,2,0,1,1,1,0,0,2012-09-05T00:00:00.000Z,9/5/2012 9:35:00 AM,Mid-Block (not related to intersection),56,PEDALCYCLIST STRUCK MOTOR VEHICLE LEFT SIDE SIDESWIPE,,N,Clear or Partly Cloudy,Dry,Daylight,,12249019.0,,45.0,Vehicle - Pedalcyclist,0,0,N,POINT (1260888.194215953 251357.6516374499),69.0,6.1988199745288235e-06,Clear or Partly Cloudy,2012-09-05,09:35:00,9.0,2,1,1.0,Clear or Partly Cloudy
117502,131990,131990,3502180,Matched,Intersection,31353.0,4TH AVE S AND S WALKER ST,,,1,Property Damage Only Collision,Cycles,2,0,1,1,0,0,0,2012-10-29T00:00:00.000Z,10/29/2012 5:59:00 PM,At Intersection (intersection related),51,PEDALCYCLIST STRUCK MOTOR VEHICLE FRONT END AT ANGLE,,N,Clear or Partly Cloudy,Dry,Daylight,Y,12303003.0,,45.0,Vehicle - Pedalcyclist,18723,0,N,POINT (1271308.604210615 216604.328593865),5734.0,0.0,Clear or Partly Cloudy,2012-10-29,17:59:00,17.0,0,1,1.0,Clear or Partly Cloudy
117509,131986,131986,3333784,Matched,Block,,N 130TH ST BETWEEN AURORA AVE N AND STONE AVE N,,,2b,Serious Injury Collision,Cycles,2,0,1,1,1,1,0,2012-10-26T00:00:00.000Z,10/26/2012 7:10:00 PM,Mid-Block (not related to intersection),18,"MOTOR VEHICLE STRUCK PEDALCYCLIST, FRONT END AT ANGLE",,N,Raining,Wet,Dark - Street Lights On,Y,12300053.0,,45.0,Vehicle - Pedalcyclist,0,0,N,POINT (1268709.01540795 267452.5347259194),12721.0,1.7734703847892092e-05,Raining,2012-10-26,19:10:00,19.0,4,1,1.0,Raining