OBJECTID,INCKEY,COLDETKEY,REPORTNO,STATUS,ADDRTYPE,INTKEY,LOCATION,EXCEPTRSNC,EXCEPTRSND,SEVERITYCO,SEVERITYDE,COLLISIONT,PERSONCOUN,PEDCOUNT,PEDCYLCOUN,VEHCOUNT,INJURIES,SERIOUSINJ,FATALITIES,INCDATE,INCDTTM,JUNCTIONTY,SDOT_COLCO,SDOT_COLDE,INATTENTIO,UNDERINFL,WEATHER,ROADCOND,LIGHTCOND,PEDROWNOTG,SDOTCOLNUM,SPEEDING,ST_COLCODE,ST_COLDESC,SEGLANEKEY,CROSSWALKK,HITPARKEDC,geometry,near_str_index,min_length,weather_group,date,time,hour,dayofweek,weekday,rushhour,weather_group2
120071,135552,135552,3597198,Matched,Block,,NE 45TH ST BETWEEN 7TH AVE NE AND 8TH W AVE NE,,,1,Property Damage Only Collision,Cycles,2,0,1,1,0,0,0,2012-10-11T00:00:00.000Z,10/11/2012 3:34:00 PM,Mid-Block (not related to intersection),51,PEDALCYCLIST STRUCK MOTOR VEHICLE FRONT END AT ANGLE,,N,Clear or Partly Cloudy,Dry,Daylight,,12285004.0,,45.0,Vehicle - Pedalcyclist,7044,0,N,POINT (1274025.332853392 244767.4182866961),15853.0,2.272866297706576e-05,Clear or Partly Cloudy,2012-10-11,15:34:00,15.0,3,1,1.0,Clear or Partly Cloudy
120081,136414,136414,3504499,Matched,Intersection,27244.0,LATONA AVE NE AND NE PACIFIC ST,,,2,Injury Collision,Cycles,3,0,1,1,1,0,0,2012-09-26T00:00:00.000Z,9/26/2012 8:15:00 AM,At Intersection (intersection related),51,PEDALCYCLIST STRUCK MOTOR VEHICLE FRONT END AT ANGLE,,N,Clear or Partly Cloudy,Dry,Daylight,Y,12270003.0,,45.0,Vehicle - Pedalcyclist,0,576113,N,POINT (1272637.023795977 242449.5139003247),7415.0,0.0,Clear or Partly Cloudy,2012-09-26,08:15:00,8.0,2,1,1.0,Clear or Partly Cloudy
120107,136269,136269,3593481,Matched,Block,,15TH AVE E BETWEEN E THOMAS S ST AND E THOMAS N ST,,,2,Injury Collision,Cycles,2,0,1,1,1,0,0,2012-07-08T00:00:00.000Z,7/8/2012 6:17:00 PM,Mid-Block (not related to intersection),56,PEDALCYCLIST STRUCK MOTOR VEHICLE LEFT SIDE SIDESWIPE,,N,Clear or Partly Cloudy,Dry,Daylight,,12190013.0,,45.0,Vehicle - Pedalcyclist,8579,0,N,POINT (1275604.093623012 229961.829279542),2386.0,1.5001455794308567e-05,Clear or Partly Cloudy,2012-07-08,18:17:00,18.0,6,0,1.0,Clear or Partly Cloudy
120158,137123,137123,3503863,Matched,Block,,DEXTER AVE N BETWEEN COMSTOCK ST AND LEE ST,,,2,Injury Collision,Cycles,2,0,1,1,1,0,0,2012-08-01T00:00:00.000Z,8/1/2012 6:26:00 PM,Driveway Junction,18,"MOTOR VEHICLE STRUCK PEDALCYCLIST, FRONT END AT ANGLE",,N,Clear or Partly Cloudy,Dry,Daylight,Y,12214031.0,,45.0,Vehicle - Pedalcyclist,12941,0,N,POINT (1268378.324655622 233816.5253474861),3490.0,7.448190498143227e-09,Clear or Partly Cloudy,2012-08-01,18:26:00,18.0,2,1,1.0,Clear or Partly Cloudy
120174,135707,135707,3597391,Matched,Block,,12TH AVE NE BETWEEN NE 61ST ST AND NE 62ND ST,,,2,Injury Collision,Cycles,2,0,1,1,1,0,0,2012-10-03T00:00:00.000Z,10/3/2012 12:48:00 PM,Driveway Junction,51,PEDALCYCLIST STRUCK MOTOR VEHICLE FRONT END AT ANGLE,,N,Clear or Partly Cloudy,Dry,Daylight,,12277035.0,,45.0,Vehicle - Pedalcyclist,9061,0,N,POINT (1275238.559926644 248962.9089789987),11654.0,1.4542896730423068e-10,Clear or Partly Cloudy,2012-10-03,12:48:00,12.0,2,1,0.0,Clear or Partly Cloudy
120185,135706,135706,3504698,Matched,Intersection,35812.0,AURORA AVE N AND N 135TH ST,,,2b,Serious Injury Collision,Cycles,3,0,1,1,1,1,0,2012-10-03T00:00:00.000Z,10/3/2012 5:55:00 PM,At Intersection (intersection related),18,"MOTOR VEHICLE STRUCK PEDALCYCLIST, FRONT END AT ANGLE",,N,Clear or Partly Cloudy,Dry,Unknown,Y,12277006.0,,45.0,Vehicle - Pedalcyclist,0,521695,N,POINT (1268393.465903625 268789.8093512952),3346.0,0.0,Clear or Partly Cloudy,2012-10-03,17:55:00,17.0,2,1,1.0,Clear or Partly Cloudy
120283,135419,135419,3563278,Matched,Block,,S ROYAL BROUGHAM WAY BETWEEN 1ST AVE S AND OCCIDENTAL AVE S,NEI,"Not Enough Information, or Insufficient Location Information",2b,Serious Injury Collision,Cycles,1,0,1,0,1,1,0,2012-05-22T00:00:00.000Z,5/22/2012 6:06:00 PM,Mid-Block (not related to intersection),66,PEDALCYCLIST STRUCK OBJECT IN ROAD,,N,Overcast,Wet,Daylight,,12143037.0,,45.0,Vehicle - Pedalcyclist,15509,0,N,POINT (1270214.512369499 219696.8730450273),14013.0,2.0181729109586225e-05,Overcast,2012-05-22,18:06:00,18.0,1,1,1.0,Clear or Partly Cloudy
120317,135130,135130,3608853,Matched,Intersection,25716.0,ROOSEVELT WAY NE AND NE 62ND ST,,,2,Injury Collision,Cycles,2,0,1,1,1,0,0,2012-11-04T00:00:00.000Z,11/4/2012 8:41:00 AM,At Intersection (intersection related),18,"MOTOR VEHICLE STRUCK PEDALCYCLIST, FRONT END AT ANGLE",,N,Overcast,Wet,Daylight,Y,12309001.0,,45.0,Vehicle - Pedalcyclist,9202,0,N,POINT (1274821.663286209 249136.9402111769),7288.0,0.0,Overcast,2012-11-04,08:41:00,8.0,6,0,1.0,Clear or Partly Cloudy
120321,137139,137139,3551805,Matched,Intersection,30748.0,16TH AVE S AND S JACKSON ST,,,2,Injury Collision,Cycles,2,0,1,1,1,0,0,2012-02-13T00:00:00.000Z,2/13/2012 8:50:00 PM,At Intersection (intersection related),18,"MOTOR VEHICLE STRUCK PEDALCYCLIST, FRONT END AT ANGLE",,N,Raining,Wet,Dark - Street Lights On,Y,12044011.0,,45.0,Vehicle - Pedalcyclist,11025,0,N,POINT (1275727.637047142 222081.6597994715),1804.0,0.0,Raining,2012-02-13,20:50:00,20.0,0,1,0.0,Raining
120322,136147,136147,3597126,Matched,Intersection,24363.0,PHINNEY AVE N AND N 65TH ST,,,2b,Serious Injury Collision,Cycles,1,0,1,0,1,1,0,2012-01-12T00:00:00.000Z,1/12/2012 5:15:00 PM,At Intersection (intersection related),29,MOTOR VEHICLE OVERTURNED IN ROAD,,N,Clear or Partly Cloudy,Dry,Dark - Street Lights On,,12012013.0,,45.0,Vehicle - Pedalcyclist,3873,0,N,POINT (1265729.658924907 250295.0803723633),3701.0,0.0,Clear or Partly Cloudy,2012-01-12,17:15:00,17.0,3,1,1.0,Clear or Partly Cloudy
120343,135709,135709,3567516,Matched,Intersection,29861.0,CRAWFORD PL AND E PINE ST,,,2,Injury Collision,Cycles,2,0,1,1,1,0,0,2012-10-05T00:00:00.000Z,10/5/2012 10:52:00 AM,At Intersection (intersection related),51,PEDALCYCLIST STRUCK MOTOR VEHICLE FRONT END AT ANGLE,,N,Clear or Partly Cloudy,Dry,Daylight,,12279006.0,,45.0,Vehicle - Pedalcyclist,10348,0,N,POINT (1272237.122099563 227982.7903015018),1148.0,0.0,Clear or Partly Cloudy,2012-10-05,10:52:00,10.0,4,1,0.0,Clear or Partly Cloudy
120436,135858,135858,3562095,Matched,Block,,NW 46TH ST BETWEEN 9TH AVE NW AND 11TH AVE NW,,,2,Injury Collision,Cycles,2,0,1,1,1,0,0,2012-05-23T00:00:00.000Z,5/23/2012 11:51:00 AM,Mid-Block (not related to intersection),51,PEDALCYCLIST STRUCK MOTOR VEHICLE FRONT END AT ANGLE,,N,Clear or Partly Cloudy,Dry,Daylight,,12144029.0,,45.0,Vehicle - Pedalcyclist,17220,0,N,POINT (1261851.18352893 245328.3786712736),7456.0,0.0,Clear or Partly Cloudy,2012-05-23,11:51:00,11.0,2,1,0.0,Clear or Partly Cloudy
120457,135859,135859,3598899,Matched,Block,,BATTERY ST BETWEEN AURORA AVE AND 7TH AVE,,,2b,Serious Injury Collision,Cycles,3,0,1,1,1,1,0,2012-05-24T00:00:00.000Z,5/24/2012 12:44:00 PM,Driveway Junction,24,MOTOR VEHCILE STRUCK PEDESTRIAN,,N,Raining,Wet,Daylight,Y,12145031.0,,45.0,Vehicle - Pedalcyclist,0,0,N,POINT (1268076.930543303 228993.4644785374),6158.0,1.1743844814768515e-05,Raining,2012-05-24,12:44:00,12.0,3,1,0.0,Raining
120464,135139,135139,3346417,Matched,Block,,EASTLAKE AVE E BETWEEN REPUBLICAN ST AND MERCER ST,,,1,Property Damage Only Collision,Cycles,2,0,1,1,0,0,0,2012-10-06T00:00:00.000Z,10/6/2012 7:00:00 PM,Mid-Block (not related to intersection),51,PEDALCYCLIST STRUCK MOTOR VEHICLE FRONT END AT ANGLE,,N,Unknown,Unknown,Unknown,,12280032.0,,45.0,Vehicle - Pedalcyclist,11572,0,N,POINT (1271564.013874874 231092.1008326858),704.0,1.4943602323535406e-05,,2012-10-06,19:00:00,19.0,5,0,1.0,
120506,136017,136017,3562759,Matched,Block,,REPUBLICAN ST BETWEEN 9TH AVE N AND WESTLAKE AVE N,,,2,Injury Collision,Cycles,2,0,1,1,1,0,0,2012-02-28T00:00:00.000Z,2/28/2012 12:40:00 PM,Driveway Junction,18,"MOTOR VEHICLE STRUCK PEDALCYCLIST, FRONT END AT ANGLE",,N,Clear or Partly Cloudy,Dry,Daylight,Y,12059004.0,,45.0,Vehicle - Pedalcyclist,31205,0,N,POINT (1269110.049200371 230961.2485445589),8903.0,1.8721980045129828e-10,Clear or Partly Cloudy,2012-02-28,12:40:00,12.0,1,1,0.0,Clear or Partly Cloudy
120579,135589,135589,3503484,Matched,Intersection,28329.0,EASTLAKE AVE E AND E BLAINE ST,,,2,Injury Collision,Cycles,2,0,1,1,1,0,0,2012-11-02T00:00:00.000Z,11/2/2012 8:07:00 AM,At Intersection (intersection related),18,"MOTOR VEHICLE STRUCK PEDALCYCLIST, FRONT END AT ANGLE",,N,Clear or Partly Cloudy,Dry,Daylight,Y,12307009.0,,45.0,Vehicle - Pedalcyclist,24781,0,N,POINT (1272615.402035952 235144.8644208461),3856.0,0.0,Clear or Partly Cloudy,2012-11-02,08:07:00,8.0,4,1,1.0,Clear or Partly Cloudy
120731,135155,135155,3562950,Matched,Intersection,29672.0,4TH AVE AND BATTERY ST,,,2,Injury Collision,Cycles,4,0,1,1,1,0,0,2012-11-29T00:00:00.000Z,11/29/2012 10:50:00 AM,At Intersection (intersection related),51,PEDALCYCLIST STRUCK MOTOR VEHICLE FRONT END AT ANGLE,,N,Raining,Wet,Daylight,,12334026.0,,45.0,Vehicle - Pedalcyclist,12841,0,N,POINT (1267546.451758772 228411.0913579464),11046.0,0.0,Raining,2012-11-29,10:50:00,10.0,3,1,0.0,Raining
120761,135882,135882,3505878,Matched,Block,,BOREN AVE BETWEEN OLIVE WAY AND HOWELL ST,,,2,Injury Collision,Cycles,4,0,1,2,1,0,0,2012-05-13T00:00:00.000Z,5/13/2012 2:01:00 PM,Mid-Block (not related to intersection),18,"MOTOR VEHICLE STRUCK PEDALCYCLIST, FRONT END AT ANGLE",,N,Clear or Partly Cloudy,Dry,Daylight,,12134018.0,,45.0,Vehicle - Pedalcyclist,0,0,N,POINT (1271036.300978333 228223.4428457618),640.0,3.910564003988897e-09,Clear or Partly Cloudy,2012-05-13,14:01:00,14.0,6,0,0.0,Clear or Partly Cloudy
120767,136173,136173,3331545,Matched,Intersection,31018.0,CALIFORNIA AVE SW AND SW HOLGATE ST,,,2,Injury Collision,Cycles,2,0,1,1,1,0,0,2012-01-31T00:00:00.000Z,1/31/2012 3:05:00 PM,At Intersection (intersection related),51,PEDALCYCLIST STRUCK MOTOR VEHICLE FRONT END AT ANGLE,,N,Overcast,Dry,Daylight,Y,12031005.0,,45.0,Vehicle - Pedalcyclist,32637,0,N,POINT (1257198.870820165 217902.0676031858),8022.0,0.0,Overcast,2012-01-31,15:05:00,15.0,1,1,1.0,Clear or Partly Cloudy
120796,136321,136321,3599214,Matched,Block,,34TH AVE W BETWEEN W EMERSON ST AND W THURMAN ST,,,2,Injury Collision,Cycles,2,0,1,1,1,0,0,2012-09-17T00:00:00.000Z,9/17/2012 6:23:00 PM,Mid-Block (not related to intersection),21,"MOTOR VEHICLE STRUCK PEDALCYCLIST, REAR END",,N,Clear or Partly Cloudy,Dry,Daylight,,12261036.0,,45.0,Vehicle - Pedalcyclist,29449,0,N,POINT (1254108.956321001 242843.8056767285),13646.0,1.1824211772073485e-06,Clear or Partly Cloudy,2012-09-17,18:23:00,18.0,0,1,1.0,Clear or Partly Cloudy
120820,135159,135159,3554192,Matched,Intersection,25625.0,PHINNEY AVE N AND N 59TH ST,,,2,Injury Collision,Cycles,2,0,1,1,1,0,0,2012-12-06T00:00:00.000Z,12/6/2012 8:04:00 AM,At Intersection (intersection related),18,"MOTOR VEHICLE STRUCK PEDALCYCLIST, FRONT END AT ANGLE",,N,Raining,Wet,Daylight,Y,12341003.0,,45.0,Vehicle - Pedalcyclist,3839,0,N,POINT (1265690.958636865 248753.0193147808),1273.0,0.0,Raining,2012-12-06,08:04:00,8.0,3,1,1.0,Raining
120900,135895,135895,3551978,Matched,Block,,15TH AVE E BETWEEN E HARRISON N ST AND E REPUBLICAN S ST,,,2,Injury Collision,Cycles,2,0,1,1,1,0,0,2012-03-08T00:00:00.000Z,3/8/2012 9:15:00 PM,Mid-Block (not related to intersection),56,PEDALCYCLIST STRUCK MOTOR VEHICLE LEFT SIDE SIDESWIPE,Y,N,Clear or Partly Cloudy,Dry,Dark - Street Lights On,,12068008.0,,45.0,Vehicle - Pedalcyclist,8568,0,N,POINT (1275630.244151041 230609.9136321992),9575.0,0.0,Clear or Partly Cloudy,2012-03-08,21:15:00,21.0,3,1,0.0,Clear or Partly Cloudy
120947,136045,136045,3549356,Matched,Block,,MAGNOLIA BLVD W BETWEEN 36TH AVE W AND W HOWE W ST,,,2,Injury Collision,Cycles,2,0,1,1,1,0,0,2012-09-03T00:00:00.000Z,9/3/2012 1:31:00 PM,Mid-Block (not related to intersection),18,"MOTOR VEHICLE STRUCK PEDALCYCLIST, FRONT END AT ANGLE",,N,Clear or Partly Cloudy,Dry,Daylight,,12247004.0,,45.0,Vehicle - Pedalcyclist,14333,0,N,POINT (1253061.761823937 235688.5912694037),13128.0,7.8501712860221e-06,Clear or Partly Cloudy,2012-09-03,13:31:00,13.0,0,1,0.0,Clear or Partly Cloudy
120958,135167,135167,3551915,Matched,Block,,9TH AVE N BETWEEN JOHN ST AND THOMAS ST,,,2,Injury Collision,Cycles,3,0,1,1,1,0,0,2012-05-01T00:00:00.000Z,5/1/2012 4:51:00 PM,Mid-Block (not related to intersection),18,"MOTOR VEHICLE STRUCK PEDALCYCLIST, FRONT END AT ANGLE",Y,N,Clear or Partly Cloudy,Dry,Daylight,,12122001.0,,45.0,Vehicle - Pedalcyclist,15954,0,N,POINT (1268922.815024167 229900.2245434672),3289.0,1.5684030659053574e-05,Clear or Partly Cloudy,2012-05-01,16:51:00,16.0,1,1,1.0,Clear or Partly Cloudy
121052,136338,136338,3551378,Matched,Intersection,36351.0,AURORA AVE N AND N 107TH N ST,,,2,Injury Collision,Cycles,2,0,1,1,1,0,0,2012-06-22T00:00:00.000Z,6/22/2012 3:50:00 PM,At Intersection (intersection related),18,"MOTOR VEHICLE STRUCK PEDALCYCLIST, FRONT END AT ANGLE",,N,Raining,Wet,Daylight,Y,12174011.0,,45.0,Vehicle - Pedalcyclist,0,0,N,POINT (1268322.364975557 261497.6263038218),3345.0,0.0,Raining,2012-06-22,15:50:00,15.0,4,1,1.0,Raining
121072,136902,136902,3613189,Matched,Intersection,27039.0,FREMONT AVE N AND N 34TH ST,,,2,Injury Collision,Cycles,2,0,1,1,1,0,0,2012-11-06T00:00:00.000Z,11/6/2012 8:38:00 AM,At Intersection (intersection related),18,"MOTOR VEHICLE STRUCK PEDALCYCLIST, FRONT END AT ANGLE",,N,Clear or Partly Cloudy,Dry,Daylight,Y,12311010.0,,45.0,Vehicle - Pedalcyclist,8240,0,N,POINT (1266674.116909876 240632.7658664584),1223.0,0.0,Clear or Partly Cloudy,2012-11-06,08:38:00,8.0,1,1,1.0,Clear or Partly Cloudy
121115,135474,135474,3597322,Matched,Intersection,27066.0,ROOSEVELT WAY NE AND NE 45TH ST,,,2,Injury Collision,Cycles,2,0,1,1,1,0,0,2012-06-21T00:00:00.000Z,6/21/2012 5:24:00 PM,At Intersection (intersection related),51,PEDALCYCLIST STRUCK MOTOR VEHICLE FRONT END AT ANGLE,,N,Clear or Partly Cloudy,Dry,Daylight,,12173021.0,,45.0,Vehicle - Pedalcyclist,7020,0,N,POINT (1274669.303606063 244748.7264466733),4159.0,0.0,Clear or Partly Cloudy,2012-06-21,17:24:00,17.0,3,1,1.0,Clear or Partly Cloudy
121127,135619,135619,3581811,Matched,Intersection,29872.0,BOREN AVE AND PINE ST,,,2,Injury Collision,Cycles,2,0,1,1,1,0,0,2012-11-29T00:00:00.000Z,11/29/2012 9:05:00 AM,At Intersection (intersection related),18,"MOTOR VEHICLE STRUCK PEDALCYCLIST, FRONT END AT ANGLE",,N,Raining,Wet,Daylight,,12334008.0,,45.0,Vehicle - Pedalcyclist,10321,0,N,POINT (1271335.12145865 227723.9425572455),896.0,0.0,Raining,2012-11-29,09:05:00,9.0,3,1,1.0,Raining
121167,136199,136199,3560891,Matched,Intersection,29617.0,SPRING ST AND WESTERN AVE,,,1,Property Damage Only Collision,Cycles,2,0,1,1,0,0,0,2012-02-06T00:00:00.000Z,2/6/2012 7:23:00 AM,At Intersection (intersection related),18,"MOTOR VEHICLE STRUCK PEDALCYCLIST, FRONT END AT ANGLE",,N,Clear or Partly Cloudy,Dry,Daylight,Y,12037005.0,,45.0,Vehicle - Pedalcyclist,12906,0,N,POINT (1269250.42360051 224293.6400897354),6761.0,0.0,Clear or Partly Cloudy,2012-02-06,07:23:00,7.0,0,1,1.0,Clear or Partly Cloudy
121199,136055,136055,3549211,Matched,Intersection,29516.0,7TH AVE AND DEXTER AVE,,,2,Injury Collision,Cycles,5,0,1,1,1,0,0,2012-08-14T00:00:00.000Z,8/14/2012 6:54:00 AM,At Intersection (intersection related),18,"MOTOR VEHICLE STRUCK PEDALCYCLIST, FRONT END AT ANGLE",,N,Clear or Partly Cloudy,Dry,Daylight,Y,12227002.0,,45.0,Vehicle - Pedalcyclist,13733,0,N,POINT (1268256.56555149 229071.9535666257),6296.0,0.0,Clear or Partly Cloudy,2012-08-14,06:54:00,6.0,1,1,0.0,Clear or Partly Cloudy
121204,136203,136203,3504810,Matched,Block,,ROOSEVELT WAY NE BETWEEN NE 42ND N ST AND NE 43RD S ST,,,2,Injury Collision,Cycles,2,0,1,1,1,0,0,2012-08-24T00:00:00.000Z,8/24/2012 2:40:00 PM,Mid-Block (but intersection related),29,MOTOR VEHICLE OVERTURNED IN ROAD,,N,Clear or Partly Cloudy,Dry,Daylight,Y,12237016.0,,45.0,Vehicle - Pedalcyclist,8985,0,N,POINT (1274621.021750003 243878.6222537905),19030.0,1.4612336307282195e-05,Clear or Partly Cloudy,2012-08-24,14:40:00,14.0,4,1,0.0,Clear or Partly Cloudy
121259,135048,135048,3567392,Matched,Intersection,29761.0,12TH AVE AND E MADISON ST,,,2,Injury Collision,Cycles,3,0,1,1,1,0,0,2012-11-13T00:00:00.000Z,11/13/2012 11:05:00 AM,At Intersection (intersection related),18,"MOTOR VEHICLE STRUCK PEDALCYCLIST, FRONT END AT ANGLE",,N,Overcast,Dry,Daylight,Y,12318023.0,,45.0,Vehicle - Pedalcyclist,10773,0,N,POINT (1274551.867445946 227089.5945245922),39.0,0.0,Overcast,2012-11-13,11:05:00,11.0,1,1,0.0,Clear or Partly Cloudy
121263,137054,137054,3597438,Matched,Block,,NW 58TH ST BETWEEN 22ND AVE NW AND 24TH AVE NW,,,2,Injury Collision,Cycles,3,0,1,1,1,0,0,2012-09-19T00:00:00.000Z,9/19/2012 5:49:00 PM,Driveway Junction,51,PEDALCYCLIST STRUCK MOTOR VEHICLE FRONT END AT ANGLE,,N,Clear or Partly Cloudy,Dry,Daylight,,12263013.0,,45.0,Vehicle - Pedalcyclist,0,0,N,POINT (1257856.636452839 248588.609010607),9218.0,1.4840201555828534e-05,Clear or Partly Cloudy,2012-09-19,17:49:00,17.0,2,1,1.0,Clear or Partly Cloudy
121288,135340,135340,3596954,Matched,Intersection,36987.0,16TH AVE NW AND NW 85TH ST,,,2,Injury Collision,Cycles,2,0,1,1,1,0,0,2012-04-06T00:00:00.000Z,4/6/2012 5:54:00 PM,At Intersection (intersection related),51,PEDALCYCLIST STRUCK MOTOR VEHICLE FRONT END AT ANGLE,,N,Clear or Partly Cloudy,Dry,Daylight,,12097006.0,,45.0,Vehicle - Pedalcyclist,0,0,N,POINT (1260040.75472708 255728.920505926),1638.0,0.0,Clear or Partly Cloudy,2012-04-06,17:54:00,17.0,4,1,1.0,Clear or Partly Cloudy
121290,135632,135632,3375467,Matched,Intersection,29084.0,EASTLAKE AVE E AND E NELSON PL,,,2,Injury Collision,Cycles,4,0,1,1,1,0,0,2012-08-07T00:00:00.000Z,8/7/2012 4:52:00 PM,At Intersection (intersection related),11,"MOTOR VEHICLE STRUCK MOTOR VEHICLE, FRONT END AT ANGLE",,N,Overcast,Dry,Daylight,Y,12220010.0,,45.0,Vehicle - Pedalcyclist,11619,0,N,POINT (1271986.260531306 233599.5022432655),1134.0,0.0,Overcast,2012-08-07,16:52:00,16.0,1,1,1.0,Clear or Partly Cloudy
121308,136209,136209,3505991,Matched,Block,,DEXTER AVE N BETWEEN NEWTON ST AND DEXTER WAY N,,,2,Injury Collision,Cycles,2,0,1,1,1,0,0,2012-11-09T00:00:00.000Z,11/9/2012 7:50:00 PM,Driveway Junction,51,PEDALCYCLIST STRUCK MOTOR VEHICLE FRONT END AT ANGLE,,N,Clear or Partly Cloudy,Dry,Dark - Street Lights On,Y,12314027.0,,45.0,Vehicle - Pedalcyclist,13013,0,N,POINT (1268229.089647457 236059.6660217792),22377.0,1.7651623790494374e-05,Clear or Partly Cloudy,2012-11-09,19:50:00,19.0,4,1,1.0,Clear or Partly Cloudy
121330,136065,136065,3565741,Matched,Intersection,29288.0,M L KING JR WAY AND E DENNY WAY,,,1,Property Damage Only Collision,Angles,3,0,1,1,0,0,0,2012-07-30T00:00:00.000Z,7/30/2012 7:07:00 AM,At Intersection (intersection related),51,PEDALCYCLIST STRUCK MOTOR VEHICLE FRONT END AT ANGLE,,N,Clear or Partly Cloudy,Dry,Daylight,Y,12212007.0,,10.0,Entering at angle,35395,0,N,POINT (1279677.895995185 229184.136606738),1077.0,0.0,Clear or Partly Cloudy,2012-07-30,07:07:00,7.0,0,1,1.0,Clear or Partly Cloudy
121337,135926,135926,3617390,Matched,Block,,S GARDEN ST BETWEEN 46TH AVE S AND 48TH AVE S,,,2,Injury Collision,Cycles,2,0,1,1,1,0,0,2012-05-11T00:00:00.000Z,5/11/2012 7:21:00 PM,Mid-Block (not related to intersection),51,PEDALCYCLIST STRUCK MOTOR VEHICLE FRONT END AT ANGLE,,N,Clear or Partly Cloudy,Dry,Daylight,,12132009.0,,45.0,Vehicle - Pedalcyclist,0,0,N,POINT (1284578.748608202 199443.0546562821),23006.0,2.161282531579235e-05,Clear or Partly Cloudy,2012-05-11,19:21:00,19.0,4,1,1.0,Clear or Partly Cloudy
121339,136213,136213,3553912,Matched,Intersection,25791.0,12TH AVE NE AND NE 50TH ST,,,2,Injury Collision,Cycles,2,0,1,1,1,0,0,2012-05-15T00:00:00.000Z,5/15/2012 7:20:00 PM,At Intersection (intersection related),18,"MOTOR VEHICLE STRUCK PEDALCYCLIST, FRONT END AT ANGLE",,N,Clear or Partly Cloudy,Dry,Daylight,Y,12136012.0,,45.0,Vehicle - Pedalcyclist,0,0,N,POINT (1275285.888054684 246057.0305760205),2326.0,0.0,Clear or Partly Cloudy,2012-05-15,19:20:00,19.0,1,1,1.0,Clear or Partly Cloudy
121340,136212,136212,3549067,Matched,Intersection,30353.0,COLUMBIA ST AND POST AVE,,,2,Injury Collision,Cycles,3,0,1,1,1,0,0,2012-11-16T00:00:00.000Z,11/16/2012 9:15:00 AM,At Intersection (intersection related),18,"MOTOR VEHICLE STRUCK PEDALCYCLIST, FRONT END AT ANGLE",,N,Clear or Partly Cloudy,Dry,Daylight,Y,12321020.0,,45.0,Vehicle - Pedalcyclist,36663,0,N,POINT (1269847.83441712 223580.9916409999),12634.0,0.0,Clear or Partly Cloudy,2012-11-16,09:15:00,9.0,4,1,1.0,Clear or Partly Cloudy
121402,135347,135347,3551763,Matched,Intersection,29863.0,MELROSE AVE AND PINE ST,,,2,Injury Collision,Cycles,2,0,1,1,1,0,0,2012-01-11T00:00:00.000Z,1/11/2012 11:57:00 AM,At Intersection (intersection related),18,"MOTOR VEHICLE STRUCK PEDALCYCLIST, FRONT END AT ANGLE",,N,Clear or Partly Cloudy,Dry,Daylight,Y,12011003.0,,45.0,Vehicle - Pedalcyclist,10336,0,N,POINT (1271813.802035138 227999.6394535303),897.0,0.0,Clear or Partly Cloudy,2012-01-11,11:57:00,11.0,2,1,0.0,Clear or Partly Cloudy
121408,135644,135644,3597173,Matched,Block,,N 80TH ST BETWEEN LINDEN AVE N AND AURORA AVE N,,,2,Injury Collision,Cycles,2,0,1,1,1,0,0,2012-08-15T00:00:00.000Z,8/15/2012 5:52:00 PM,Driveway Junction,24,MOTOR VEHCILE STRUCK PEDESTRIAN,,N,Clear or Partly Cloudy,Dry,Daylight,Y,12228004.0,,45.0,Vehicle - Pedalcyclist,27290,0,N,POINT (1267900.149551123 254235.9038003981),13877.0,7.309091689658046e-09,Clear or Partly Cloudy,2012-08-15,17:52:00,17.0,2,1,1.0,Clear or Partly Cloudy
121437,135204,135204,3545021,Matched,Block,,11TH AVE NE BETWEEN NE 41ST ST AND EASTLAKE AVE NE,,,1,Property Damage Only Collision,Cycles,2,0,1,1,0,0,0,2012-04-21T00:00:00.000Z,4/21/2012 8:28:00 PM,Mid-Block (not related to intersection),51,PEDALCYCLIST STRUCK MOTOR VEHICLE FRONT END AT ANGLE,,N,Clear or Partly Cloudy,Dry,Dusk,,12112001.0,,45.0,Vehicle - Pedalcyclist,0,0,N,POINT (1274875.275830269 243240.9219011366),8383.0,3.0789771462284183e-10,Clear or Partly Cloudy,2012-04-21,20:28:00,20.0,5,0,0.0,Clear or Partly Cloudy
121470,136222,136222,3598931,Matched,Block,,2ND AVE BETWEEN MARION ST AND MADISON ST,,,2,Injury Collision,Cycles,2,0,1,1,1,0,0,2012-04-12T00:00:00.000Z,4/12/2012 8:43:00 AM,Mid-Block (but intersection related),54,PEDALCYCLIST STRUCK MOTOR VEHICLE REAR END,,N,Clear or Partly Cloudy,Dry,Daylight,,12103022.0,,45.0,Vehicle - Pedalcyclist,12111,0,N,POINT (1270038.145969316 224226.9701376706),2489.0,3.795270670674821e-09,Clear or Partly Cloudy,2012-04-12,08:43:00,8.0,3,1,1.0,Clear or Partly Cloudy
121474,136221,136221,3599233,Matched,Intersection,29577.0,5TH AVE AND PINE ST,,,2,Injury Collision,Cycles,2,0,1,1,1,0,0,2012-04-12T00:00:00.000Z,4/12/2012 8:08:00 PM,At Intersection (intersection related),18,"MOTOR VEHICLE STRUCK PEDALCYCLIST, FRONT END AT ANGLE",,N,Clear or Partly Cloudy,Dry,Dusk,,12103020.0,,45.0,Vehicle - Pedalcyclist,21833,0,N,POINT (1269672.542256936 226740.2000922412),482.0,0.0,Clear or Partly Cloudy,2012-04-12,20:08:00,20.0,3,1,0.0,Clear or Partly Cloudy