OBJECTID,INCKEY,COLDETKEY,REPORTNO,STATUS,ADDRTYPE,INTKEY,LOCATION,EXCEPTRSNC,EXCEPTRSND,SEVERITYCO,SEVERITYDE,COLLISIONT,PERSONCOUN,PEDCOUNT,PEDCYLCOUN,VEHCOUNT,INJURIES,SERIOUSINJ,FATALITIES,INCDATE,INCDTTM,JUNCTIONTY,SDOT_COLCO,SDOT_COLDE,INATTENTIO,UNDERINFL,WEATHER,ROADCOND,LIGHTCOND,PEDROWNOTG,SDOTCOLNUM,SPEEDING,ST_COLCODE,ST_COLDESC,SEGLANEKEY,CROSSWALKK,HITPARKEDC,geometry,near_str_index,min_length,weather_group,date,time,hour,dayofweek,weekday,rushhour,weather_group2
124394,141356,141356,2805047,Matched,Intersection,28872.0,5TH AVE N AND ALOHA ST,,,2,Injury Collision,Cycles,2,0,1,1,1,0,0,2012-09-06T00:00:00.000Z,9/6/2012 8:41:00 AM,At Intersection (intersection related),18,"MOTOR VEHICLE STRUCK PEDALCYCLIST, FRONT END AT ANGLE",,N,Clear or Partly Cloudy,Dry,Daylight,Y,12250006.0,,45.0,Vehicle - Pedalcyclist,0,0,N,POINT (1267054.681134269 232441.9004500806),3325.0,0.0,Clear or Partly Cloudy,2012-09-06,08:41:00,8.0,3,1,1.0,Clear or Partly Cloudy
124478,139797,139797,3561014,Matched,Intersection,29699.0,BATTERY ST AND WESTERN AVE,,,2,Injury Collision,Cycles,2,0,1,1,1,0,0,2012-10-05T00:00:00.000Z,10/5/2012 8:07:00 AM,At Intersection (intersection related),18,"MOTOR VEHICLE STRUCK PEDALCYCLIST, FRONT END AT ANGLE",,N,Clear or Partly Cloudy,Dry,Daylight,Y,12279002.0,,45.0,Vehicle - Pedalcyclist,0,522625,N,POINT (1266679.474989876 227458.3750689775),1027.0,0.0,Clear or Partly Cloudy,2012-10-05,08:07:00,8.0,4,1,1.0,Clear or Partly Cloudy
124554,139540,139540,3508205,Matched,Block,,FREMONT AVE N BETWEEN N 34TH ST AND FREMONT PL N,,,2,Injury Collision,Cycles,3,0,1,1,1,0,0,2012-10-21T00:00:00.000Z,10/21/2012 9:18:00 PM,Mid-Block (not related to intersection),11,"MOTOR VEHICLE STRUCK MOTOR VEHICLE, FRONT END AT ANGLE",,N,Overcast,Wet,Dark - Street Lights On,,12295015.0,,45.0,Vehicle - Pedalcyclist,8240,0,N,POINT (1266666.364461869 240786.3849386275),6356.0,3.755198193088441e-10,Overcast,2012-10-21,21:18:00,21.0,6,0,0.0,Clear or Partly Cloudy
124585,140224,140224,3567152,Matched,Intersection,30145.0,19TH AVE AND E UNION ST,,,2,Injury Collision,Cycles,2,0,1,1,1,0,0,2012-07-18T00:00:00.000Z,7/18/2012 6:10:00 PM,At Intersection (intersection related),18,"MOTOR VEHICLE STRUCK PEDALCYCLIST, FRONT END AT ANGLE",,N,Clear or Partly Cloudy,Dry,Daylight,Y,12200009.0,,45.0,Vehicle - Pedalcyclist,9334,0,N,POINT (1276827.780664265 227049.1508765519),126.0,0.0,Clear or Partly Cloudy,2012-07-18,18:10:00,18.0,2,1,1.0,Clear or Partly Cloudy
124586,139939,139939,3551496,Matched,Block,,35TH AVE NE BETWEEN NE 70TH ST AND NE 73RD ST,,,2,Injury Collision,Cycles,2,0,1,1,1,0,0,2012-07-11T00:00:00.000Z,7/11/2012 10:42:00 AM,Mid-Block (not related to intersection),56,PEDALCYCLIST STRUCK MOTOR VEHICLE LEFT SIDE SIDESWIPE,,N,Clear or Partly Cloudy,Dry,Daylight,,12193034.0,,45.0,Vehicle - Pedalcyclist,30309,0,N,POINT (1281511.161533058 251558.9398296475),338.0,7.451964892596396e-09,Clear or Partly Cloudy,2012-07-11,10:42:00,10.0,2,1,0.0,Clear or Partly Cloudy
124616,139672,139672,3596943,Matched,Intersection,25789.0,ROOSEVELT WAY NE AND NE 50TH ST,,,2,Injury Collision,Cycles,3,0,1,1,1,0,0,2012-08-09T00:00:00.000Z,8/9/2012 3:10:00 PM,At Intersection (intersection related),24,MOTOR VEHCILE STRUCK PEDESTRIAN,,N,Clear or Partly Cloudy,Dry,Daylight,,12222018.0,,45.0,Vehicle - Pedalcyclist,0,523566,N,POINT (1274752.641334146 246074.6052320302),7253.0,0.0,Clear or Partly Cloudy,2012-08-09,15:10:00,15.0,3,1,1.0,Clear or Partly Cloudy
124662,141368,141368,3508057,Matched,Intersection,25758.0,BROOKLYN AVE NE AND NE RAVENNA WB BV,,,1,Property Damage Only Collision,Cycles,2,0,1,1,0,0,0,2012-10-14T00:00:00.000Z,10/14/2012 5:34:00 PM,At Intersection (intersection related),18,"MOTOR VEHICLE STRUCK PEDALCYCLIST, FRONT END AT ANGLE",,N,Raining,Wet,Daylight,Y,12288019.0,,45.0,Vehicle - Pedalcyclist,28930,0,N,POINT (1275594.051639006 248435.3332984596),4286.0,0.0,Raining,2012-10-14,17:34:00,17.0,6,0,1.0,Raining
124676,140936,140936,3551837,Matched,Intersection,29046.0,BROADWAY E AND E THOMAS ST,,,2,Injury Collision,Cycles,2,0,1,1,1,0,0,2012-02-03T00:00:00.000Z,2/3/2012 7:11:00 PM,At Intersection (intersection related),54,PEDALCYCLIST STRUCK MOTOR VEHICLE REAR END,,Y,Clear or Partly Cloudy,Dry,Dark - Street Lights On,Y,12034007.0,,45.0,Vehicle - Pedalcyclist,6806,0,N,POINT (1273584.119092941 230095.0335036665),1172.0,0.0,Clear or Partly Cloudy,2012-02-03,19:11:00,19.0,4,1,1.0,Clear or Partly Cloudy
124703,139547,139547,3599011,Matched,Intersection,28753.0,DEXTER AVE N AND LEE ST,,,2,Injury Collision,Cycles,2,0,1,1,1,0,0,2012-05-15T00:00:00.000Z,5/15/2012 5:25:00 PM,At Intersection (intersection related),18,"MOTOR VEHICLE STRUCK PEDALCYCLIST, FRONT END AT ANGLE",,N,Clear or Partly Cloudy,Dry,Daylight,Y,12136020.0,,45.0,Vehicle - Pedalcyclist,12941,0,N,POINT (1268382.133039623 233966.8545636386),3490.0,0.0,Clear or Partly Cloudy,2012-05-15,17:25:00,17.0,1,1,1.0,Clear or Partly Cloudy
124764,140092,140092,3554345,Matched,Intersection,287171.0,BURKE GILMAN TRL AND NE 65TH ST,,,2,Injury Collision,Cycles,2,0,1,1,1,0,0,2012-07-13T00:00:00.000Z,7/13/2012 1:29:00 PM,At Intersection (intersection related),0,NOT ENOUGH INFORMATION / NOT APPLICABLE,,N,Clear or Partly Cloudy,Dry,Daylight,,12195008.0,,45.0,Vehicle - Pedalcyclist,0,524265,N,POINT (1287350.799683049 249775.8573318273),11616.0,0.0,Clear or Partly Cloudy,2012-07-13,13:29:00,13.0,4,1,0.0,Clear or Partly Cloudy
124837,139552,139552,3552199,Matched,Intersection,30418.0,12TH AVE S AND BOREN AVE S,,,2,Injury Collision,Cycles,3,0,1,1,1,0,0,2012-05-22T00:00:00.000Z,5/22/2012 1:52:00 PM,At Intersection (intersection related),18,"MOTOR VEHICLE STRUCK PEDALCYCLIST, FRONT END AT ANGLE",,N,Raining,Wet,Daylight,Y,12143003.0,,45.0,Vehicle - Pedalcyclist,34834,0,N,POINT (1274410.087477788 222701.0610160977),2339.0,0.0,Raining,2012-05-22,13:52:00,13.0,1,1,0.0,Raining
124841,139690,139690,3566042,Matched,Block,,10TH AVE E BETWEEN E ALOHA ST AND E PROSPECT ST,,,2,Injury Collision,Cycles,2,0,1,1,1,0,0,2012-08-12T00:00:00.000Z,8/12/2012 3:36:00 PM,Mid-Block (not related to intersection),56,PEDALCYCLIST STRUCK MOTOR VEHICLE LEFT SIDE SIDESWIPE,,N,Clear or Partly Cloudy,Dry,Daylight,,12225022.0,,45.0,Vehicle - Pedalcyclist,6171,0,N,POINT (1273797.749557167 232525.5717461556),18589.0,0.0,Clear or Partly Cloudy,2012-08-12,15:36:00,15.0,6,0,1.0,Clear or Partly Cloudy
124859,139686,139686,3544749,Matched,Block,,MONTLAKE BLVD NE BETWEEN NE PACIFIC PL AND 25TH AVE NE,,,2,Injury Collision,Cycles,2,0,1,1,1,0,0,2012-03-19T00:00:00.000Z,3/19/2012 2:18:00 PM,Driveway Junction,51,PEDALCYCLIST STRUCK MOTOR VEHICLE FRONT END AT ANGLE,,N,Clear or Partly Cloudy,Dry,Daylight,,12079032.0,,45.0,Vehicle - Pedalcyclist,0,630868,N,POINT (1278397.274745882 242377.4575802535),11972.0,1.566339122045271e-05,Clear or Partly Cloudy,2012-03-19,14:18:00,14.0,0,1,0.0,Clear or Partly Cloudy
124865,139695,139695,3581864,Matched,Intersection,30482.0,2ND AVE AND JAMES ST,,,1,Property Damage Only Collision,Cycles,2,0,1,1,0,0,0,2012-12-10T00:00:00.000Z,12/10/2012 5:01:00 PM,At Intersection (intersection related),18,"MOTOR VEHICLE STRUCK PEDALCYCLIST, FRONT END AT ANGLE",,N,Overcast,Dry,Dark - Street Lights On,Y,12345023.0,,45.0,Vehicle - Pedalcyclist,12029,0,N,POINT (1270583.694641873 223305.2345847189),134.0,0.0,Overcast,2012-12-10,17:01:00,17.0,0,1,1.0,Clear or Partly Cloudy
124923,140531,140531,3554545,Matched,Intersection,26023.0,15TH AVE NE AND NE RAVENNA WB N BV,,,2,Injury Collision,Cycles,2,0,1,1,1,0,0,2012-01-31T00:00:00.000Z,1/31/2012 8:45:00 AM,At Intersection (intersection related),51,PEDALCYCLIST STRUCK MOTOR VEHICLE FRONT END AT ANGLE,,N,Overcast,Dry,Daylight,,12031002.0,,45.0,Vehicle - Pedalcyclist,29018,0,N,POINT (1276152.798519582 248334.4603383541),1539.0,0.0,Overcast,2012-01-31,08:45:00,8.0,1,1,1.0,Clear or Partly Cloudy
124924,140951,140951,3597330,Matched,Intersection,24728.0,19TH AVE NE AND NE 80TH ST,,,2,Injury Collision,Cycles,2,0,1,1,1,0,0,2012-01-13T00:00:00.000Z,1/13/2012 7:29:00 AM,At Intersection (intersection related),18,"MOTOR VEHICLE STRUCK PEDALCYCLIST, FRONT END AT ANGLE",,N,Clear or Partly Cloudy,Dry,Daylight,Y,12013002.0,,45.0,Vehicle - Pedalcyclist,33131,0,N,POINT (1277258.781752706 253957.0851121098),11361.0,0.0,Clear or Partly Cloudy,2012-01-13,07:29:00,7.0,4,1,1.0,Clear or Partly Cloudy
124964,141237,141237,3466767,Matched,Intersection,26848.0,STONE WAY N AND N 40TH ST,,,2,Injury Collision,Cycles,2,0,1,1,1,0,0,2012-07-24T00:00:00.000Z,7/24/2012 10:15:00 PM,At Intersection (intersection related),18,"MOTOR VEHICLE STRUCK PEDALCYCLIST, FRONT END AT ANGLE",,N,Clear or Partly Cloudy,Dry,Dark - Street Lights On,,12206001.0,,45.0,Vehicle - Pedalcyclist,6322,0,N,POINT (1268516.536367759 242710.0937405974),4014.0,0.0,Clear or Partly Cloudy,2012-07-24,22:15:00,22.0,1,1,0.0,Clear or Partly Cloudy
124972,141096,141096,3375400,Matched,Block,,WESTLAKE AVE N BETWEEN HALLADAY ST AND NEWELL ST,,,2,Injury Collision,Cycles,2,0,1,1,1,0,0,2012-06-15T00:00:00.000Z,6/15/2012 8:45:00 AM,Driveway Junction,18,"MOTOR VEHICLE STRUCK PEDALCYCLIST, FRONT END AT ANGLE",Y,N,Clear or Partly Cloudy,Dry,Daylight,,12167004.0,,45.0,Vehicle - Pedalcyclist,20052,0,N,POINT (1268026.728111252 238245.8673680127),21092.0,1.3924585863065646e-05,Clear or Partly Cloudy,2012-06-15,08:45:00,8.0,4,1,1.0,Clear or Partly Cloudy
124991,139562,139562,3377822,Matched,Intersection,29878.0,BOREN AVE AND PIKE ST,,,2,Injury Collision,Cycles,2,0,1,1,1,0,0,2012-10-24T00:00:00.000Z,10/24/2012 6:39:00 PM,At Intersection (intersection related),51,PEDALCYCLIST STRUCK MOTOR VEHICLE FRONT END AT ANGLE,,N,Raining,Wet,Dark - Street Lights On,,12298017.0,,45.0,Vehicle - Pedalcyclist,31090,0,N,POINT (1271552.335410863 227358.0148768723),6588.0,0.0,Raining,2012-10-24,18:39:00,18.0,2,1,1.0,Raining
124993,139561,139561,3507954,Matched,Block,,NW LEARY WAY BETWEEN 14TH AVE NW AND 15TH NB AVE NW,,,2,Injury Collision,Cycles,2,0,1,1,1,0,0,2012-10-24T00:00:00.000Z,10/24/2012 1:05:00 PM,Mid-Block (not related to intersection),21,"MOTOR VEHICLE STRUCK PEDALCYCLIST, REAR END",,N,Clear or Partly Cloudy,Dry,Daylight,Y,12298014.0,,45.0,Vehicle - Pedalcyclist,17315,0,N,POINT (1260589.239463642 245888.1554398388),11424.0,1.28330203067773e-05,Clear or Partly Cloudy,2012-10-24,13:05:00,13.0,2,1,0.0,Clear or Partly Cloudy
125030,140397,140397,3596876,Matched,Intersection,26848.0,STONE WAY N AND N 40TH ST,,,2,Injury Collision,Cycles,2,0,1,1,1,0,0,2012-02-22T00:00:00.000Z,2/22/2012 7:50:00 AM,At Intersection (intersection related),18,"MOTOR VEHICLE STRUCK PEDALCYCLIST, FRONT END AT ANGLE",,N,Clear or Partly Cloudy,Wet,Daylight,,12053006.0,,45.0,Vehicle - Pedalcyclist,6322,0,N,POINT (1268516.536367759 242710.0937405974),4014.0,0.0,Clear or Partly Cloudy,2012-02-22,07:50:00,7.0,2,1,1.0,Clear or Partly Cloudy
125054,139970,139970,3558914,Matched,Block,,2ND AVE BETWEEN UNIVERSITY ST AND UNION ST,,,2,Injury Collision,Cycles,2,0,1,1,1,0,0,2012-09-29T00:00:00.000Z,9/29/2012 1:27:00 PM,Driveway Junction,18,"MOTOR VEHICLE STRUCK PEDALCYCLIST, FRONT END AT ANGLE",,N,Clear or Partly Cloudy,Dry,Daylight,,12273030.0,,45.0,Vehicle - Pedalcyclist,12162,0,N,POINT (1269384.209328651 225331.5899147987),16946.0,0.0,Clear or Partly Cloudy,2012-09-29,13:27:00,13.0,5,0,0.0,Clear or Partly Cloudy
125068,141395,141395,3613026,Matched,Intersection,24276.0,AURORA AVE N AND GREEN LAKE DR N,,,2b,Serious Injury Collision,Cycles,3,0,1,1,1,1,0,2012-07-30T00:00:00.000Z,7/30/2012 3:06:00 PM,At Intersection (intersection related),18,"MOTOR VEHICLE STRUCK PEDALCYCLIST, FRONT END AT ANGLE",,N,Overcast,Dry,Daylight,,12212009.0,,45.0,Vehicle - Pedalcyclist,0,0,N,POINT (1268246.782511488 255021.2704571933),7112.0,0.0,Overcast,2012-07-30,15:06:00,15.0,0,1,1.0,Clear or Partly Cloudy
125168,139978,139978,3467552,Matched,Intersection,34562.0,M L KING JR WR WAY S AND S OTHELLO ST,,,2,Injury Collision,Cycles,2,0,1,1,1,0,0,2012-09-05T00:00:00.000Z,9/5/2012 7:09:00 AM,At Intersection (intersection related),18,"MOTOR VEHICLE STRUCK PEDALCYCLIST, FRONT END AT ANGLE",,N,Clear or Partly Cloudy,Dry,Daylight,,12249009.0,,45.0,Vehicle - Pedalcyclist,20888,0,N,POINT (1282771.25228636 199261.7089280933),4904.0,0.0,Clear or Partly Cloudy,2012-09-05,07:09:00,7.0,2,1,1.0,Clear or Partly Cloudy
125182,140541,140541,3504513,Matched,Intersection,26629.0,8TH AVE NW AND NW 43RD N ST,,,2,Injury Collision,Cycles,3,0,1,1,1,0,0,2012-04-23T00:00:00.000Z,4/23/2012 4:46:00 PM,At Intersection (intersection related),18,"MOTOR VEHICLE STRUCK PEDALCYCLIST, FRONT END AT ANGLE",,N,Clear or Partly Cloudy,Dry,Daylight,Y,12114015.0,,45.0,Vehicle - Pedalcyclist,0,523915,N,POINT (1262708.46544981 244242.8087501526),571.0,0.0,Clear or Partly Cloudy,2012-04-23,16:46:00,16.0,0,1,1.0,Clear or Partly Cloudy
125183,140692,140692,3608360,Matched,Intersection,31296.0,15TH AVE S AND BEACON AVE S,,,2,Injury Collision,Cycles,2,0,1,1,1,0,0,2012-07-03T00:00:00.000Z,7/3/2012 7:52:00 PM,At Intersection (intersection related),51,PEDALCYCLIST STRUCK MOTOR VEHICLE FRONT END AT ANGLE,,N,Clear or Partly Cloudy,Dry,Daylight,Y,12185024.0,,45.0,Vehicle - Pedalcyclist,15866,0,N,POINT (1275144.391478539 215295.5411365181),3360.0,0.0,Clear or Partly Cloudy,2012-07-03,19:52:00,19.0,1,1,1.0,Clear or Partly Cloudy
125204,140263,140263,3613116,Matched,Intersection,287171.0,BURKE GILMAN TRL AND NE 65TH ST,,,2,Injury Collision,Cycles,2,0,1,1,1,0,0,2012-09-28T00:00:00.000Z,9/28/2012 5:46:00 PM,At Intersection (intersection related),51,PEDALCYCLIST STRUCK MOTOR VEHICLE FRONT END AT ANGLE,,N,Clear or Partly Cloudy,Dry,Daylight,,12272017.0,,45.0,Vehicle - Pedalcyclist,0,524265,N,POINT (1287350.799683049 249775.8573318273),11616.0,0.0,Clear or Partly Cloudy,2012-09-28,17:46:00,17.0,4,1,1.0,Clear or Partly Cloudy
125249,141732,141732,2807861,Matched,Intersection,30487.0,3RD AVE AND YESLER WAY,,,2,Injury Collision,Cycles,2,0,1,1,1,0,0,2012-05-18T00:00:00.000Z,5/18/2012 9:31:00 AM,At Intersection (intersection related),54,PEDALCYCLIST STRUCK MOTOR VEHICLE REAR END,,N,Clear or Partly Cloudy,Dry,Daylight,,12139016.0,,45.0,Vehicle - Pedalcyclist,35959,0,N,POINT (1271135.639346436 223079.4392564893),261.0,0.0,Clear or Partly Cloudy,2012-05-18,09:31:00,9.0,4,1,1.0,Clear or Partly Cloudy
125277,141545,141545,3552049,Matched,Block,,12TH AVE BETWEEN E PINE ST AND E OLIVE ST,,,2b,Serious Injury Collision,Cycles,2,0,1,1,1,1,0,2012-04-05T00:00:00.000Z,4/5/2012 5:37:00 PM,Driveway Junction,18,"MOTOR VEHICLE STRUCK PEDALCYCLIST, FRONT END AT ANGLE",,N,Clear or Partly Cloudy,Dry,Daylight,Y,12096018.0,,45.0,Vehicle - Pedalcyclist,10846,0,N,POINT (1274540.579381928 228168.7906216979),17640.0,4.098961907367108e-06,Clear or Partly Cloudy,2012-04-05,17:37:00,17.0,3,1,1.0,Clear or Partly Cloudy
125302,140416,140416,3551505,Matched,Intersection,36017.0,NE 137TH ST AND LAKE CITY WAY NE,,,2,Injury Collision,Cycles,2,0,1,1,1,0,0,2012-06-24T00:00:00.000Z,6/24/2012 10:32:00 AM,At Intersection (intersection related),18,"MOTOR VEHICLE STRUCK PEDALCYCLIST, FRONT END AT ANGLE",,N,Clear or Partly Cloudy,Dry,Daylight,Y,12176005.0,,45.0,Vehicle - Pedalcyclist,0,524439,N,POINT (1281387.609660938 269060.2311115712),7211.0,0.0,Clear or Partly Cloudy,2012-06-24,10:32:00,10.0,6,0,0.0,Clear or Partly Cloudy
125333,140699,140699,3504260,Matched,Intersection,24431.0,ROOSEVELT WAY NE AND NE 75TH ST,,,2,Injury Collision,Cycles,2,0,1,1,1,0,0,2012-07-24T00:00:00.000Z,7/24/2012 2:53:00 PM,At Intersection (intersection related),51,PEDALCYCLIST STRUCK MOTOR VEHICLE FRONT END AT ANGLE,,N,Clear or Partly Cloudy,Dry,Daylight,Y,12206021.0,,45.0,Vehicle - Pedalcyclist,16656,0,N,POINT (1274859.364150256 252702.9766948223),4226.0,0.0,Clear or Partly Cloudy,2012-07-24,14:53:00,14.0,1,1,0.0,Clear or Partly Cloudy
125341,140696,140696,3553918,Matched,Intersection,25978.0,15TH AVE NE AND NE 62ND ST,,,2,Injury Collision,Cycles,2,0,1,1,1,0,0,2012-08-07T00:00:00.000Z,8/7/2012 10:15:00 PM,,0,NOT ENOUGH INFORMATION / NOT APPLICABLE,,N,Clear or Partly Cloudy,Dry,Dark - Street Lights On,Y,12220012.0,,45.0,Vehicle - Pedalcyclist,29051,0,N,POINT (1276167.552311599 249345.8559233844),4195.0,0.0,Clear or Partly Cloudy,2012-08-07,22:15:00,22.0,1,1,0.0,Clear or Partly Cloudy
125348,140842,140842,3554093,Matched,Intersection,25933.0,28TH AVE NE AND NE 55TH ST,,,2,Injury Collision,Cycles,2,0,1,1,1,0,0,2012-11-15T00:00:00.000Z,11/15/2012 7:33:00 AM,At Intersection (intersection related),18,"MOTOR VEHICLE STRUCK PEDALCYCLIST, FRONT END AT ANGLE",,N,Clear or Partly Cloudy,Dry,Daylight,Y,12320006.0,,45.0,Vehicle - Pedalcyclist,33935,0,N,POINT (1279741.056571245 247286.624689281),241.0,0.0,Clear or Partly Cloudy,2012-11-15,07:33:00,7.0,3,1,1.0,Clear or Partly Cloudy
125366,141754,141754,3613426,Matched,Block,,FREMONT AVE N BETWEEN N 36TH ST AND N 38TH ST,,,2,Injury Collision,Cycles,2,0,1,1,1,0,0,2012-07-28T00:00:00.000Z,7/28/2012 6:02:00 PM,Mid-Block (not related to intersection),54,PEDALCYCLIST STRUCK MOTOR VEHICLE REAR END,,N,Clear or Partly Cloudy,Dry,Daylight,,12210014.0,Y,45.0,Vehicle - Pedalcyclist,8360,0,N,POINT (1266647.413421839 241526.9393073767),15191.0,7.447914690328972e-09,Clear or Partly Cloudy,2012-07-28,18:02:00,18.0,5,0,1.0,Clear or Partly Cloudy
125400,141750,141750,3596992,Matched,Block,,NW MARKET ST BETWEEN BALLARD AVE NW AND 24TH AVE NW,,,2,Injury Collision,Cycles,2,0,1,1,1,0,0,2012-07-21T00:00:00.000Z,7/21/2012 9:06:00 AM,Mid-Block (not related to intersection),21,"MOTOR VEHICLE STRUCK PEDALCYCLIST, REAR END",,N,Clear or Partly Cloudy,Dry,Daylight,Y,12203012.0,,45.0,Vehicle - Pedalcyclist,25851,0,N,POINT (1257641.320996627 247778.0252017826),7585.0,2.495447666219325e-05,Clear or Partly Cloudy,2012-07-21,09:06:00,9.0,5,0,1.0,Clear or Partly Cloudy
125413,140140,140140,3504620,Matched,Intersection,24268.0,GREENWOOD AVE N AND N 83RD ST,,,2,Injury Collision,Cycles,2,0,1,1,1,0,0,2012-10-12T00:00:00.000Z,10/12/2012 8:00:00 AM,At Intersection (intersection related),18,"MOTOR VEHICLE STRUCK PEDALCYCLIST, FRONT END AT ANGLE",Y,N,Overcast,Wet,Daylight,Y,12286005.0,,45.0,Vehicle - Pedalcyclist,4533,0,N,POINT (1265590.642732769 255073.8628412485),752.0,0.0,Overcast,2012-10-12,08:00:00,8.0,4,1,1.0,Clear or Partly Cloudy
125501,141134,141134,3581828,Matched,Block,,GILMAN AVE W BETWEEN 24TH AVE W AND 25TH AVE W,,,2,Injury Collision,Cycles,2,0,1,1,1,0,0,2012-11-18T00:00:00.000Z,11/18/2012 6:16:00 PM,Mid-Block (not related to intersection),54,PEDALCYCLIST STRUCK MOTOR VEHICLE REAR END,Y,N,Raining,Wet,Dark - Street Lights On,,12323011.0,,45.0,Vehicle - Pedalcyclist,15446,0,N,POINT (1257283.593444258 243581.0372294784),17217.0,7.217350879131654e-06,Raining,2012-11-18,18:16:00,18.0,6,0,1.0,Raining
125518,141779,141779,3567684,Matched,Intersection,30752.0,18TH AVE S AND S JACKSON ST,,,2,Injury Collision,Cycles,2,0,1,1,1,0,0,2012-09-07T00:00:00.000Z,9/7/2012 6:01:00 AM,At Intersection (intersection related),18,"MOTOR VEHICLE STRUCK PEDALCYCLIST, FRONT END AT ANGLE",,N,Clear or Partly Cloudy,Dry,Dark - Street Lights On,Y,12251004.0,,45.0,Vehicle - Pedalcyclist,11040,0,N,POINT (1276371.452727795 222074.5465834588),121.0,0.0,Clear or Partly Cloudy,2012-09-07,06:01:00,6.0,4,1,0.0,Clear or Partly Cloudy
125519,141282,141282,3552592,Matched,Intersection,26605.0,8TH AVE NW AND NW 45TH ST,,,2,Injury Collision,Cycles,2,0,1,1,1,0,0,2012-06-28T00:00:00.000Z,6/28/2012 12:13:00 AM,At Intersection (intersection related),18,"MOTOR VEHICLE STRUCK PEDALCYCLIST, FRONT END AT ANGLE",,Y,Clear or Partly Cloudy,Dry,Dark - Street Lights On,Y,12180004.0,,45.0,Vehicle - Pedalcyclist,2280,0,N,POINT (1262712.39504981 245042.3817429841),6057.0,0.0,Clear or Partly Cloudy,2012-06-28,00:13:00,,3,1,,Clear or Partly Cloudy
125533,141277,141277,3617181,Matched,Intersection,31544.0,RAINIER AVE S AND S HOLGATE ST,,,2,Injury Collision,Cycles,2,0,1,1,1,0,0,2012-04-13T00:00:00.000Z,4/13/2012 9:32:00 AM,At Intersection (intersection related),51,PEDALCYCLIST STRUCK MOTOR VEHICLE FRONT END AT ANGLE,,N,Clear or Partly Cloudy,Dry,Daylight,,12104002.0,,45.0,Vehicle - Pedalcyclist,0,0,N,POINT (1277447.844664901 217344.4335546196),5294.0,0.0,Clear or Partly Cloudy,2012-04-13,09:32:00,9.0,4,1,1.0,Clear or Partly Cloudy
125534,140988,140988,3546466,Matched,Intersection,29878.0,BOREN AVE AND PIKE ST,,,3,Fatality Collision,Cycles,2,0,1,1,0,0,1,2012-05-29T00:00:00.000Z,5/29/2012 6:19:00 AM,At Intersection (intersection related),51,PEDALCYCLIST STRUCK MOTOR VEHICLE FRONT END AT ANGLE,,Y,Clear or Partly Cloudy,Dry,Daylight,,12150014.0,,45.0,Vehicle - Pedalcyclist,31087,0,N,POINT (1271552.335410863 227358.0148768723),6588.0,0.0,Clear or Partly Cloudy,2012-05-29,06:19:00,6.0,1,1,0.0,Clear or Partly Cloudy
125597,140426,140426,3465785,Matched,Intersection,29703.0,1ST AVE AND BLANCHARD ST,,,2b,Serious Injury Collision,Cycles,3,0,1,1,1,1,0,2012-08-04T00:00:00.000Z,8/4/2012 1:28:00 AM,At Intersection (intersection related),51,PEDALCYCLIST STRUCK MOTOR VEHICLE FRONT END AT ANGLE,Y,Y,Clear or Partly Cloudy,Dry,Dark - Street Lights On,,12217035.0,Y,45.0,Vehicle - Pedalcyclist,13227,0,N,POINT (1267526.477614745 227123.1643166244),2269.0,0.0,Clear or Partly Cloudy,2012-08-04,01:28:00,1.0,5,0,0.0,Clear or Partly Cloudy
125607,140575,140575,3597011,Matched,Intersection,37814.0,45TH AVE NE AND NE 95TH ST,,,2,Injury Collision,Cycles,2,0,1,1,1,0,0,2012-11-15T00:00:00.000Z,11/15/2012 6:17:00 AM,At Intersection (intersection related),18,"MOTOR VEHICLE STRUCK PEDALCYCLIST, FRONT END AT ANGLE",,N,Clear or Partly Cloudy,Dry,Dark - Street Lights On,,12320007.0,,45.0,Vehicle - Pedalcyclist,28479,0,N,POINT (1284185.621311799 257730.2051159739),11824.0,0.0,Clear or Partly Cloudy,2012-11-15,06:17:00,6.0,3,1,0.0,Clear or Partly Cloudy
125637,140718,140718,3596914,Matched,Intersection,25131.0,24TH AVE NW AND NW 59TH ST,,,2,Injury Collision,Right Turn,2,0,1,1,1,0,0,2012-08-14T00:00:00.000Z,8/14/2012 5:47:00 PM,At Intersection (intersection related),18,"MOTOR VEHICLE STRUCK PEDALCYCLIST, FRONT END AT ANGLE",,N,Clear or Partly Cloudy,Dry,Daylight,Y,12227028.0,,16.0,From same direction - one right turn - one straight,2105,0,N,POINT (1257511.66698049 248862.274482891),5333.0,0.0,Clear or Partly Cloudy,2012-08-14,17:47:00,17.0,1,1,1.0,Clear or Partly Cloudy