OBJECTID,INCKEY,COLDETKEY,REPORTNO,STATUS,ADDRTYPE,INTKEY,LOCATION,EXCEPTRSNC,EXCEPTRSND,SEVERITYCO,SEVERITYDE,COLLISIONT,PERSONCOUN,PEDCOUNT,PEDCYLCOUN,VEHCOUNT,INJURIES,SERIOUSINJ,FATALITIES,INCDATE,INCDTTM,JUNCTIONTY,SDOT_COLCO,SDOT_COLDE,INATTENTIO,UNDERINFL,WEATHER,ROADCOND,LIGHTCOND,PEDROWNOTG,SDOTCOLNUM,SPEEDING,ST_COLCODE,ST_COLDESC,SEGLANEKEY,CROSSWALKK,HITPARKEDC,geometry,near_str_index,min_length,weather_group,date,time,hour,dayofweek,weekday,rushhour,weather_group2
125638,141145,141145,3608670,Matched,Block,,42ND AVE S BETWEEN S GENESEE ST AND S OREGON ST,,,2,Injury Collision,Cycles,2,0,1,1,1,0,0,2012-08-14T00:00:00.000Z,8/14/2012 9:58:00 AM,Mid-Block (not related to intersection),51,PEDALCYCLIST STRUCK MOTOR VEHICLE FRONT END AT ANGLE,Y,N,Clear or Partly Cloudy,Dry,Daylight,,12227005.0,,45.0,Vehicle - Pedalcyclist,0,0,N,POINT (1283087.217726678 208903.4038499743),10969.0,7.07836233768105e-06,Clear or Partly Cloudy,2012-08-14,09:58:00,9.0,1,1,1.0,Clear or Partly Cloudy
125668,141434,141434,3465665,Matched,Block,,STEWART ST BETWEEN TERRY AVE AND BOREN AVE,,,2,Injury Collision,Cycles,2,0,1,1,1,0,0,2012-12-03T00:00:00.000Z,12/3/2012 7:10:00 AM,Mid-Block (not related to intersection),18,"MOTOR VEHICLE STRUCK PEDALCYCLIST, FRONT END AT ANGLE",,N,Raining,Wet,Daylight,Y,12338016.0,,45.0,Vehicle - Pedalcyclist,13687,0,N,POINT (1270530.444337815 228526.0448300689),13801.0,0.0,Raining,2012-12-03,07:10:00,7.0,0,1,1.0,Raining
125681,141292,141292,3549563,Matched,Intersection,30482.0,2ND AVE AND JAMES ST,,,2,Injury Collision,Cycles,4,0,1,1,1,0,0,2012-12-24T00:00:00.000Z,12/24/2012 2:03:00 AM,At Intersection (intersection related),18,"MOTOR VEHICLE STRUCK PEDALCYCLIST, FRONT END AT ANGLE",,N,Overcast,Wet,Dark - Street Lights On,Y,12359010.0,,45.0,Vehicle - Pedalcyclist,0,520980,N,POINT (1270583.694641873 223305.2345847189),134.0,0.0,Overcast,2012-12-24,02:03:00,2.0,0,1,0.0,Clear or Partly Cloudy
125706,139749,139749,3466765,Matched,Block,,NE 45TH ST BETWEEN 1ST AVE NE AND 2ND AVE NE,,,2,Injury Collision,Cycles,5,0,1,1,1,0,0,2012-07-07T00:00:00.000Z,7/7/2012 9:50:00 PM,Mid-Block (not related to intersection),18,"MOTOR VEHICLE STRUCK PEDALCYCLIST, FRONT END AT ANGLE",,Y,Clear or Partly Cloudy,Dry,Dark - Street Lights On,Y,12189012.0,,45.0,Vehicle - Pedalcyclist,6532,0,N,POINT (1272176.522995502 244818.3334227502),18208.0,3.0169654243669977e-05,Clear or Partly Cloudy,2012-07-07,21:50:00,21.0,5,0,0.0,Clear or Partly Cloudy
125714,140014,140014,3331217,Matched,Intersection,28437.0,BOYER AVE E AND E LYNN ST,,,2,Injury Collision,Cycles,2,0,1,1,1,0,0,2012-07-30T00:00:00.000Z,7/30/2012 3:24:00 PM,At Intersection (intersection related),51,PEDALCYCLIST STRUCK MOTOR VEHICLE FRONT END AT ANGLE,,N,Clear or Partly Cloudy,Dry,Daylight,,12212004.0,,45.0,Vehicle - Pedalcyclist,6033,0,N,POINT (1276208.922423631 236788.7410305291),3905.0,0.0,Clear or Partly Cloudy,2012-07-30,15:24:00,15.0,0,1,1.0,Clear or Partly Cloudy
125719,139745,139745,3593597,Matched,Intersection,29750.0,14TH AVE AND E PIKE ST,,,2,Injury Collision,Cycles,2,0,1,1,1,0,0,2012-12-29T00:00:00.000Z,12/29/2012 4:45:00 PM,At Intersection (intersection related),18,"MOTOR VEHICLE STRUCK PEDALCYCLIST, FRONT END AT ANGLE",,N,Clear or Partly Cloudy,Wet,Dusk,Y,12364001.0,,45.0,Vehicle - Pedalcyclist,11896,0,N,POINT (1275179.35186258 227527.3153570443),64.0,0.0,Clear or Partly Cloudy,2012-12-29,16:45:00,16.0,5,0,1.0,Clear or Partly Cloudy
125729,139741,139741,3467188,Matched,Intersection,35253.0,RENTON AVE S AND S CLOVERDALE ST,,,2,Injury Collision,Cycles,3,0,1,1,1,0,0,2012-07-28T00:00:00.000Z,7/28/2012 7:34:00 PM,At Intersection (intersection related),18,"MOTOR VEHICLE STRUCK PEDALCYCLIST, FRONT END AT ANGLE",,N,Clear or Partly Cloudy,Dry,Dusk,Y,12210008.0,,45.0,Vehicle - Pedalcyclist,7678,0,N,POINT (1283771.392575383 195257.7926359922),1713.0,0.0,Clear or Partly Cloudy,2012-07-28,19:34:00,19.0,5,0,1.0,Clear or Partly Cloudy
125734,140157,140157,3547462,Matched,Block,,S CLOVERDALE ST BETWEEN 10TH AVE S AND 12TH AVE S,,,2,Injury Collision,Cycles,2,0,1,1,1,0,0,2012-06-13T00:00:00.000Z,6/13/2012 6:22:00 PM,Mid-Block (not related to intersection),53,PEDALCYCLIST STRUCK MOTOR VEHICLE LEFT SIDE AT ANGLE,,N,Clear or Partly Cloudy,Dry,Daylight,,12165019.0,,45.0,Vehicle - Pedalcyclist,29049,0,N,POINT (1273400.834356755 195577.0271323323),13974.0,2.721033530077455e-05,Clear or Partly Cloudy,2012-06-13,18:22:00,18.0,2,1,1.0,Clear or Partly Cloudy
125836,139884,139884,3549505,Matched,Block,,DEXTER AVE N BETWEEN ROY ST AND VALLEY ST,,,2,Injury Collision,Cycles,3,0,1,1,1,0,0,2012-05-24T00:00:00.000Z,5/24/2012 3:19:00 PM,Driveway Junction,18,"MOTOR VEHICLE STRUCK PEDALCYCLIST, FRONT END AT ANGLE",,N,Clear or Partly Cloudy,Dry,Daylight,Y,12145024.0,,45.0,Vehicle - Pedalcyclist,12712,0,N,POINT (1268330.074735567 231932.1833295524),13737.0,3.050049204303896e-05,Clear or Partly Cloudy,2012-05-24,15:19:00,15.0,3,1,1.0,Clear or Partly Cloudy
125839,139615,139615,3328425,Matched,Intersection,24496.0,WEEDIN PL NE AND NE 65TH ST,,,2,Injury Collision,Cycles,2,0,1,1,1,0,0,2012-05-19T00:00:00.000Z,5/19/2012 1:07:00 PM,At Intersection (intersection related),18,"MOTOR VEHICLE STRUCK PEDALCYCLIST, FRONT END AT ANGLE",,N,Clear or Partly Cloudy,Dry,Daylight,,12140002.0,,45.0,Vehicle - Pedalcyclist,29235,0,N,POINT (1274351.757621735 250062.2414601147),1447.0,0.0,Clear or Partly Cloudy,2012-05-19,13:07:00,13.0,5,0,0.0,Clear or Partly Cloudy
125901,140167,140167,3502482,Matched,Intersection,34420.0,RAINIER AVE S AND S HOLLY ST,,,2,Injury Collision,Cycles,2,0,1,1,1,0,0,2012-12-08T00:00:00.000Z,12/8/2012 12:18:00 PM,At Intersection (intersection related),18,"MOTOR VEHICLE STRUCK PEDALCYCLIST, FRONT END AT ANGLE",,N,Clear or Partly Cloudy,Dry,Daylight,Y,12343005.0,,45.0,Vehicle - Pedalcyclist,0,525066,N,POINT (1284904.000320539 201204.061826095),914.0,0.0,Clear or Partly Cloudy,2012-12-08,12:18:00,12.0,5,0,0.0,Clear or Partly Cloudy
125910,141312,141312,3547048,Matched,Intersection,32935.0,26TH AVE SW AND SW HUDSON ST,,,2,Injury Collision,Cycles,2,0,1,1,1,0,0,2012-08-28T00:00:00.000Z,8/28/2012 2:55:00 PM,At Intersection (intersection related),51,PEDALCYCLIST STRUCK MOTOR VEHICLE FRONT END AT ANGLE,,N,Clear or Partly Cloudy,Dry,Daylight,,12241016.0,,45.0,Vehicle - Pedalcyclist,0,0,N,POINT (1262114.891049206 207118.6622801423),2009.0,0.0,Clear or Partly Cloudy,2012-08-28,14:55:00,14.0,1,1,0.0,Clear or Partly Cloudy
125918,141702,141702,3503436,Matched,Intersection,30368.0,1ST AVE S AND S KING ST,,,2,Injury Collision,Cycles,2,0,1,1,1,0,0,2012-04-16T00:00:00.000Z,4/16/2012 5:30:00 PM,At Intersection (intersection related),18,"MOTOR VEHICLE STRUCK PEDALCYCLIST, FRONT END AT ANGLE",,N,Clear or Partly Cloudy,Dry,Daylight,,12107005.0,,45.0,Vehicle - Pedalcyclist,4885,0,N,POINT (1270142.79889743 221849.4258152246),1815.0,0.0,Clear or Partly Cloudy,2012-04-16,17:30:00,17.0,0,1,1.0,Clear or Partly Cloudy
125942,141014,141014,3549219,Matched,Block,,EASTLAKE AVE E BETWEEN PROSPECT ST AND E NELSON PL,,,1,Property Damage Only Collision,Cycles,3,0,1,1,0,0,0,2012-08-27T00:00:00.000Z,8/27/2012 4:46:00 PM,Driveway Junction,51,PEDALCYCLIST STRUCK MOTOR VEHICLE FRONT END AT ANGLE,,N,Clear or Partly Cloudy,Dry,Daylight,,12240028.0,,45.0,Vehicle - Pedalcyclist,11613,0,N,POINT (1271741.66072306 233260.7382109165),18550.0,3.084540861953878e-05,Clear or Partly Cloudy,2012-08-27,16:46:00,16.0,0,1,1.0,Clear or Partly Cloudy
126033,140178,140178,3553843,Matched,Intersection,23895.0,15TH AVE NW AND NW 75TH ST,,,2,Injury Collision,Cycles,2,0,1,1,1,0,0,2012-06-22T00:00:00.000Z,6/22/2012 5:46:00 PM,At Intersection (intersection related),24,MOTOR VEHCILE STRUCK PEDESTRIAN,,N,Raining,Wet,Daylight,,12174046.0,,45.0,Vehicle - Pedalcyclist,0,521277,N,POINT (1260258.570023298 253036.461751163),2399.0,0.0,Raining,2012-06-22,17:46:00,17.0,4,1,1.0,Raining
126036,140176,140176,3617563,Matched,Intersection,167415.0,BEACON ER AVE S AND S MORGAN ST,,,2,Injury Collision,Cycles,2,0,1,1,1,0,0,2012-06-20T00:00:00.000Z,6/20/2012 4:34:00 PM,At Intersection (intersection related),51,PEDALCYCLIST STRUCK MOTOR VEHICLE FRONT END AT ANGLE,,N,Clear or Partly Cloudy,Dry,Daylight,,12172002.0,,45.0,Vehicle - Pedalcyclist,0,0,N,POINT (1278253.723961726 202111.3905950189),12229.0,0.0,Clear or Partly Cloudy,2012-06-20,16:34:00,16.0,2,1,1.0,Clear or Partly Cloudy
126044,141315,141315,3593726,Matched,Block,,E MARION ST BETWEEN 12TH AVE AND 13TH AVE,,,2,Injury Collision,Cycles,2,0,1,1,1,0,0,2012-08-21T00:00:00.000Z,8/21/2012 6:58:00 PM,Driveway Junction,54,PEDALCYCLIST STRUCK MOTOR VEHICLE REAR END,,N,Clear or Partly Cloudy,Dry,Daylight,,12234028.0,,45.0,Vehicle - Pedalcyclist,0,0,N,POINT (1274687.487158075 226176.0153236538),18105.0,4.3391526074002285e-07,Clear or Partly Cloudy,2012-08-21,18:58:00,18.0,1,1,1.0,Clear or Partly Cloudy
126167,140321,140321,3566175,Matched,Intersection,28341.0,24TH AVE E AND E LAKE WASHINGTON BLVD,,,2,Injury Collision,Other,2,0,1,1,2,0,0,2012-03-09T00:00:00.000Z,3/9/2012 1:50:00 PM,At Intersection (intersection related),21,"MOTOR VEHICLE STRUCK PEDALCYCLIST, REAR END",,N,Raining,Wet,Daylight,,12069016.0,,52.0,Vehicle overturned,8910,0,N,POINT (1278397.892665878 238418.0914321989),197.0,0.0,Raining,2012-03-09,13:50:00,13.0,4,1,0.0,Raining
126211,141331,141331,3476407,Matched,Block,,BELLEVUE AVE E BETWEEN E DENNY WAY AND E LORETTA PL,,,2,Injury Collision,Cycles,2,0,1,1,1,0,0,2012-11-19T00:00:00.000Z,11/19/2012 6:31:00 PM,Mid-Block (not related to intersection),51,PEDALCYCLIST STRUCK MOTOR VEHICLE FRONT END AT ANGLE,,N,Raining,Wet,Dark - Street Lights On,,12324016.0,,45.0,Vehicle - Pedalcyclist,0,0,N,POINT (1272129.62712346 229315.3047348708),6176.0,1.1044136245464058e-05,Raining,2012-11-19,18:31:00,18.0,0,1,1.0,Raining
126237,139642,139642,3566167,Matched,Intersection,30626.0,30TH AVE S AND S MAIN ST,,,2,Injury Collision,Cycles,2,0,1,1,1,0,0,2012-02-21T00:00:00.000Z,2/21/2012 2:00:00 PM,At Intersection (intersection related),18,"MOTOR VEHICLE STRUCK PEDALCYCLIST, FRONT END AT ANGLE",,N,Overcast,Wet,Daylight,,12052011.0,,45.0,Vehicle - Pedalcyclist,0,0,N,POINT (1280124.516923651 222376.2405357659),7796.0,0.0,Overcast,2012-02-21,14:00:00,14.0,1,1,0.0,Clear or Partly Cloudy
126270,140049,140049,3546980,Matched,Block,,CALIFORNIA AVE SW BETWEEN SW MYRTLE ST AND SW ORCHARD ST,,,2,Injury Collision,Cycles,2,0,1,1,1,0,0,2012-02-02T00:00:00.000Z,2/2/2012 11:57:00 AM,Mid-Block (not related to intersection),56,PEDALCYCLIST STRUCK MOTOR VEHICLE LEFT SIDE SIDESWIPE,Y,N,Overcast,Dry,Daylight,,12033035.0,,45.0,Vehicle - Pedalcyclist,2804,0,N,POINT (1256614.760291576 200634.8254095018),18918.0,2.0031307595218985e-05,Overcast,2012-02-02,11:57:00,11.0,3,1,0.0,Clear or Partly Cloudy
126353,142476,142476,3553209,Matched,Block,,CALIFORNIA AVE SW BETWEEN ERSKINE WAY SW AND SW HUDSON ST,,,2,Injury Collision,Cycles,4,0,1,1,1,0,0,2012-08-22T00:00:00.000Z,8/22/2012 5:55:00 PM,Mid-Block (not related to intersection),56,PEDALCYCLIST STRUCK MOTOR VEHICLE LEFT SIDE SIDESWIPE,,N,Clear or Partly Cloudy,Dry,Daylight,,12235011.0,,45.0,Vehicle - Pedalcyclist,2708,0,N,POINT (1256857.946147814 207563.2029525936),20555.0,7.444665032268267e-09,Clear or Partly Cloudy,2012-08-22,17:55:00,17.0,2,1,1.0,Clear or Partly Cloudy
126461,143867,143867,3380678,Matched,Block,,FAUNTLEROY WAY SW BETWEEN SW EDMUNDS ST AND SW HUDSON ST,,,2,Injury Collision,Cycles,3,0,1,1,1,0,0,2013-02-09T00:00:00.000Z,2/9/2013 3:17:00 PM,Driveway Junction,51,PEDALCYCLIST STRUCK MOTOR VEHICLE FRONT END AT ANGLE,,N,Raining,Wet,Daylight,Y,13040027.0,,45.0,Vehicle - Pedalcyclist,0,0,N,POINT (1258189.884901181 207516.9315285534),22538.0,2.7878969950000817e-05,Raining,2013-02-09,15:17:00,15.0,5,0,1.0,Raining
126483,143308,143308,3476630,Matched,Intersection,30028.0,23RD AVE AND E SPRING ST,,,2,Injury Collision,Cycles,2,0,1,1,1,0,0,2013-01-04T00:00:00.000Z,1/4/2013 1:06:00 AM,At Intersection (intersection related),21,"MOTOR VEHICLE STRUCK PEDALCYCLIST, REAR END",,N,Raining,Wet,Dark - Street Lights On,,13004001.0,,45.0,Vehicle - Pedalcyclist,22610,0,N,POINT (1277992.654905468 226549.3661720455),10870.0,0.0,Raining,2013-01-04,01:06:00,1.0,4,1,0.0,Raining
126498,142193,142193,3504031,Matched,Intersection,29872.0,BOREN AVE AND PINE ST,,,2b,Serious Injury Collision,Cycles,2,0,1,1,1,1,0,2012-02-28T00:00:00.000Z,2/28/2012 5:12:00 PM,At Intersection (intersection related),51,PEDALCYCLIST STRUCK MOTOR VEHICLE FRONT END AT ANGLE,,N,Raining,Wet,Dusk,,12059003.0,,45.0,Vehicle - Pedalcyclist,10318,0,N,POINT (1271335.12145865 227723.9425572455),896.0,0.0,Raining,2012-02-28,17:12:00,17.0,1,1,1.0,Raining
126534,142902,142902,3613220,Matched,Intersection,27043.0,TROLL AVE N AND N 34TH ST,,,2,Injury Collision,Cycles,2,0,1,1,1,0,0,2013-03-04T00:00:00.000Z,3/4/2013 4:05:00 PM,At Intersection (intersection related),51,PEDALCYCLIST STRUCK MOTOR VEHICLE FRONT END AT ANGLE,,N,Clear or Partly Cloudy,Dry,Daylight,Y,13063017.0,,45.0,Vehicle - Pedalcyclist,8816,0,N,POINT (1267245.477678463 240493.9652263224),1223.0,0.0,Clear or Partly Cloudy,2013-03-04,16:05:00,16.0,0,1,1.0,Clear or Partly Cloudy
126599,143455,143455,3503357,Matched,Intersection,35902.0,ROOSEVELT WAY NE AND NE 125TH N ST,,,2b,Serious Injury Collision,Cycles,2,0,1,1,1,1,0,2013-02-07T00:00:00.000Z,2/7/2013 5:48:00 AM,At Intersection (intersection related),18,"MOTOR VEHICLE STRUCK PEDALCYCLIST, FRONT END AT ANGLE",,N,Raining,Wet,Dark - Street Lights On,Y,13038008.0,,45.0,Vehicle - Pedalcyclist,16882,0,N,POINT (1274958.863414362 266066.3469485044),4986.0,0.0,Raining,2013-02-07,05:48:00,5.0,3,1,0.0,Raining
126677,142910,142910,3582009,Matched,Intersection,29948.0,5TH AVE AND MADISON ST,,,2b,Serious Injury Collision,Cycles,3,0,1,2,2,1,0,2013-01-16T00:00:00.000Z,1/16/2013 2:53:00 PM,At Intersection (intersection related),18,"MOTOR VEHICLE STRUCK PEDALCYCLIST, FRONT END AT ANGLE",,N,Clear or Partly Cloudy,Dry,Daylight,,13016003.0,,45.0,Vehicle - Pedalcyclist,22694,0,N,POINT (1270791.776818082 224850.6855943054),481.0,0.0,Clear or Partly Cloudy,2013-01-16,14:53:00,14.0,2,1,0.0,Clear or Partly Cloudy
126737,143740,143740,3503132,Matched,Block,,AURORA AVE N BETWEEN N 109TH ST AND N 112TH ST,,,2,Injury Collision,Cycles,2,0,1,1,1,0,0,2013-01-10T00:00:00.000Z,1/10/2013 8:15:00 AM,Driveway Junction,51,PEDALCYCLIST STRUCK MOTOR VEHICLE FRONT END AT ANGLE,,N,Raining,Wet,Daylight,,13010025.0,,45.0,Vehicle - Pedalcyclist,0,0,N,POINT (1268329.195759565 262297.0312326401),23117.0,3.171676232676752e-05,Raining,2013-01-10,08:15:00,8.0,3,1,1.0,Raining
126833,143605,143605,3503280,Matched,Intersection,27078.0,15TH AVE NE AND NE 43RD ST,,,2,Injury Collision,Cycles,2,0,1,1,1,0,0,2013-02-14T00:00:00.000Z,2/14/2013 10:59:00 AM,At Intersection (intersection related),51,PEDALCYCLIST STRUCK MOTOR VEHICLE FRONT END AT ANGLE,,N,Overcast,Wet,Daylight,,13045002.0,,45.0,Vehicle - Pedalcyclist,0,524562,N,POINT (1276039.793975458 244168.7922380865),10523.0,0.0,Overcast,2013-02-14,10:59:00,10.0,3,1,0.0,Clear or Partly Cloudy
126836,143467,143467,3476495,Matched,Intersection,30190.0,20TH AVE AND E JEFFERSON ST,,,2,Injury Collision,Cycles,2,0,1,1,1,0,0,2013-03-12T00:00:00.000Z,3/12/2013 10:38:00 PM,At Intersection (intersection related),51,PEDALCYCLIST STRUCK MOTOR VEHICLE FRONT END AT ANGLE,,N,Overcast,Wet,Dark - Street Lights On,Y,13071010.0,,45.0,Vehicle - Pedalcyclist,34934,0,N,POINT (1277070.102328524 224588.8925700337),5231.0,0.0,Overcast,2013-03-12,22:38:00,22.0,1,1,0.0,Clear or Partly Cloudy
126889,143895,143895,3581760,Matched,Block,,ALASKAN WAY BETWEEN VINE ST AND CLAY ST,,,2b,Serious Injury Collision,Cycles,4,0,1,3,1,1,0,2013-03-01T00:00:00.000Z,3/1/2013 5:26:00 PM,Mid-Block (not related to intersection),21,"MOTOR VEHICLE STRUCK PEDALCYCLIST, REAR END",Y,N,Clear or Partly Cloudy,Dry,Daylight,,13060011.0,Y,45.0,Vehicle - Pedalcyclist,20776,0,N,POINT (1265591.06423676 227627.3577251434),21288.0,5.0245207272725325e-09,Clear or Partly Cloudy,2013-03-01,17:26:00,17.0,4,1,1.0,Clear or Partly Cloudy
126909,141802,141802,3566041,Matched,Block,,BOYER AVE E BETWEEN 15TH AVE E AND 14TH AVE E,,,2,Injury Collision,Cycles,2,0,1,1,1,0,0,2012-07-31T00:00:00.000Z,7/31/2012 2:32:00 PM,Mid-Block (not related to intersection),51,PEDALCYCLIST STRUCK MOTOR VEHICLE FRONT END AT ANGLE,,N,Clear or Partly Cloudy,Dry,Daylight,,12213032.0,,45.0,Vehicle - Pedalcyclist,6029,0,N,POINT (1275682.628087103 237201.8434309512),3398.0,2.8653066014851366e-05,Clear or Partly Cloudy,2012-07-31,14:32:00,14.0,1,1,0.0,Clear or Partly Cloudy
126929,142364,142364,3546149,Matched,Block,,DENNY WAY BETWEEN WARREN AVE N AND 2ND WR AVE,,,1,Property Damage Only Collision,Rear Ended,2,0,1,1,0,0,0,2012-10-15T00:00:00.000Z,10/15/2012 6:47:00 PM,Mid-Block (but intersection related),54,PEDALCYCLIST STRUCK MOTOR VEHICLE REAR END,,N,Raining,Wet,Dark - Street Lights On,,12289027.0,,14.0,From same direction - both going straight - one stopped - rear-end,20136,0,N,POINT (1265463.632044628 229348.8383029103),11925.0,1.8906515614068306e-05,Raining,2012-10-15,18:47:00,18.0,0,1,1.0,Raining
126936,142517,142517,3560237,Matched,Block,,6TH AVE S BETWEEN S LANE ST AND S DEARBORN ST,,,2,Injury Collision,Cycles,2,0,1,1,1,0,0,2012-09-02T00:00:00.000Z,9/2/2012 7:00:00 PM,Mid-Block (not related to intersection),21,"MOTOR VEHICLE STRUCK PEDALCYCLIST, REAR END",,N,Clear or Partly Cloudy,Dry,Daylight,Y,12246005.0,,45.0,Vehicle - Pedalcyclist,5797,0,N,POINT (1272057.185971379 221070.2634464353),5997.0,3.6772626851371435e-06,Clear or Partly Cloudy,2012-09-02,19:00:00,19.0,6,0,1.0,Clear or Partly Cloudy
128081,143003,143003,3549434,Matched,Intersection,29515.0,DENNY WAY AND DEXTER AVE,,,1,Property Damage Only Collision,Cycles,2,0,1,1,0,0,0,2013-02-05T00:00:00.000Z,2/5/2013 7:34:00 PM,At Intersection (intersection related),51,PEDALCYCLIST STRUCK MOTOR VEHICLE FRONT END AT ANGLE,,N,Overcast,Dry,Dark - Street Lights On,,13036017.0,,45.0,Vehicle - Pedalcyclist,12566,0,N,POINT (1268262.3086555 229277.1954228282),6287.0,0.0,Overcast,2013-02-05,19:34:00,19.0,1,1,1.0,Clear or Partly Cloudy
128094,143273,143273,3502733,Matched,Intersection,25521.0,GREEN LAKE WAY N AND N 51ST ST,,,2,Injury Collision,Left Turn,2,0,1,1,1,0,0,2013-02-08T00:00:00.000Z,2/8/2013 6:16:00 PM,At Intersection (intersection related),11,"MOTOR VEHICLE STRUCK MOTOR VEHICLE, FRONT END AT ANGLE",,N,Overcast,Dry,Dark - Street Lights On,Y,13039004.0,,28.0,From opposite direction - one left turn - one straight,0,0,N,POINT (1269167.913776428 246472.3429604471),9878.0,0.0,Overcast,2013-02-08,18:16:00,18.0,4,1,1.0,Clear or Partly Cloudy
128120,141872,141872,3566266,Matched,Block,,FLORENTIA ST BETWEEN 2ND AVE N AND MAYFAIR AVE N,,,2,Injury Collision,Cycles,2,0,1,1,1,0,0,2012-11-03T00:00:00.000Z,11/3/2012 9:28:00 PM,Driveway Junction,51,PEDALCYCLIST STRUCK MOTOR VEHICLE FRONT END AT ANGLE,,N,Clear or Partly Cloudy,Dry,Dark - Street Lights On,,12308018.0,,45.0,Vehicle - Pedalcyclist,34782,0,N,POINT (1265877.74225305 239662.0870814621),13745.0,7.448939855800588e-09,Clear or Partly Cloudy,2012-11-03,21:28:00,21.0,5,0,0.0,Clear or Partly Cloudy
128129,142015,142015,3551910,Matched,Intersection,29747.0,11TH AVE AND E PIKE ST,,,2,Injury Collision,Cycles,2,1,1,0,1,0,0,2012-04-14T00:00:00.000Z,4/14/2012 6:32:00 PM,At Intersection (intersection related),64,PEDALCYCLIST STRUCK PEDESTRIAN,Y,N,Clear or Partly Cloudy,Dry,Daylight,Y,12105004.0,,45.0,Vehicle - Pedalcyclist,31259,523844,N,POINT (1274213.232437596 227535.8214690536),1145.0,0.0,Clear or Partly Cloudy,2012-04-14,18:32:00,18.0,5,0,1.0,Clear or Partly Cloudy
128220,143557,143557,3501390,Matched,Block,,UNIVERSITY WAY NE BETWEEN NE 45TH ST AND NE 47TH ST,,,2,Injury Collision,Cycles,2,1,1,0,2,0,0,2013-03-01T00:00:00.000Z,3/1/2013 2:30:00 PM,Mid-Block (not related to intersection),64,PEDALCYCLIST STRUCK PEDESTRIAN,,N,Overcast,Dry,Daylight,Y,13060025.0,,45.0,Vehicle - Pedalcyclist,5644,522430,N,POINT (1275789.728567213 245048.8713429868),13344.0,7.227023133070065e-09,Overcast,2013-03-01,14:30:00,14.0,4,1,0.0,Clear or Partly Cloudy
128242,143840,143840,3504024,Matched,Intersection,30375.0,ALASKAN E RDWY WAY AND YESLER WAY,,,2,Injury Collision,Cycles,2,0,1,1,1,0,0,2013-02-04T00:00:00.000Z,2/4/2013 5:26:00 PM,At Intersection (intersection related),18,"MOTOR VEHICLE STRUCK PEDALCYCLIST, FRONT END AT ANGLE",,N,Clear or Partly Cloudy,Dry,Dark - Street Lights On,Y,13035006.0,,45.0,Vehicle - Pedalcyclist,0,522606,N,POINT (1269712.648496985 223110.2429685146),16264.0,0.0,Clear or Partly Cloudy,2013-02-04,17:26:00,17.0,0,1,1.0,Clear or Partly Cloudy
128321,143013,143013,3505006,Matched,Block,,FAUNTLEROY WAY SW BETWEEN 41ST AVE SW AND 42ND AVE SW,,,2,Injury Collision,Cycles,2,0,1,1,1,0,0,2013-02-07T00:00:00.000Z,2/7/2013 4:15:00 PM,Driveway Junction,18,"MOTOR VEHICLE STRUCK PEDALCYCLIST, FRONT END AT ANGLE",,N,Clear or Partly Cloudy,Dry,Daylight,,13038007.0,,45.0,Vehicle - Pedalcyclist,2881,0,N,POINT (1257199.077412173 202748.9887396693),6346.0,1.2027921941821828e-06,Clear or Partly Cloudy,2013-02-07,16:15:00,16.0,3,1,1.0,Clear or Partly Cloudy
128322,143012,143012,3549436,Matched,Intersection,29947.0,6TH AVE AND MADISON ST,,,2,Injury Collision,Cycles,3,0,1,1,1,0,0,2013-02-19T00:00:00.000Z,2/19/2013 10:14:00 AM,At Intersection (intersection related),51,PEDALCYCLIST STRUCK MOTOR VEHICLE FRONT END AT ANGLE,,N,Clear or Partly Cloudy,Dry,Daylight,,13050021.0,,45.0,Vehicle - Pedalcyclist,22702,0,N,POINT (1271068.622642368 225014.612890467),532.0,0.0,Clear or Partly Cloudy,2013-02-19,10:14:00,10.0,1,1,0.0,Clear or Partly Cloudy
128360,143707,143707,3559747,Matched,Intersection,30437.0,RAINIER AVE S AND S WELLER ST,,,2,Injury Collision,Cycles,2,0,1,1,1,0,0,2013-02-13T00:00:00.000Z,2/13/2013 8:58:00 AM,At Intersection (intersection related),18,"MOTOR VEHICLE STRUCK PEDALCYCLIST, FRONT END AT ANGLE",,N,Raining,Wet,Daylight,,13044020.0,,45.0,Vehicle - Pedalcyclist,24369,0,N,POINT (1275423.787062824 221455.2590308189),3718.0,0.0,Raining,2013-02-13,08:58:00,8.0,2,1,1.0,Raining
128374,143427,143427,3581626,Matched,Intersection,29087.0,FAIRVIEW AVE N AND YALE AVE N,,,2,Injury Collision,Cycles,2,0,1,1,1,0,0,2013-01-07T00:00:00.000Z,1/7/2013 9:33:00 AM,At Intersection (intersection related),18,"MOTOR VEHICLE STRUCK PEDALCYCLIST, FRONT END AT ANGLE",,N,Raining,Wet,Daylight,,13007003.0,,45.0,Vehicle - Pedalcyclist,25368,0,N,POINT (1271168.955698475 232928.262562573),16677.0,0.0,Raining,2013-01-07,09:33:00,9.0,0,1,1.0,Raining