OBJECTID,INCKEY,COLDETKEY,REPORTNO,STATUS,ADDRTYPE,INTKEY,LOCATION,EXCEPTRSNC,EXCEPTRSND,SEVERITYCO,SEVERITYDE,COLLISIONT,PERSONCOUN,PEDCOUNT,PEDCYLCOUN,VEHCOUNT,INJURIES,SERIOUSINJ,FATALITIES,INCDATE,INCDTTM,JUNCTIONTY,SDOT_COLCO,SDOT_COLDE,INATTENTIO,UNDERINFL,WEATHER,ROADCOND,LIGHTCOND,PEDROWNOTG,SDOTCOLNUM,SPEEDING,ST_COLCODE,ST_COLDESC,SEGLANEKEY,CROSSWALKK,HITPARKEDC,geometry,near_str_index,min_length,weather_group,date,time,hour,dayofweek,weekday,rushhour,weather_group2
128395,143987,143987,3503821,Matched,Block,,DEXTER AVE N BETWEEN HALLADAY ST AND 4TH S AVE N,,,2,Injury Collision,Cycles,2,0,1,1,1,0,0,2013-01-17T00:00:00.000Z,1/17/2013 5:32:00 PM,Mid-Block (not related to intersection),18,"MOTOR VEHICLE STRUCK PEDALCYCLIST, FRONT END AT ANGLE",,N,Clear or Partly Cloudy,Dry,Dark - Street Lights On,Y,13017030.0,,45.0,Vehicle - Pedalcyclist,13856,0,N,POINT (1267398.841070607 238676.1005844623),6301.0,1.2122977418892884e-05,Clear or Partly Cloudy,2013-01-17,17:32:00,17.0,3,1,1.0,Clear or Partly Cloudy
128446,142314,142314,3546136,Matched,Intersection,29589.0,4TH AVE AND PIKE ST,,,2,Injury Collision,Cycles,2,1,1,0,1,0,0,2012-01-12T00:00:00.000Z,1/12/2012 3:32:00 PM,At Intersection (intersection related),64,PEDALCYCLIST STRUCK PEDESTRIAN,,N,Clear or Partly Cloudy,Dry,Daylight,Y,12012018.0,,45.0,Vehicle - Pedalcyclist,23694,521863,N,POINT (1269612.963888884 226209.446555689),6586.0,0.0,Clear or Partly Cloudy,2012-01-12,15:32:00,15.0,3,1,1.0,Clear or Partly Cloudy
128452,142180,142180,3548349,Matched,Block,,RAINIER AVE S BETWEEN S BAYVIEW ST AND S MCCLELLAN ST,,,2,Injury Collision,Cycles,4,0,1,1,1,0,0,2012-07-08T00:00:00.000Z,7/8/2012 9:36:00 AM,Mid-Block (not related to intersection),0,NOT ENOUGH INFORMATION / NOT APPLICABLE,,N,Clear or Partly Cloudy,Dry,Daylight,,12190014.0,,45.0,Vehicle - Pedalcyclist,20062,0,N,POINT (1278654.949498147 214892.784080103),18006.0,3.117599138004668e-06,Clear or Partly Cloudy,2012-07-08,09:36:00,9.0,6,0,1.0,Clear or Partly Cloudy
128459,143298,143298,3197906,Matched,Intersection,33963.0,DELRIDGE WAY SW AND SW ORCHARD ST,,,1,Property Damage Only Collision,Cycles,2,0,1,1,0,0,0,2013-02-05T00:00:00.000Z,2/5/2013 2:45:00 PM,At Intersection (intersection related),18,"MOTOR VEHICLE STRUCK PEDALCYCLIST, FRONT END AT ANGLE",,N,Overcast,Wet,Daylight,,13036005.0,Y,45.0,Vehicle - Pedalcyclist,0,525435,N,POINT (1263070.140970185 199975.3299208283),8775.0,0.0,Overcast,2013-02-05,14:45:00,14.0,1,1,0.0,Clear or Partly Cloudy
128508,143994,143994,3476343,Matched,Intersection,29009.0,15TH AVE E AND E MERCER S ST,,,2,Injury Collision,Cycles,2,0,1,1,1,0,0,2013-01-07T00:00:00.000Z,1/7/2013 7:42:00 AM,At Intersection (intersection related),21,"MOTOR VEHICLE STRUCK PEDALCYCLIST, REAR END",Y,N,Raining,Dry,Dawn,,13007004.0,,45.0,Vehicle - Pedalcyclist,8559,0,N,POINT (1275649.163831055 231212.9977928102),2387.0,0.0,Raining,2013-01-07,07:42:00,7.0,0,1,1.0,Raining
128511,141902,141902,3564535,Matched,Intersection,27182.0,2ND AVE NE AND NE 45TH ST,,,2,Injury Collision,Cycles,2,0,1,1,1,0,0,2012-01-10T00:00:00.000Z,1/10/2012 12:00:00 PM,At Intersection (intersection related),18,"MOTOR VEHICLE STRUCK PEDALCYCLIST, FRONT END AT ANGLE",,N,Clear or Partly Cloudy,Dry,Daylight,Y,12010002.0,,45.0,Vehicle - Pedalcyclist,6532,0,N,POINT (1272301.489459634 244814.9838547409),5213.0,0.0,Clear or Partly Cloudy,2012-01-10,12:00:00,12.0,1,1,0.0,Clear or Partly Cloudy
128535,143573,143573,3476652,Matched,Intersection,29739.0,11TH AVE AND E PINE ST,,,2,Injury Collision,Cycles,2,0,1,1,1,0,0,2013-01-25T00:00:00.000Z,1/25/2013 9:16:00 PM,At Intersection (intersection related),18,"MOTOR VEHICLE STRUCK PEDALCYCLIST, FRONT END AT ANGLE",,N,Clear or Partly Cloudy,Dry,Dark - Street Lights On,Y,13025011.0,,45.0,Vehicle - Pedalcyclist,10420,0,N,POINT (1274216.837429598 227958.9433894902),28.0,0.0,Clear or Partly Cloudy,2013-01-25,21:16:00,21.0,4,1,0.0,Clear or Partly Cloudy
128572,142038,142038,3546894,Matched,Intersection,34876.0,25TH AVE SW AND SW BARTON ST,,,2,Injury Collision,Cycles,2,0,1,1,1,0,0,2012-04-28T00:00:00.000Z,4/28/2012 12:32:00 PM,At Intersection (intersection related),51,PEDALCYCLIST STRUCK MOTOR VEHICLE FRONT END AT ANGLE,,N,Clear or Partly Cloudy,Dry,Daylight,Y,12119005.0,,45.0,Vehicle - Pedalcyclist,59260,0,N,POINT (1262093.778473184 193817.7286345214),7947.0,0.0,Clear or Partly Cloudy,2012-04-28,12:32:00,12.0,5,0,0.0,Clear or Partly Cloudy
128573,144571,144571,3582014,Matched,Intersection,28058.0,4TH AVE N AND DEXTER S AVE N,,,2,Injury Collision,Cycles,3,0,1,1,1,0,0,2013-01-23T00:00:00.000Z,1/23/2013 5:05:00 PM,At Intersection (intersection related),23,"MOTOR VEHICLE STRUCK PEDALCYCLIST, LEFT SIDE SIDESWIPE",,N,Raining,Wet,Dusk,,13023028.0,,45.0,Vehicle - Pedalcyclist,13884,0,N,POINT (1266710.234413907 239216.5044890195),6301.0,0.0,Raining,2013-01-23,17:05:00,17.0,2,1,1.0,Raining
128650,146135,146155,3503268,Matched,Block,,EAST GREEN LAKE WAY N BETWEEN 4TH AVE NE AND NE RAVENNA SR BV,,,2,Injury Collision,Cycles,2,1,1,0,1,0,0,2013-05-12T00:00:00.000Z,5/12/2013,Mid-Block (not related to intersection),0,NOT ENOUGH INFORMATION / NOT APPLICABLE,,N,Overcast,Dry,Unknown,,,,45.0,Vehicle - Pedalcyclist,7410,0,N,POINT (1272602.087475941 251141.8875412196),21355.0,3.1244158474617334e-06,Overcast,2013-05-12,00:00:00,,6,0,,Clear or Partly Cloudy
128658,146336,146356,3579281,Matched,Intersection,38385.0,56TH AVE S AND S AVON ST,,,2,Injury Collision,Cycles,2,0,1,1,1,0,0,2013-05-18T00:00:00.000Z,5/18/2013 10:57:00 AM,At Intersection (intersection related),51,PEDALCYCLIST STRUCK MOTOR VEHICLE FRONT END AT ANGLE,,N,Overcast,Dry,Daylight,Y,,,45.0,Vehicle - Pedalcyclist,0,0,N,POINT (1287196.200258881 186156.164722681),1687.0,0.0,Overcast,2013-05-18,10:57:00,10.0,5,0,0.0,Clear or Partly Cloudy
128670,144146,144146,3567884,Matched,Block,,S DEARBORN ST BETWEEN 13TH AVE S AND CORWIN PL S,,,1,Property Damage Only Collision,Cycles,2,0,1,1,0,0,0,2013-02-05T00:00:00.000Z,2/5/2013 6:02:00 PM,Mid-Block (not related to intersection),55,PEDALCYCLIST STRUCK MOTOR VEHICLE RIGHT SIDE SIDESWIPE,Y,N,Overcast,Dry,Dark - Street Lights On,,13036037.0,,45.0,Vehicle - Pedalcyclist,0,0,N,POINT (1274858.676278248 220855.7010782063),22612.0,3.714322553072113e-06,Overcast,2013-02-05,18:02:00,18.0,1,1,1.0,Clear or Partly Cloudy
128743,145053,145053,3508075,Matched,Block,,NE 97TH ST BETWEEN SAND POINT WAY NE AND 48TH AVE NE,,,2,Injury Collision,Cycles,2,0,1,1,1,0,0,2013-04-24T00:00:00.000Z,4/24/2013 5:20:00 PM,Mid-Block (but intersection related),21,"MOTOR VEHICLE STRUCK PEDALCYCLIST, REAR END",,N,Clear or Partly Cloudy,Dry,Daylight,Y,,,45.0,Vehicle - Pedalcyclist,0,0,N,POINT (1284912.935488552 258431.0102366954),16713.0,7.684849976143832e-09,Clear or Partly Cloudy,2013-04-24,17:20:00,17.0,2,1,1.0,Clear or Partly Cloudy
128819,144156,144156,3503151,Matched,Block,,8TH AVE NW BETWEEN NW 63RD ST AND NW 64TH ST,,,1,Property Damage Only Collision,Cycles,3,0,1,1,0,0,0,2013-01-14T00:00:00.000Z,1/14/2013 5:44:00 PM,Driveway Junction,51,PEDALCYCLIST STRUCK MOTOR VEHICLE FRONT END AT ANGLE,,N,Clear or Partly Cloudy,Wet,Dark - Street Lights On,Y,13014017.0,,45.0,Vehicle - Pedalcyclist,2464,0,N,POINT (1262836.26532194 249942.7720199972),3265.0,2.042473065484473e-05,Clear or Partly Cloudy,2013-01-14,17:44:00,17.0,0,1,1.0,Clear or Partly Cloudy
128907,145822,145842,3612892,Matched,Intersection,26886.0,STONE WAY N AND N 36TH ST,,,2,Injury Collision,Cycles,2,0,1,1,1,0,0,2013-05-06T00:00:00.000Z,5/6/2013 9:45:00 AM,At Intersection (intersection related),51,PEDALCYCLIST STRUCK MOTOR VEHICLE FRONT END AT ANGLE,Y,N,Clear or Partly Cloudy,Dry,Daylight,,,,45.0,Vehicle - Pedalcyclist,6292,0,N,POINT (1268422.925103664 240942.7122347802),1227.0,0.0,Clear or Partly Cloudy,2013-05-06,09:45:00,9.0,0,1,1.0,Clear or Partly Cloudy
128911,145253,145253,3502608,Matched,Intersection,32154.0,EAST MARGINAL WAY S AND S HANFORD ST,,,3,Fatality Collision,Cycles,2,0,1,1,0,0,1,2013-05-01T00:00:00.000Z,5/1/2013 7:10:00 AM,At Intersection (intersection related),51,PEDALCYCLIST STRUCK MOTOR VEHICLE FRONT END AT ANGLE,Y,N,Other,Dry,Daylight,,,,45.0,Vehicle - Pedalcyclist,4678,0,N,POINT (1268550.077231795 213594.447246775),1767.0,0.0,,2013-05-01,07:10:00,7.0,2,1,1.0,
128924,145987,146007,3573552,Matched,Intersection,29603.0,2ND AVE AND UNIVERSITY ST,,,2,Injury Collision,Cycles,2,0,1,1,1,0,0,2013-05-10T00:00:00.000Z,5/10/2013 5:42:00 PM,At Intersection (intersection related),18,"MOTOR VEHICLE STRUCK PEDALCYCLIST, FRONT END AT ANGLE",,N,Clear or Partly Cloudy,Dry,Daylight,Y,,,45.0,Vehicle - Pedalcyclist,12162,0,N,POINT (1269492.709168762 225148.3088906109),2490.0,0.0,Clear or Partly Cloudy,2013-05-10,17:42:00,17.0,4,1,1.0,Clear or Partly Cloudy
128938,146778,146798,3476566,Matched,Intersection,27153.0,EASTLAKE AVE E AND FUHRMAN AVE E,,,2,Injury Collision,Cycles,2,0,1,1,1,0,0,2013-05-22T00:00:00.000Z,5/22/2013 3:40:00 PM,At Intersection (intersection related),23,"MOTOR VEHICLE STRUCK PEDALCYCLIST, LEFT SIDE SIDESWIPE",,N,Overcast,Dry,Daylight,,,,45.0,Vehicle - Pedalcyclist,15459,0,N,POINT (1273704.647989064 241221.0042030662),995.0,0.0,Overcast,2013-05-22,15:40:00,15.0,2,1,1.0,Clear or Partly Cloudy
127100,142803,142803,3476385,Matched,Block,,10TH AVE E BETWEEN E LYNN ST AND E MILLER ST,,,2,Injury Collision,Cycles,2,0,1,1,1,0,0,2013-01-07T00:00:00.000Z,1/7/2013 6:08:00 PM,Mid-Block (not related to intersection),54,PEDALCYCLIST STRUCK MOTOR VEHICLE REAR END,,N,Raining,Wet,Dark - Street Lights On,,13007022.0,,45.0,Vehicle - Pedalcyclist,6096,0,N,POINT (1273925.49368529 237156.6547589004),2294.0,2.1654952116353888e-05,Raining,2013-01-07,18:08:00,18.0,0,1,1.0,Raining
127164,143628,143628,3581730,Matched,Intersection,29592.0,2ND AVE AND PIKE ST,,,2,Injury Collision,Cycles,2,0,1,1,1,0,0,2013-03-04T00:00:00.000Z,3/4/2013 6:40:00 PM,At Intersection (intersection related),18,"MOTOR VEHICLE STRUCK PEDALCYCLIST, FRONT END AT ANGLE",,N,Clear or Partly Cloudy,Dry,Dark - Street Lights On,,13063001.0,,45.0,Vehicle - Pedalcyclist,0,525565,N,POINT (1269058.773296311 225881.3874193579),135.0,0.0,Clear or Partly Cloudy,2013-03-04,18:40:00,18.0,0,1,1.0,Clear or Partly Cloudy
127197,142241,142241,3593537,Matched,Intersection,29177.0,E HOWELL ST AND E OLIVE WAY,,,2b,Serious Injury Collision,Cycles,3,0,1,1,1,1,0,2012-07-15T00:00:00.000Z,7/15/2012 9:19:00 PM,At Intersection (intersection related),51,PEDALCYCLIST STRUCK MOTOR VEHICLE FRONT END AT ANGLE,,N,Clear or Partly Cloudy,Dry,Dark - Street Lights On,,12197007.0,,45.0,Vehicle - Pedalcyclist,23271,0,N,POINT (1272238.338355571 228902.7705904543),679.0,0.0,Clear or Partly Cloudy,2012-07-15,21:19:00,21.0,6,0,0.0,Clear or Partly Cloudy
127217,142947,142947,3476758,Matched,Block,,16TH AVE BETWEEN E CHERRY ST AND E COLUMBIA ST,,,2,Injury Collision,Cycles,2,0,1,1,1,0,0,2013-03-07T00:00:00.000Z,3/7/2013 3:26:00 PM,,0,NOT ENOUGH INFORMATION / NOT APPLICABLE,,N,Clear or Partly Cloudy,Dry,Daylight,,13066022.0,,45.0,Vehicle - Pedalcyclist,0,0,N,POINT (1275803.303159222 225507.9837709814),2412.0,5.382845578186953e-06,Clear or Partly Cloudy,2013-03-07,15:26:00,15.0,3,1,1.0,Clear or Partly Cloudy
127222,142945,142945,3476738,Matched,Block,,BROADWAY BETWEEN HARVARD AVE AND E UNION ST,,,2,Injury Collision,Cycles,1,0,1,0,1,0,0,2013-02-20T00:00:00.000Z,2/20/2013 8:00:00 AM,Mid-Block (not related to intersection),66,PEDALCYCLIST STRUCK OBJECT IN ROAD,,N,Clear or Partly Cloudy,Dry,Daylight,,13051008.0,,45.0,Vehicle - Pedalcyclist,42081,0,N,POINT (1273553.086004913 226825.0795803219),6210.0,0.0,Clear or Partly Cloudy,2013-02-20,08:00:00,8.0,2,1,1.0,Clear or Partly Cloudy
127304,141827,141827,3552213,Matched,Intersection,30138.0,16TH AVE AND E PIKE ST,,,2,Injury Collision,Cycles,2,0,1,1,1,0,0,2012-08-14T00:00:00.000Z,8/14/2012 12:48:00 PM,At Intersection (intersection related),18,"MOTOR VEHICLE STRUCK PEDALCYCLIST, FRONT END AT ANGLE",,N,Clear or Partly Cloudy,Dry,Daylight,Y,12227003.0,,45.0,Vehicle - Pedalcyclist,0,0,N,POINT (1275859.402039275 227509.5888930261),5122.0,0.0,Clear or Partly Cloudy,2012-08-14,12:48:00,12.0,1,1,0.0,Clear or Partly Cloudy
127305,143779,143779,3609245,Matched,Intersection,36228.0,3RD AVE NW AND NW 117TH ST,,,2,Injury Collision,Cycles,2,0,1,1,1,0,0,2013-01-15T00:00:00.000Z,1/15/2013 1:27:00 PM,At Intersection (intersection related),51,PEDALCYCLIST STRUCK MOTOR VEHICLE FRONT END AT ANGLE,,N,Clear or Partly Cloudy,Dry,Daylight,,13015002.0,,45.0,Vehicle - Pedalcyclist,28627,0,N,POINT (1264395.958059534 264243.0279066414),5471.0,0.0,Clear or Partly Cloudy,2013-01-15,13:27:00,13.0,1,1,0.0,Clear or Partly Cloudy
127513,142823,142823,3671762,Matched,Intersection,34561.0,38TH AVE S AND S OTHELLO ST,,,2,Injury Collision,Cycles,2,0,1,1,1,0,0,2013-02-14T00:00:00.000Z,2/14/2013 4:36:00 PM,At Intersection (intersection related),51,PEDALCYCLIST STRUCK MOTOR VEHICLE FRONT END AT ANGLE,,N,Overcast,Dry,Dusk,Y,13045027.0,,45.0,Vehicle - Pedalcyclist,24178,0,N,POINT (1281928.124733493 199274.7710721195),4844.0,0.0,Overcast,2013-02-14,16:36:00,16.0,3,1,1.0,Clear or Partly Cloudy
127558,143656,143656,3502525,Matched,Block,,LAKE WASHINGTON BLVD S BETWEEN 43RD AVE S AND 46TH AVE S,,,2,Injury Collision,Cycles,2,0,1,1,1,0,0,2013-01-16T00:00:00.000Z,1/16/2013 4:48:00 PM,Driveway Junction,18,"MOTOR VEHICLE STRUCK PEDALCYCLIST, FRONT END AT ANGLE",,N,Clear or Partly Cloudy,Dry,Dusk,,13016012.0,,45.0,Vehicle - Pedalcyclist,38095,0,N,POINT (1283724.176767334 211275.2495484054),20582.0,2.8119686867694825e-05,Clear or Partly Cloudy,2013-01-16,16:48:00,16.0,2,1,1.0,Clear or Partly Cloudy
127561,143517,143517,3581387,Matched,Intersection,29541.0,VIRGINIA ST AND WESTLAKE AVE,,,2,Injury Collision,Cycles,2,0,1,1,1,0,0,2013-01-20T00:00:00.000Z,1/20/2013 1:23:00 PM,At Intersection (intersection related),18,"MOTOR VEHICLE STRUCK PEDALCYCLIST, FRONT END AT ANGLE",,N,Clear or Partly Cloudy,Dry,Daylight,,13020005.0,,45.0,Vehicle - Pedalcyclist,25297,0,N,POINT (1269384.191792652 227898.6602534205),1007.0,0.0,Clear or Partly Cloudy,2013-01-20,13:23:00,13.0,6,0,0.0,Clear or Partly Cloudy
127574,142122,142122,3465815,Matched,Block,,1ST AVE BETWEEN UNIVERSITY ST AND UNION ST,,,2,Injury Collision,Cycles,2,0,1,1,1,0,0,2012-08-16T00:00:00.000Z,8/16/2012 7:30:00 PM,Driveway Junction,18,"MOTOR VEHICLE STRUCK PEDALCYCLIST, FRONT END AT ANGLE",,N,Clear or Partly Cloudy,Dry,Daylight,Y,12229003.0,,45.0,Vehicle - Pedalcyclist,36717,0,N,POINT (1269107.113776356 225167.7148426324),14103.0,2.6174734732139507e-09,Clear or Partly Cloudy,2012-08-16,19:30:00,19.0,3,1,1.0,Clear or Partly Cloudy
127601,142694,142694,3507759,Matched,Intersection,26605.0,8TH AVE NW AND NW 45TH ST,,,1,Property Damage Only Collision,Cycles,2,0,1,1,0,0,0,2013-01-02T00:00:00.000Z,1/2/2013 8:25:00 PM,At Intersection (intersection related),51,PEDALCYCLIST STRUCK MOTOR VEHICLE FRONT END AT ANGLE,,N,Clear or Partly Cloudy,Dry,Dark - Street Lights On,,13002006.0,,45.0,Vehicle - Pedalcyclist,2280,0,N,POINT (1262712.39504981 245042.3817429841),6057.0,0.0,Clear or Partly Cloudy,2013-01-02,20:25:00,20.0,2,1,0.0,Clear or Partly Cloudy
127735,142133,142133,3551294,Matched,Intersection,26795.0,STONE WAY N AND N ALLEN PL,,,2,Injury Collision,Cycles,2,0,1,1,1,0,0,2012-06-10T00:00:00.000Z,6/10/2012 9:03:00 PM,At Intersection (intersection related),51,PEDALCYCLIST STRUCK MOTOR VEHICLE FRONT END AT ANGLE,,N,Clear or Partly Cloudy,Dry,Dusk,Y,12162003.0,,45.0,Vehicle - Pedalcyclist,6375,0,N,POINT (1268617.91364786 244637.8116305619),972.0,0.0,Clear or Partly Cloudy,2012-06-10,21:03:00,21.0,6,0,0.0,Clear or Partly Cloudy
127755,142841,142841,3608967,Matched,Intersection,25464.0,LEARY WAY NW AND NW 46TH ST,,,2,Injury Collision,Cycles,2,0,1,1,1,0,0,2013-01-19T00:00:00.000Z,1/19/2013 5:54:00 PM,At Intersection (intersection related),51,PEDALCYCLIST STRUCK MOTOR VEHICLE FRONT END AT ANGLE,,N,Overcast,Dry,Dark - Street Lights On,,13019001.0,,45.0,Vehicle - Pedalcyclist,17230,0,N,POINT (1262301.018409386 245318.484655261),804.0,0.0,Overcast,2013-01-19,17:54:00,17.0,5,0,1.0,Clear or Partly Cloudy
127771,142573,142573,3562811,Matched,Intersection,30477.0,6TH AVE AND JEFFERSON ST,,,2,Injury Collision,Cycles,2,0,1,1,1,0,0,2012-08-15T00:00:00.000Z,8/15/2012 1:45:00 PM,At Intersection (intersection related),18,"MOTOR VEHICLE STRUCK PEDALCYCLIST, FRONT END AT ANGLE",,N,Clear or Partly Cloudy,Dry,Daylight,Y,12228005.0,,45.0,Vehicle - Pedalcyclist,0,0,N,POINT (1271848.696115166 223696.6158331186),3197.0,0.0,Clear or Partly Cloudy,2012-08-15,13:45:00,13.0,2,1,0.0,Clear or Partly Cloudy
127791,143391,143391,3476801,Matched,Block,,14TH AVE BETWEEN E COLUMBIA ST AND E MARION ST,,,2b,Serious Injury Collision,Cycles,1,0,1,0,1,1,0,2013-02-21T00:00:00.000Z,2/21/2013 2:00:00 PM,,0,NOT ENOUGH INFORMATION / NOT APPLICABLE,,N,Raining,Wet,Daylight,,13052028.0,,45.0,Vehicle - Pedalcyclist,0,0,N,POINT (1275169.723830566 225950.1923474222),2366.0,1.0358646096076152e-05,Raining,2013-02-21,14:00:00,14.0,3,1,0.0,Raining
127802,142984,142984,3611372,Matched,Intersection,29962.0,7TH AVE AND JAMES ST,,,1,Property Damage Only Collision,Cycles,2,0,1,1,0,0,0,2013-01-11T00:00:00.000Z,1/11/2013 2:00:00 PM,At Intersection (intersection related),51,PEDALCYCLIST STRUCK MOTOR VEHICLE FRONT END AT ANGLE,,N,Clear or Partly Cloudy,Dry,Daylight,,13011030.0,,45.0,Vehicle - Pedalcyclist,24843,0,N,POINT (1271968.852275297 224124.5582335591),777.0,0.0,Clear or Partly Cloudy,2013-01-11,14:00:00,14.0,4,1,0.0,Clear or Partly Cloudy
127913,142849,142849,3551885,Matched,Intersection,29424.0,36TH AVE E AND E MADISON ST,,,2,Injury Collision,Cycles,2,0,1,1,1,0,0,2013-01-08T00:00:00.000Z,1/8/2013 8:00:00 AM,At Intersection (intersection related),18,"MOTOR VEHICLE STRUCK PEDALCYCLIST, FRONT END AT ANGLE",,N,Raining,Wet,Daylight,Y,13008008.0,,45.0,Vehicle - Pedalcyclist,34382,0,N,POINT (1282047.161405608 233127.0061147809),6880.0,0.0,Raining,2013-01-08,08:00:00,8.0,1,1,1.0,Raining
127931,142710,142710,3476261,Matched,Intersection,28242.0,10TH AVE E AND E BOSTON ST,,,2,Injury Collision,Cycles,2,0,1,1,1,0,0,2013-02-26T00:00:00.000Z,2/26/2013 8:56:00 AM,At Intersection (intersection related),51,PEDALCYCLIST STRUCK MOTOR VEHICLE FRONT END AT ANGLE,,N,Clear or Partly Cloudy,Dry,Daylight,,13057005.0,Y,45.0,Vehicle - Pedalcyclist,6106,0,N,POINT (1273908.496181279 236410.3633021414),22.0,0.0,Clear or Partly Cloudy,2013-02-26,08:56:00,8.0,1,1,1.0,Clear or Partly Cloudy
127944,143543,143543,3551274,Matched,Intersection,36926.0,21ST AVE NW AND NW 96TH ST,,,2,Injury Collision,Cycles,2,0,1,1,1,0,0,2013-01-15T00:00:00.000Z,1/15/2013 3:50:00 PM,At Intersection (intersection related),51,PEDALCYCLIST STRUCK MOTOR VEHICLE FRONT END AT ANGLE,,N,Clear or Partly Cloudy,Dry,Daylight,,13015028.0,,45.0,Vehicle - Pedalcyclist,0,0,N,POINT (1258833.617957845 258808.9799010754),5269.0,0.0,Clear or Partly Cloudy,2013-01-15,15:50:00,15.0,1,1,1.0,Clear or Partly Cloudy
127945,143542,143542,3593389,Matched,Block,,19TH AVE E BETWEEN E THOMAS ST AND E HARRISON ST,,,2,Injury Collision,Cycles,2,0,1,1,1,0,0,2013-02-20T00:00:00.000Z,2/20/2013 7:26:00 PM,Mid-Block (not related to intersection),18,"MOTOR VEHICLE STRUCK PEDALCYCLIST, FRONT END AT ANGLE",,N,Raining,Wet,Dark - Street Lights On,,13051004.0,,45.0,Vehicle - Pedalcyclist,8736,0,N,POINT (1276927.587832376 230103.8437436819),18644.0,6.708585330481387e-06,Raining,2013-02-20,19:26:00,19.0,2,1,1.0,Raining
127976,143544,143544,3551114,Matched,Intersection,25940.0,25TH AVE NE AND NE 54TH ST,,,2,Injury Collision,Cycles,2,0,1,1,1,0,0,2013-02-24T00:00:00.000Z,2/24/2013 7:20:00 PM,At Intersection (intersection related),51,PEDALCYCLIST STRUCK MOTOR VEHICLE FRONT END AT ANGLE,,N,Clear or Partly Cloudy,Dry,Dark - Street Lights On,Y,13055002.0,,45.0,Vehicle - Pedalcyclist,18812,0,N,POINT (1278909.645370394 247104.3432170898),210.0,0.0,Clear or Partly Cloudy,2013-02-24,19:20:00,19.0,6,0,1.0,Clear or Partly Cloudy
129007,144597,144597,3559746,Matched,Intersection,28300.0,EASTLAKE AVE E AND E ROANOKE ST,,,2,Injury Collision,Cycles,3,0,1,1,1,0,0,2013-02-11T00:00:00.000Z,2/11/2013 1:22:00 PM,At Intersection (intersection related),51,PEDALCYCLIST STRUCK MOTOR VEHICLE FRONT END AT ANGLE,Y,N,Overcast,Wet,Daylight,,13042007.0,,45.0,Vehicle - Pedalcyclist,24724,0,N,POINT (1272508.910643846 238184.0703119487),3943.0,0.0,Overcast,2013-02-11,13:22:00,13.0,0,1,0.0,Clear or Partly Cloudy
129196,144762,144762,3606026,Matched,Intersection,29788.0,MARION ST AND MINOR AVE,,,2,Injury Collision,Cycles,2,0,1,1,1,0,0,2013-04-19T00:00:00.000Z,4/19/2013 1:39:00 PM,At Intersection (intersection related),18,"MOTOR VEHICLE STRUCK PEDALCYCLIST, FRONT END AT ANGLE",,N,Raining,Wet,Daylight,,,,45.0,Vehicle - Pedalcyclist,0,0,N,POINT (1272886.750772238 225735.291803211),836.0,0.0,Raining,2013-04-19,13:39:00,13.0,4,1,0.0,Raining
129221,146411,146431,3503269,Matched,Block,,UNIVERSITY BR BETWEEN POINT B AND EASTLAKE AVE NE,,,2,Injury Collision,Cycles,4,0,1,1,1,0,0,2013-05-16T00:00:00.000Z,5/16/2013 6:38:00 PM,Mid-Block (not related to intersection),18,"MOTOR VEHICLE STRUCK PEDALCYCLIST, FRONT END AT ANGLE",,N,Clear or Partly Cloudy,Dry,Daylight,,,,45.0,Vehicle - Pedalcyclist,11649,0,N,POINT (1274226.014453605 242173.6891320348),12661.0,1.403072973435018e-06,Clear or Partly Cloudy,2013-05-16,18:38:00,18.0,3,1,1.0,Clear or Partly Cloudy
129251,144324,144324,3508025,Matched,Intersection,27142.0,UNIVERSITY WAY NE AND NE CAMPUS EB PY,,,2,Injury Collision,Cycles,2,0,1,1,1,0,0,2013-01-29T00:00:00.000Z,1/29/2013 8:47:00 PM,At Intersection (intersection related),51,PEDALCYCLIST STRUCK MOTOR VEHICLE FRONT END AT ANGLE,,N,Raining,Wet,Dark - Street Lights On,Y,13029007.0,,45.0,Vehicle - Pedalcyclist,5681,0,N,POINT (1275708.715575129 242791.0504126698),17184.0,0.0,Raining,2013-01-29,20:47:00,20.0,1,1,0.0,Raining
129293,145089,145089,3501517,Matched,Intersection,25758.0,BROOKLYN AVE NE AND NE RAVENNA WB BV,,,2,Injury Collision,Cycles,2,0,1,1,1,0,0,2013-04-25T00:00:00.000Z,4/25/2013 3:29:00 PM,At Intersection (intersection related),18,"MOTOR VEHICLE STRUCK PEDALCYCLIST, FRONT END AT ANGLE",Y,N,Clear or Partly Cloudy,Dry,Daylight,,,,45.0,Vehicle - Pedalcyclist,28932,0,N,POINT (1275594.051639006 248435.3332984596),4286.0,0.0,Clear or Partly Cloudy,2013-04-25,15:29:00,15.0,3,1,1.0,Clear or Partly Cloudy