OBJECTID,INCKEY,COLDETKEY,REPORTNO,STATUS,ADDRTYPE,INTKEY,LOCATION,EXCEPTRSNC,EXCEPTRSND,SEVERITYCO,SEVERITYDE,COLLISIONT,PERSONCOUN,PEDCOUNT,PEDCYLCOUN,VEHCOUNT,INJURIES,SERIOUSINJ,FATALITIES,INCDATE,INCDTTM,JUNCTIONTY,SDOT_COLCO,SDOT_COLDE,INATTENTIO,UNDERINFL,WEATHER,ROADCOND,LIGHTCOND,PEDROWNOTG,SDOTCOLNUM,SPEEDING,ST_COLCODE,ST_COLDESC,SEGLANEKEY,CROSSWALKK,HITPARKEDC,geometry,near_str_index,min_length,weather_group,date,time,hour,dayofweek,weekday,rushhour,weather_group2
129299,144943,144943,3506132,Matched,Intersection,28085.0,AURORA AVE N AND HALLADAY ST,,,2,Injury Collision,Cycles,2,0,1,1,1,0,0,2013-04-23T00:00:00.000Z,4/23/2013 3:06:00 PM,At Intersection (intersection related),51,PEDALCYCLIST STRUCK MOTOR VEHICLE FRONT END AT ANGLE,Y,N,Clear or Partly Cloudy,Dry,Daylight,,,,45.0,Vehicle - Pedalcyclist,16935,0,N,POINT (1267312.544302523 237944.2664077133),16390.0,0.0,Clear or Partly Cloudy,2013-04-23,15:06:00,15.0,1,1,1.0,Clear or Partly Cloudy
129421,144193,144193,3609006,Matched,Block,,UNIVERSITY BR BETWEEN FUHRMAN AVE E AND POINT A,,,2,Injury Collision,Cycles,1,0,1,0,1,0,0,2013-03-07T00:00:00.000Z,3/7/2013 8:50:00 AM,Mid-Block (not related to intersection),69,PEDALCYCLIST OVERTURNED IN ROAD,,N,Raining,Wet,Daylight,,13066021.0,,45.0,Vehicle - Pedalcyclist,15437,0,N,POINT (1273794.575541168 241382.5926832259),995.0,2.2986366870931932e-05,Raining,2013-03-07,08:50:00,8.0,3,1,1.0,Raining
129465,145107,145107,3606076,Matched,Block,,E PINE ST BETWEEN BELMONT AVE AND BOYLSTON AVE,,,2,Injury Collision,Cycles,2,0,1,1,1,0,0,2013-04-28T00:00:00.000Z,4/28/2013 9:53:00 AM,Mid-Block (not related to intersection),54,PEDALCYCLIST STRUCK MOTOR VEHICLE REAR END,,N,Raining,Wet,Daylight,,,Y,45.0,Vehicle - Pedalcyclist,10368,0,N,POINT (1272790.179892138 227976.9255975038),12705.0,8.034556990665497e-11,Raining,2013-04-28,09:53:00,9.0,6,0,1.0,Raining
129500,145867,145887,3344447,Matched,Intersection,30851.0,LAKE PARK DR S AND LAKE WASHINGTON BLVD S,,,2,Injury Collision,Cycles,3,0,1,1,1,0,0,2013-05-04T00:00:00.000Z,5/4/2013,At Intersection (intersection related),18,"MOTOR VEHICLE STRUCK PEDALCYCLIST, FRONT END AT ANGLE",,N,Clear or Partly Cloudy,Dry,Unknown,Y,,,45.0,Vehicle - Pedalcyclist,38003,0,N,POINT (1281515.573053062 216035.582865268),15824.0,0.0,Clear or Partly Cloudy,2013-05-04,00:00:00,,5,0,,Clear or Partly Cloudy
129561,144203,144203,3581755,Matched,Block,,HARVARD AVE BETWEEN E UNION ST AND E PIKE ST,,,2b,Serious Injury Collision,Cycles,2,0,1,1,1,1,0,2013-02-13T00:00:00.000Z,2/13/2013 6:00:00 PM,Mid-Block (not related to intersection),18,"MOTOR VEHICLE STRUCK PEDALCYCLIST, FRONT END AT ANGLE",,N,Unknown,Unknown,Daylight,Y,13044018.0,,45.0,Vehicle - Pedalcyclist,0,0,N,POINT (1273232.371124581 227347.5923488587),14323.0,7.450317353611796e-09,,2013-02-13,18:00:00,18.0,2,1,1.0,
129596,144483,144483,3549009,Matched,Block,,CEDAR ST BETWEEN 4TH AVE AND DENNY WAY,,,2,Injury Collision,Cycles,3,0,2,1,1,0,0,2013-02-03T00:00:00.000Z,2/3/2013 2:16:00 AM,,0,NOT ENOUGH INFORMATION / NOT APPLICABLE,,Y,Clear or Partly Cloudy,Dry,Dark - Street Lights On,,13034018.0,,45.0,Vehicle - Pedalcyclist,41816,0,N,POINT (1266971.56446217 229148.9667506963),8762.0,1.989331938000321e-05,Clear or Partly Cloudy,2013-02-03,02:16:00,2.0,6,0,0.0,Clear or Partly Cloudy
129663,146039,146059,3613512,Matched,Block,,NE 50TH ST BETWEEN 9TH AVE NE AND ROOSEVELT WAY NE,,,1,Property Damage Only Collision,Cycles,2,0,1,1,0,0,0,2013-05-12T00:00:00.000Z,5/12/2013 1:43:00 AM,Mid-Block (not related to intersection),21,"MOTOR VEHICLE STRUCK PEDALCYCLIST, REAR END",,N,Clear or Partly Cloudy,Dry,Dark - Street Lights On,,,,45.0,Vehicle - Pedalcyclist,21448,0,N,POINT (1274625.278518006 246078.297200039),15245.0,2.252704357335449e-05,Clear or Partly Cloudy,2013-05-12,01:43:00,1.0,6,0,0.0,Clear or Partly Cloudy
129688,146455,146475,3641803,Matched,Intersection,275586.0,GREENWOOD AVE N AND PHINNEY AVE N,,,2,Injury Collision,Cycles,4,0,1,1,1,0,0,2013-05-19T00:00:00.000Z,5/19/2013 4:30:00 PM,At Intersection (intersection related),56,PEDALCYCLIST STRUCK MOTOR VEHICLE LEFT SIDE SIDESWIPE,Y,N,Clear or Partly Cloudy,Dry,Daylight,,,,45.0,Vehicle - Pedalcyclist,4303,0,N,POINT (1265541.816108719 250982.0855570585),10075.0,0.0,Clear or Partly Cloudy,2013-05-19,16:30:00,16.0,6,0,1.0,Clear or Partly Cloudy
129806,146460,146480,3644276,Matched,Block,,6TH AVE BETWEEN OLIVE WAY AND STEWART ST,,,2,Injury Collision,Cycles,2,0,1,1,1,0,0,2013-05-20T00:00:00.000Z,5/20/2013 6:29:00 PM,Mid-Block (not related to intersection),51,PEDALCYCLIST STRUCK MOTOR VEHICLE FRONT END AT ANGLE,Y,N,Clear or Partly Cloudy,Dry,Daylight,,,Y,45.0,Vehicle - Pedalcyclist,25428,0,N,POINT (1269644.176560909 227362.5130528808),8688.0,1.7067578941517776e-10,Clear or Partly Cloudy,2013-05-20,18:29:00,18.0,0,1,1.0,Clear or Partly Cloudy
129818,146679,146699,3644256,Matched,Intersection,26775.0,15TH AV W SB OFF RP AND W DRAVUS ST,,,2,Injury Collision,Cycles,2,0,1,1,1,0,0,2013-05-22T00:00:00.000Z,5/22/2013 9:06:00 AM,At Intersection (intersection related),51,PEDALCYCLIST STRUCK MOTOR VEHICLE FRONT END AT ANGLE,Y,N,Raining,Wet,Daylight,,,,45.0,Vehicle - Pedalcyclist,29994,0,N,POINT (1260009.331239045 240357.7898661792),4780.0,0.0,Raining,2013-05-22,09:06:00,9.0,2,1,1.0,Raining
129844,146856,146876,3606183,Matched,Block,,LAKESIDE AVE BETWEEN E YESLER WAY AND LAKE WASHINGTON BLVD,,,2,Injury Collision,Cycles,2,0,1,1,1,0,0,2013-05-25T00:00:00.000Z,5/25/2013 1:42:00 PM,Mid-Block (not related to intersection),56,PEDALCYCLIST STRUCK MOTOR VEHICLE LEFT SIDE SIDESWIPE,,N,Clear or Partly Cloudy,Dry,Daylight,,,,45.0,Vehicle - Pedalcyclist,35102,0,N,POINT (1282309.775549889 223090.135640502),13761.0,1.6349382295988096e-06,Clear or Partly Cloudy,2013-05-25,13:42:00,13.0,5,0,0.0,Clear or Partly Cloudy
129859,146686,146706,3501665,Matched,Intersection,27105.0,UNIVERSITY WAY NE AND NE 41ST ST,,,2,Injury Collision,Cycles,4,0,1,1,1,0,0,2013-05-17T00:00:00.000Z,5/17/2013 4:35:00 PM,At Intersection (intersection related),18,"MOTOR VEHICLE STRUCK PEDALCYCLIST, FRONT END AT ANGLE",,N,Clear or Partly Cloudy,Dry,Daylight,Y,,,45.0,Vehicle - Pedalcyclist,5667,0,N,POINT (1275720.124983132 243099.6817089915),6723.0,0.0,Clear or Partly Cloudy,2013-05-17,16:35:00,16.0,4,1,1.0,Clear or Partly Cloudy
129873,144658,144658,3581940,Matched,Block,,2ND AV ET S BETWEEN S MAIN ST AND S WASHINGTON ST,,,2,Injury Collision,Cycles,2,0,1,1,1,0,0,2013-04-15T00:00:00.000Z,4/15/2013 6:56:00 PM,Mid-Block (not related to intersection),18,"MOTOR VEHICLE STRUCK PEDALCYCLIST, FRONT END AT ANGLE",,N,Clear or Partly Cloudy,Dry,Daylight,,,,45.0,Vehicle - Pedalcyclist,12005,0,N,POINT (1270999.796978295 222614.6374000162),8471.0,5.341536409067881e-06,Clear or Partly Cloudy,2013-04-15,18:56:00,18.0,0,1,1.0,Clear or Partly Cloudy
129911,144982,144982,3567685,Matched,Block,,RAINIER AVE S BETWEEN S CHARLES S ST AND S NORMAN ST,,,2,Injury Collision,Cycles,5,0,1,1,1,0,0,2012-09-18T00:00:00.000Z,9/18/2012 5:30:00 PM,Mid-Block (not related to intersection),23,"MOTOR VEHICLE STRUCK PEDALCYCLIST, LEFT SIDE SIDESWIPE",,N,Clear or Partly Cloudy,Dry,Daylight,,,,45.0,Vehicle - Pedalcyclist,19911,0,N,POINT (1276094.717943519 220091.9227094352),3719.0,9.890947908949955e-06,Clear or Partly Cloudy,2012-09-18,17:30:00,17.0,1,1,1.0,Clear or Partly Cloudy
129935,146250,146270,3465279,Matched,Intersection,34011.0,SYLVAN WAY SW AND SW MORGAN W ST,,,1,Property Damage Only Collision,Cycles,2,0,1,1,0,0,0,2013-05-15T00:00:00.000Z,5/15/2013,At Intersection (intersection related),18,"MOTOR VEHICLE STRUCK PEDALCYCLIST, FRONT END AT ANGLE",Y,N,Clear or Partly Cloudy,Dry,Unknown,,,,45.0,Vehicle - Pedalcyclist,0,613429,N,POINT (1260293.220903337 202474.6860833913),2787.0,0.0,Clear or Partly Cloudy,2013-05-15,00:00:00,,2,1,,Clear or Partly Cloudy
130024,144666,144666,3608784,Matched,Block,,ROOSEVELT WAY NE BETWEEN NE 43RD N ST AND NE 45TH ST,,,2,Injury Collision,Cycles,2,0,1,1,1,0,0,2013-04-15T00:00:00.000Z,4/15/2013 8:35:00 AM,Mid-Block (not related to intersection),54,PEDALCYCLIST STRUCK MOTOR VEHICLE REAR END,,N,Clear or Partly Cloudy,Dry,Daylight,,,,45.0,Vehicle - Pedalcyclist,9002,0,N,POINT (1274643.41477403 244486.5489104092),22683.0,1.6744602144952038e-05,Clear or Partly Cloudy,2013-04-15,08:35:00,8.0,0,1,1.0,Clear or Partly Cloudy
130032,144985,144985,E192354,Matched,Intersection,35704.0,AURORA AVE N AND N 145TH ST,,,2,Injury Collision,Cycles,2,0,1,1,1,0,0,2012-09-11T00:00:00.000Z,9/11/2012 2:35:00 PM,At Intersection (intersection related),18,"MOTOR VEHICLE STRUCK PEDALCYCLIST, FRONT END AT ANGLE",,Y,Clear or Partly Cloudy,Dry,Daylight,Y,,,45.0,Vehicle - Pedalcyclist,0,521697,N,POINT (1268425.846575662 271441.1294180155),3999.0,0.0,Clear or Partly Cloudy,2012-09-11,14:35:00,14.0,1,1,0.0,Clear or Partly Cloudy
130086,146258,146278,3503049,Matched,Block,,N 34TH ST BETWEEN STONE WAY N AND N NORTHLAKE PL,,,1,Property Damage Only Collision,Cycles,2,0,1,1,0,0,0,2013-05-15T00:00:00.000Z,5/15/2013 5:53:00 PM,Mid-Block (not related to intersection),56,PEDALCYCLIST STRUCK MOTOR VEHICLE LEFT SIDE SIDESWIPE,,N,Raining,Wet,Daylight,,,,45.0,Vehicle - Pedalcyclist,8864,0,N,POINT (1268614.591535851 240158.9910179824),15464.0,5.4222888489536305e-09,Raining,2013-05-15,17:53:00,17.0,2,1,1.0,Raining
130098,146068,146088,3208670,Matched,Block,,6TH AVE BETWEEN OLIVE WAY AND STEWART ST,,,2,Injury Collision,Cycles,2,0,1,1,1,0,0,2013-05-13T00:00:00.000Z,5/13/2013 12:15:00 PM,Mid-Block (not related to intersection),56,PEDALCYCLIST STRUCK MOTOR VEHICLE LEFT SIDE SIDESWIPE,,N,Raining,Wet,Daylight,,,,45.0,Vehicle - Pedalcyclist,25428,0,N,POINT (1269644.176560909 227362.5130528808),8688.0,1.7067578941517776e-10,Raining,2013-05-13,12:15:00,12.0,0,1,0.0,Raining
130212,146081,146101,3593914,Matched,Intersection,29062.0,14TH AVE AND E DENNY WAY,,,2,Injury Collision,Cycles,2,0,1,1,1,0,0,2013-05-13T00:00:00.000Z,5/13/2013,At Intersection (intersection related),51,PEDALCYCLIST STRUCK MOTOR VEHICLE FRONT END AT ANGLE,Y,N,Overcast,Dry,Unknown,,,,45.0,Vehicle - Pedalcyclist,0,0,N,POINT (1275193.703990594 229229.1170867831),12278.0,0.0,Overcast,2013-05-13,00:00:00,,0,1,,Clear or Partly Cloudy
130220,146265,146285,3581529,Matched,Intersection,30543.0,MAYNARD AVE S AND S DEARBORN ST,,,2,Injury Collision,Cycles,2,0,1,1,1,0,0,2013-05-16T00:00:00.000Z,5/16/2013 4:20:00 PM,At Intersection (intersection related),51,PEDALCYCLIST STRUCK MOTOR VEHICLE FRONT END AT ANGLE,Y,N,Clear or Partly Cloudy,Dry,Daylight,Y,,,45.0,Vehicle - Pedalcyclist,5807,0,N,POINT (1272375.796019703 220909.8349022716),3657.0,0.0,Clear or Partly Cloudy,2013-05-16,16:20:00,16.0,3,1,1.0,Clear or Partly Cloudy
130227,146268,146288,3548391,Matched,Intersection,30851.0,LAKE PARK DR S AND LAKE WASHINGTON BLVD S,,,2b,Serious Injury Collision,Cycles,2,0,1,1,1,1,0,2013-05-16T00:00:00.000Z,5/16/2013 1:05:00 PM,At Intersection (intersection related),18,"MOTOR VEHICLE STRUCK PEDALCYCLIST, FRONT END AT ANGLE",Y,N,Clear or Partly Cloudy,Dry,Daylight,,,,45.0,Vehicle - Pedalcyclist,38003,0,N,POINT (1281515.573053062 216035.582865268),15824.0,0.0,Clear or Partly Cloudy,2013-05-16,13:05:00,13.0,3,1,0.0,Clear or Partly Cloudy
130246,146882,146902,3593760,Matched,Intersection,29809.0,12TH AVE AND E JEFFERSON ST,,,2,Injury Collision,Cycles,2,0,1,1,1,0,0,2013-05-27T00:00:00.000Z,5/27/2013 12:25:00 PM,At Intersection (intersection related),18,"MOTOR VEHICLE STRUCK PEDALCYCLIST, FRONT END AT ANGLE",Y,N,Raining,Wet,Daylight,,,,45.0,Vehicle - Pedalcyclist,10458,0,N,POINT (1274493.248053879 224651.3819140941),2320.0,0.0,Raining,2013-05-27,12:25:00,12.0,0,1,0.0,Raining
130272,146495,146515,3609109,Matched,Intersection,24205.0,8TH AVE NW AND NW 67TH ST,,,2,Injury Collision,Cycles,2,0,1,1,1,0,0,2013-05-20T00:00:00.000Z,5/20/2013 7:20:00 AM,At Intersection (intersection related),18,"MOTOR VEHICLE STRUCK PEDALCYCLIST, FRONT END AT ANGLE",,N,Clear or Partly Cloudy,Dry,Daylight,Y,,,45.0,Vehicle - Pedalcyclist,2504,0,N,POINT (1262868.684585974 250989.5379730612),6060.0,0.0,Clear or Partly Cloudy,2013-05-20,07:20:00,7.0,0,1,1.0,Clear or Partly Cloudy
130294,144683,144683,3465426,Matched,Intersection,31886.0,35TH AVE SW AND SW DAKOTA ST,,,2,Injury Collision,Cycles,2,0,1,1,1,0,0,2013-04-16T00:00:00.000Z,4/16/2013 5:03:00 PM,At Intersection (intersection related),18,"MOTOR VEHICLE STRUCK PEDALCYCLIST, FRONT END AT ANGLE",,N,Clear or Partly Cloudy,Dry,Daylight,Y,,,45.0,Vehicle - Pedalcyclist,0,0,N,POINT (1259550.966054574 210455.3867635578),10195.0,0.0,Clear or Partly Cloudy,2013-04-16,17:03:00,17.0,1,1,1.0,Clear or Partly Cloudy
130295,144678,144678,3593288,Matched,Intersection,29238.0,LAKE WASHINGTON BLVD E AND E MADISON ST,,,2,Injury Collision,Cycles,2,0,1,1,1,0,0,2013-04-14T00:00:00.000Z,4/14/2013 4:24:00 PM,At Intersection (intersection related),18,"MOTOR VEHICLE STRUCK PEDALCYCLIST, FRONT END AT ANGLE",,N,Clear or Partly Cloudy,Dry,Daylight,Y,,,45.0,Vehicle - Pedalcyclist,8965,0,N,POINT (1280633.632572159 231763.0291533768),10179.0,0.0,Clear or Partly Cloudy,2013-04-14,16:24:00,16.0,6,0,1.0,Clear or Partly Cloudy
130310,144526,144526,3476661,Matched,Block,,12TH AVE BETWEEN E YESLER WAY AND E FIR ST,,,2,Injury Collision,Cycles,3,0,1,1,1,0,0,2013-02-05T00:00:00.000Z,2/5/2013 5:05:00 PM,Mid-Block (not related to intersection),55,PEDALCYCLIST STRUCK MOTOR VEHICLE RIGHT SIDE SIDESWIPE,,N,Raining,Wet,Dark - Street Lights On,,13036008.0,,45.0,Vehicle - Pedalcyclist,10556,0,N,POINT (1274464.679541856 223187.2106485963),12266.0,2.189364124587166e-05,Raining,2013-02-05,17:05:00,17.0,1,1,1.0,Raining
130317,145009,145009,3505273,Matched,Intersection,33778.0,CALIFORNIA AVE SW AND SW FRONTENAC ST,,,2,Injury Collision,Cycles,2,0,1,1,1,0,0,2013-04-24T00:00:00.000Z,4/24/2013 1:05:00 PM,At Intersection (intersection related),51,PEDALCYCLIST STRUCK MOTOR VEHICLE FRONT END AT ANGLE,,N,Clear or Partly Cloudy,Dry,Daylight,,,,45.0,Vehicle - Pedalcyclist,2801,0,N,POINT (1256628.00080359 201117.4129939973),8293.0,0.0,Clear or Partly Cloudy,2013-04-24,13:05:00,13.0,2,1,0.0,Clear or Partly Cloudy
130394,146714,146734,3581636,Matched,Block,,1ST AVE BETWEEN BROAD ST AND EAGLE ST,,,1,Property Damage Only Collision,Cycles,3,1,1,1,0,0,0,2013-05-20T00:00:00.000Z,5/20/2013 5:43:00 PM,Mid-Block (not related to intersection),64,PEDALCYCLIST STRUCK PEDESTRIAN,Y,N,Clear or Partly Cloudy,Dry,Daylight,,,,45.0,Vehicle - Pedalcyclist,13275,0,N,POINT (1265598.861292765 228876.4223024249),9555.0,2.5551688110711475e-06,Clear or Partly Cloudy,2013-05-20,17:43:00,17.0,0,1,1.0,Clear or Partly Cloudy
130398,146895,146915,3502786,Matched,Intersection,36192.0,35TH AVE NE AND NE 125TH ST,,,2,Injury Collision,Cycles,2,0,1,1,1,0,0,2013-05-16T00:00:00.000Z,5/16/2013 5:29:00 PM,At Intersection (intersection related),18,"MOTOR VEHICLE STRUCK PEDALCYCLIST, FRONT END AT ANGLE",,N,Clear or Partly Cloudy,Dry,Daylight,,,,45.0,Vehicle - Pedalcyclist,0,521432,N,POINT (1281685.956925243 265758.3774121851),1361.0,0.0,Clear or Partly Cloudy,2013-05-16,17:29:00,17.0,3,1,1.0,Clear or Partly Cloudy
130465,145018,145018,2618858,Matched,Intersection,30480.0,3RD AVE AND JAMES ST,,,2,Injury Collision,Cycles,3,0,1,2,1,0,0,2013-04-24T00:00:00.000Z,4/24/2013 6:54:00 PM,At Intersection (intersection related),18,"MOTOR VEHICLE STRUCK PEDALCYCLIST, FRONT END AT ANGLE",,N,Clear or Partly Cloudy,Dry,Daylight,,,,45.0,Vehicle - Pedalcyclist,24808,0,N,POINT (1270861.001522154 223468.9616888911),261.0,0.0,Clear or Partly Cloudy,2013-04-24,18:54:00,18.0,2,1,1.0,Clear or Partly Cloudy
130482,145188,145188,3606028,Matched,Intersection,29932.0,4TH AVE AND SENECA ST,,,2,Injury Collision,Cycles,2,0,1,1,1,0,0,2013-04-25T00:00:00.000Z,4/25/2013 6:45:00 PM,At Intersection (intersection related),18,"MOTOR VEHICLE STRUCK PEDALCYCLIST, FRONT END AT ANGLE",,N,Unknown,Unknown,Daylight,Y,,,45.0,Vehicle - Pedalcyclist,12714,0,N,POINT (1270202.906161487 225213.2251146734),2955.0,0.0,,2013-04-25,18:45:00,18.0,3,1,1.0,
130536,146108,146128,2804377,Matched,Intersection,35158.0,5TH AVE S AND S CLOVERDALE ST,,,1,Property Damage Only Collision,Cycles,2,0,1,1,0,0,0,2013-05-08T00:00:00.000Z,5/8/2013 9:25:00 PM,At Intersection (intersection related),18,"MOTOR VEHICLE STRUCK PEDALCYCLIST, FRONT END AT ANGLE",,N,Clear or Partly Cloudy,Dry,Unknown,,,,45.0,Vehicle - Pedalcyclist,33763,0,N,POINT (1271112.207154423 195631.6125403792),3127.0,0.0,Clear or Partly Cloudy,2013-05-08,21:25:00,21.0,2,1,0.0,Clear or Partly Cloudy
130589,144406,144406,3581435,Matched,Block,,HARRISON ST BETWEEN WESTLAKE AVE N AND TERRY AVE N,,,2,Injury Collision,Cycles,4,0,1,1,1,0,0,2013-01-19T00:00:00.000Z,1/19/2013 5:52:00 PM,Driveway Junction,18,"MOTOR VEHICLE STRUCK PEDALCYCLIST, FRONT END AT ANGLE",,N,Overcast,Dry,Dark - Street Lights On,,13019020.0,,45.0,Vehicle - Pedalcyclist,0,0,N,POINT (1269421.024048686 230527.3007681221),6394.0,7.448259037106235e-09,Overcast,2013-01-19,17:52:00,17.0,5,0,1.0,Clear or Partly Cloudy
130608,144261,144261,2617495,Matched,Block,,S JACKSON ST BETWEEN 16TH AVE S AND 17TH AVE S,,,1,Property Damage Only Collision,Cycles,2,0,1,1,0,0,0,2013-01-23T00:00:00.000Z,1/23/2013 8:38:00 AM,Driveway Junction,18,"MOTOR VEHICLE STRUCK PEDALCYCLIST, FRONT END AT ANGLE",,N,Overcast,Dry,Daylight,Y,13023022.0,,45.0,Vehicle - Pedalcyclist,11025,0,N,POINT (1275888.144247308 222079.8864874691),15493.0,3.4565339596483824e-06,Overcast,2013-01-23,08:38:00,8.0,2,1,1.0,Clear or Partly Cloudy
130664,146302,146322,3550108,Matched,Block,,2ND AVE BETWEEN UNION ST AND PIKE ST,,,2,Injury Collision,Cycles,3,0,2,1,2,0,0,2013-05-15T00:00:00.000Z,5/15/2013 7:15:00 AM,Driveway Junction,18,"MOTOR VEHICLE STRUCK PEDALCYCLIST, FRONT END AT ANGLE",Y,N,Clear or Partly Cloudy,Dry,Daylight,,,,45.0,Vehicle - Pedalcyclist,12168,0,N,POINT (1269167.241392419 225698.1291791648),135.0,1.0206619767903732e-08,Clear or Partly Cloudy,2013-05-15,07:15:00,7.0,2,1,1.0,Clear or Partly Cloudy
130671,146299,146319,3593682,Matched,Block,,12TH AVE BETWEEN E SPRING ST AND E MADISON ST,,,2,Injury Collision,Cycles,2,0,1,1,1,0,0,2013-05-16T00:00:00.000Z,5/16/2013 8:50:00 AM,Mid-Block (not related to intersection),56,PEDALCYCLIST STRUCK MOTOR VEHICLE LEFT SIDE SIDESWIPE,,N,Overcast,Dry,Daylight,,,,45.0,Vehicle - Pedalcyclist,10747,0,N,POINT (1274541.572597921 226847.3076763451),19417.0,3.347061679160341e-08,Overcast,2013-05-16,08:50:00,8.0,3,1,1.0,Clear or Partly Cloudy
130675,146541,146561,3606201,Matched,Block,,13TH AVE BETWEEN E COLUMBIA ST AND E MARION ST,,,2,Injury Collision,Cycles,2,0,1,1,1,0,0,2013-05-20T00:00:00.000Z,5/20/2013 6:00:00 PM,Mid-Block (not related to intersection),56,PEDALCYCLIST STRUCK MOTOR VEHICLE LEFT SIDE SIDESWIPE,Y,N,Clear or Partly Cloudy,Dry,Daylight,,,,45.0,Vehicle - Pedalcyclist,0,0,N,POINT (1274847.828918248 225958.3150994331),16938.0,8.320319381186591e-06,Clear or Partly Cloudy,2013-05-20,18:00:00,18.0,0,1,1.0,Clear or Partly Cloudy
130683,146115,146135,3465501,Matched,Block,,DELRIDGE WAY SW BETWEEN SW GENESEE ST AND SW OREGON ST,,,2,Injury Collision,Cycles,2,0,1,1,1,0,0,2013-05-14T00:00:00.000Z,5/14/2013 8:59:00 AM,Mid-Block (not related to intersection),18,"MOTOR VEHICLE STRUCK PEDALCYCLIST, FRONT END AT ANGLE",,N,Clear or Partly Cloudy,Dry,Daylight,Y,,,45.0,Vehicle - Pedalcyclist,22916,0,N,POINT (1262703.086313799 209417.2815465033),3473.0,1.814200912570215e-05,Clear or Partly Cloudy,2013-05-14,08:59:00,8.0,1,1,1.0,Clear or Partly Cloudy
130693,146111,146131,3641854,Matched,Intersection,27013.0,PHINNEY AVE N AND N 39TH ST,,,2,Injury Collision,Cycles,2,0,1,1,1,0,0,2013-05-14T00:00:00.000Z,5/14/2013 4:38:00 PM,At Intersection (intersection related),18,"MOTOR VEHICLE STRUCK PEDALCYCLIST, FRONT END AT ANGLE",Y,N,Clear or Partly Cloudy,Dry,Daylight,Y,,,45.0,Vehicle - Pedalcyclist,27012,0,N,POINT (1265544.259628713 242319.5391161889),4010.0,0.0,Clear or Partly Cloudy,2013-05-14,16:38:00,16.0,1,1,1.0,Clear or Partly Cloudy
130695,146306,146326,3501658,Matched,Intersection,287164.0,30TH AVE NE AND BURKE GILMAN TRL,,,2,Injury Collision,Cycles,2,0,1,1,1,0,0,2013-04-25T00:00:00.000Z,4/25/2013 3:45:00 PM,At Intersection (intersection related),18,"MOTOR VEHICLE STRUCK PEDALCYCLIST, FRONT END AT ANGLE",,N,Clear or Partly Cloudy,Dry,Daylight,,,,45.0,Vehicle - Pedalcyclist,0,525568,N,POINT (1280116.486459643 245793.1419357508),4875.0,0.0,Clear or Partly Cloudy,2013-04-25,15:45:00,15.0,3,1,1.0,Clear or Partly Cloudy
130831,146121,146141,3503048,Matched,Intersection,26675.0,3RD AVE NW AND NW 39TH ST,,,2,Injury Collision,Cycles,2,0,1,1,1,0,0,2013-05-14T00:00:00.000Z,5/14/2013 5:23:00 PM,At Intersection (intersection related),18,"MOTOR VEHICLE STRUCK PEDALCYCLIST, FRONT END AT ANGLE",,N,Clear or Partly Cloudy,Dry,Daylight,Y,,,45.0,Vehicle - Pedalcyclist,0,0,N,POINT (1263973.963819101 242347.9735482186),5458.0,0.0,Clear or Partly Cloudy,2013-05-14,17:23:00,17.0,1,1,1.0,Clear or Partly Cloudy
130894,148110,148130,3606339,Matched,Intersection,29015.0,12TH AVE E AND E REPUBLICAN ST,,,2,Injury Collision,Cycles,3,0,1,1,1,0,0,2013-06-13T00:00:00.000Z,6/13/2013 8:35:00 PM,At Intersection (intersection related),18,"MOTOR VEHICLE STRUCK PEDALCYCLIST, FRONT END AT ANGLE",Y,N,Clear or Partly Cloudy,Dry,Daylight,,,,45.0,Vehicle - Pedalcyclist,10938,0,N,POINT (1274618.489910007 230818.7071044147),1155.0,0.0,Clear or Partly Cloudy,2013-06-13,20:35:00,20.0,3,1,0.0,Clear or Partly Cloudy
130903,147712,147732,3579418,Matched,Intersection,34187.0,CORSON AVE S AND EAST MARGINAL WAY S,,,2,Injury Collision,Cycles,2,0,1,1,1,0,0,2013-06-05T00:00:00.000Z,6/5/2013 7:35:00 AM,At Intersection (intersection related),51,PEDALCYCLIST STRUCK MOTOR VEHICLE FRONT END AT ANGLE,Y,N,Clear or Partly Cloudy,Dry,Daylight,,,,45.0,Vehicle - Pedalcyclist,1200,0,N,POINT (1272326.454835653 200727.4305295944),6890.0,0.0,Clear or Partly Cloudy,2013-06-05,07:35:00,7.0,2,1,1.0,Clear or Partly Cloudy
130950,148668,148688,3641867,Matched,Intersection,25940.0,25TH AVE NE AND NE 54TH ST,,,2,Injury Collision,Cycles,3,0,1,1,1,0,0,2013-06-24T00:00:00.000Z,6/24/2013 2:18:00 PM,At Intersection (intersection related),18,"MOTOR VEHICLE STRUCK PEDALCYCLIST, FRONT END AT ANGLE",,N,Clear or Partly Cloudy,Dry,Daylight,,,,45.0,Vehicle - Pedalcyclist,0,0,N,POINT (1278909.645370394 247104.3432170898),210.0,0.0,Clear or Partly Cloudy,2013-06-24,14:18:00,14.0,0,1,0.0,Clear or Partly Cloudy
131004,147335,147355,3641677,Matched,Intersection,35826.0,LINDEN AVE N AND N 130TH ST,,,2,Injury Collision,Cycles,2,0,1,1,1,0,0,2013-06-02T00:00:00.000Z,6/2/2013 6:31:00 PM,At Intersection (intersection related),18,"MOTOR VEHICLE STRUCK PEDALCYCLIST, FRONT END AT ANGLE",,N,Clear or Partly Cloudy,Dry,Daylight,Y,,,45.0,Vehicle - Pedalcyclist,0,523683,N,POINT (1267585.258030802 267477.2663739473),6997.0,0.0,Clear or Partly Cloudy,2013-06-02,18:31:00,18.0,6,0,1.0,Clear or Partly Cloudy