OBJECTID,INCKEY,COLDETKEY,REPORTNO,STATUS,ADDRTYPE,INTKEY,LOCATION,EXCEPTRSNC,EXCEPTRSND,SEVERITYCO,SEVERITYDE,COLLISIONT,PERSONCOUN,PEDCOUNT,PEDCYLCOUN,VEHCOUNT,INJURIES,SERIOUSINJ,FATALITIES,INCDATE,INCDTTM,JUNCTIONTY,SDOT_COLCO,SDOT_COLDE,INATTENTIO,UNDERINFL,WEATHER,ROADCOND,LIGHTCOND,PEDROWNOTG,SDOTCOLNUM,SPEEDING,ST_COLCODE,ST_COLDESC,SEGLANEKEY,CROSSWALKK,HITPARKEDC,geometry,near_str_index,min_length,weather_group,date,time,hour,dayofweek,weekday,rushhour,weather_group2
131073,147715,147735,3579416,Matched,Intersection,33334.0,BEACON WR AVE S AND S DAWSON ST,,,2,Injury Collision,Cycles,4,0,1,1,1,0,0,2013-06-04T00:00:00.000Z,6/4/2013 2:30:00 PM,At Intersection (intersection related),18,"MOTOR VEHICLE STRUCK PEDALCYCLIST, FRONT END AT ANGLE",,N,Clear or Partly Cloudy,Dry,Daylight,,,,45.0,Vehicle - Pedalcyclist,0,630862,N,POINT (1277409.501240864 206248.9770312607),6166.0,0.0,Clear or Partly Cloudy,2013-06-04,14:30:00,14.0,1,1,0.0,Clear or Partly Cloudy
131091,148675,148695,3574701,Matched,Intersection,29703.0,1ST AVE AND BLANCHARD ST,,,2,Injury Collision,Cycles,2,0,1,1,1,0,0,2013-06-21T00:00:00.000Z,6/21/2013 5:55:00 PM,At Intersection (intersection related),18,"MOTOR VEHICLE STRUCK PEDALCYCLIST, FRONT END AT ANGLE",,N,Clear or Partly Cloudy,Dry,Daylight,,,,45.0,Vehicle - Pedalcyclist,13231,0,N,POINT (1267526.477614745 227123.1643166244),2269.0,0.0,Clear or Partly Cloudy,2013-06-21,17:55:00,17.0,4,1,1.0,Clear or Partly Cloudy
131120,149870,149890,3574966,Matched,Intersection,29533.0,4TH AVE AND BELL ST,,,2,Injury Collision,Cycles,2,0,1,1,1,0,0,2013-07-07T00:00:00.000Z,7/7/2013 1:46:00 AM,At Intersection (intersection related),18,"MOTOR VEHICLE STRUCK PEDALCYCLIST, FRONT END AT ANGLE",,N,Clear or Partly Cloudy,Dry,Dark - Street Lights On,,,,45.0,Vehicle - Pedalcyclist,0,522506,N,POINT (1267861.633071095 228124.4253736585),398.0,0.0,Clear or Partly Cloudy,2013-07-07,01:46:00,1.0,6,0,0.0,Clear or Partly Cloudy
131124,149869,149889,3579931,Matched,Intersection,35449.0,RAINIER AVE S AND S FISHER PL,,,2,Injury Collision,Cycles,2,0,1,1,1,0,0,2013-07-08T00:00:00.000Z,7/8/2013 1:45:00 PM,At Intersection (intersection related),18,"MOTOR VEHICLE STRUCK PEDALCYCLIST, FRONT END AT ANGLE",Y,N,Clear or Partly Cloudy,Dry,Daylight,,,,45.0,Vehicle - Pedalcyclist,0,0,N,POINT (1285454.524225101 193508.5830342025),917.0,0.0,Clear or Partly Cloudy,2013-07-08,13:45:00,13.0,0,1,0.0,Clear or Partly Cloudy
131163,147724,147744,3502199,Matched,Intersection,32505.0,M L KING JR WR WAY S AND S ALASKA ST,,,2,Injury Collision,Cycles,15,0,1,1,1,0,0,2013-06-05T00:00:00.000Z,6/5/2013 8:36:00 AM,At Intersection (intersection related),0,NOT ENOUGH INFORMATION / NOT APPLICABLE,,N,Clear or Partly Cloudy,Dry,Daylight,Y,,,45.0,Vehicle - Pedalcyclist,0,524847,N,POINT (1279918.167867437 207990.9648730308),824.0,0.0,Clear or Partly Cloudy,2013-06-05,08:36:00,8.0,2,1,1.0,Clear or Partly Cloudy
131188,147723,147743,3503275,Matched,Intersection,26896.0,STONE WAY N AND N 34TH ST,,,2,Injury Collision,Cycles,2,0,1,1,1,0,0,2013-06-03T00:00:00.000Z,6/3/2013 9:30:00 AM,At Intersection (intersection related),51,PEDALCYCLIST STRUCK MOTOR VEHICLE FRONT END AT ANGLE,Y,N,Clear or Partly Cloudy,Dry,Daylight,,,,45.0,Vehicle - Pedalcyclist,8843,0,N,POINT (1268384.754735619 240216.4179620296),4878.0,0.0,Clear or Partly Cloudy,2013-06-03,09:30:00,9.0,0,1,1.0,Clear or Partly Cloudy
131196,147726,147746,3476748,Matched,Intersection,29734.0,BOYLSTON AVE AND E PINE ST,,,2,Injury Collision,Cycles,2,0,1,1,1,0,0,2013-06-05T00:00:00.000Z,6/5/2013 9:03:00 AM,At Intersection (intersection related),18,"MOTOR VEHICLE STRUCK PEDALCYCLIST, FRONT END AT ANGLE",,N,Clear or Partly Cloudy,Dry,Daylight,Y,,,45.0,Vehicle - Pedalcyclist,10374,0,N,POINT (1272920.548660263 227975.5196454972),6198.0,0.0,Clear or Partly Cloudy,2013-06-05,09:03:00,9.0,2,1,1.0,Clear or Partly Cloudy
131220,148460,148480,3646252,Matched,Intersection,36527.0,ROOSEVELT WAY NE AND NE 105TH ST,,,2b,Serious Injury Collision,Cycles,2,0,1,1,1,1,0,2013-06-20T00:00:00.000Z,6/20/2013 6:36:00 PM,At Intersection (intersection related),51,PEDALCYCLIST STRUCK MOTOR VEHICLE FRONT END AT ANGLE,Y,N,Raining,Wet,Unknown,Y,,,45.0,Vehicle - Pedalcyclist,7573,0,N,POINT (1274936.421430334 260658.1196149737),1330.0,0.0,Raining,2013-06-20,18:36:00,18.0,3,1,1.0,Raining
131224,148459,148479,3646276,Matched,Intersection,37407.0,FREMONT AVE N AND N 100TH ST,,,2,Injury Collision,Cycles,5,0,1,1,1,0,0,2013-06-20T00:00:00.000Z,6/20/2013 4:30:00 PM,At Intersection (intersection related),51,PEDALCYCLIST STRUCK MOTOR VEHICLE FRONT END AT ANGLE,,N,Raining,Wet,Daylight,,,,45.0,Vehicle - Pedalcyclist,0,0,N,POINT (1266974.798894182 259545.7978218347),1186.0,0.0,Raining,2013-06-20,16:30:00,16.0,3,1,1.0,Raining
131246,149445,149465,3503395,Matched,Intersection,25432.0,8TH AVE NW AND NW 54TH ST,,,2,Injury Collision,Cycles,2,0,1,1,1,0,0,2013-07-03T00:00:00.000Z,7/3/2013 6:47:00 AM,At Intersection (intersection related),51,PEDALCYCLIST STRUCK MOTOR VEHICLE FRONT END AT ANGLE,,N,Clear or Partly Cloudy,Dry,Daylight,Y,,,45.0,Vehicle - Pedalcyclist,2394,0,N,POINT (1262757.745449856 247395.1950573921),4318.0,0.0,Clear or Partly Cloudy,2013-07-03,06:47:00,6.0,2,1,0.0,Clear or Partly Cloudy
131249,149687,149707,3645929,Matched,Intersection,25978.0,15TH AVE NE AND NE 62ND ST,,,2,Injury Collision,Cycles,2,0,1,1,1,0,0,2013-07-06T00:00:00.000Z,7/6/2013 12:38:00 PM,At Intersection (intersection related),51,PEDALCYCLIST STRUCK MOTOR VEHICLE FRONT END AT ANGLE,,N,Clear or Partly Cloudy,Dry,Daylight,,,,45.0,Vehicle - Pedalcyclist,29057,0,N,POINT (1276167.552311599 249345.8559233844),4195.0,0.0,Clear or Partly Cloudy,2013-07-06,12:38:00,12.0,5,0,0.0,Clear or Partly Cloudy
131332,147174,147194,3504697,Matched,Block,,AURORA AVE N BETWEEN N 135TH ST AND N 137TH ST,,,1,Property Damage Only Collision,Cycles,2,0,1,1,0,0,0,2012-10-03T00:00:00.000Z,10/3/2012 2:38:00 PM,Mid-Block (not related to intersection),18,"MOTOR VEHICLE STRUCK PEDALCYCLIST, FRONT END AT ANGLE",,N,Clear or Partly Cloudy,Dry,Daylight,Y,,,45.0,Vehicle - Pedalcyclist,0,0,N,POINT (1268397.51153563 269120.8902476281),3346.0,2.2267220732221162e-05,Clear or Partly Cloudy,2012-10-03,14:38:00,14.0,2,1,0.0,Clear or Partly Cloudy
131357,147939,147959,3506055,Matched,Intersection,29536.0,7TH AVE AND LENORA ST,,,2,Injury Collision,Cycles,2,0,1,1,1,0,0,2013-06-10T00:00:00.000Z,6/10/2013 8:36:00 AM,At Intersection (intersection related),51,PEDALCYCLIST STRUCK MOTOR VEHICLE FRONT END AT ANGLE,,N,Clear or Partly Cloudy,Dry,Daylight,,,,45.0,Vehicle - Pedalcyclist,13747,0,N,POINT (1269142.545712397 228265.8832937926),6026.0,0.0,Clear or Partly Cloudy,2013-06-10,08:36:00,8.0,0,1,1.0,Clear or Partly Cloudy
131396,149454,149474,3465308,Matched,Block,,HARBOR AVE SW BETWEEN SW MARYLAND PL AND CALIFORNIA WAY SW,,,2,Injury Collision,Cycles,2,0,1,1,1,0,0,2013-07-03T00:00:00.000Z,7/3/2013 12:58:00 PM,Mid-Block (not related to intersection),18,"MOTOR VEHICLE STRUCK PEDALCYCLIST, FRONT END AT ANGLE",Y,N,Clear or Partly Cloudy,Dry,Daylight,Y,,,45.0,Vehicle - Pedalcyclist,4106,0,N,POINT (1258205.826917201 219540.360020861),6404.0,2.0954053904114126e-05,Clear or Partly Cloudy,2013-07-03,12:58:00,12.0,2,1,0.0,Clear or Partly Cloudy
131431,149887,149907,3574965,Matched,Intersection,28057.0,NICKERSON ST AND WESTLAKE AVE N,,,2,Injury Collision,Cycles,2,0,1,1,1,0,0,2013-07-06T00:00:00.000Z,7/6/2013 10:13:00 PM,At Intersection (intersection related),18,"MOTOR VEHICLE STRUCK PEDALCYCLIST, FRONT END AT ANGLE",,N,Clear or Partly Cloudy,Dry,Dark - Street Lights On,Y,,,45.0,Vehicle - Pedalcyclist,13884,0,N,POINT (1266650.960429847 239377.199529171),13817.0,0.0,Clear or Partly Cloudy,2013-07-06,22:13:00,22.0,5,0,0.0,Clear or Partly Cloudy
131465,147359,147379,3573328,Matched,Intersection,29570.0,7TH SB AVE N AND DENNY WAY,,,2,Injury Collision,Cycles,2,0,1,1,1,0,0,2013-06-02T00:00:00.000Z,6/2/2013 3:52:00 PM,At Intersection (intersection related),18,"MOTOR VEHICLE STRUCK PEDALCYCLIST, FRONT END AT ANGLE",,N,Clear or Partly Cloudy,Dry,Daylight,,,,45.0,Vehicle - Pedalcyclist,0,521699,N,POINT (1267954.554351181 229285.582750842),3335.0,0.0,Clear or Partly Cloudy,2013-06-02,15:52:00,15.0,6,0,1.0,Clear or Partly Cloudy
131493,148141,148161,3606330,Matched,Block,,E PINE ST BETWEEN SUMMIT AVE AND BELMONT AVE,,,2,Injury Collision,Cycles,2,0,1,1,1,0,0,2013-06-07T00:00:00.000Z,6/7/2013 1:39:00 PM,Mid-Block (not related to intersection),11,"MOTOR VEHICLE STRUCK MOTOR VEHICLE, FRONT END AT ANGLE",,N,Clear or Partly Cloudy,Dry,Daylight,,,Y,45.0,Vehicle - Pedalcyclist,10354,0,N,POINT (1272529.560499862 227979.7152295113),15725.0,7.914454243401768e-11,Clear or Partly Cloudy,2013-06-07,13:39:00,13.0,4,1,0.0,Clear or Partly Cloudy
131531,149246,149266,3560971,Matched,Intersection,589794.0,MERCER NR ST AND WESTLAKE AVE N,,,2,Injury Collision,Cycles,2,0,1,1,1,0,0,2013-07-02T00:00:00.000Z,7/2/2013 8:19:00 AM,At Intersection (intersection related),18,"MOTOR VEHICLE STRUCK PEDALCYCLIST, FRONT END AT ANGLE",Y,N,Clear or Partly Cloudy,Dry,Daylight,Y,,,45.0,Vehicle - Pedalcyclist,0,523122,N,POINT (1269284.461104542 231499.3130571097),2250.0,0.0,Clear or Partly Cloudy,2013-07-02,08:19:00,8.0,1,1,1.0,Clear or Partly Cloudy
131574,146991,147011,3641580,Matched,Block,,BROOKLYN AVE NE BETWEEN NE 45TH ST AND NE 47TH ST,,,2,Injury Collision,Cycles,2,0,1,1,1,0,0,2013-05-28T00:00:00.000Z,5/28/2013 12:30:00 PM,Mid-Block (not related to intersection),56,PEDALCYCLIST STRUCK MOTOR VEHICLE LEFT SIDE SIDESWIPE,,N,Clear or Partly Cloudy,Dry,Daylight,,,,45.0,Vehicle - Pedalcyclist,31456,0,N,POINT (1275507.384758919 245057.1252949983),13325.0,2.752948333964772e-10,Clear or Partly Cloudy,2013-05-28,12:30:00,12.0,1,1,0.0,Clear or Partly Cloudy
131580,149696,149716,3645931,Matched,Block,,GREENWOOD AVE N BETWEEN N 68TH ST AND N 70TH ST,,,2,Injury Collision,Cycles,2,0,1,1,1,0,0,2013-07-07T00:00:00.000Z,7/7/2013,Mid-Block (not related to intersection),54,PEDALCYCLIST STRUCK MOTOR VEHICLE REAR END,Y,N,Clear or Partly Cloudy,Dry,Dark - Street Lights On,,,,45.0,Vehicle - Pedalcyclist,4313,0,N,POINT (1265514.296748683 251447.2790935338),20881.0,2.6859099936309385e-05,Clear or Partly Cloudy,2013-07-07,00:00:00,,6,0,,Clear or Partly Cloudy
131582,149906,149926,3574967,Matched,Block,,EASTLAKE AVE E BETWEEN LAKEVIEW BLVD E AND ALOHA ST,,,2,Injury Collision,Cycles,2,0,1,1,1,0,0,2013-07-10T00:00:00.000Z,7/10/2013 9:35:00 AM,Mid-Block (not related to intersection),54,PEDALCYCLIST STRUCK MOTOR VEHICLE REAR END,,N,Clear or Partly Cloudy,Dry,Daylight,,,,45.0,Vehicle - Pedalcyclist,11578,0,N,POINT (1271572.05521889 231930.0556495488),13739.0,3.973724045880442e-06,Clear or Partly Cloudy,2013-07-10,09:35:00,9.0,2,1,1.0,Clear or Partly Cloudy
131686,149910,149930,3645954,Matched,Block,,ROOSEVELT WAY NE BETWEEN NE 42ND N ST AND NE 43RD S ST,,,1,Property Damage Only Collision,Cycles,2,0,1,1,0,0,0,2013-07-10T00:00:00.000Z,7/10/2013 8:17:00 AM,Driveway Junction,51,PEDALCYCLIST STRUCK MOTOR VEHICLE FRONT END AT ANGLE,,N,Clear or Partly Cloudy,Dry,Daylight,,,,45.0,Vehicle - Pedalcyclist,8990,0,N,POINT (1274621.021750003 243878.6222537905),19030.0,1.4612336307282195e-05,Clear or Partly Cloudy,2013-07-10,08:17:00,8.0,2,1,1.0,Clear or Partly Cloudy
131756,147197,147217,3608883,Matched,Intersection,287172.0,BURKE GILMAN TRL AND NE 70TH ST,,,2,Injury Collision,Cycles,2,0,1,1,1,0,0,2013-05-29T00:00:00.000Z,5/29/2013 7:00:00 PM,At Intersection (intersection related),51,PEDALCYCLIST STRUCK MOTOR VEHICLE FRONT END AT ANGLE,,N,Overcast,Dry,Daylight,,,,45.0,Vehicle - Pedalcyclist,0,524581,N,POINT (1287683.49088338 251095.8747411817),9161.0,0.0,Overcast,2013-05-29,19:00:00,19.0,2,1,1.0,Clear or Partly Cloudy
131764,147006,147026,3465281,Matched,Block,,SW BARTON ST BETWEEN 26TH AVE SW AND 29TH AVE SW,,,2b,Serious Injury Collision,Cycles,2,1,1,0,1,1,0,2013-05-25T00:00:00.000Z,5/25/2013 9:18:00 AM,Mid-Block (not related to intersection),24,MOTOR VEHCILE STRUCK PEDESTRIAN,Y,N,Clear or Partly Cloudy,Dry,Daylight,,,,45.0,Vehicle - Pedalcyclist,0,0,N,POINT (1261257.90519233 193836.8662345409),11526.0,9.724152838349038e-06,Clear or Partly Cloudy,2013-05-25,09:18:00,9.0,5,0,1.0,Clear or Partly Cloudy
131767,147005,147025,3565087,Matched,Intersection,27041.0,ALBION PL N AND N 34TH ST,,,2,Injury Collision,Cycles,2,0,1,1,1,0,0,2011-03-08T00:00:00.000Z,3/8/2011 4:05:00 PM,At Intersection (intersection related),18,"MOTOR VEHICLE STRUCK PEDALCYCLIST, FRONT END AT ANGLE",,Y,Clear or Partly Cloudy,Dry,Daylight,Y,,,45.0,Vehicle - Pedalcyclist,0,0,N,POINT (1267896.383023128 240335.8440101594),7015.0,0.0,Clear or Partly Cloudy,2011-03-08,16:05:00,16.0,1,1,1.0,Clear or Partly Cloudy
131787,147977,147997,3572987,Matched,Block,,ELLIOTT AVE W BETWEEN W HARRISON ST AND 6TH AVE W,,,2,Injury Collision,Cycles,2,0,1,1,1,0,0,2013-06-11T00:00:00.000Z,6/11/2013 12:33:00 PM,Driveway Junction,18,"MOTOR VEHICLE STRUCK PEDALCYCLIST, FRONT END AT ANGLE",Y,N,Overcast,Dry,Daylight,,,,45.0,Vehicle - Pedalcyclist,19202,0,N,POINT (1263061.165610179 230971.8093125671),17911.0,1.0383138592361693e-05,Overcast,2013-06-11,12:33:00,12.0,1,1,0.0,Clear or Partly Cloudy
131793,148523,148543,2618873,Matched,Intersection,30501.0,5TH AVE S AND S MAIN ST,,,1,Property Damage Only Collision,Cycles,2,0,1,1,0,0,0,2013-06-20T00:00:00.000Z,6/20/2013 6:33:00 PM,At Intersection (intersection related),18,"MOTOR VEHICLE STRUCK PEDALCYCLIST, FRONT END AT ANGLE",,N,Raining,Wet,Daylight,,,,45.0,Vehicle - Pedalcyclist,35996,0,N,POINT (1271765.404467091 222453.5182318538),5902.0,0.0,Raining,2013-06-20,18:33:00,18.0,3,1,1.0,Raining
131800,148522,148542,3465771,Matched,Intersection,29928.0,6TH AVE AND SENECA ST,,,2,Injury Collision,Cycles,3,0,1,1,1,0,0,2013-06-19T00:00:00.000Z,6/19/2013 6:06:00 PM,At Intersection (intersection related),51,PEDALCYCLIST STRUCK MOTOR VEHICLE FRONT END AT ANGLE,,N,Overcast,Dry,Daylight,,,,45.0,Vehicle - Pedalcyclist,36492,0,N,POINT (1270756.560434058 225541.2071950138),5977.0,0.0,Overcast,2013-06-19,18:06:00,18.0,2,1,1.0,Clear or Partly Cloudy
131920,148336,148356,3549119,Matched,Block,,5TH AVE BETWEEN UNIVERSITY ST AND UNION ST,,,2,Injury Collision,Cycles,2,0,1,1,1,0,0,2013-06-19T00:00:00.000Z,6/19/2013 8:25:00 AM,Mid-Block (not related to intersection),55,PEDALCYCLIST STRUCK MOTOR VEHICLE RIGHT SIDE SIDESWIPE,,N,Clear or Partly Cloudy,Dry,Daylight,,,,45.0,Vehicle - Pedalcyclist,24889,0,N,POINT (1270215.371505499 225823.7194512933),8658.0,1.2334867892116416e-05,Clear or Partly Cloudy,2013-06-19,08:25:00,8.0,2,1,1.0,Clear or Partly Cloudy
131922,148332,148352,3574927,Matched,Block,,BOREN AVE BETWEEN PINE ST AND OLIVE WAY,,,2,Injury Collision,Cycles,2,0,1,1,1,0,0,2013-06-19T00:00:00.000Z,6/19/2013 5:53:00 PM,Driveway Junction,18,"MOTOR VEHICLE STRUCK PEDALCYCLIST, FRONT END AT ANGLE",,N,Overcast,Dry,Daylight,Y,,,45.0,Vehicle - Pedalcyclist,0,0,N,POINT (1271226.86897853 227907.1490214318),3392.0,1.0009531265102936e-05,Overcast,2013-06-19,17:53:00,17.0,2,1,1.0,Clear or Partly Cloudy
132093,147806,147826,3345973,Matched,Block,,15TH AVE W BETWEEN GILMAN UPPER DR W AND W ARMOUR ST,,,2,Injury Collision,Cycles,3,0,1,1,1,0,0,2013-06-05T00:00:00.000Z,6/5/2013 3:19:00 PM,Mid-Block (not related to intersection),23,"MOTOR VEHICLE STRUCK PEDALCYCLIST, LEFT SIDE SIDESWIPE",,N,Clear or Partly Cloudy,Dry,Daylight,,,,45.0,Vehicle - Pedalcyclist,16108,0,N,POINT (1260120.012327164 238670.9089684486),9580.0,2.241353236557248e-05,Clear or Partly Cloudy,2013-06-05,15:19:00,15.0,2,1,1.0,Clear or Partly Cloudy
132137,149278,149298,3606350,Matched,Block,,12TH AVE BETWEEN E COLUMBIA ST AND E MARION ST,,,2,Injury Collision,Cycles,2,0,1,1,1,0,0,2013-07-02T00:00:00.000Z,7/2/2013 7:00:00 PM,Mid-Block (not related to intersection),18,"MOTOR VEHICLE STRUCK PEDALCYCLIST, FRONT END AT ANGLE",,N,Clear or Partly Cloudy,Dry,Daylight,,,,45.0,Vehicle - Pedalcyclist,10701,0,N,POINT (1274518.8026779 225966.6191634387),8407.0,5.730560052789369e-06,Clear or Partly Cloudy,2013-07-02,19:00:00,19.0,1,1,1.0,Clear or Partly Cloudy
132217,148548,148568,3374047,Matched,Intersection,32711.0,39TH AVE S AND S GENESEE ST,,,2b,Serious Injury Collision,Cycles,3,0,1,1,1,1,0,2011-08-03T00:00:00.000Z,8/3/2011 4:07:00 PM,At Intersection (intersection related),51,PEDALCYCLIST STRUCK MOTOR VEHICLE FRONT END AT ANGLE,,N,Clear or Partly Cloudy,Dry,Daylight,,,,45.0,Vehicle - Pedalcyclist,0,0,N,POINT (1282318.292029887 209153.0489702225),11800.0,0.0,Clear or Partly Cloudy,2011-08-03,16:07:00,16.0,2,1,1.0,Clear or Partly Cloudy
132225,148015,148035,3501752,Matched,Block,,NE 45TH ST BETWEEN 1ST AVE NE AND 2ND AVE NE,,,1,Property Damage Only Collision,Cycles,3,0,1,1,0,0,0,2013-06-07T00:00:00.000Z,6/7/2013 11:00:00 PM,Driveway Junction,51,PEDALCYCLIST STRUCK MOTOR VEHICLE FRONT END AT ANGLE,Y,N,Clear or Partly Cloudy,Dry,Dark - Street Lights On,,,,45.0,Vehicle - Pedalcyclist,6532,0,N,POINT (1272176.522995502 244818.3334227502),18208.0,3.0169654243669977e-05,Clear or Partly Cloudy,2013-06-07,23:00:00,23.0,4,1,0.0,Clear or Partly Cloudy
132246,148770,148790,3380624,Matched,Block,,BEACH DR SW BETWEEN SW DOUGLAS PL AND SW GENESEE ST,,,2,Injury Collision,Cycles,2,0,1,1,1,0,0,2013-06-24T00:00:00.000Z,6/24/2013 4:30:00 PM,Mid-Block (not related to intersection),56,PEDALCYCLIST STRUCK MOTOR VEHICLE LEFT SIDE SIDESWIPE,Y,N,Clear or Partly Cloudy,Dry,Daylight,,,,45.0,Vehicle - Pedalcyclist,4014,0,N,POINT (1251794.133982629 210205.6983153075),13719.0,3.027989282951488e-06,Clear or Partly Cloudy,2013-06-24,16:30:00,16.0,0,1,1.0,Clear or Partly Cloudy
132262,148576,148596,3646103,Matched,Intersection,26896.0,STONE WAY N AND N 34TH ST,,,2,Injury Collision,Cycles,5,0,1,1,1,0,0,2013-06-22T00:00:00.000Z,6/22/2013 11:35:00 AM,At Intersection (intersection related),18,"MOTOR VEHICLE STRUCK PEDALCYCLIST, FRONT END AT ANGLE",Y,N,Clear or Partly Cloudy,Dry,Daylight,,,,45.0,Vehicle - Pedalcyclist,0,523424,N,POINT (1268384.754735619 240216.4179620296),4878.0,0.0,Clear or Partly Cloudy,2013-06-22,11:35:00,11.0,5,0,0.0,Clear or Partly Cloudy
132267,148572,148592,3646258,Matched,Intersection,25679.0,FREMONT AVE N AND N 47TH ST,,,1,Property Damage Only Collision,Cycles,2,0,1,1,0,0,0,2013-06-22T00:00:00.000Z,6/22/2013 5:12:00 PM,At Intersection (intersection related),51,PEDALCYCLIST STRUCK MOTOR VEHICLE FRONT END AT ANGLE,,N,Clear or Partly Cloudy,Dry,Daylight,,,,45.0,Vehicle - Pedalcyclist,8476,0,N,POINT (1266700.376877904 245479.3540314287),1257.0,0.0,Clear or Partly Cloudy,2013-06-22,17:12:00,17.0,5,0,1.0,Clear or Partly Cloudy
132296,149288,149308,3643735,Matched,Intersection,28925.0,5TH AVE N AND HARRISON ST,,,2b,Serious Injury Collision,Cycles,3,0,1,1,2,1,0,2013-07-02T00:00:00.000Z,7/2/2013 2:05:00 PM,At Intersection (intersection related),51,PEDALCYCLIST STRUCK MOTOR VEHICLE FRONT END AT ANGLE,Y,N,Clear or Partly Cloudy,Dry,Daylight,Y,,,45.0,Vehicle - Pedalcyclist,23596,0,N,POINT (1267007.855662212 230587.8020161837),3572.0,0.0,Clear or Partly Cloudy,2013-07-02,14:05:00,14.0,1,1,0.0,Clear or Partly Cloudy
132366,148775,148795,3551122,Matched,Intersection,26071.0,20TH AVE NE AND NE 47TH ST,,,2,Injury Collision,Cycles,4,0,1,1,1,0,0,2013-06-24T00:00:00.000Z,6/24/2013 11:36:00 PM,At Intersection (intersection related),51,PEDALCYCLIST STRUCK MOTOR VEHICLE FRONT END AT ANGLE,,N,Clear or Partly Cloudy,Dry,Unknown,,,,45.0,Vehicle - Pedalcyclist,0,0,N,POINT (1277421.669176877 245344.2085592896),1406.0,0.0,Clear or Partly Cloudy,2013-06-24,23:36:00,23.0,0,1,0.0,Clear or Partly Cloudy
132421,149784,149804,3581534,Matched,Block,,SEATTLE BLVD S BETWEEN S DEARBORN ST AND 6TH W AVE S,,,1,Property Damage Only Collision,Cycles,2,0,1,1,0,0,0,2013-07-09T00:00:00.000Z,7/9/2013 4:25:00 PM,Mid-Block (not related to intersection),0,NOT ENOUGH INFORMATION / NOT APPLICABLE,,N,Clear or Partly Cloudy,Dry,Daylight,Y,,,45.0,Vehicle - Pedalcyclist,0,522974,N,POINT (1271888.868083209 220783.4986461401),6096.0,1.2624549605311936e-05,Clear or Partly Cloudy,2013-07-09,16:25:00,16.0,1,1,1.0,Clear or Partly Cloudy
132435,147261,147281,3643935,Matched,Block,,4TH AVE S BETWEEN I90 WB 4TH AV OFF RP AND S ROYAL BROUGHAM WAY,,,2,Injury Collision,Cycles,2,0,1,1,1,0,0,2013-05-29T00:00:00.000Z,5/29/2013 6:30:00 AM,Driveway Junction,51,PEDALCYCLIST STRUCK MOTOR VEHICLE FRONT END AT ANGLE,,N,Raining,Wet,Daylight,Y,,,45.0,Vehicle - Pedalcyclist,0,0,N,POINT (1271376.241522685 220019.276949361),13663.0,1.2009641959698453e-05,Raining,2013-05-29,06:30:00,6.0,2,1,0.0,Raining
132459,147263,147283,3641860,Matched,Block,,19TH AVE NE BETWEEN NE 80TH ST AND NE 82ND ST,,,1,Property Damage Only Collision,Cycles,2,0,1,1,0,0,0,2013-05-29T00:00:00.000Z,5/29/2013 3:44:00 PM,Mid-Block (not related to intersection),51,PEDALCYCLIST STRUCK MOTOR VEHICLE FRONT END AT ANGLE,,N,Clear or Partly Cloudy,Wet,Daylight,,,,45.0,Vehicle - Pedalcyclist,0,0,N,POINT (1277260.072632715 254288.1614004523),21949.0,2.7116468945301582e-05,Clear or Partly Cloudy,2013-05-29,15:44:00,15.0,2,1,1.0,Clear or Partly Cloudy
132517,148219,148239,3646433,Matched,Block,,SHILSHOLE AVE NW BETWEEN 20TH AVE NW AND NW VERNON PL,,,2,Injury Collision,Cycles,2,0,1,1,1,0,0,2013-06-15T00:00:00.000Z,6/15/2013 9:27:00 AM,Mid-Block (not related to intersection),18,"MOTOR VEHICLE STRUCK PEDALCYCLIST, FRONT END AT ANGLE",,N,Clear or Partly Cloudy,Dry,Daylight,,,,45.0,Vehicle - Pedalcyclist,17202,0,N,POINT (1258567.288357571 246447.4785124213),21084.0,1.6239899364570432e-05,Clear or Partly Cloudy,2013-06-15,09:27:00,9.0,5,0,1.0,Clear or Partly Cloudy
132521,148032,148052,3572989,Matched,Intersection,29675.0,3RD AVE AND VINE ST,,,2,Injury Collision,Cycles,2,0,1,1,2,0,0,2013-06-11T00:00:00.000Z,6/11/2013 6:13:00 PM,At Intersection (intersection related),18,"MOTOR VEHICLE STRUCK PEDALCYCLIST, FRONT END AT ANGLE",,N,Clear or Partly Cloudy,Dry,Daylight,,,,45.0,Vehicle - Pedalcyclist,35620,0,N,POINT (1266876.69943808 228585.2112941295),13811.0,0.0,Clear or Partly Cloudy,2013-06-11,18:13:00,18.0,1,1,1.0,Clear or Partly Cloudy