OBJECTID,INCKEY,COLDETKEY,REPORTNO,STATUS,ADDRTYPE,INTKEY,LOCATION,EXCEPTRSNC,EXCEPTRSND,SEVERITYCO,SEVERITYDE,COLLISIONT,PERSONCOUN,PEDCOUNT,PEDCYLCOUN,VEHCOUNT,INJURIES,SERIOUSINJ,FATALITIES,INCDATE,INCDTTM,JUNCTIONTY,SDOT_COLCO,SDOT_COLDE,INATTENTIO,UNDERINFL,WEATHER,ROADCOND,LIGHTCOND,PEDROWNOTG,SDOTCOLNUM,SPEEDING,ST_COLCODE,ST_COLDESC,SEGLANEKEY,CROSSWALKK,HITPARKEDC,geometry,near_str_index,min_length,weather_group,date,time,hour,dayofweek,weekday,rushhour,weather_group2
132533,149127,149147,3646161,Matched,Block,,FREMONT AVE N BETWEEN N 36TH ST AND N 38TH ST,,,2,Injury Collision,Cycles,2,0,1,1,1,0,0,2013-06-28T00:00:00.000Z,6/28/2013 5:34:00 PM,Mid-Block (not related to intersection),18,"MOTOR VEHICLE STRUCK PEDALCYCLIST, FRONT END AT ANGLE",,N,Clear or Partly Cloudy,Dry,Daylight,,,,45.0,Vehicle - Pedalcyclist,8364,0,N,POINT (1266647.413421839 241526.9393073767),15191.0,7.447914690328972e-09,Clear or Partly Cloudy,2013-06-28,17:34:00,17.0,4,1,1.0,Clear or Partly Cloudy
132612,147272,147292,3606233,Matched,Block,,12TH AVE BETWEEN E JAMES CT AND E CHERRY ST,,,2,Injury Collision,Cycles,2,0,1,1,1,0,0,2013-05-29T00:00:00.000Z,5/29/2013 9:27:00 AM,Mid-Block (not related to intersection),51,PEDALCYCLIST STRUCK MOTOR VEHICLE FRONT END AT ANGLE,,N,Overcast,Wet,Daylight,Y,,,45.0,Vehicle - Pedalcyclist,10655,0,N,POINT (1274504.182645887 225212.4613386691),11653.0,3.047921913200608e-05,Overcast,2013-05-29,09:27:00,9.0,2,1,1.0,Clear or Partly Cloudy
132660,147661,147681,3579437,Matched,Block,,RAINIER AVE S BETWEEN S FONTANELLE ST AND S AUSTIN ST,,,1,Property Damage Only Collision,Cycles,2,0,1,1,0,0,0,2013-06-02T00:00:00.000Z,6/2/2013 5:20:00 AM,Mid-Block (not related to intersection),0,NOT ENOUGH INFORMATION / NOT APPLICABLE,,N,Unknown,Unknown,Unknown,,,,45.0,Vehicle - Pedalcyclist,0,0,N,POINT (1285553.138241202 198574.752511397),915.0,1.8175436352287173e-05,,2013-06-02,05:20:00,5.0,6,0,0.0,
132672,148606,148626,3465505,Matched,Intersection,32155.0,EAST MARGINAL WAY S AND S HORTON ST,,,2b,Serious Injury Collision,Cycles,2,0,1,1,1,1,0,2013-06-19T00:00:00.000Z,6/19/2013 8:00:00 AM,At Intersection (intersection related),51,PEDALCYCLIST STRUCK MOTOR VEHICLE FRONT END AT ANGLE,,N,Unknown,Unknown,Daylight,,,,45.0,Vehicle - Pedalcyclist,4642,0,N,POINT (1268555.499823794 213159.701646328),6885.0,0.0,,2013-06-19,08:00:00,8.0,2,1,1.0,
132681,148599,148619,3552083,Matched,Intersection,29161.0,SUMMIT AVE E AND E OLIVE WAY,,,2,Injury Collision,Cycles,5,0,1,1,1,0,0,2013-06-22T00:00:00.000Z,6/22/2013 8:08:00 PM,At Intersection (intersection related),18,"MOTOR VEHICLE STRUCK PEDALCYCLIST, FRONT END AT ANGLE",,Y,Clear or Partly Cloudy,Dry,Dusk,Y,,,45.0,Vehicle - Pedalcyclist,23263,0,N,POINT (1272484.614195824 229321.0292788744),975.0,0.0,Clear or Partly Cloudy,2013-06-22,20:08:00,20.0,5,0,0.0,Clear or Partly Cloudy
132695,149610,149630,3552086,Matched,Block,,LAKESIDE AVE S BETWEEN E YESLER WAY AND S LESCHI PL,,,2b,Serious Injury Collision,Cycles,2,0,1,1,1,1,0,2013-07-06T00:00:00.000Z,7/6/2013 4:55:00 PM,Mid-Block (not related to intersection),56,PEDALCYCLIST STRUCK MOTOR VEHICLE LEFT SIDE SIDESWIPE,,N,Clear or Partly Cloudy,Dry,Daylight,Y,,,45.0,Vehicle - Pedalcyclist,35091,0,N,POINT (1282117.275005683 222472.2930158675),11113.0,2.091763646502596e-05,Clear or Partly Cloudy,2013-07-06,16:55:00,16.0,5,0,1.0,Clear or Partly Cloudy
132697,149332,149352,3579542,Matched,Block,,S OTHELLO ST BETWEEN 38TH AVE S AND 39TH AVE S,,,2,Injury Collision,Cycles,2,0,1,1,1,0,0,2013-06-24T00:00:00.000Z,6/24/2013 4:28:00 PM,Mid-Block (not related to intersection),51,PEDALCYCLIST STRUCK MOTOR VEHICLE FRONT END AT ANGLE,,N,Overcast,Dry,Daylight,,,,45.0,Vehicle - Pedalcyclist,24182,0,N,POINT (1282089.962813661 199273.7552641183),16486.0,0.0,Overcast,2013-06-24,16:28:00,16.0,0,1,1.0,Clear or Partly Cloudy
132701,149607,149627,3551815,Matched,Block,,E PIKE ST BETWEEN 10TH AVE AND 11TH AVE,,,2,Injury Collision,Cycles,2,0,1,1,1,0,0,2013-07-07T00:00:00.000Z,7/7/2013 3:00:00 AM,Mid-Block (not related to intersection),56,PEDALCYCLIST STRUCK MOTOR VEHICLE LEFT SIDE SIDESWIPE,,N,Clear or Partly Cloudy,Dry,Dark - Street Lights On,,,,45.0,Vehicle - Pedalcyclist,31243,0,N,POINT (1274051.69016543 227537.2437410504),1145.0,2.6589055945385706e-05,Clear or Partly Cloudy,2013-07-07,03:00:00,3.0,6,0,0.0,Clear or Partly Cloudy
132727,147277,147297,3551860,Matched,Block,,12TH AVE BETWEEN E SPRING ST AND E MADISON ST,,,2,Injury Collision,Cycles,2,0,1,1,1,0,0,2013-05-29T00:00:00.000Z,5/29/2013 6:21:00 PM,Mid-Block (not related to intersection),51,PEDALCYCLIST STRUCK MOTOR VEHICLE FRONT END AT ANGLE,,N,Clear or Partly Cloudy,Dry,Daylight,Y,,,45.0,Vehicle - Pedalcyclist,10751,0,N,POINT (1274541.572597921 226847.3076763451),19417.0,3.347061679160341e-08,Clear or Partly Cloudy,2013-05-29,18:21:00,18.0,2,1,1.0,Clear or Partly Cloudy
132830,148249,148269,3548997,Matched,Block,,STEWART ST BETWEEN TERRY AVE AND BOREN AVE,,,2,Injury Collision,Cycles,2,0,1,1,1,0,0,2013-06-13T00:00:00.000Z,6/13/2013 10:20:00 AM,Driveway Junction,18,"MOTOR VEHICLE STRUCK PEDALCYCLIST, FRONT END AT ANGLE",,N,Clear or Partly Cloudy,Dry,Daylight,,,,45.0,Vehicle - Pedalcyclist,0,0,N,POINT (1270530.444337815 228526.0448300689),13801.0,0.0,Clear or Partly Cloudy,2013-06-13,10:20:00,10.0,3,1,0.0,Clear or Partly Cloudy
132836,149341,149361,3550226,Matched,Block,,E PINE ST BETWEEN 10TH AVE AND 11TH AVE,,,2b,Serious Injury Collision,Cycles,2,1,1,0,1,1,0,2013-05-17T00:00:00.000Z,5/17/2013 7:50:00 AM,Mid-Block (but intersection related),64,PEDALCYCLIST STRUCK PEDESTRIAN,Y,N,Clear or Partly Cloudy,Dry,Daylight,Y,,,45.0,Vehicle - Pedalcyclist,10414,0,N,POINT (1274055.272949427 227960.3691174835),17524.0,1.5930485444808593e-05,Clear or Partly Cloudy,2013-05-17,07:50:00,7.0,4,1,1.0,Clear or Partly Cloudy
132873,148962,148982,3560790,Matched,Intersection,26741.0,15TH AVE W AND W EMERSON ST,,,2,Injury Collision,Cycles,2,0,1,1,1,0,0,2011-05-25T00:00:00.000Z,5/25/2011 2:34:00 PM,At Intersection (intersection related),54,PEDALCYCLIST STRUCK MOTOR VEHICLE REAR END,,N,Raining,Wet,Daylight,,,,45.0,Vehicle - Pedalcyclist,0,0,N,POINT (1260183.899431229 242368.3962042332),2099.0,0.0,Raining,2011-05-25,14:34:00,14.0,2,1,0.0,Raining
132901,147098,147118,3505262,Matched,Intersection,34946.0,34TH AVE SW AND SW BARTON ST,,,2,Injury Collision,Cycles,7,0,1,1,1,0,0,2012-10-16T00:00:00.000Z,10/16/2012 6:43:00 PM,At Intersection (intersection related),51,PEDALCYCLIST STRUCK MOTOR VEHICLE FRONT END AT ANGLE,,N,Clear or Partly Cloudy,Dry,Dark - Street Lights On,,,,45.0,Vehicle - Pedalcyclist,0,0,N,POINT (1259412.410918429 193886.1384905875),1950.0,0.0,Clear or Partly Cloudy,2012-10-16,18:43:00,18.0,1,1,1.0,Clear or Partly Cloudy
132902,149826,149846,3501679,Matched,Block,,SEAVIEW AVE NW BETWEEN NW 75TH ST AND SEAVIEW PL NW,,,2,Injury Collision,Cycles,2,0,1,1,1,0,0,2013-06-29T00:00:00.000Z,6/29/2013 4:59:00 PM,Mid-Block (not related to intersection),56,PEDALCYCLIST STRUCK MOTOR VEHICLE LEFT SIDE SIDESWIPE,Y,N,Clear or Partly Cloudy,Dry,Daylight,,,,45.0,Vehicle - Pedalcyclist,0,0,N,POINT (1253868.942432761 253919.8641200662),6661.0,3.250045889884105e-05,Clear or Partly Cloudy,2013-06-29,16:59:00,16.0,5,0,1.0,Clear or Partly Cloudy
132951,148634,148654,3508315,Matched,Block,,NE 75TH ST BETWEEN 27TH AVE NE AND 28TH AVE NE,,,2,Injury Collision,Cycles,2,0,1,1,1,0,0,2012-10-27T00:00:00.000Z,10/27/2012 6:03:00 AM,Mid-Block (not related to intersection),54,PEDALCYCLIST STRUCK MOTOR VEHICLE REAR END,,N,Raining,Wet,Dark - Street Lights On,,,,45.0,Vehicle - Pedalcyclist,40936,0,N,POINT (1279680.367419183 252587.3245986998),23344.0,7.58614026396266e-09,Raining,2012-10-27,06:03:00,6.0,5,0,0.0,Raining
133020,147106,147126,3504746,Matched,Block,,UNIVERSITY WAY NE BETWEEN NE 45TH ST AND NE 47TH ST,,,2,Injury Collision,Cycles,2,0,1,1,1,0,0,2012-10-09T00:00:00.000Z,10/9/2012 2:25:00 PM,Mid-Block (not related to intersection),22,"MOTOR VEHICLE STRUCK PEDALCYCLIST, RIGHT SIDE SIDESWIPE",,N,Clear or Partly Cloudy,Dry,Daylight,,,,45.0,Vehicle - Pedalcyclist,5645,0,N,POINT (1275789.728567213 245048.8713429868),13344.0,7.227023133070065e-09,Clear or Partly Cloudy,2012-10-09,14:25:00,14.0,1,1,0.0,Clear or Partly Cloudy
133046,147317,147337,3502170,Matched,Block,,AIRPORT WAY S BETWEEN CITY LIMITS C AND S NORFOLK ST,,,3,Fatality Collision,Cycles,2,0,1,1,0,0,1,2013-05-30T00:00:00.000Z,5/30/2013 6:48:00 AM,Mid-Block (not related to intersection),21,"MOTOR VEHICLE STRUCK PEDALCYCLIST, REAR END",,N,Overcast,Dry,Daylight,,,,45.0,Vehicle - Pedalcyclist,19366,0,N,POINT (1280551.312636077 191773.9178804308),6105.0,9.02666592184732e-06,Overcast,2013-05-30,06:48:00,6.0,3,1,0.0,Clear or Partly Cloudy
133060,147887,147907,3573129,Matched,Block,,2ND AVE BETWEEN BLANCHARD ST AND BELL ST,,,2,Injury Collision,Cycles,3,0,1,1,2,0,0,2013-06-05T00:00:00.000Z,6/5/2013 5:46:00 PM,Mid-Block (not related to intersection),55,PEDALCYCLIST STRUCK MOTOR VEHICLE RIGHT SIDE SIDESWIPE,,Y,Clear or Partly Cloudy,Dry,Daylight,,,,45.0,Vehicle - Pedalcyclist,12217,0,N,POINT (1267585.735790804 227504.7279650271),14593.0,1.986823639705184e-05,Clear or Partly Cloudy,2013-06-05,17:46:00,17.0,2,1,1.0,Clear or Partly Cloudy
133115,148265,148285,3465456,Matched,Block,,HARBOR AVE SW BETWEEN SW HARBOR LN AND SW SPOKANE NR ST,,,2,Injury Collision,Cycles,2,0,1,1,1,0,0,2013-06-16T00:00:00.000Z,6/16/2013 11:40:00 AM,Driveway Junction,51,PEDALCYCLIST STRUCK MOTOR VEHICLE FRONT END AT ANGLE,Y,N,Clear or Partly Cloudy,Dry,Daylight,,,,45.0,Vehicle - Pedalcyclist,0,0,N,POINT (1260904.91856797 213282.4192784578),17935.0,1.846088512135144e-05,Clear or Partly Cloudy,2013-06-16,11:40:00,11.0,6,0,0.0,Clear or Partly Cloudy
133129,148660,148680,3502841,Matched,Block,,30TH AVE NE BETWEEN NE 107TH ST AND NE 110TH ST,,,2,Injury Collision,Cycles,2,0,1,1,1,0,0,2013-06-22T00:00:00.000Z,6/22/2013 12:40:00 PM,Driveway Junction,51,PEDALCYCLIST STRUCK MOTOR VEHICLE FRONT END AT ANGLE,,N,Clear or Partly Cloudy,Dry,Daylight,,,,45.0,Vehicle - Pedalcyclist,33486,0,N,POINT (1280265.104891792 261513.1260798424),5493.0,8.248702228553133e-06,Clear or Partly Cloudy,2013-06-22,12:40:00,12.0,5,0,0.0,Clear or Partly Cloudy
133175,147324,147344,3503274,Matched,Intersection,27070.0,7TH AVE NE AND NE 45TH ST,,,2,Injury Collision,Cycles,2,0,1,1,1,0,0,2013-05-30T00:00:00.000Z,5/30/2013 3:00:00 PM,At Intersection (intersection related),18,"MOTOR VEHICLE STRUCK PEDALCYCLIST, FRONT END AT ANGLE",,N,Clear or Partly Cloudy,Dry,Daylight,Y,,,45.0,Vehicle - Pedalcyclist,0,522069,N,POINT (1273908.208693281 244770.8171986938),556.0,0.0,Clear or Partly Cloudy,2013-05-30,15:00:00,15.0,3,1,1.0,Clear or Partly Cloudy
133192,147326,147346,3503942,Matched,Intersection,29579.0,4TH AVE AND PINE ST,,,2,Injury Collision,Cycles,2,0,1,1,1,0,0,2013-06-01T00:00:00.000Z,6/1/2013 7:21:00 AM,At Intersection (intersection related),18,"MOTOR VEHICLE STRUCK PEDALCYCLIST, FRONT END AT ANGLE",,N,Clear or Partly Cloudy,Dry,Daylight,,,,45.0,Vehicle - Pedalcyclist,23687,0,N,POINT (1269395.978288665 226576.0889880657),895.0,0.0,Clear or Partly Cloudy,2013-06-01,07:21:00,7.0,5,0,1.0,Clear or Partly Cloudy
133228,150891,150911,3581833,Matched,Intersection,28332.0,EASTLAKE AVE E AND E GARFIELD ST,,,2,Injury Collision,Cycles,3,0,1,1,1,0,0,2013-07-20T00:00:00.000Z,7/20/2013 9:27:00 PM,At Intersection (intersection related),18,"MOTOR VEHICLE STRUCK PEDALCYCLIST, FRONT END AT ANGLE",,N,Clear or Partly Cloudy,Dry,Dusk,,,,45.0,Vehicle - Pedalcyclist,24787,0,N,POINT (1272516.78597185 234779.6425324678),8786.0,0.0,Clear or Partly Cloudy,2013-07-20,21:27:00,21.0,5,0,0.0,Clear or Partly Cloudy
133408,152483,152503,3644151,Matched,Intersection,28797.0,DEXTER AVE N AND JOHN ST,,,2b,Serious Injury Collision,Cycles,2,0,1,1,1,1,0,2013-08-14T00:00:00.000Z,8/14/2013 2:25:00 PM,At Intersection (intersection related),51,PEDALCYCLIST STRUCK MOTOR VEHICLE FRONT END AT ANGLE,,N,Overcast,Dry,Daylight,,,,45.0,Vehicle - Pedalcyclist,12574,0,N,POINT (1268273.173295513 229703.638431266),3489.0,0.0,Overcast,2013-08-14,14:25:00,14.0,2,1,0.0,Clear or Partly Cloudy
133410,152186,152206,3589953,Matched,Intersection,32354.0,1ST AVE S AND S SPOKANE NR ST,,,1,Property Damage Only Collision,Cycles,3,0,1,1,0,0,0,2013-08-10T00:00:00.000Z,8/10/2013 9:27:00 PM,At Intersection (intersection related),51,PEDALCYCLIST STRUCK MOTOR VEHICLE FRONT END AT ANGLE,,N,Overcast,Dry,Dark - Street Lights On,,,,45.0,Vehicle - Pedalcyclist,0,525550,N,POINT (1269952.252721235 212153.9805573076),2251.0,0.0,Overcast,2013-08-10,21:27:00,21.0,5,0,0.0,Clear or Partly Cloudy
133421,152003,152023,3671740,Matched,Block,,LAKE WASHINGTON BLVD S BETWEEN LAKE PARK DR S AND S HORTON NR ST,,,2,Injury Collision,Cycles,3,0,1,1,1,0,0,2013-03-22T00:00:00.000Z,3/22/2013 3:09:00 PM,Mid-Block (not related to intersection),56,PEDALCYCLIST STRUCK MOTOR VEHICLE LEFT SIDE SIDESWIPE,,N,Clear or Partly Cloudy,Dry,Daylight,,,,45.0,Vehicle - Pedalcyclist,38080,0,N,POINT (1282466.716670036 214528.5998877287),16656.0,1.729022140382883e-05,Clear or Partly Cloudy,2013-03-22,15:09:00,15.0,4,1,1.0,Clear or Partly Cloudy
133440,152883,152903,3589940,Matched,Block,,44TH AVE S BETWEEN S CLOVERDALE ST AND S TRENTON ST,,,1,Property Damage Only Collision,Cycles,2,0,1,1,0,0,0,2013-08-13T00:00:00.000Z,8/13/2013 7:12:00 PM,Mid-Block (not related to intersection),21,"MOTOR VEHICLE STRUCK PEDALCYCLIST, REAR END",,N,Clear or Partly Cloudy,Dry,Daylight,,,,45.0,Vehicle - Pedalcyclist,0,0,N,POINT (1283488.945535094 194923.6800596565),13672.0,3.024020730218841e-05,Clear or Partly Cloudy,2013-08-13,19:12:00,19.0,1,1,1.0,Clear or Partly Cloudy
133463,152717,152737,3504910,Matched,Block,,CALIFORNIA AVE SW BETWEEN SW BARTON ST AND SW BRACE POINT E DR,,,2,Injury Collision,Cycles,2,0,1,1,1,0,0,2013-08-20T00:00:00.000Z,8/20/2013 3:07:00 PM,Driveway Junction,51,PEDALCYCLIST STRUCK MOTOR VEHICLE FRONT END AT ANGLE,,N,Clear or Partly Cloudy,Dry,Daylight,,,,45.0,Vehicle - Pedalcyclist,29353,0,N,POINT (1256437.072803393 194220.6020429432),6232.0,2.1815649032279944e-06,Clear or Partly Cloudy,2013-08-20,15:07:00,15.0,1,1,1.0,Clear or Partly Cloudy
133475,151307,151327,3572426,Matched,Intersection,25468.0,15TH NB AVE NW AND NW LEARY WAY,,,2b,Serious Injury Collision,Cycles,3,0,1,1,1,1,0,2013-07-26T00:00:00.000Z,7/26/2013 8:04:00 PM,At Intersection (intersection related),18,"MOTOR VEHICLE STRUCK PEDALCYCLIST, FRONT END AT ANGLE",Y,N,Unknown,Unknown,Daylight,,,,45.0,Vehicle - Pedalcyclist,18245,0,N,POINT (1260277.157159328 245894.8835038543),11424.0,0.0,,2013-07-26,20:04:00,20.0,4,1,0.0,
133493,150922,150942,3566268,Matched,Intersection,29590.0,4TH AVE AND UNION ST,,,2,Injury Collision,Cycles,6,0,1,1,1,0,0,2013-07-19T00:00:00.000Z,7/19/2013 9:44:00 PM,At Intersection (intersection related),18,"MOTOR VEHICLE STRUCK PEDALCYCLIST, FRONT END AT ANGLE",,N,Clear or Partly Cloudy,Dry,Dark - Street Lights On,Y,,,45.0,Vehicle - Pedalcyclist,12743,0,N,POINT (1269829.869361103 225842.9533713162),5720.0,0.0,Clear or Partly Cloudy,2013-07-19,21:44:00,21.0,4,1,0.0,Clear or Partly Cloudy
133494,151134,151154,3573603,Matched,Intersection,30481.0,3RD AVE AND CHERRY ST,,,2,Injury Collision,Cycles,3,0,1,1,1,0,0,2013-07-24T00:00:00.000Z,7/24/2013 4:36:00 PM,At Intersection (intersection related),18,"MOTOR VEHICLE STRUCK PEDALCYCLIST, FRONT END AT ANGLE",Y,N,Clear or Partly Cloudy,Dry,Daylight,,,,45.0,Vehicle - Pedalcyclist,0,521558,N,POINT (1270704.834866002 223732.7548411638),6242.0,0.0,Clear or Partly Cloudy,2013-07-24,16:36:00,16.0,2,1,1.0,Clear or Partly Cloudy
133571,152889,152909,3589985,Matched,Block,,LAKE WASHINGTON BLVD S BETWEEN S DAWSON ST AND LAKE WASHINGTON WR BLVD S,,,2,Injury Collision,Cycles,2,0,1,1,1,0,0,2013-08-20T00:00:00.000Z,8/20/2013 6:50:00 PM,Mid-Block (not related to intersection),18,"MOTOR VEHICLE STRUCK PEDALCYCLIST, FRONT END AT ANGLE",Y,N,Clear or Partly Cloudy,Dry,Daylight,,,,45.0,Vehicle - Pedalcyclist,38081,0,N,POINT (1288023.633603737 205054.948870033),6458.0,8.167409495214996e-06,Clear or Partly Cloudy,2013-08-20,18:50:00,18.0,1,1,1.0,Clear or Partly Cloudy
133575,152488,152508,3287268,Matched,Block,,E JEFFERSON ST BETWEEN 17TH AVE AND 18TH AVE,,,2,Injury Collision,Cycles,2,0,1,1,1,0,0,2010-07-07T00:00:00.000Z,7/7/2010 8:50:00 AM,Mid-Block (not related to intersection),22,"MOTOR VEHICLE STRUCK PEDALCYCLIST, RIGHT SIDE SIDESWIPE",,N,Clear or Partly Cloudy,Dry,Daylight,,,,45.0,Vehicle - Pedalcyclist,10500,0,N,POINT (1276264.62680769 224606.276058048),9843.0,7.4861026621023266e-06,Clear or Partly Cloudy,2010-07-07,08:50:00,8.0,2,1,1.0,Clear or Partly Cloudy
133667,151502,151522,3560974,Matched,Block,,WESTLAKE AVE N BETWEEN THOMAS ST AND HARRISON ST,,,2,Injury Collision,Cycles,2,0,1,1,1,0,0,2013-08-01T00:00:00.000Z,8/1/2013 8:51:00 AM,Mid-Block (not related to intersection),18,"MOTOR VEHICLE STRUCK PEDALCYCLIST, FRONT END AT ANGLE",,N,Overcast,Dry,Daylight,Y,,,45.0,Vehicle - Pedalcyclist,25117,0,N,POINT (1269254.900400519 230318.5107519031),10410.0,1.8742288729956543e-10,Overcast,2013-08-01,08:51:00,8.0,3,1,1.0,Clear or Partly Cloudy
133675,151861,151881,3197944,Matched,Block,,QUEEN ANNE AVE N BETWEEN HARRISON ST AND REPUBLICAN ST,,,2,Injury Collision,Cycles,3,0,1,1,1,0,0,2013-08-06T00:00:00.000Z,8/6/2013 9:12:00 AM,Mid-Block (not related to intersection),18,"MOTOR VEHICLE STRUCK PEDALCYCLIST, FRONT END AT ANGLE",,N,Clear or Partly Cloudy,Dry,Daylight,Y,,,45.0,Vehicle - Pedalcyclist,12324,0,N,POINT (1264760.509419918 230857.0032964498),903.0,5.9878626160675075e-06,Clear or Partly Cloudy,2013-08-06,09:12:00,9.0,1,1,1.0,Clear or Partly Cloudy
133689,152740,152760,3590008,Matched,Intersection,29916.0,8TH AVE AND SENECA ST,,,2,Injury Collision,Cycles,2,0,1,1,1,0,0,2013-08-22T00:00:00.000Z,8/22/2013 8:00:00 PM,At Intersection (intersection related),18,"MOTOR VEHICLE STRUCK PEDALCYCLIST, FRONT END AT ANGLE",,N,Clear or Partly Cloudy,Dry,Daylight,,,,45.0,Vehicle - Pedalcyclist,35515,0,N,POINT (1271310.37982662 225869.0825233459),3756.0,0.0,Clear or Partly Cloudy,2013-08-22,20:00:00,20.0,3,1,0.0,Clear or Partly Cloudy
133703,152210,152230,3606159,Matched,Block,,UNIVERSITY BR BETWEEN FUHRMAN AVE E AND POINT A,,,1,Property Damage Only Collision,Cycles,2,0,1,1,0,0,0,2013-08-09T00:00:00.000Z,8/9/2013 7:14:00 PM,Mid-Block (not related to intersection),23,"MOTOR VEHICLE STRUCK PEDALCYCLIST, LEFT SIDE SIDESWIPE",Y,N,Clear or Partly Cloudy,Dry,Daylight,,,,45.0,Vehicle - Pedalcyclist,15462,0,N,POINT (1273794.575541168 241382.5926832259),995.0,2.2986366870931932e-05,Clear or Partly Cloudy,2013-08-09,19:14:00,19.0,4,1,1.0,Clear or Partly Cloudy
133732,150675,150695,3574972,Matched,Intersection,29565.0,4TH AVE AND STEWART ST,,,2,Injury Collision,Cycles,2,0,1,1,1,0,0,2013-07-17T00:00:00.000Z,7/17/2013 5:44:00 PM,At Intersection (intersection related),18,"MOTOR VEHICLE STRUCK PEDALCYCLIST, FRONT END AT ANGLE",,N,Clear or Partly Cloudy,Dry,Daylight,,,,45.0,Vehicle - Pedalcyclist,12778,0,N,POINT (1269122.478640378 226977.831324473),397.0,0.0,Clear or Partly Cloudy,2013-07-17,17:44:00,17.0,2,1,1.0,Clear or Partly Cloudy
133822,152221,152241,3672479,Matched,Block,,BROADWAY BETWEEN E PINE ST AND XW E OLIVE ST,,,2,Injury Collision,Cycles,1,0,1,0,1,0,0,2013-08-09T00:00:00.000Z,8/9/2013 5:03:00 PM,Mid-Block (not related to intersection),69,PEDALCYCLIST OVERTURNED IN ROAD,,N,Clear or Partly Cloudy,Dry,Daylight,,,,45.0,Vehicle - Pedalcyclist,6854,0,N,POINT (1273567.713908926 228177.0842537135),8754.0,2.069417312261321e-05,Clear or Partly Cloudy,2013-08-09,17:03:00,17.0,4,1,1.0,Clear or Partly Cloudy
133904,150693,150713,3606458,Matched,Intersection,30076.0,24TH AVE AND E CHERRY ST,,,2,Injury Collision,Cycles,3,0,1,1,1,0,0,2013-07-17T00:00:00.000Z,7/17/2013 4:14:00 PM,At Intersection (intersection related),51,PEDALCYCLIST STRUCK MOTOR VEHICLE FRONT END AT ANGLE,,N,Clear or Partly Cloudy,Dry,Daylight,,,,45.0,Vehicle - Pedalcyclist,0,0,N,POINT (1278280.353593752 225236.5505546927),6816.0,0.0,Clear or Partly Cloudy,2013-07-17,16:14:00,16.0,2,1,1.0,Clear or Partly Cloudy
133937,150463,150483,3581791,Matched,Intersection,29084.0,EASTLAKE AVE E AND E NELSON PL,,,2,Injury Collision,Cycles,3,0,1,1,1,0,0,2013-07-16T00:00:00.000Z,7/16/2013 7:23:00 PM,At Intersection (intersection related),18,"MOTOR VEHICLE STRUCK PEDALCYCLIST, FRONT END AT ANGLE",,N,Clear or Partly Cloudy,Dry,Daylight,,,,45.0,Vehicle - Pedalcyclist,11619,0,N,POINT (1271986.260531306 233599.5022432655),1134.0,0.0,Clear or Partly Cloudy,2013-07-16,19:23:00,19.0,1,1,1.0,Clear or Partly Cloudy
133949,152229,152249,3553634,Matched,Block,,SW SPOKANE ST BETWEEN SW KLICKITAT SR WAY AND 11TH CR AVE SW,,,2,Injury Collision,Cycles,2,0,2,0,1,0,0,2013-03-06T00:00:00.000Z,3/6/2013 4:09:00 AM,Mid-Block (not related to intersection),61,PEDALCYCLIST STRUCK PEDALCYCLIST REAR END,,N,Clear or Partly Cloudy,Dry,Dark - Street Lights On,,,,45.0,Vehicle - Pedalcyclist,0,0,N,POINT (1266646.509229839 212124.0900612772),8075.0,2.422839771644671e-05,Clear or Partly Cloudy,2013-03-06,04:09:00,4.0,2,1,0.0,Clear or Partly Cloudy
133953,151512,151532,3581671,Matched,Block,,FAIRVIEW AVE N BETWEEN HARRISON ST AND REPUBLICAN ST,,,2,Injury Collision,Cycles,2,0,1,1,1,0,0,2013-08-01T00:00:00.000Z,8/1/2013 12:58:00 PM,Mid-Block (not related to intersection),18,"MOTOR VEHICLE STRUCK PEDALCYCLIST, FRONT END AT ANGLE",Y,N,Clear or Partly Cloudy,Dry,Daylight,,,,45.0,Vehicle - Pedalcyclist,25111,0,N,POINT (1270294.472305581 230707.5792963058),19808.0,1.14718157629965e-05,Clear or Partly Cloudy,2013-08-01,12:58:00,12.0,3,1,0.0,Clear or Partly Cloudy
133967,151334,151354,3573467,Matched,Block,,5TH AVE BETWEEN MADISON ST AND SPRING ST,,,1,Property Damage Only Collision,Cycles,3,0,1,2,0,0,0,2013-07-26T00:00:00.000Z,7/26/2013 2:47:00 PM,Mid-Block (not related to intersection),23,"MOTOR VEHICLE STRUCK PEDALCYCLIST, LEFT SIDE SIDESWIPE",,N,Clear or Partly Cloudy,Dry,Daylight,,,,45.0,Vehicle - Pedalcyclist,36252,0,N,POINT (1270714.019122005 224981.9425544292),481.0,1.7547160775375882e-05,Clear or Partly Cloudy,2013-07-26,14:47:00,14.0,4,1,0.0,Clear or Partly Cloudy
136018,155063,155083,3609292,Matched,Intersection,24323.0,FREMONT AVE N AND N 73RD ST,,,2,Injury Collision,Cycles,2,0,1,1,1,0,0,2013-10-06T00:00:00.000Z,10/6/2013 12:04:00 PM,At Intersection (intersection related),18,"MOTOR VEHICLE STRUCK PEDALCYCLIST, FRONT END AT ANGLE",,N,Clear or Partly Cloudy,Dry,Daylight,,,,45.0,Vehicle - Pedalcyclist,0,0,N,POINT (1266870.364206076 252381.6311585009),3536.0,0.0,Clear or Partly Cloudy,2013-10-06,12:04:00,12.0,6,0,0.0,Clear or Partly Cloudy