OBJECTID,INCKEY,COLDETKEY,REPORTNO,STATUS,ADDRTYPE,INTKEY,LOCATION,EXCEPTRSNC,EXCEPTRSND,SEVERITYCO,SEVERITYDE,COLLISIONT,PERSONCOUN,PEDCOUNT,PEDCYLCOUN,VEHCOUNT,INJURIES,SERIOUSINJ,FATALITIES,INCDATE,INCDTTM,JUNCTIONTY,SDOT_COLCO,SDOT_COLDE,INATTENTIO,UNDERINFL,WEATHER,ROADCOND,LIGHTCOND,PEDROWNOTG,SDOTCOLNUM,SPEEDING,ST_COLCODE,ST_COLDESC,SEGLANEKEY,CROSSWALKK,HITPARKEDC,geometry,near_str_index,min_length,weather_group,date,time,hour,dayofweek,weekday,rushhour,weather_group2
134163,150738,150758,3506142,Matched,Block,,FLORENTIA ST BETWEEN NICKERSON ST AND FREMONT BR,,,2,Injury Collision,Cycles,2,0,1,1,1,0,0,2013-07-18T00:00:00.000Z,7/18/2013 8:10:00 AM,Mid-Block (not related to intersection),56,PEDALCYCLIST STRUCK MOTOR VEHICLE LEFT SIDE SIDESWIPE,,N,Clear or Partly Cloudy,Dry,Daylight,,,,45.0,Vehicle - Pedalcyclist,17114,0,N,POINT (1266455.532525644 239649.2653854489),19814.0,2.958861561605729e-05,Clear or Partly Cloudy,2013-07-18,08:10:00,8.0,3,1,1.0,Clear or Partly Cloudy
134168,153152,153172,3502770,Matched,Intersection,23860.0,15TH AVE NW AND NW 83RD ST,,,2,Injury Collision,Cycles,3,0,1,1,2,0,0,2013-08-30T00:00:00.000Z,8/30/2013 3:32:00 PM,At Intersection (intersection related),18,"MOTOR VEHICLE STRUCK PEDALCYCLIST, FRONT END AT ANGLE",,N,Clear or Partly Cloudy,Dry,Daylight,,,,45.0,Vehicle - Pedalcyclist,0,0,N,POINT (1260293.924391344 255037.4248252064),9579.0,0.0,Clear or Partly Cloudy,2013-08-30,15:32:00,15.0,4,1,1.0,Clear or Partly Cloudy
134174,150126,150146,3606495,Matched,Intersection,29162.0,E DENNY WAY AND E OLIVE WAY,,,2,Injury Collision,Left Turn,2,0,1,1,1,0,0,2013-07-09T00:00:00.000Z,7/9/2013 3:50:00 PM,At Intersection (intersection related),18,"MOTOR VEHICLE STRUCK PEDALCYCLIST, FRONT END AT ANGLE",,N,Clear or Partly Cloudy,Dry,Daylight,,,Y,28.0,From opposite direction - one left turn - one straight,23267,0,N,POINT (1272396.764979735 229174.1669427305),6823.0,0.0,Clear or Partly Cloudy,2013-07-09,15:50:00,15.0,1,1,1.0,Clear or Partly Cloudy
134242,151731,151751,3332312,Matched,Intersection,29238.0,LAKE WASHINGTON BLVD E AND E MADISON ST,,,2,Injury Collision,Cycles,2,0,1,1,1,0,0,2010-07-02T00:00:00.000Z,7/2/2010 6:34:00 PM,At Intersection (intersection related),18,"MOTOR VEHICLE STRUCK PEDALCYCLIST, FRONT END AT ANGLE",,N,Raining,Wet,Daylight,Y,,,45.0,Vehicle - Pedalcyclist,8965,0,N,POINT (1280633.632572159 231763.0291533768),10179.0,0.0,Raining,2010-07-02,18:34:00,18.0,4,1,1.0,Raining
134245,151729,151749,3376626,Matched,Intersection,24249.0,WINONA AVE N AND N 77TH ST,,,2,Injury Collision,Cycles,2,0,1,1,1,0,0,2010-07-01T00:00:00.000Z,7/1/2010 5:55:00 PM,At Intersection (intersection related),51,PEDALCYCLIST STRUCK MOTOR VEHICLE FRONT END AT ANGLE,,N,Clear or Partly Cloudy,Dry,Daylight,,,,45.0,Vehicle - Pedalcyclist,27873,0,N,POINT (1269351.102768615 253409.9683115482),1289.0,0.0,Clear or Partly Cloudy,2010-07-01,17:55:00,17.0,3,1,1.0,Clear or Partly Cloudy
134355,151735,151755,3332313,Matched,Block,,22ND AVE BETWEEN E JAMES N ST AND E CHERRY ST,,,2,Injury Collision,Cycles,1,0,1,0,1,0,0,2010-07-03T00:00:00.000Z,7/3/2010 9:30:00 PM,Mid-Block (not related to intersection),18,"MOTOR VEHICLE STRUCK PEDALCYCLIST, FRONT END AT ANGLE",,N,Clear or Partly Cloudy,Dry,Dusk,,,,45.0,Vehicle - Pedalcyclist,0,0,N,POINT (1277716.186105177 225094.6022665501),12328.0,7.132787706232141e-06,Clear or Partly Cloudy,2010-07-03,21:30:00,21.0,5,0,0.0,Clear or Partly Cloudy
134360,151216,151236,3573343,Matched,Intersection,28783.0,DEXTER AVE N AND HARRISON ST,,,2b,Serious Injury Collision,Cycles,2,0,1,1,1,1,0,2013-07-25T00:00:00.000Z,7/25/2013 4:11:00 PM,At Intersection (intersection related),51,PEDALCYCLIST STRUCK MOTOR VEHICLE FRONT END AT ANGLE,,N,Clear or Partly Cloudy,Dry,Daylight,,,,45.0,Vehicle - Pedalcyclist,12620,0,N,POINT (1268294.844463527 230555.517344147),6407.0,0.0,Clear or Partly Cloudy,2013-07-25,16:11:00,16.0,3,1,1.0,Clear or Partly Cloudy
134362,151733,151753,3330906,Matched,Intersection,29947.0,6TH AVE AND MADISON ST,,,2,Injury Collision,Cycles,2,0,1,1,1,0,0,2010-07-02T00:00:00.000Z,7/2/2010 8:40:00 AM,At Intersection (intersection related),24,MOTOR VEHCILE STRUCK PEDESTRIAN,,N,Overcast,Wet,Daylight,Y,,,45.0,Vehicle - Pedalcyclist,0,521705,N,POINT (1271068.622642368 225014.612890467),532.0,0.0,Overcast,2010-07-02,08:40:00,8.0,4,1,1.0,Clear or Partly Cloudy
134376,151579,151599,3572458,Matched,Block,,NE 50TH ST BETWEEN 9TH AVE NE AND ROOSEVELT WAY NE,,,2,Injury Collision,Cycles,2,0,1,1,1,0,0,2013-08-02T00:00:00.000Z,8/2/2013 10:36:00 AM,Mid-Block (not related to intersection),55,PEDALCYCLIST STRUCK MOTOR VEHICLE RIGHT SIDE SIDESWIPE,,N,Raining,Wet,Daylight,Y,,,45.0,Vehicle - Pedalcyclist,21441,0,N,POINT (1274625.278518006 246078.297200039),15245.0,2.252704357335449e-05,Raining,2013-08-02,10:36:00,10.0,4,1,0.0,Raining
134378,151211,151231,3560973,Matched,Intersection,28028.0,DEXTER AVE N AND GARFIELD N ST,,,2,Injury Collision,Cycles,2,0,1,1,1,0,0,2013-07-25T00:00:00.000Z,7/25/2013 8:35:00 AM,At Intersection (intersection related),18,"MOTOR VEHICLE STRUCK PEDALCYCLIST, FRONT END AT ANGLE",Y,N,Clear or Partly Cloudy,Dry,Daylight,,,,45.0,Vehicle - Pedalcyclist,12978,0,N,POINT (1268397.97150363 234699.651748389),3491.0,0.0,Clear or Partly Cloudy,2013-07-25,08:35:00,8.0,3,1,1.0,Clear or Partly Cloudy
134385,151012,151032,3643746,Matched,Block,,WESTLAKE AVE N BETWEEN NEWELL ST AND NICKERSON ST,,,2,Injury Collision,Cycles,2,0,1,1,2,0,0,2013-07-19T00:00:00.000Z,7/19/2013 8:14:00 PM,Driveway Junction,18,"MOTOR VEHICLE STRUCK PEDALCYCLIST, FRONT END AT ANGLE",,Y,Clear or Partly Cloudy,Dry,Daylight,Y,,,45.0,Vehicle - Pedalcyclist,20053,0,N,POINT (1267244.354094461 238957.8695447445),13817.0,1.4373915771824937e-06,Clear or Partly Cloudy,2013-07-19,20:14:00,20.0,4,1,0.0,Clear or Partly Cloudy
134400,152794,152814,3672509,Matched,Block,,BROADWAY BETWEEN HARVARD AVE AND E UNION ST,,,2,Injury Collision,Cycles,1,0,1,0,1,0,0,2013-08-22T00:00:00.000Z,8/22/2013 11:47:00 AM,Mid-Block (not related to intersection),66,PEDALCYCLIST STRUCK OBJECT IN ROAD,,N,Clear or Partly Cloudy,Dry,Daylight,,,,45.0,Vehicle - Pedalcyclist,6882,0,N,POINT (1273553.086004913 226825.0795803219),6210.0,0.0,Clear or Partly Cloudy,2013-08-22,11:47:00,11.0,3,1,0.0,Clear or Partly Cloudy
134427,152799,152819,3672510,Matched,Intersection,28530.0,MCGILVRA BLVD E AND E MADISON N ST,,,2,Injury Collision,Cycles,3,1,1,1,1,0,0,2013-08-23T00:00:00.000Z,8/23/2013 8:53:00 AM,At Intersection (intersection related),64,PEDALCYCLIST STRUCK PEDESTRIAN,Y,N,Overcast,Dry,Daylight,Y,,Y,45.0,Vehicle - Pedalcyclist,34285,524080,N,POINT (1283491.520575091 234521.8469482064),6883.0,0.0,Overcast,2013-08-23,08:53:00,8.0,4,1,1.0,Clear or Partly Cloudy
134460,150156,150176,3606515,Matched,Block,,E JOHN ST BETWEEN 10TH AVE E AND 11TH AVE E,,,2,Injury Collision,Cycles,2,0,1,1,1,0,0,2013-07-11T00:00:00.000Z,7/11/2013 5:05:00 PM,Mid-Block (not related to intersection),18,"MOTOR VEHICLE STRUCK PEDALCYCLIST, FRONT END AT ANGLE",,N,Clear or Partly Cloudy,Dry,Daylight,,,,45.0,Vehicle - Pedalcyclist,35215,0,N,POINT (1274070.383413449 229664.7394872308),22810.0,0.0,Clear or Partly Cloudy,2013-07-11,17:05:00,17.0,3,1,1.0,Clear or Partly Cloudy
134461,150533,150553,3574709,Matched,Block,,1ST AVE BETWEEN STEWART ST AND VIRGINIA ST,,,2,Injury Collision,Cycles,3,0,1,1,1,0,0,2013-07-11T00:00:00.000Z,7/11/2013 10:50:00 PM,Driveway Junction,0,NOT ENOUGH INFORMATION / NOT APPLICABLE,,N,Clear or Partly Cloudy,Dry,Dark - Street Lights On,,,,45.0,Vehicle - Pedalcyclist,0,0,N,POINT (1268315.113135546 226405.5758358985),14548.0,6.9962397682903835e-06,Clear or Partly Cloudy,2013-07-11,22:50:00,22.0,3,1,0.0,Clear or Partly Cloudy
134474,151743,151763,3329859,Matched,Block,,7TH AVE BETWEEN STEWART ST AND VIRGINIA ST,,,2,Injury Collision,Cycles,2,0,1,1,1,0,0,2010-07-07T00:00:00.000Z,7/7/2010 8:01:00 AM,Mid-Block (not related to intersection),23,"MOTOR VEHICLE STRUCK PEDALCYCLIST, LEFT SIDE SIDESWIPE",,N,Clear or Partly Cloudy,Dry,Daylight,,,,45.0,Vehicle - Pedalcyclist,37034,0,N,POINT (1269614.874800876 227835.9557413608),15808.0,5.014720122571429e-09,Clear or Partly Cloudy,2010-07-07,08:01:00,8.0,2,1,1.0,Clear or Partly Cloudy
134481,151032,151052,3609049,Matched,Block,,RAVENNA AVE NE BETWEEN NE 55TH N ST AND NE RAVENNA EB BV,,,2,Injury Collision,Cycles,3,0,1,1,1,0,0,2013-07-20T00:00:00.000Z,7/20/2013 4:52:00 PM,Mid-Block (but intersection related),18,"MOTOR VEHICLE STRUCK PEDALCYCLIST, FRONT END AT ANGLE",,N,Clear or Partly Cloudy,Dry,Daylight,,,,45.0,Vehicle - Pedalcyclist,32835,0,N,POINT (1278096.795065567 247511.9054575115),920.0,5.951873017220506e-10,Clear or Partly Cloudy,2013-07-20,16:52:00,16.0,5,0,1.0,Clear or Partly Cloudy
134484,151740,151760,3329761,Matched,Block,,12TH AVE BETWEEN E SPRUCE ST AND E ALDER ST,,,2,Injury Collision,Cycles,3,0,1,1,1,0,0,2010-07-07T00:00:00.000Z,7/7/2010 1:57:00 AM,Mid-Block (not related to intersection),11,"MOTOR VEHICLE STRUCK MOTOR VEHICLE, FRONT END AT ANGLE",,Y,Clear or Partly Cloudy,Dry,Dark - Street Lights On,,,,45.0,Vehicle - Pedalcyclist,10568,0,N,POINT (1274477.104949862 223825.0646012574),2319.0,3.192059844127744e-05,Clear or Partly Cloudy,2010-07-07,01:57:00,1.0,2,1,0.0,Clear or Partly Cloudy
134495,151226,151246,3589855,Matched,Intersection,167336.0,BEACON ER AVE S AND S GRAHAM ST,,,1,Property Damage Only Collision,Cycles,2,0,1,1,0,0,0,2013-07-25T00:00:00.000Z,7/25/2013 4:07:00 PM,At Intersection (intersection related),51,PEDALCYCLIST STRUCK MOTOR VEHICLE FRONT END AT ANGLE,,N,Clear or Partly Cloudy,Wet,Daylight,,,,45.0,Vehicle - Pedalcyclist,0,524751,N,POINT (1278134.100281611 202753.326467678),4855.0,0.0,Clear or Partly Cloudy,2013-07-25,16:07:00,16.0,3,1,1.0,Clear or Partly Cloudy
134513,151583,151603,3550116,Matched,Block,,JAMES ST BETWEEN 4TH AVE AND 5TH AVE,,,2,Injury Collision,Cycles,2,0,1,1,1,0,0,2013-08-01T00:00:00.000Z,8/1/2013 8:50:00 AM,Mid-Block (not related to intersection),54,PEDALCYCLIST STRUCK MOTOR VEHICLE REAR END,Y,N,Clear or Partly Cloudy,Dry,Daylight,,,,45.0,Vehicle - Pedalcyclist,24819,0,N,POINT (1271276.504370585 223714.5061371326),6434.0,2.5911943300125795e-05,Clear or Partly Cloudy,2013-08-01,08:50:00,8.0,3,1,1.0,Clear or Partly Cloudy
134533,152616,152636,3672505,Matched,Block,,12TH AVE BETWEEN E MADISON ST AND E PIKE ST,,,2,Injury Collision,Cycles,2,0,1,1,1,0,0,2013-08-16T00:00:00.000Z,8/16/2013 7:26:00 PM,Mid-Block (not related to intersection),18,"MOTOR VEHICLE STRUCK PEDALCYCLIST, FRONT END AT ANGLE",,N,Clear or Partly Cloudy,Dry,Daylight,,,,45.0,Vehicle - Pedalcyclist,10773,0,N,POINT (1274543.503669932 227311.3066528141),39.0,2.808636349384009e-10,Clear or Partly Cloudy,2013-08-16,19:26:00,19.0,4,1,1.0,Clear or Partly Cloudy
134580,150765,150785,3606460,Matched,Block,,12TH AVE BETWEEN E BARCLAY CT AND E JAMES CT,,,2,Injury Collision,Cycles,2,0,2,0,2,0,0,2013-07-18T00:00:00.000Z,7/18/2013 4:57:00 PM,Mid-Block (not related to intersection),58,PEDALCYCLIST STRUCK PEDALCYCLIST FRONT END AT ANGLE,,N,Clear or Partly Cloudy,Dry,Daylight,Y,,,45.0,Vehicle - Pedalcyclist,10655,0,N,POINT (1274499.851573884 224990.3011464477),10812.0,4.904314317419957e-06,Clear or Partly Cloudy,2013-07-18,16:57:00,16.0,3,1,1.0,Clear or Partly Cloudy
134621,150575,150595,3550112,Matched,Block,,2ND AVE BETWEEN UNIVERSITY ST AND UNION ST,,,1,Property Damage Only Collision,Cycles,3,0,1,1,0,0,0,2013-07-11T00:00:00.000Z,7/11/2013 8:45:00 AM,Mid-Block (not related to intersection),18,"MOTOR VEHICLE STRUCK PEDALCYCLIST, FRONT END AT ANGLE",Y,N,Clear or Partly Cloudy,Dry,Daylight,,,,45.0,Vehicle - Pedalcyclist,12162,0,N,POINT (1269384.209328651 225331.5899147987),16946.0,0.0,Clear or Partly Cloudy,2013-07-11,08:45:00,8.0,3,1,1.0,Clear or Partly Cloudy
134623,151749,151769,3572462,Matched,Intersection,24369.0,LINDEN AVE N AND N 65TH ST,,,2,Injury Collision,Cycles,5,0,1,1,1,0,0,2013-08-05T00:00:00.000Z,8/5/2013 1:00:00 PM,At Intersection (intersection related),51,PEDALCYCLIST STRUCK MOTOR VEHICLE FRONT END AT ANGLE,,N,Clear or Partly Cloudy,Dry,Daylight,,,,45.0,Vehicle - Pedalcyclist,0,0,N,POINT (1267219.646254435 250279.4344203472),1280.0,0.0,Clear or Partly Cloudy,2013-08-05,13:00:00,13.0,0,1,0.0,Clear or Partly Cloudy
134685,152813,152833,3326098,Matched,Intersection,25606.0,PHINNEY AVE N AND N 60TH ST,,,2,Injury Collision,Cycles,2,0,1,1,1,0,0,2013-08-09T00:00:00.000Z,8/9/2013 7:21:00 PM,At Intersection (intersection related),51,PEDALCYCLIST STRUCK MOTOR VEHICLE FRONT END AT ANGLE,Y,N,Clear or Partly Cloudy,Dry,Daylight,,,,45.0,Vehicle - Pedalcyclist,3843,0,N,POINT (1265697.660204872 249005.7514750361),10366.0,0.0,Clear or Partly Cloudy,2013-08-09,19:21:00,19.0,4,1,1.0,Clear or Partly Cloudy
134711,152634,152654,3572728,Matched,Intersection,36986.0,17TH AVE NW AND NW 85TH ST,,,2,Injury Collision,Cycles,3,0,1,1,1,0,0,2013-08-19T00:00:00.000Z,8/19/2013 5:04:00 PM,At Intersection (intersection related),18,"MOTOR VEHICLE STRUCK PEDALCYCLIST, FRONT END AT ANGLE",,N,Clear or Partly Cloudy,Dry,Daylight,,,,45.0,Vehicle - Pedalcyclist,0,0,N,POINT (1259776.512038812 255733.0159939229),1638.0,0.0,Clear or Partly Cloudy,2013-08-19,17:04:00,17.0,0,1,1.0,Clear or Partly Cloudy
134721,150353,150373,3617747,Matched,Block,,LAKE WASHINGTON BLVD S BETWEEN LAKE PARK DR S AND S HORTON NR ST,,,1,Property Damage Only Collision,Cycles,2,0,1,1,0,0,0,2013-07-13T00:00:00.000Z,7/13/2013 7:21:00 AM,Mid-Block (not related to intersection),56,PEDALCYCLIST STRUCK MOTOR VEHICLE LEFT SIDE SIDESWIPE,,N,Clear or Partly Cloudy,Dry,Daylight,,,,45.0,Vehicle - Pedalcyclist,38079,0,N,POINT (1282466.716670036 214528.5998877287),16656.0,1.729022140382883e-05,Clear or Partly Cloudy,2013-07-13,07:21:00,7.0,5,0,1.0,Clear or Partly Cloudy
134734,151047,151067,3545120,Matched,Block,,NW 46TH ST BETWEEN 14TH AVE NW AND 15TH NB AVE NW,,,2,Injury Collision,Cycles,2,0,1,1,1,0,0,2013-07-20T00:00:00.000Z,7/20/2013 4:28:00 PM,Mid-Block (not related to intersection),56,PEDALCYCLIST STRUCK MOTOR VEHICLE LEFT SIDE SIDESWIPE,,N,Clear or Partly Cloudy,Dry,Daylight,,,,45.0,Vehicle - Pedalcyclist,17213,0,N,POINT (1260580.320487633 245355.8702553064),7457.0,1.211697633807166e-05,Clear or Partly Cloudy,2013-07-20,16:28:00,16.0,5,0,1.0,Clear or Partly Cloudy
134742,151045,151065,3506143,Matched,Block,,4TH AVE N BETWEEN NICKERSON ST AND FREMONT BR,,,2,Injury Collision,Cycles,2,0,1,1,1,0,0,2013-07-21T00:00:00.000Z,7/21/2013 1:04:00 PM,Mid-Block (not related to intersection),51,PEDALCYCLIST STRUCK MOTOR VEHICLE FRONT END AT ANGLE,,N,Clear or Partly Cloudy,Dry,Daylight,,,,45.0,Vehicle - Pedalcyclist,13898,0,N,POINT (1266650.011437848 239510.7055133134),16979.0,1.134204728441953e-05,Clear or Partly Cloudy,2013-07-21,13:04:00,13.0,6,0,0.0,Clear or Partly Cloudy
134752,150360,150380,3643742,Matched,Intersection,489799.0,9TH AV I5 EXPRESS ON RP AND I5 EXPRESS PIKE ST RP,,,2,Injury Collision,Cycles,5,0,1,1,1,0,0,2013-07-13T00:00:00.000Z,7/13/2013 9:05:00 PM,At Intersection (intersection related),51,PEDALCYCLIST STRUCK MOTOR VEHICLE FRONT END AT ANGLE,,N,Clear or Partly Cloudy,Dry,Daylight,,,,45.0,Vehicle - Pedalcyclist,0,522304,N,POINT (1271044.169010341 227122.4127006233),9798.0,56.428818834452784,Clear or Partly Cloudy,2013-07-13,21:05:00,21.0,5,0,0.0,Clear or Partly Cloudy
134772,152142,152162,3552058,Matched,Block,,S JACKSON ST BETWEEN 25TH AVE S AND 26TH AVE S,,,2,Injury Collision,Cycles,2,0,1,1,1,0,0,2013-08-10T00:00:00.000Z,8/10/2013 4:48:00 PM,Mid-Block (not related to intersection),18,"MOTOR VEHICLE STRUCK PEDALCYCLIST, FRONT END AT ANGLE",Y,N,Clear or Partly Cloudy,Dry,Daylight,,,,45.0,Vehicle - Pedalcyclist,11269,0,N,POINT (1278762.342330247 222036.6693354249),1805.0,7.444753870249608e-09,Clear or Partly Cloudy,2013-08-10,16:48:00,16.0,5,0,1.0,Clear or Partly Cloudy
134790,151760,151780,3332376,Matched,Intersection,29795.0,12TH AVE AND E CHERRY ST,,,2,Injury Collision,Cycles,1,0,1,0,1,0,0,2010-07-07T00:00:00.000Z,7/7/2010 8:41:00 PM,At Intersection (intersection related),69,PEDALCYCLIST OVERTURNED IN ROAD,,N,Clear or Partly Cloudy,Dry,Daylight,,,,45.0,Vehicle - Pedalcyclist,10679,0,N,POINT (1274506.431797892 225328.1601547897),1067.0,0.0,Clear or Partly Cloudy,2010-07-07,20:41:00,20.0,2,1,0.0,Clear or Partly Cloudy
134793,151759,151779,3332401,Matched,Intersection,30146.0,20TH AVE AND E UNION ST,,,2,Injury Collision,Left Turn,2,0,1,1,1,0,0,2010-07-07T00:00:00.000Z,7/7/2010 5:40:00 PM,At Intersection (intersection related),18,"MOTOR VEHICLE STRUCK PEDALCYCLIST, FRONT END AT ANGLE",,N,Clear or Partly Cloudy,Dry,Daylight,Y,,,28.0,From opposite direction - one left turn - one straight,9349,0,N,POINT (1277138.407224581 227047.3442845494),12713.0,0.0,Clear or Partly Cloudy,2010-07-07,17:40:00,17.0,2,1,1.0,Clear or Partly Cloudy
134796,151947,151967,3329198,Matched,Block,,LAKESIDE AVE S BETWEEN S LANE ST AND 35TH AVE S,,,1,Property Damage Only Collision,Cycles,2,0,1,1,0,0,0,2010-07-28T00:00:00.000Z,7/28/2010 8:05:00 AM,Mid-Block (not related to intersection),23,"MOTOR VEHICLE STRUCK PEDALCYCLIST, LEFT SIDE SIDESWIPE",,N,Clear or Partly Cloudy,Dry,Daylight,Y,,,45.0,Vehicle - Pedalcyclist,34071,0,N,POINT (1281611.845437169 220900.1728862524),6460.0,2.135314160167765e-05,Clear or Partly Cloudy,2010-07-28,08:05:00,8.0,2,1,1.0,Clear or Partly Cloudy
134798,151946,151966,3332583,Matched,Block,,12TH AVE S BETWEEN S JACKSON ST AND S KING ST,,,2,Injury Collision,Cycles,2,0,1,1,1,0,0,2010-07-28T00:00:00.000Z,7/28/2010 8:57:00 AM,Mid-Block (not related to intersection),51,PEDALCYCLIST STRUCK MOTOR VEHICLE FRONT END AT ANGLE,,N,Clear or Partly Cloudy,Dry,Daylight,,,,45.0,Vehicle - Pedalcyclist,38925,0,N,POINT (1274331.182517707 221940.252951324),16595.0,7.4485485338449015e-09,Clear or Partly Cloudy,2010-07-28,08:57:00,8.0,2,1,1.0,Clear or Partly Cloudy
134799,151604,151624,3642009,Matched,Intersection,27034.0,TROLL AVE N AND N 35TH ST,,,2,Injury Collision,Cycles,2,0,1,1,1,0,0,2013-08-05T00:00:00.000Z,8/5/2013 6:28:00 PM,At Intersection (intersection related),51,PEDALCYCLIST STRUCK MOTOR VEHICLE FRONT END AT ANGLE,,N,Clear or Partly Cloudy,Dry,Daylight,Y,,,45.0,Vehicle - Pedalcyclist,17515,0,N,POINT (1267249.323566467 240829.0566826612),11895.0,0.0,Clear or Partly Cloudy,2013-08-05,18:28:00,18.0,0,1,1.0,Clear or Partly Cloudy
134803,151243,151263,3672430,Matched,Intersection,30170.0,20TH AVE AND E COLUMBIA ST,,,2,Injury Collision,Cycles,2,0,1,1,1,0,0,2013-07-24T00:00:00.000Z,7/24/2013 4:48:00 PM,At Intersection (intersection related),51,PEDALCYCLIST STRUCK MOTOR VEHICLE FRONT END AT ANGLE,,N,Clear or Partly Cloudy,Dry,Daylight,,,,45.0,Vehicle - Pedalcyclist,0,0,N,POINT (1277095.60146454 225658.3044111282),14371.0,0.0,Clear or Partly Cloudy,2013-07-24,16:48:00,16.0,2,1,1.0,Clear or Partly Cloudy
134819,152645,152665,3553936,Matched,Intersection,23894.0,24TH AVE NW AND NW 75TH ST,,,2,Injury Collision,Cycles,2,0,1,1,1,0,0,2013-08-13T00:00:00.000Z,8/13/2013 6:45:00 PM,At Intersection (intersection related),18,"MOTOR VEHICLE STRUCK PEDALCYCLIST, FRONT END AT ANGLE",,N,Clear or Partly Cloudy,Dry,Daylight,,,,45.0,Vehicle - Pedalcyclist,2181,0,N,POINT (1257603.632676587 253070.1992232054),201.0,0.0,Clear or Partly Cloudy,2013-08-13,18:45:00,18.0,1,1,1.0,Clear or Partly Cloudy
134835,153108,153128,3672581,Matched,Intersection,30071.0,M L KING JR WAY AND E CHERRY ST,,,2,Injury Collision,Cycles,1,0,1,0,1,0,0,2013-08-29T00:00:00.000Z,8/29/2013 5:05:00 PM,At Intersection (intersection related),69,PEDALCYCLIST OVERTURNED IN ROAD,,N,Raining,Wet,Daylight,,,,45.0,Vehicle - Pedalcyclist,0,0,N,POINT (1279568.278587073 225208.5733386725),3866.0,0.0,Raining,2013-08-29,17:05:00,17.0,3,1,1.0,Raining
134859,151253,151273,3593600,Matched,Intersection,30234.0,34TH AVE AND E OLIVE ST,,,2,Injury Collision,Cycles,3,0,1,1,1,0,0,2013-07-28T00:00:00.000Z,7/28/2013 11:40:00 AM,At Intersection (intersection related),51,PEDALCYCLIST STRUCK MOTOR VEHICLE FRONT END AT ANGLE,,N,Clear or Partly Cloudy,Dry,Daylight,,,,45.0,Vehicle - Pedalcyclist,9795,0,N,POINT (1281365.428028911 228275.2882218063),5580.0,0.0,Clear or Partly Cloudy,2013-07-28,11:40:00,11.0,6,0,0.0,Clear or Partly Cloudy
134890,151249,151269,3641655,Matched,Intersection,29948.0,5TH AVE AND MADISON ST,,,2,Injury Collision,Cycles,2,0,1,1,1,0,0,2013-07-27T00:00:00.000Z,7/27/2013 1:08:00 PM,At Intersection (intersection related),18,"MOTOR VEHICLE STRUCK PEDALCYCLIST, FRONT END AT ANGLE",,N,Clear or Partly Cloudy,Dry,Daylight,,,,45.0,Vehicle - Pedalcyclist,22694,0,N,POINT (1270791.776818082 224850.6855943054),481.0,0.0,Clear or Partly Cloudy,2013-07-27,13:08:00,13.0,5,0,0.0,Clear or Partly Cloudy
134932,151951,151971,3387812,Matched,Intersection,33334.0,BEACON WR AVE S AND S DAWSON ST,,,2,Injury Collision,Cycles,2,0,1,1,1,0,0,2010-08-03T00:00:00.000Z,8/3/2010 2:00:00 PM,At Intersection (intersection related),51,PEDALCYCLIST STRUCK MOTOR VEHICLE FRONT END AT ANGLE,,N,Clear or Partly Cloudy,Dry,Daylight,,,,45.0,Vehicle - Pedalcyclist,0,0,N,POINT (1277409.501240864 206248.9770312607),6166.0,0.0,Clear or Partly Cloudy,2010-08-03,14:00:00,14.0,1,1,0.0,Clear or Partly Cloudy
134965,152648,152668,3550118,Matched,Intersection,29613.0,2ND AVE AND SPRING ST,,,2,Injury Collision,Cycles,2,0,1,1,1,0,0,2013-08-14T00:00:00.000Z,8/14/2013 8:45:00 AM,At Intersection (intersection related),18,"MOTOR VEHICLE STRUCK PEDALCYCLIST, FRONT END AT ANGLE",Y,N,Clear or Partly Cloudy,Dry,Daylight,,,,45.0,Vehicle - Pedalcyclist,12144,0,N,POINT (1269804.427313074 224621.804442063),3767.0,0.0,Clear or Partly Cloudy,2013-08-14,08:45:00,8.0,2,1,1.0,Clear or Partly Cloudy
134969,152148,152168,3286950,Matched,Block,,EASTLAKE AVE NE BETWEEN NE 41ST ST AND 11TH AVE NE,,,2,Injury Collision,Cycles,2,0,1,1,1,0,0,2010-09-27T00:00:00.000Z,9/27/2010 7:14:00 AM,Mid-Block (not related to intersection),21,"MOTOR VEHICLE STRUCK PEDALCYCLIST, REAR END",,N,Raining,Wet,Daylight,,,,45.0,Vehicle - Pedalcyclist,30558,0,N,POINT (1274828.295542225 243236.2906691283),19799.0,2.3613151033399944e-05,Raining,2010-09-27,07:14:00,7.0,0,1,1.0,Raining
134979,153138,153158,3579622,Matched,Intersection,37326.0,AURORA AVE N AND N 94TH ST,,,1,Property Damage Only Collision,Cycles,2,0,1,1,0,0,0,2013-08-29T00:00:00.000Z,8/29/2013 3:37:00 PM,At Intersection (intersection related),18,"MOTOR VEHICLE STRUCK PEDALCYCLIST, FRONT END AT ANGLE",,N,Overcast,Wet,Daylight,,,,45.0,Vehicle - Pedalcyclist,16320,0,N,POINT (1268282.953519523 257928.7945561707),1310.0,0.0,Overcast,2013-08-29,15:37:00,15.0,3,1,1.0,Clear or Partly Cloudy