OBJECTID,INCKEY,COLDETKEY,REPORTNO,STATUS,ADDRTYPE,INTKEY,LOCATION,EXCEPTRSNC,EXCEPTRSND,SEVERITYCO,SEVERITYDE,COLLISIONT,PERSONCOUN,PEDCOUNT,PEDCYLCOUN,VEHCOUNT,INJURIES,SERIOUSINJ,FATALITIES,INCDATE,INCDTTM,JUNCTIONTY,SDOT_COLCO,SDOT_COLDE,INATTENTIO,UNDERINFL,WEATHER,ROADCOND,LIGHTCOND,PEDROWNOTG,SDOTCOLNUM,SPEEDING,ST_COLCODE,ST_COLDESC,SEGLANEKEY,CROSSWALKK,HITPARKEDC,geometry,near_str_index,min_length,weather_group,date,time,hour,dayofweek,weekday,rushhour,weather_group2
134990,153143,153163,3572878,Matched,Intersection,37407.0,FREMONT AVE N AND N 100TH ST,,,2,Injury Collision,Cycles,3,0,1,1,1,0,0,2013-08-31T00:00:00.000Z,8/31/2013 3:45:00 PM,At Intersection (intersection related),18,"MOTOR VEHICLE STRUCK PEDALCYCLIST, FRONT END AT ANGLE",,N,Clear or Partly Cloudy,Dry,Daylight,,,,45.0,Vehicle - Pedalcyclist,0,0,N,POINT (1266974.798894182 259545.7978218347),1186.0,0.0,Clear or Partly Cloudy,2013-08-31,15:45:00,15.0,5,0,1.0,Clear or Partly Cloudy
135007,150370,150390,3645806,Matched,Intersection,25134.0,20TH AVE NW AND NW 58TH ST,,,2,Injury Collision,Cycles,2,0,1,1,1,0,0,2013-07-13T00:00:00.000Z,7/13/2013 3:24:00 PM,At Intersection (intersection related),51,PEDALCYCLIST STRUCK MOTOR VEHICLE FRONT END AT ANGLE,,N,Clear or Partly Cloudy,Dry,Daylight,,,,45.0,Vehicle - Pedalcyclist,11423,0,N,POINT (1258851.888677865 248566.6441465914),11701.0,0.0,Clear or Partly Cloudy,2013-07-13,15:24:00,15.0,5,0,1.0,Clear or Partly Cloudy
135044,151412,151432,3589801,Matched,Block,,14TH AVE S BETWEEN S ATLANTIC ST AND S MASSACHUSETTS ST,,,2,Injury Collision,Cycles,2,0,1,1,1,0,0,2013-07-30T00:00:00.000Z,7/30/2013 6:02:00 PM,Mid-Block (not related to intersection),51,PEDALCYCLIST STRUCK MOTOR VEHICLE FRONT END AT ANGLE,,N,Clear or Partly Cloudy,Dry,Daylight,,,,45.0,Vehicle - Pedalcyclist,37515,0,N,POINT (1274848.570294246 218446.4066757411),13287.0,2.70280965053307e-05,Clear or Partly Cloudy,2013-07-30,18:02:00,18.0,1,1,1.0,Clear or Partly Cloudy
135083,151965,151985,3197945,Matched,Intersection,28724.0,DEXTER AVE N AND HIGHLAND DR,,,2,Injury Collision,Cycles,2,0,1,1,1,0,0,2013-08-08T00:00:00.000Z,8/8/2013 5:57:00 PM,At Intersection (intersection related),18,"MOTOR VEHICLE STRUCK PEDALCYCLIST, FRONT END AT ANGLE",,N,Clear or Partly Cloudy,Dry,Daylight,,,,45.0,Vehicle - Pedalcyclist,12797,0,N,POINT (1268366.41105561 233350.2112350017),765.0,0.0,Clear or Partly Cloudy,2013-08-08,17:57:00,17.0,3,1,1.0,Clear or Partly Cloudy
135106,153161,153181,3476710,Matched,Intersection,29459.0,37TH AVE E AND LAKE WASHINGTON BLVD E,,,2b,Serious Injury Collision,Cycles,2,0,1,1,1,1,0,2013-08-30T00:00:00.000Z,8/30/2013 6:34:00 PM,At Intersection (intersection related),51,PEDALCYCLIST STRUCK MOTOR VEHICLE FRONT END AT ANGLE,,N,Clear or Partly Cloudy,Dry,Daylight,,,,45.0,Vehicle - Pedalcyclist,0,0,N,POINT (1282317.100093886 230453.1595840454),3612.0,0.0,Clear or Partly Cloudy,2013-08-30,18:34:00,18.0,4,1,1.0,Clear or Partly Cloudy
135124,153008,153028,3465311,Matched,Block,,SW AVALON WAY BETWEEN SW CHARLESTOWN ST AND SW BRADFORD ST,,,1,Property Damage Only Collision,Cycles,2,0,1,1,0,0,0,2013-08-16T00:00:00.000Z,8/16/2013 5:54:00 PM,Mid-Block (not related to intersection),54,PEDALCYCLIST STRUCK MOTOR VEHICLE REAR END,Y,N,Clear or Partly Cloudy,Dry,Daylight,,,,45.0,Vehicle - Pedalcyclist,3422,0,N,POINT (1260924.424359977 211547.5006206781),1946.0,1.3418594298270625e-05,Clear or Partly Cloudy,2013-08-16,17:54:00,17.0,4,1,1.0,Clear or Partly Cloudy
135151,150875,150895,3672390,Matched,Intersection,29859.0,BELMONT AVE AND E PINE ST,,,2,Injury Collision,Cycles,2,0,1,1,1,0,0,2013-07-19T00:00:00.000Z,7/19/2013 1:45:00 PM,At Intersection (intersection related),51,PEDALCYCLIST STRUCK MOTOR VEHICLE FRONT END AT ANGLE,,N,Clear or Partly Cloudy,Dry,Daylight,Y,,,45.0,Vehicle - Pedalcyclist,10368,0,N,POINT (1272659.811123997 227978.3315495104),6178.0,0.0,Clear or Partly Cloudy,2013-07-19,13:45:00,13.0,4,1,0.0,Clear or Partly Cloudy
135173,153180,153184,3574402,Matched,Block,,LENORA ST BETWEEN WESTERN AVE AND 1ST AVE,,,2,Injury Collision,Cycles,5,0,1,2,1,0,0,2013-09-01T00:00:00.000Z,9/1/2013 1:04:00 PM,Mid-Block (not related to intersection),55,PEDALCYCLIST STRUCK MOTOR VEHICLE RIGHT SIDE SIDESWIPE,,N,Clear or Partly Cloudy,Dry,Daylight,,,Y,45.0,Vehicle - Pedalcyclist,36975,0,N,POINT (1267733.104046956 226716.890588209),17958.0,8.583400969087081e-06,Clear or Partly Cloudy,2013-09-01,13:04:00,13.0,6,0,0.0,Clear or Partly Cloudy
135175,150874,150894,3672393,Matched,Intersection,30418.0,12TH AVE S AND BOREN AVE S,,,2,Injury Collision,Cycles,2,0,1,1,1,0,0,2013-07-19T00:00:00.000Z,7/19/2013 6:47:00 PM,At Intersection (intersection related),51,PEDALCYCLIST STRUCK MOTOR VEHICLE FRONT END AT ANGLE,,N,Clear or Partly Cloudy,Dry,Daylight,,,,45.0,Vehicle - Pedalcyclist,24389,0,N,POINT (1274410.087477788 222701.0610160977),2339.0,0.0,Clear or Partly Cloudy,2013-07-19,18:47:00,18.0,4,1,1.0,Clear or Partly Cloudy
135228,152161,152181,3573009,Matched,Block,,20TH AVE W BETWEEN THORNDYKE AVE W AND W DRAVUS ST,,,2,Injury Collision,Cycles,2,0,1,1,1,0,0,2013-08-11T00:00:00.000Z,8/11/2013 10:29:00 PM,Mid-Block (not related to intersection),56,PEDALCYCLIST STRUCK MOTOR VEHICLE LEFT SIDE SIDESWIPE,,N,Clear or Partly Cloudy,Dry,Dark - Street Lights Off,,,,45.0,Vehicle - Pedalcyclist,15603,0,N,POINT (1258716.37059772 240036.9554338455),8477.0,2.745097504215951e-05,Clear or Partly Cloudy,2013-08-11,22:29:00,22.0,6,0,0.0,Clear or Partly Cloudy
135310,151278,151298,3550115,Matched,Intersection,28913.0,MERCER ST AND TAYLOR AVE N,,,2,Injury Collision,Angles,2,0,1,1,1,0,0,2013-07-26T00:00:00.000Z,7/26/2013 8:15:00 AM,At Intersection (intersection related),18,"MOTOR VEHICLE STRUCK PEDALCYCLIST, FRONT END AT ANGLE",Y,N,Clear or Partly Cloudy,Dry,Daylight,,,,10.0,Entering at angle,0,63061,N,POINT (1267352.501806572 231486.9510730952),6529.0,0.0,Clear or Partly Cloudy,2013-07-26,08:15:00,8.0,4,1,1.0,Clear or Partly Cloudy
135352,151640,151660,3573474,Matched,Intersection,29082.0,FAIRVIEW AVE E AND FAIRVIEW AVE N,,,2,Injury Collision,Cycles,3,0,1,1,1,0,0,2013-08-02T00:00:00.000Z,8/2/2013 5:19:00 PM,At Intersection (intersection related),51,PEDALCYCLIST STRUCK MOTOR VEHICLE FRONT END AT ANGLE,,N,Clear or Partly Cloudy,Wet,Daylight,Y,,,45.0,Vehicle - Pedalcyclist,41840,0,N,POINT (1272182.856499508 234073.3730917424),15946.0,0.0,Clear or Partly Cloudy,2013-08-02,17:19:00,17.0,4,1,1.0,Clear or Partly Cloudy
135369,151988,152008,3672503,Matched,Intersection,30781.0,RAINIER AVE S AND S DEARBORN ST,,,2,Injury Collision,Cycles,3,0,1,1,1,0,0,2013-08-08T00:00:00.000Z,8/8/2013 4:52:00 PM,At Intersection (intersection related),18,"MOTOR VEHICLE STRUCK PEDALCYCLIST, FRONT END AT ANGLE",,N,Clear or Partly Cloudy,Dry,Daylight,,,,45.0,Vehicle - Pedalcyclist,0,522981,N,POINT (1275715.957815126 220859.434902221),908.0,0.0,Clear or Partly Cloudy,2013-08-08,16:52:00,16.0,3,1,1.0,Clear or Partly Cloudy
135375,152866,152886,3574921,Matched,Block,,WESTLAKE AVE N BETWEEN REPUBLICAN ST AND MERCER SR ST,,,2,Injury Collision,Cycles,2,0,1,1,1,0,0,2013-08-18T00:00:00.000Z,8/18/2013 2:20:00 PM,Driveway Junction,18,"MOTOR VEHICLE STRUCK PEDALCYCLIST, FRONT END AT ANGLE",,N,Clear or Partly Cloudy,Dry,Daylight,,,,45.0,Vehicle - Pedalcyclist,0,0,N,POINT (1269277.042992532 231202.1090888083),6765.0,0.0,Clear or Partly Cloudy,2013-08-18,14:20:00,14.0,6,0,0.0,Clear or Partly Cloudy
135413,153986,154006,3573101,Matched,Intersection,28724.0,DEXTER AVE N AND HIGHLAND DR,,,2,Injury Collision,Cycles,2,0,1,1,1,0,0,2013-09-11T00:00:00.000Z,9/11/2013 4:07:00 PM,At Intersection (intersection related),51,PEDALCYCLIST STRUCK MOTOR VEHICLE FRONT END AT ANGLE,,N,Clear or Partly Cloudy,Dry,Daylight,Y,,,45.0,Vehicle - Pedalcyclist,12797,0,N,POINT (1268366.41105561 233350.2112350017),765.0,0.0,Clear or Partly Cloudy,2013-09-11,16:07:00,16.0,2,1,1.0,Clear or Partly Cloudy
135422,153983,154003,3574415,Matched,Intersection,28791.0,THOMAS ST AND WESTLAKE AVE N,,,2,Injury Collision,Cycles,2,1,1,0,1,0,0,2013-09-13T00:00:00.000Z,9/13/2013 5:08:00 PM,At Intersection (intersection related),0,NOT ENOUGH INFORMATION / NOT APPLICABLE,,N,Overcast,Dry,Daylight,Y,,,45.0,Vehicle - Pedalcyclist,24570,0,N,POINT (1269249.545520514 230105.7063996792),3827.0,0.0,Overcast,2013-09-13,17:08:00,17.0,4,1,1.0,Clear or Partly Cloudy
135430,153047,153067,3554039,Matched,Block,,1ST AVE BETWEEN PIKE ST AND PINE ST,,,2,Injury Collision,Cycles,2,1,1,0,1,0,0,2013-08-11T00:00:00.000Z,8/11/2013 4:30:00 PM,Mid-Block (not related to intersection),69,PEDALCYCLIST OVERTURNED IN ROAD,,N,Clear or Partly Cloudy,Dry,Daylight,,,,45.0,Vehicle - Pedalcyclist,36657,0,N,POINT (1268673.529263914 225900.3447313756),1.0,9.009112979904896e-06,Clear or Partly Cloudy,2013-08-11,16:30:00,16.0,6,0,1.0,Clear or Partly Cloudy
135434,154491,154511,3550324,Matched,Block,,S BAILEY ST BETWEEN CORSON AVE S AND CARLETON AVE S,,,1,Property Damage Only Collision,Cycles,3,0,1,1,0,0,0,2013-09-23T00:00:00.000Z,9/23/2013 12:40:00 PM,Mid-Block (not related to intersection),0,NOT ENOUGH INFORMATION / NOT APPLICABLE,,N,Overcast,Dry,Daylight,,,,45.0,Vehicle - Pedalcyclist,0,0,N,POINT (1273088.637876436 203230.5175721645),15266.0,1.4486733393913214e-05,Overcast,2013-09-23,12:40:00,12.0,0,1,0.0,Clear or Partly Cloudy
135457,155025,155045,3574430,Matched,Intersection,30447.0,8TH AVE S AND S DEARBORN ST,,,2,Injury Collision,Cycles,2,0,1,1,1,0,0,2013-10-06T00:00:00.000Z,10/6/2013 2:26:00 PM,At Intersection (intersection related),51,PEDALCYCLIST STRUCK MOTOR VEHICLE FRONT END AT ANGLE,,N,Clear or Partly Cloudy,Dry,Daylight,,,,45.0,Vehicle - Pedalcyclist,5851,0,N,POINT (1273019.573044375 220895.8416862488),3274.0,0.0,Clear or Partly Cloudy,2013-10-06,14:26:00,14.0,6,0,0.0,Clear or Partly Cloudy
135497,155371,155391,3585502,Matched,Intersection,27273.0,N 36TH ST AND N PACIFIC ST,,,2,Injury Collision,Cycles,2,0,1,1,1,0,0,2013-10-14T00:00:00.000Z,10/14/2013 7:00:00 PM,At Intersection (intersection related),51,PEDALCYCLIST STRUCK MOTOR VEHICLE FRONT END AT ANGLE,,N,Clear or Partly Cloudy,Dry,Dark - No Street Lights,Y,,,45.0,Vehicle - Pedalcyclist,0,0,N,POINT (1271166.67909047 240877.5955627114),8275.0,0.0,Clear or Partly Cloudy,2013-10-14,19:00:00,19.0,0,1,1.0,Clear or Partly Cloudy
135506,155560,155580,3503119,Matched,Alley,,,,,2,Injury Collision,Cycles,3,0,1,1,1,0,0,2013-10-21T00:00:00.000Z,10/21/2013 12:25:00 PM,,0,NOT ENOUGH INFORMATION / NOT APPLICABLE,Y,N,Overcast,Dry,Daylight,,,Y,45.0,Vehicle - Pedalcyclist,0,0,N,,,,Overcast,2013-10-21,12:25:00,12.0,0,1,0.0,Clear or Partly Cloudy
135584,154649,154669,3573491,Matched,Intersection,29880.0,9TH AVE AND PINE ST,,,1,Property Damage Only Collision,Cycles,2,0,1,1,0,0,0,2013-09-26T00:00:00.000Z,9/26/2013 6:00:00 PM,At Intersection (intersection related),18,"MOTOR VEHICLE STRUCK PEDALCYCLIST, FRONT END AT ANGLE",,N,Clear or Partly Cloudy,Dry,Daylight,,,,45.0,Vehicle - Pedalcyclist,21786,0,N,POINT (1270781.206834078 227395.6786209047),6076.0,0.0,Clear or Partly Cloudy,2013-09-26,18:00:00,18.0,3,1,1.0,Clear or Partly Cloudy
135623,155384,155404,3645962,Matched,Intersection,29561.0,2ND AVE AND LENORA ST,,,2,Injury Collision,Cycles,3,0,1,1,1,0,0,2013-10-14T00:00:00.000Z,10/14/2013 7:15:00 PM,At Intersection (intersection related),18,"MOTOR VEHICLE STRUCK PEDALCYCLIST, FRONT END AT ANGLE",,N,Clear or Partly Cloudy,Dry,Dark - Street Lights On,,,,45.0,Vehicle - Pedalcyclist,12197,0,N,POINT (1268058.567983285 227074.5716765821),8462.0,0.0,Clear or Partly Cloudy,2013-10-14,19:15:00,19.0,0,1,1.0,Clear or Partly Cloudy
135627,155746,155766,3582252,Matched,Intersection,27043.0,TROLL AVE N AND N 34TH ST,,,2,Injury Collision,Cycles,2,0,1,1,1,0,0,2013-10-23T00:00:00.000Z,10/23/2013 8:40:00 AM,At Intersection (intersection related),18,"MOTOR VEHICLE STRUCK PEDALCYCLIST, FRONT END AT ANGLE",Y,N,Overcast,Dry,Daylight,,,,45.0,Vehicle - Pedalcyclist,8816,0,N,POINT (1267245.477678463 240493.9652263224),1223.0,0.0,Overcast,2013-10-23,08:40:00,8.0,2,1,1.0,Clear or Partly Cloudy
135634,155744,155764,3574739,Matched,Intersection,166923.0,BEACON ER AVE S AND S COLUMBIAN WAY,,,2,Injury Collision,Cycles,2,0,1,1,1,0,0,2013-10-24T00:00:00.000Z,10/24/2013 8:15:00 PM,At Intersection (intersection related),18,"MOTOR VEHICLE STRUCK PEDALCYCLIST, FRONT END AT ANGLE",,N,Clear or Partly Cloudy,Dry,Dark - Street Lights On,Y,,,45.0,Vehicle - Pedalcyclist,0,525560,N,POINT (1277225.477944672 207610.3553366512),8242.0,0.0,Clear or Partly Cloudy,2013-10-24,20:15:00,20.0,3,1,0.0,Clear or Partly Cloudy
135638,155905,155925,3643646,Matched,Block,,6TH AVE S BETWEEN S HOLGATE ST AND S WALKER ST,,,2,Injury Collision,Cycles,2,0,1,1,1,0,0,2013-10-28T00:00:00.000Z,10/28/2013 12:10:00 PM,Mid-Block (not related to intersection),51,PEDALCYCLIST STRUCK MOTOR VEHICLE FRONT END AT ANGLE,,N,Clear or Partly Cloudy,Dry,Daylight,,,,45.0,Vehicle - Pedalcyclist,0,0,N,POINT (1272076.472563401 216990.1210422516),15338.0,1.3804915384050644e-05,Clear or Partly Cloudy,2013-10-28,12:10:00,12.0,0,1,0.0,Clear or Partly Cloudy
135664,156072,156092,3585177,Matched,Block,,JAMES ST BETWEEN 2ND AVE AND 3RD AVE,,,2,Injury Collision,Cycles,2,0,1,1,1,0,0,2013-10-24T00:00:00.000Z,10/24/2013 2:25:00 PM,Mid-Block (not related to intersection),18,"MOTOR VEHICLE STRUCK PEDALCYCLIST, FRONT END AT ANGLE",,N,Overcast,Dry,Daylight,,,,45.0,Vehicle - Pedalcyclist,24805,0,N,POINT (1270721.918834016 223386.8446328044),3596.0,3.3352391500923465e-05,Overcast,2013-10-24,14:25:00,14.0,3,1,0.0,Clear or Partly Cloudy
135667,153471,153491,3672443,Matched,Intersection,30173.0,23RD AVE AND E CHERRY ST,,,2,Injury Collision,Cycles,2,0,1,1,1,0,0,2013-09-08T00:00:00.000Z,9/8/2013 5:45:00 PM,At Intersection (intersection related),51,PEDALCYCLIST STRUCK MOTOR VEHICLE FRONT END AT ANGLE,,N,Clear or Partly Cloudy,Dry,Daylight,Y,,Y,45.0,Vehicle - Pedalcyclist,9564,0,N,POINT (1277961.390393436 225243.6924427003),6816.0,0.0,Clear or Partly Cloudy,2013-09-08,17:45:00,17.0,6,0,1.0,Clear or Partly Cloudy
135726,154509,154529,3672683,Matched,Intersection,29051.0,HARVARD AVE E AND E OLIVE WAY,,,1,Property Damage Only Collision,Cycles,3,0,1,1,0,0,0,2013-09-24T00:00:00.000Z,9/24/2013 8:12:00 PM,At Intersection (intersection related),18,"MOTOR VEHICLE STRUCK PEDALCYCLIST, FRONT END AT ANGLE",,N,Clear or Partly Cloudy,Dry,Dark - Street Lights On,,,,45.0,Vehicle - Pedalcyclist,23225,0,N,POINT (1273251.7376526 229671.8081592321),760.0,0.0,Clear or Partly Cloudy,2013-09-24,20:12:00,20.0,1,1,0.0,Clear or Partly Cloudy
135733,154855,154875,3641606,Matched,Intersection,37418.0,GREENWOOD AVE N AND N 95TH ST,,,2,Injury Collision,Cycles,2,0,1,1,1,0,0,2013-09-28T00:00:00.000Z,9/28/2013 12:55:00 PM,At Intersection (intersection related),51,PEDALCYCLIST STRUCK MOTOR VEHICLE FRONT END AT ANGLE,,N,Raining,Wet,Daylight,,,,45.0,Vehicle - Pedalcyclist,0,0,N,POINT (1265634.869292811 258256.2587485164),6392.0,0.0,Raining,2013-09-28,12:55:00,12.0,5,0,0.0,Raining
135743,154665,154685,3502813,Matched,Block,,NW 85TH ST BETWEEN 6TH AVE NW AND 8TH AVE NW,,,2,Injury Collision,Cycles,2,0,1,1,1,0,0,2013-09-26T00:00:00.000Z,9/26/2013 11:40:00 PM,Mid-Block (not related to intersection),55,PEDALCYCLIST STRUCK MOTOR VEHICLE RIGHT SIDE SIDESWIPE,,N,Clear or Partly Cloudy,Dry,Dark - Street Lights On,,,,45.0,Vehicle - Pedalcyclist,21460,0,N,POINT (1263298.482602417 255679.1806018651),16722.0,1.3210475204874695e-06,Clear or Partly Cloudy,2013-09-26,23:40:00,23.0,3,1,0.0,Clear or Partly Cloudy
135820,155918,155938,3672855,Matched,Block,,E PINE ST BETWEEN BELMONT AVE AND BOYLSTON AVE,,,1,Property Damage Only Collision,Cycles,2,0,1,1,0,0,0,2013-10-27T00:00:00.000Z,10/27/2013 4:26:00 PM,Mid-Block (not related to intersection),56,PEDALCYCLIST STRUCK MOTOR VEHICLE LEFT SIDE SIDESWIPE,,N,Clear or Partly Cloudy,Dry,Daylight,Y,,,45.0,Vehicle - Pedalcyclist,10368,0,N,POINT (1272790.179892138 227976.9255975038),12705.0,8.034556990665497e-11,Clear or Partly Cloudy,2013-10-27,16:26:00,16.0,6,0,1.0,Clear or Partly Cloudy
135848,154199,154219,3380442,Matched,Block,,SW SPOKANE SR ST BETWEEN SPOKANE TURN RD AND SW AVALON WAY,,,2,Injury Collision,Cycles,2,0,1,1,1,0,0,2013-09-06T00:00:00.000Z,9/6/2013 6:45:00 PM,Mid-Block (not related to intersection),51,PEDALCYCLIST STRUCK MOTOR VEHICLE FRONT END AT ANGLE,,N,Clear or Partly Cloudy,Dry,Daylight,,,,45.0,Vehicle - Pedalcyclist,38750,0,N,POINT (1261024.73853609 212214.2920453548),12957.0,1.330390962702012e-05,Clear or Partly Cloudy,2013-09-06,18:45:00,18.0,4,1,1.0,Clear or Partly Cloudy
135871,155237,155257,3606537,Matched,Intersection,28294.0,EASTLAKE AVE E AND E EDGAR ST,,,2,Injury Collision,Cycles,2,0,1,1,1,0,0,2013-10-09T00:00:00.000Z,10/9/2013 2:48:00 PM,At Intersection (intersection related),51,PEDALCYCLIST STRUCK MOTOR VEHICLE FRONT END AT ANGLE,,N,Clear or Partly Cloudy,Dry,Daylight,,,,45.0,Vehicle - Pedalcyclist,24696,0,N,POINT (1272519.139635861 238659.0959764421),6828.0,0.0,Clear or Partly Cloudy,2013-10-09,14:48:00,14.0,2,1,0.0,Clear or Partly Cloudy
135892,155601,155621,3570477,Matched,Block,,6TH AVE BETWEEN WESTLAKE AVE AND VIRGINIA ST,,,2,Injury Collision,Cycles,2,0,1,1,1,0,0,2013-10-16T00:00:00.000Z,10/16/2013 5:30:00 PM,Mid-Block (but intersection related),0,NOT ENOUGH INFORMATION / NOT APPLICABLE,,N,Clear or Partly Cloudy,Dry,Daylight,Y,,,45.0,Vehicle - Pedalcyclist,25437,0,N,POINT (1269331.944560587 227657.5867811739),11861.0,2.4979600990032933e-05,Clear or Partly Cloudy,2013-10-16,17:30:00,17.0,2,1,1.0,Clear or Partly Cloudy
135909,153482,153502,3606533,Matched,Intersection,29737.0,NAGLE PL AND E PINE ST,,,2,Injury Collision,Cycles,3,0,1,1,1,0,0,2013-09-04T00:00:00.000Z,9/4/2013 5:24:00 PM,At Intersection (intersection related),18,"MOTOR VEHICLE STRUCK PEDALCYCLIST, FRONT END AT ANGLE",,N,Clear or Partly Cloudy,Dry,Daylight,Y,,,45.0,Vehicle - Pedalcyclist,10408,0,N,POINT (1273758.874165133 227962.8476454914),3934.0,0.0,Clear or Partly Cloudy,2013-09-04,17:24:00,17.0,2,1,1.0,Clear or Partly Cloudy
135921,153483,153503,3566269,Matched,Block,,NW MARKET ST BETWEEN 7TH AVE NW AND 8TH AVE NW,,,2,Injury Collision,Cycles,2,0,1,1,1,0,0,2013-08-30T00:00:00.000Z,8/30/2013 9:55:00 PM,Mid-Block (but intersection related),51,PEDALCYCLIST STRUCK MOTOR VEHICLE FRONT END AT ANGLE,,N,Clear or Partly Cloudy,Dry,Dark - Street Lights On,,,Y,45.0,Vehicle - Pedalcyclist,2408,0,N,POINT (1262897.093546003 247662.5053936541),7583.0,1.3688114377586133e-05,Clear or Partly Cloudy,2013-08-30,21:55:00,21.0,4,1,0.0,Clear or Partly Cloudy
135957,154017,154037,3643837,Matched,Block,,1ST AVE S BETWEEN S ROYAL BROUGHAM WAY AND S ATLANTIC ST,,,2,Injury Collision,Cycles,2,0,1,1,1,0,0,2013-09-06T00:00:00.000Z,9/6/2013 3:24:00 AM,Mid-Block (not related to intersection),21,"MOTOR VEHICLE STRUCK PEDALCYCLIST, REAR END",,N,Raining,Wet,Dark - Street Lights On,,,,45.0,Vehicle - Pedalcyclist,5226,0,N,POINT (1270092.515441373 219319.766740635),14.0,2.805568900512688e-05,Raining,2013-09-06,03:24:00,3.0,4,1,0.0,Raining
135979,154708,154728,3386101,Matched,Intersection,31082.0,CALIFORNIA AVE SW AND SW LANDER ST,,,2b,Serious Injury Collision,Cycles,2,0,1,1,1,1,0,2013-09-26T00:00:00.000Z,9/26/2013 3:43:00 PM,At Intersection (intersection related),18,"MOTOR VEHICLE STRUCK PEDALCYCLIST, FRONT END AT ANGLE",Y,N,Clear or Partly Cloudy,Dry,Daylight,Y,,,45.0,Vehicle - Pedalcyclist,0,522657,N,POINT (1257069.82378003 215183.6942244023),3421.0,0.0,Clear or Partly Cloudy,2013-09-26,15:43:00,15.0,3,1,1.0,Clear or Partly Cloudy
135998,154530,154550,3590203,Matched,Block,,M L KING JR WAY S BETWEEN S HOLGATE ST AND S PLUM ST,,,2b,Serious Injury Collision,Cycles,2,0,1,1,1,1,0,2013-09-21T00:00:00.000Z,9/21/2013 7:49:00 PM,Mid-Block (not related to intersection),21,"MOTOR VEHICLE STRUCK PEDALCYCLIST, REAR END",,N,Clear or Partly Cloudy,Dry,Dark - Street Lights On,,,,45.0,Vehicle - Pedalcyclist,37774,0,N,POINT (1278952.854778439 217160.107154429),6495.0,2.466455570183147e-05,Clear or Partly Cloudy,2013-09-21,19:49:00,19.0,5,0,1.0,Clear or Partly Cloudy
137007,156011,156031,3554050,Matched,Intersection,27065.0,11TH AVE NE AND NE 45TH ST,,,2,Injury Collision,Cycles,2,0,1,1,1,0,0,2013-10-30T00:00:00.000Z,10/30/2013 9:52:00 PM,At Intersection (intersection related),51,PEDALCYCLIST STRUCK MOTOR VEHICLE FRONT END AT ANGLE,,N,Raining,Wet,Dark - Street Lights On,,,,45.0,Vehicle - Pedalcyclist,8938,0,N,POINT (1274930.22776632 244741.2228306681),2303.0,0.0,Raining,2013-10-30,21:52:00,21.0,2,1,0.0,Raining
137017,155858,155878,3574503,Matched,Block,,BOREN AVE BETWEEN HOWELL ST AND STEWART ST,,,2,Injury Collision,Cycles,2,0,1,1,1,0,0,2013-10-29T00:00:00.000Z,10/29/2013 7:40:00 AM,Mid-Block (not related to intersection),55,PEDALCYCLIST STRUCK MOTOR VEHICLE RIGHT SIDE SIDESWIPE,,N,Clear or Partly Cloudy,Dry,Daylight,,,,45.0,Vehicle - Pedalcyclist,21773,0,N,POINT (1270796.808370098 228500.5314220339),6189.0,1.0725580959131262e-05,Clear or Partly Cloudy,2013-10-29,07:40:00,7.0,1,1,1.0,Clear or Partly Cloudy
137024,153374,153394,3326099,Matched,Block,,23RD AVE BETWEEN E UNION ST AND E PIKE ST,,,2,Injury Collision,Cycles,2,0,1,1,1,0,0,2013-09-03T00:00:00.000Z,9/3/2013 11:22:00 AM,Driveway Junction,18,"MOTOR VEHICLE STRUCK PEDALCYCLIST, FRONT END AT ANGLE",,N,Raining,Wet,Daylight,,,,45.0,Vehicle - Pedalcyclist,0,0,N,POINT (1278018.650041491 227263.5132447779),16209.0,2.7642162043011587e-10,Raining,2013-09-03,11:22:00,11.0,1,1,0.0,Raining
137035,154138,154158,3467165,Matched,Block,,SEWARD PARK AVE S BETWEEN HAMLET AVE S AND S HENDERSON ST,,,2,Injury Collision,Cycles,2,0,1,1,1,0,0,2012-08-11T00:00:00.000Z,8/11/2012 12:01:00 PM,Mid-Block (not related to intersection),18,"MOTOR VEHICLE STRUCK PEDALCYCLIST, FRONT END AT ANGLE",,N,Clear or Partly Cloudy,Dry,Daylight,Y,,,45.0,Vehicle - Pedalcyclist,37765,0,N,POINT (1286806.082754493 194385.0174671113),956.0,6.50796559933602e-06,Clear or Partly Cloudy,2012-08-11,12:01:00,12.0,5,0,0.0,Clear or Partly Cloudy
137047,154133,154153,3467160,Matched,Block,,S HENDERSON ST BETWEEN RAINIER AVE S AND 53RD AVE S,,,2,Injury Collision,Cycles,2,0,1,1,1,0,0,2012-08-06T00:00:00.000Z,8/6/2012 9:59:00 AM,Mid-Block (not related to intersection),18,"MOTOR VEHICLE STRUCK PEDALCYCLIST, FRONT END AT ANGLE",,N,Overcast,Dry,Daylight,Y,,,45.0,Vehicle - Pedalcyclist,3806,0,N,POINT (1285921.607553586 194190.0465869009),7726.0,2.524294348350401e-05,Overcast,2012-08-06,09:59:00,9.0,0,1,1.0,Clear or Partly Cloudy