OBJECTID,INCKEY,COLDETKEY,REPORTNO,STATUS,ADDRTYPE,INTKEY,LOCATION,EXCEPTRSNC,EXCEPTRSND,SEVERITYCO,SEVERITYDE,COLLISIONT,PERSONCOUN,PEDCOUNT,PEDCYLCOUN,VEHCOUNT,INJURIES,SERIOUSINJ,FATALITIES,INCDATE,INCDTTM,JUNCTIONTY,SDOT_COLCO,SDOT_COLDE,INATTENTIO,UNDERINFL,WEATHER,ROADCOND,LIGHTCOND,PEDROWNOTG,SDOTCOLNUM,SPEEDING,ST_COLCODE,ST_COLDESC,SEGLANEKEY,CROSSWALKK,HITPARKEDC,geometry,near_str_index,min_length,weather_group,date,time,hour,dayofweek,weekday,rushhour,weather_group2
137089,154797,154817,3549031,Matched,Intersection,28777.0,FAIRVIEW AVE N AND HARRISON ST,,,2,Injury Collision,Cycles,2,0,1,1,1,0,0,2013-09-30T00:00:00.000Z,9/30/2013 11:38:00 AM,At Intersection (intersection related),51,PEDALCYCLIST STRUCK MOTOR VEHICLE FRONT END AT ANGLE,,N,Raining,Wet,Daylight,,,,45.0,Vehicle - Pedalcyclist,25100,0,N,POINT (1270290.966321573 230496.0669760853),6395.0,0.0,Raining,2013-09-30,11:38:00,11.0,0,1,0.0,Raining
137110,153609,153629,3641710,Matched,Intersection,27093.0,ROOSEVELT WAY NE AND NE 42ND S ST,,,2,Injury Collision,Cycles,3,0,1,1,1,0,0,2013-09-10T00:00:00.000Z,9/10/2013 4:30:00 PM,At Intersection (intersection related),51,PEDALCYCLIST STRUCK MOTOR VEHICLE FRONT END AT ANGLE,,N,Clear or Partly Cloudy,Dry,Daylight,,,,45.0,Vehicle - Pedalcyclist,8986,0,N,POINT (1274602.278453991 243369.3024452627),15971.0,0.0,Clear or Partly Cloudy,2013-09-10,16:30:00,16.0,1,1,1.0,Clear or Partly Cloudy
137113,153608,153628,3645996,Matched,Intersection,24247.0,EAST GREEN LAKE DR N AND N 77TH ST,,,2,Injury Collision,Cycles,2,0,1,1,1,0,0,2013-09-09T00:00:00.000Z,9/9/2013 7:54:00 PM,At Intersection (intersection related),18,"MOTOR VEHICLE STRUCK PEDALCYCLIST, FRONT END AT ANGLE",,N,Clear or Partly Cloudy,Dry,Dusk,Y,,,45.0,Vehicle - Pedalcyclist,7346,0,N,POINT (1270552.84100984 253255.5209513903),1087.0,0.0,Clear or Partly Cloudy,2013-09-09,19:54:00,19.0,0,1,1.0,Clear or Partly Cloudy
137139,156037,156057,3672785,Matched,Intersection,29826.0,12TH AVE AND E ALDER ST,,,2,Injury Collision,Cycles,2,0,1,1,1,0,0,2013-10-31T00:00:00.000Z,10/31/2013 6:04:00 PM,At Intersection (intersection related),18,"MOTOR VEHICLE STRUCK PEDALCYCLIST, FRONT END AT ANGLE",,N,Overcast,Dry,Dusk,,,,45.0,Vehicle - Pedalcyclist,10590,0,N,POINT (1274480.128053859 223979.3716734052),2319.0,0.0,Overcast,2013-10-31,18:04:00,18.0,3,1,1.0,Clear or Partly Cloudy
137167,154609,154629,3582291,Matched,Block,,NW 45TH ST BETWEEN 9TH AVE NW AND 11TH AVE NW,,,2,Injury Collision,Cycles,2,0,2,0,1,0,0,2013-09-24T00:00:00.000Z,9/24/2013 7:07:00 PM,Mid-Block (but intersection related),18,"MOTOR VEHICLE STRUCK PEDALCYCLIST, FRONT END AT ANGLE",,Y,Overcast,Dry,Dark - Street Lights On,,,,45.0,Vehicle - Pedalcyclist,0,0,N,POINT (1261845.509672925 245062.2541269958),4309.0,0.0,Overcast,2013-09-24,19:07:00,19.0,1,1,1.0,Clear or Partly Cloudy
137183,153782,153802,3574654,Matched,Block,,15TH AVE W BETWEEN W HOWE ST AND W NEWTON ST,,,2,Injury Collision,Cycles,2,0,1,1,1,0,0,2013-09-11T00:00:00.000Z,9/11/2013 8:53:00 AM,Driveway Junction,18,"MOTOR VEHICLE STRUCK PEDALCYCLIST, FRONT END AT ANGLE",Y,N,Clear or Partly Cloudy,Dry,Daylight,,,,45.0,Vehicle - Pedalcyclist,19025,0,N,POINT (1260073.370215118 235928.0427256525),10118.0,1.37683618616702e-05,Clear or Partly Cloudy,2013-09-11,08:53:00,8.0,2,1,1.0,Clear or Partly Cloudy
137191,154448,154468,3608814,Matched,Intersection,25443.0,8TH AVE NW AND NW 50TH ST,,,2,Injury Collision,Cycles,2,0,1,1,1,0,0,2013-09-21T00:00:00.000Z,9/21/2013 4:51:00 PM,At Intersection (intersection related),18,"MOTOR VEHICLE STRUCK PEDALCYCLIST, FRONT END AT ANGLE",,N,Clear or Partly Cloudy,Dry,Daylight,,,,45.0,Vehicle - Pedalcyclist,0,0,N,POINT (1262734.982441843 246346.7327203155),3262.0,0.0,Clear or Partly Cloudy,2013-09-21,16:51:00,16.0,5,0,1.0,Clear or Partly Cloudy
137259,153791,153811,3520208,Matched,Intersection,27149.0,15TH AVE NE AND NE PACIFIC ST,,,2,Injury Collision,Cycles,2,0,1,1,1,0,0,2013-06-13T00:00:00.000Z,6/13/2013 7:08:00 AM,At Intersection (intersection related),18,"MOTOR VEHICLE STRUCK PEDALCYCLIST, FRONT END AT ANGLE",Y,N,Clear or Partly Cloudy,Dry,Daylight,Y,,,45.0,Vehicle - Pedalcyclist,0,520838,N,POINT (1275885.728567302 241688.8779955506),1534.0,0.0,Clear or Partly Cloudy,2013-06-13,07:08:00,7.0,3,1,1.0,Clear or Partly Cloudy
137269,153409,153429,3501714,Matched,Block,,ROOSEVELT WAY NE BETWEEN NE 43RD S ST AND NE 43RD N ST,,,2,Injury Collision,Cycles,3,0,2,1,2,0,0,2013-09-03T00:00:00.000Z,9/3/2013 7:46:00 AM,Mid-Block (not related to intersection),0,NOT ENOUGH INFORMATION / NOT APPLICABLE,,N,Raining,Wet,Dawn,,,Y,45.0,Vehicle - Pedalcyclist,8995,0,N,POINT (1274631.00639002 244149.0669260621),18017.0,0.0,Raining,2013-09-03,07:46:00,7.0,1,1,1.0,Raining
137403,153634,153654,3573051,Matched,Intersection,29950.0,3RD AVE AND SPRING ST,,,2,Injury Collision,Cycles,2,1,1,0,1,0,0,2013-09-09T00:00:00.000Z,9/9/2013 12:40:00 PM,At Intersection (intersection related),64,PEDALCYCLIST STRUCK PEDESTRIAN,,N,Clear or Partly Cloudy,Dry,Daylight,Y,,,45.0,Vehicle - Pedalcyclist,35851,521566,N,POINT (1270081.554225355 224785.9475462288),9627.0,0.0,Clear or Partly Cloudy,2013-09-09,12:40:00,12.0,0,1,0.0,Clear or Partly Cloudy
137417,153804,153824,3606308,Matched,Block,,S JACKSON ST BETWEEN 22ND AVE S AND 23RD AVE S,,,1,Property Damage Only Collision,Cycles,2,0,1,1,0,0,0,2013-09-11T00:00:00.000Z,9/11/2013 4:38:00 PM,Mid-Block (not related to intersection),56,PEDALCYCLIST STRUCK MOTOR VEHICLE LEFT SIDE SIDESWIPE,Y,N,Clear or Partly Cloudy,Dry,Daylight,,,,45.0,Vehicle - Pedalcyclist,11145,0,N,POINT (1277902.738169372 222059.4449514449),7760.0,1.82940854774549e-05,Clear or Partly Cloudy,2013-09-11,16:38:00,16.0,2,1,1.0,Clear or Partly Cloudy
137436,153797,153817,3559185,Matched,Intersection,27065.0,11TH AVE NE AND NE 45TH ST,,,2,Injury Collision,Cycles,2,0,1,1,1,0,0,2010-08-13T00:00:00.000Z,8/13/2010 12:16:00 PM,At Intersection (intersection related),51,PEDALCYCLIST STRUCK MOTOR VEHICLE FRONT END AT ANGLE,,N,Clear or Partly Cloudy,Dry,Daylight,,,,45.0,Vehicle - Pedalcyclist,6999,0,N,POINT (1274930.22776632 244741.2228306681),2303.0,0.0,Clear or Partly Cloudy,2010-08-13,12:16:00,12.0,4,1,0.0,Clear or Partly Cloudy
137437,155881,155901,3613397,Matched,Block,,N NORTHGATE WAY BETWEEN AURORA AVE N AND MIDVALE AVE N,,,2,Injury Collision,Cycles,2,0,1,1,1,0,0,2013-10-23T00:00:00.000Z,10/23/2013 9:50:00 AM,Mid-Block (not related to intersection),51,PEDALCYCLIST STRUCK MOTOR VEHICLE FRONT END AT ANGLE,,N,Clear or Partly Cloudy,Dry,Daylight,,,,45.0,Vehicle - Pedalcyclist,0,0,N,POINT (1268484.202351719 260831.2072311491),19130.0,8.272757644620903e-06,Clear or Partly Cloudy,2013-10-23,09:50:00,9.0,2,1,1.0,Clear or Partly Cloudy
137462,154158,154178,3502560,Matched,Intersection,38351.0,CORNELL AVE S AND RAINIER AVE S,,,2,Injury Collision,Cycles,2,0,1,1,1,0,0,2013-09-01T00:00:00.000Z,9/1/2013 11:42:00 AM,At Intersection (intersection related),18,"MOTOR VEHICLE STRUCK PEDALCYCLIST, FRONT END AT ANGLE",,N,Clear or Partly Cloudy,Dry,Daylight,Y,,,45.0,Vehicle - Pedalcyclist,5005,0,N,POINT (1291171.135622963 189623.724342227),918.0,0.0,Clear or Partly Cloudy,2013-09-01,11:42:00,11.0,6,0,0.0,Clear or Partly Cloudy
137465,154157,154177,3503118,Matched,Intersection,27100.0,ROOSEVELT WAY NE AND NE 41ST ST,,,2,Injury Collision,Cycles,2,0,1,1,1,0,0,2013-09-15T00:00:00.000Z,9/15/2013 2:09:00 PM,At Intersection (intersection related),51,PEDALCYCLIST STRUCK MOTOR VEHICLE FRONT END AT ANGLE,,N,Overcast,Dry,Daylight,,,,45.0,Vehicle - Pedalcyclist,8967,0,N,POINT (1274593.717557982 243141.4757570326),6641.0,0.0,Overcast,2013-09-15,14:09:00,14.0,6,0,0.0,Clear or Partly Cloudy
137524,155729,155749,3646249,Matched,Block,,N NORTHGATE WAY BETWEEN MERIDIAN AVE N AND CORLISS AVE N,,,2,Injury Collision,Cycles,2,0,1,1,1,0,0,2013-10-14T00:00:00.000Z,10/14/2013 12:34:00 PM,Mid-Block (not related to intersection),51,PEDALCYCLIST STRUCK MOTOR VEHICLE FRONT END AT ANGLE,,N,Clear or Partly Cloudy,Dry,Daylight,,,,45.0,Vehicle - Pedalcyclist,0,0,N,POINT (1271306.396978617 262090.9490564317),14407.0,2.609431350803796e-06,Clear or Partly Cloudy,2013-10-14,12:34:00,12.0,0,1,0.0,Clear or Partly Cloudy
137583,156815,156835,3643233,Matched,Intersection,32340.0,1ST AVE S AND S SPOKANE SR ST,,,1,Property Damage Only Collision,Cycles,2,0,1,1,0,0,0,2013-11-08T00:00:00.000Z,11/8/2013 9:09:00 AM,At Intersection (intersection related),18,"MOTOR VEHICLE STRUCK PEDALCYCLIST, FRONT END AT ANGLE",Y,N,Clear or Partly Cloudy,Dry,Daylight,,,,45.0,Vehicle - Pedalcyclist,39236,0,N,POINT (1269950.822961226 212039.4382211864),12913.0,0.0,Clear or Partly Cloudy,2013-11-08,09:09:00,9.0,4,1,1.0,Clear or Partly Cloudy
137619,157045,157065,3644094,Matched,Intersection,29547.0,3RD AVE AND BLANCHARD ST,,,2,Injury Collision,Cycles,2,0,1,1,1,0,0,2013-11-14T00:00:00.000Z,11/14/2013 9:36:00 PM,At Intersection (intersection related),18,"MOTOR VEHICLE STRUCK PEDALCYCLIST, FRONT END AT ANGLE",,N,Clear or Partly Cloudy,Dry,Dark - Street Lights On,,,,45.0,Vehicle - Pedalcyclist,35698,0,N,POINT (1267960.037679195 227599.7538851202),2714.0,0.0,Clear or Partly Cloudy,2013-11-14,21:36:00,21.0,3,1,0.0,Clear or Partly Cloudy
137620,157043,157063,3643866,Matched,Intersection,30379.0,ALASKAN WAY AND MARION ST,,,2,Injury Collision,Cycles,2,0,1,1,1,0,0,2013-11-15T00:00:00.000Z,11/15/2013 5:24:00 PM,At Intersection (intersection related),18,"MOTOR VEHICLE STRUCK PEDALCYCLIST, FRONT END AT ANGLE",Y,N,Clear or Partly Cloudy,Dry,Daylight,,,,45.0,Vehicle - Pedalcyclist,0,0,N,POINT (1269289.658672556 223605.9344890267),598.0,0.0,Clear or Partly Cloudy,2013-11-15,17:24:00,17.0,4,1,1.0,Clear or Partly Cloudy
137643,158059,158079,3582463,Matched,Block,,NE 45TH ST BETWEEN 1ST AVE NE AND 2ND AVE NE,,,2,Injury Collision,Cycles,2,0,1,1,1,0,0,2013-10-08T00:00:00.000Z,10/8/2013 3:08:00 PM,Mid-Block (not related to intersection),18,"MOTOR VEHICLE STRUCK PEDALCYCLIST, FRONT END AT ANGLE",Y,N,Clear or Partly Cloudy,Dry,Daylight,,,,45.0,Vehicle - Pedalcyclist,6532,0,N,POINT (1272176.522995502 244818.3334227502),18208.0,3.0169654243669977e-05,Clear or Partly Cloudy,2013-10-08,15:08:00,15.0,1,1,1.0,Clear or Partly Cloudy
137653,158254,158274,3501356,Matched,Intersection,26896.0,STONE WAY N AND N 34TH ST,,,2,Injury Collision,Cycles,5,0,1,1,1,0,0,2013-12-10T00:00:00.000Z,12/10/2013 8:06:00 AM,At Intersection (intersection related),18,"MOTOR VEHICLE STRUCK PEDALCYCLIST, FRONT END AT ANGLE",,N,Overcast,Dry,Daylight,,,,45.0,Vehicle - Pedalcyclist,0,523424,N,POINT (1268384.754735619 240216.4179620296),4878.0,0.0,Overcast,2013-12-10,08:06:00,8.0,1,1,1.0,Clear or Partly Cloudy
137675,158415,158435,3645918,Matched,Intersection,36855.0,35TH AVE NE AND NE 105TH ST,,,2,Injury Collision,Cycles,2,0,1,1,1,0,0,2013-12-11T00:00:00.000Z,12/11/2013 6:56:00 PM,At Intersection (intersection related),51,PEDALCYCLIST STRUCK MOTOR VEHICLE FRONT END AT ANGLE,,N,Overcast,Wet,Dark - Street Lights On,,,,45.0,Vehicle - Pedalcyclist,4114,0,N,POINT (1281563.718461111 260482.112446785),5609.0,0.0,Overcast,2013-12-11,18:56:00,18.0,2,1,1.0,Clear or Partly Cloudy
137682,158966,158986,3641010,Matched,Intersection,30492.0,2ND AV ET S AND S WASHINGTON ST,,,2,Injury Collision,Cycles,2,0,1,1,1,0,0,2013-12-24T00:00:00.000Z,12/24/2013 2:44:00 PM,At Intersection (intersection related),18,"MOTOR VEHICLE STRUCK PEDALCYCLIST, FRONT END AT ANGLE",,N,Clear or Partly Cloudy,Dry,Daylight,,,,45.0,Vehicle - Pedalcyclist,12011,0,N,POINT (1270895.346994191 222778.506136179),8471.0,0.0,Clear or Partly Cloudy,2013-12-24,14:44:00,14.0,1,1,0.0,Clear or Partly Cloudy
137696,156431,156451,3503120,Matched,Intersection,287171.0,BURKE GILMAN TRL AND NE 65TH ST,,,2,Injury Collision,Cycles,2,0,1,1,1,0,0,2013-11-07T00:00:00.000Z,11/7/2013 5:20:00 PM,At Intersection (intersection related),18,"MOTOR VEHICLE STRUCK PEDALCYCLIST, FRONT END AT ANGLE",Y,N,Raining,Wet,Dark - Street Lights On,,,,45.0,Vehicle - Pedalcyclist,0,524265,N,POINT (1287350.799683049 249775.8573318273),11616.0,0.0,Raining,2013-11-07,17:20:00,17.0,3,1,1.0,Raining
137710,156432,156452,3546322,Matched,Intersection,29603.0,2ND AVE AND UNIVERSITY ST,,,2,Injury Collision,Cycles,2,0,1,1,1,0,0,2013-11-06T00:00:00.000Z,11/6/2013 10:15:00 AM,At Intersection (intersection related),18,"MOTOR VEHICLE STRUCK PEDALCYCLIST, FRONT END AT ANGLE",,N,Overcast,Dry,Daylight,,,,45.0,Vehicle - Pedalcyclist,12162,0,N,POINT (1269492.709168762 225148.3088906109),2490.0,0.0,Overcast,2013-11-06,10:15:00,10.0,2,1,0.0,Clear or Partly Cloudy
137717,156228,156248,3646110,Matched,Block,,MERIDIAN AVE N BETWEEN N 54TH ST AND N 55TH ST,,,2b,Serious Injury Collision,Cycles,2,0,1,1,1,1,0,2013-10-16T00:00:00.000Z,10/16/2013 1:40:00 PM,Mid-Block (not related to intersection),51,PEDALCYCLIST STRUCK MOTOR VEHICLE FRONT END AT ANGLE,,N,Unknown,Unknown,Daylight,,,,45.0,Vehicle - Pedalcyclist,31696,0,N,POINT (1270769.784242064 247382.9127533734),9789.0,2.0450611670397664e-05,,2013-10-16,13:40:00,13.0,2,1,0.0,
137732,156823,156843,3672884,Matched,Intersection,27153.0,EASTLAKE AVE E AND FUHRMAN AVE E,,,2b,Serious Injury Collision,Cycles,2,0,1,1,1,1,0,2013-11-08T00:00:00.000Z,11/8/2013 12:43:00 PM,At Intersection (intersection related),18,"MOTOR VEHICLE STRUCK PEDALCYCLIST, FRONT END AT ANGLE",,N,Clear or Partly Cloudy,Dry,Daylight,,,,45.0,Vehicle - Pedalcyclist,6078,0,N,POINT (1273704.647989064 241221.0042030662),995.0,0.0,Clear or Partly Cloudy,2013-11-08,12:43:00,12.0,4,1,0.0,Clear or Partly Cloudy
137858,156637,156657,3573315,Matched,Block,,FAIRVIEW AVE N BETWEEN YALE AVE N AND FAIRVIEW AVE E,,,2,Injury Collision,Cycles,2,0,1,1,1,0,0,2013-11-07T00:00:00.000Z,11/7/2013 8:37:00 AM,Mid-Block (not related to intersection),21,"MOTOR VEHICLE STRUCK PEDALCYCLIST, REAR END",Y,N,Raining,Wet,Daylight,,,,45.0,Vehicle - Pedalcyclist,25370,0,N,POINT (1271679.684978992 233497.5190111548),18951.0,2.572876065691608e-05,Raining,2013-11-07,08:37:00,8.0,3,1,1.0,Raining
137949,158794,158814,3646175,Matched,Intersection,24695.0,25TH AVE NE AND NE 65TH ST,,,2,Injury Collision,Cycles,2,0,1,1,1,0,0,2013-12-19T00:00:00.000Z,12/19/2013 11:00:00 PM,At Intersection (intersection related),18,"MOTOR VEHICLE STRUCK PEDALCYCLIST, FRONT END AT ANGLE",,N,Unknown,Unknown,Unknown,,,,45.0,Vehicle - Pedalcyclist,29767,0,N,POINT (1278955.132730454 249947.6591880023),1449.0,0.0,,2013-12-19,23:00:00,23.0,3,1,0.0,
138023,157631,157651,3508191,Matched,Block,,N 46TH ST BETWEEN BAGLEY AVE N AND CORLISS AVE N,,,2,Injury Collision,Cycles,3,0,1,1,1,0,0,2013-11-23T00:00:00.000Z,11/23/2013 12:38:00 PM,Mid-Block (not related to intersection),18,"MOTOR VEHICLE STRUCK PEDALCYCLIST, FRONT END AT ANGLE",Y,N,Clear or Partly Cloudy,Dry,Daylight,,,,45.0,Vehicle - Pedalcyclist,0,0,N,POINT (1271154.671410456 245300.4630232453),7057.0,0.0,Clear or Partly Cloudy,2013-11-23,12:38:00,12.0,5,0,0.0,Clear or Partly Cloudy
138025,157293,157313,3386458,Matched,Intersection,25949.0,25TH AVE NE AND NE BLAKELEY ST,,,2,Injury Collision,Cycles,2,0,1,1,1,0,0,2013-11-19T00:00:00.000Z,11/19/2013 5:30:00 PM,At Intersection (intersection related),18,"MOTOR VEHICLE STRUCK PEDALCYCLIST, FRONT END AT ANGLE",,N,Overcast,Dry,Dark - Street Lights On,Y,,,45.0,Vehicle - Pedalcyclist,0,524371,N,POINT (1278900.484922394 246480.058544457),210.0,0.0,Overcast,2013-11-19,17:30:00,17.0,1,1,1.0,Clear or Partly Cloudy
138161,157461,157481,3673013,Matched,Intersection,30409.0,13TH AVE AND E YESLER WAY,,,2,Injury Collision,Cycles,2,0,1,1,1,0,0,2013-11-22T00:00:00.000Z,11/22/2013 8:48:00 AM,At Intersection (intersection related),18,"MOTOR VEHICLE STRUCK PEDALCYCLIST, FRONT END AT ANGLE",,N,Clear or Partly Cloudy,Dry,Daylight,,,,45.0,Vehicle - Pedalcyclist,10007,0,N,POINT (1274918.328118309 222996.7558643967),14566.0,0.0,Clear or Partly Cloudy,2013-11-22,08:48:00,8.0,4,1,1.0,Clear or Partly Cloudy
138187,157645,157665,3572807,Matched,Block,,NE 65TH ST BETWEEN 28TH AVE NE AND 29TH AVE NE,,,2,Injury Collision,Cycles,2,0,1,1,1,0,0,2013-11-29T00:00:00.000Z,11/29/2013 4:34:00 PM,Mid-Block (not related to intersection),18,"MOTOR VEHICLE STRUCK PEDALCYCLIST, FRONT END AT ANGLE",Y,N,Clear or Partly Cloudy,Dry,Dark - Street Lights On,,,,45.0,Vehicle - Pedalcyclist,29805,0,N,POINT (1279873.707259387 249931.4476039857),10538.0,1.4522452853980238e-05,Clear or Partly Cloudy,2013-11-29,16:34:00,16.0,4,1,1.0,Clear or Partly Cloudy
138236,158630,158650,3640959,Matched,Block,,2ND AVE BETWEEN PIKE ST AND PINE ST,,,2,Injury Collision,Cycles,3,0,1,1,1,0,0,2013-12-19T00:00:00.000Z,12/19/2013 4:17:00 PM,Mid-Block (not related to intersection),18,"MOTOR VEHICLE STRUCK PEDALCYCLIST, FRONT END AT ANGLE",Y,N,Clear or Partly Cloudy,Dry,Dusk,Y,,,45.0,Vehicle - Pedalcyclist,12179,0,N,POINT (1268950.511472195 226064.2551955432),9591.0,1.6780158607627556e-05,Clear or Partly Cloudy,2013-12-19,16:17:00,16.0,3,1,1.0,Clear or Partly Cloudy
138240,158823,158843,3593822,Matched,Block,,EASTLAKE AVE E BETWEEN THOMAS ST AND HARRISON ST,,,2,Injury Collision,Cycles,2,0,1,1,1,0,0,2013-12-17T00:00:00.000Z,12/17/2013 6:40:00 PM,Mid-Block (not related to intersection),56,PEDALCYCLIST STRUCK MOTOR VEHICLE LEFT SIDE SIDESWIPE,Y,N,Unknown,Unknown,Dark - Street Lights Off,,,,45.0,Vehicle - Pedalcyclist,11566,0,N,POINT (1271551.230834872 230252.0809278339),6314.0,2.633936194759407e-05,,2013-12-17,18:40:00,18.0,1,1,1.0,
138444,157327,157347,3672411,Matched,Intersection,27153.0,EASTLAKE AVE E AND FUHRMAN AVE E,,,2,Injury Collision,Cycles,4,0,1,1,1,0,0,2013-11-19T00:00:00.000Z,11/19/2013 12:47:00 PM,At Intersection (intersection related),51,PEDALCYCLIST STRUCK MOTOR VEHICLE FRONT END AT ANGLE,Y,N,Overcast,Wet,Daylight,,,,45.0,Vehicle - Pedalcyclist,15462,0,N,POINT (1273704.647989064 241221.0042030662),995.0,0.0,Overcast,2013-11-19,12:47:00,12.0,1,1,0.0,Clear or Partly Cloudy
138464,157665,157685,3576976,Matched,Intersection,25793.0,UNIVERSITY WAY NE AND NE 50TH ST,,,2,Injury Collision,Cycles,3,0,1,1,1,0,0,2013-12-01T00:00:00.000Z,12/1/2013 9:05:00 AM,At Intersection (intersection related),18,"MOTOR VEHICLE STRUCK PEDALCYCLIST, FRONT END AT ANGLE",Y,N,Overcast,Wet,Daylight,,,,45.0,Vehicle - Pedalcyclist,5611,0,N,POINT (1275819.041847229 246040.7075040042),999.0,0.0,Overcast,2013-12-01,09:05:00,9.0,6,0,1.0,Clear or Partly Cloudy
138502,158308,158328,3640932,Matched,Intersection,29865.0,BOREN AVE AND OLIVE WAY,,,2b,Serious Injury Collision,Cycles,2,0,1,1,1,1,0,2013-12-12T00:00:00.000Z,12/12/2013 2:05:00 PM,At Intersection (intersection related),18,"MOTOR VEHICLE STRUCK PEDALCYCLIST, FRONT END AT ANGLE",Y,Y,Raining,Wet,Daylight,,,,45.0,Vehicle - Pedalcyclist,23287,0,N,POINT (1271118.433586419 228090.2473256141),640.0,0.0,Raining,2013-12-12,14:05:00,14.0,3,1,0.0,Raining
138613,158145,158165,3585660,Matched,Block,,E MADISON ST BETWEEN 10TH AVE AND E SENECA ST,,,2,Injury Collision,Cycles,2,0,1,1,1,0,0,2013-12-08T00:00:00.000Z,12/8/2013 2:58:00 PM,Mid-Block (not related to intersection),51,PEDALCYCLIST STRUCK MOTOR VEHICLE FRONT END AT ANGLE,,N,Clear or Partly Cloudy,Dry,Daylight,,,,45.0,Vehicle - Pedalcyclist,22951,0,N,POINT (1274025.875317395 226764.1753242612),19991.0,2.2728383117267552e-05,Clear or Partly Cloudy,2013-12-08,14:58:00,14.0,6,0,0.0,Clear or Partly Cloudy
138623,157883,157903,3386027,Matched,Block,,SW AVALON WAY BETWEEN SW GENESEE ST AND 35TH AVE SW,,,2,Injury Collision,Cycles,2,0,1,1,1,0,0,2013-12-04T00:00:00.000Z,12/4/2013 6:03:00 PM,Mid-Block (not related to intersection),56,PEDALCYCLIST STRUCK MOTOR VEHICLE LEFT SIDE SIDESWIPE,,N,Clear or Partly Cloudy,Dry,Dark - Street Lights On,,,,45.0,Vehicle - Pedalcyclist,3532,0,N,POINT (1260025.261287063 209566.121162653),16748.0,3.1542136811527646e-05,Clear or Partly Cloudy,2013-12-04,18:03:00,18.0,2,1,1.0,Clear or Partly Cloudy
138657,158319,158339,3671689,Matched,Intersection,34380.0,SWIFT AVE S AND S WARSAW ST,,,2,Injury Collision,Cycles,2,0,1,1,1,0,0,2013-12-12T00:00:00.000Z,12/12/2013 7:47:00 AM,At Intersection (intersection related),18,"MOTOR VEHICLE STRUCK PEDALCYCLIST, FRONT END AT ANGLE",Y,N,Overcast,Wet,Daylight,Y,,,45.0,Vehicle - Pedalcyclist,13656,0,N,POINT (1277172.308536619 201930.6970908344),5316.0,0.0,Overcast,2013-12-12,07:47:00,7.0,3,1,1.0,Clear or Partly Cloudy
138672,158493,158513,3581414,Matched,Block,,SENECA ST BETWEEN 8TH AVE AND 9TH AVE,,,2,Injury Collision,Cycles,2,0,1,1,1,0,0,2013-03-13T00:00:00.000Z,3/13/2013 7:08:00 AM,Mid-Block (not related to intersection),51,PEDALCYCLIST STRUCK MOTOR VEHICLE FRONT END AT ANGLE,,N,Clear or Partly Cloudy,Dry,Daylight,,,,45.0,Vehicle - Pedalcyclist,9110,0,N,POINT (1271448.569138765 225950.8596754223),3756.0,2.4785537565728186e-05,Clear or Partly Cloudy,2013-03-13,07:08:00,7.0,2,1,1.0,Clear or Partly Cloudy
138684,156138,156158,3210215,Matched,Intersection,27298.0,NE PACIFIC PL AND NE PACIFIC ST,,,2,Injury Collision,Cycles,2,0,1,1,1,0,0,2013-11-03T00:00:00.000Z,11/3/2013 1:10:00 PM,At Intersection (intersection related),51,PEDALCYCLIST STRUCK MOTOR VEHICLE FRONT END AT ANGLE,,N,Overcast,Dry,Daylight,,,,45.0,Vehicle - Pedalcyclist,0,524624,N,POINT (1277063.34904851 240778.7539626062),4282.0,0.0,Overcast,2013-11-03,13:10:00,13.0,6,0,0.0,Clear or Partly Cloudy
138796,159062,159082,3501687,Matched,Block,,NW 60TH ST BETWEEN 24TH AVE NW AND DEAD END 3,,,2,Injury Collision,Cycles,2,0,1,1,1,0,0,2013-12-27T00:00:00.000Z,12/27/2013 2:54:00 PM,Mid-Block (not related to intersection),18,"MOTOR VEHICLE STRUCK PEDALCYCLIST, FRONT END AT ANGLE",,N,Overcast,Wet,Daylight,,,,45.0,Vehicle - Pedalcyclist,0,0,N,POINT (1257244.162852213 249134.1754111648),1587.0,0.0,Overcast,2013-12-27,14:54:00,14.0,4,1,0.0,Clear or Partly Cloudy
138801,159060,159080,3467439,Matched,Intersection,35472.0,51ST AVE S AND S ROXBURY ST,,,2,Injury Collision,Cycles,3,0,1,1,1,0,0,2013-12-28T00:00:00.000Z,12/28/2013 5:27:00 PM,At Intersection (intersection related),51,PEDALCYCLIST STRUCK MOTOR VEHICLE FRONT END AT ANGLE,Y,N,Clear or Partly Cloudy,Dry,Dark - Street Lights On,,,,45.0,Vehicle - Pedalcyclist,0,522022,N,POINT (1285416.734785065 191845.7982645035),10670.0,0.0,Clear or Partly Cloudy,2013-12-28,17:27:00,17.0,5,0,1.0,Clear or Partly Cloudy
138838,156537,156557,2898375,Matched,Block,,S DEARBORN ST BETWEEN 7TH AVE S AND 8TH AVE S,,,2,Injury Collision,Cycles,2,0,1,1,1,0,0,2011-05-04T00:00:00.000Z,5/4/2011 9:54:00 AM,Mid-Block (not related to intersection),18,"MOTOR VEHICLE STRUCK PEDALCYCLIST, FRONT END AT ANGLE",,N,Clear or Partly Cloudy,Dry,Daylight,Y,,,45.0,Vehicle - Pedalcyclist,0,0,N,POINT (1272858.619828209 220899.3477982581),13978.0,1.948371687125159e-05,Clear or Partly Cloudy,2011-05-04,09:54:00,9.0,2,1,1.0,Clear or Partly Cloudy