OBJECTID,INCKEY,COLDETKEY,REPORTNO,STATUS,ADDRTYPE,INTKEY,LOCATION,EXCEPTRSNC,EXCEPTRSND,SEVERITYCO,SEVERITYDE,COLLISIONT,PERSONCOUN,PEDCOUNT,PEDCYLCOUN,VEHCOUNT,INJURIES,SERIOUSINJ,FATALITIES,INCDATE,INCDTTM,JUNCTIONTY,SDOT_COLCO,SDOT_COLDE,INATTENTIO,UNDERINFL,WEATHER,ROADCOND,LIGHTCOND,PEDROWNOTG,SDOTCOLNUM,SPEEDING,ST_COLCODE,ST_COLDESC,SEGLANEKEY,CROSSWALKK,HITPARKEDC,geometry,near_str_index,min_length,weather_group,date,time,hour,dayofweek,weekday,rushhour,weather_group2
138859,156937,156957,3643215,Matched,Intersection,35449.0,RAINIER AVE S AND S FISHER PL,,,2,Injury Collision,Cycles,2,0,1,1,1,0,0,2013-11-14T00:00:00.000Z,11/14/2013 9:58:00 AM,At Intersection (intersection related),51,PEDALCYCLIST STRUCK MOTOR VEHICLE FRONT END AT ANGLE,,N,Overcast,Wet,Daylight,,,,45.0,Vehicle - Pedalcyclist,0,0,N,POINT (1285454.524225101 193508.5830342025),917.0,0.0,Overcast,2013-11-14,09:58:00,9.0,3,1,1.0,Clear or Partly Cloudy
138863,156936,156956,3606380,Matched,Intersection,29737.0,NAGLE PL AND E PINE ST,,,2,Injury Collision,Cycles,2,0,1,1,1,0,0,2013-11-14T00:00:00.000Z,11/14/2013 6:36:00 AM,At Intersection (intersection related),18,"MOTOR VEHICLE STRUCK PEDALCYCLIST, FRONT END AT ANGLE",,N,Clear or Partly Cloudy,Dry,Dark - Street Lights On,Y,,,45.0,Vehicle - Pedalcyclist,10408,0,N,POINT (1273758.874165133 227962.8476454914),3934.0,0.0,Clear or Partly Cloudy,2013-11-14,06:36:00,6.0,3,1,0.0,Clear or Partly Cloudy
138920,157710,157730,3585607,Matched,Block,,EASTLAKE AVE E BETWEEN E ROANOKE ST AND E EDGAR ST,,,2,Injury Collision,Cycles,2,0,1,1,2,0,0,2013-11-29T00:00:00.000Z,11/29/2013 10:34:00 AM,Mid-Block (not related to intersection),21,"MOTOR VEHICLE STRUCK PEDALCYCLIST, REAR END",,N,Overcast,Dry,Daylight,Y,,,45.0,Vehicle - Pedalcyclist,24704,0,N,POINT (1272514.014387846 238421.0841362029),18944.0,1.9745095301494484e-05,Overcast,2013-11-29,10:34:00,10.0,4,1,0.0,Clear or Partly Cloudy
138977,156755,156775,3582178,Matched,Intersection,24304.0,GREENWOOD AVE N AND N 77TH ST,,,2,Injury Collision,Cycles,2,0,1,1,1,0,0,2013-11-07T00:00:00.000Z,11/7/2013 5:35:00 PM,At Intersection (intersection related),51,PEDALCYCLIST STRUCK MOTOR VEHICLE FRONT END AT ANGLE,,N,Raining,Wet,Dark - Street Lights On,,,Y,45.0,Vehicle - Pedalcyclist,4477,0,N,POINT (1265559.836460724 253481.7238316238),12055.0,0.0,Raining,2013-11-07,17:35:00,17.0,3,1,1.0,Raining
140040,161406,161426,3583103,Matched,Block,,MTS N RAINIER CONNCT TRL BETWEEN MTS DEARBORN CONNCTR TRL AND RAINIER AVE S,,,2,Injury Collision,Cycles,3,0,1,1,1,0,0,2014-02-04T00:00:00.000Z,2/4/2014 8:55:00 AM,Mid-Block (not related to intersection),51,PEDALCYCLIST STRUCK MOTOR VEHICLE FRONT END AT ANGLE,,N,Overcast,Dry,Daylight,,,,45.0,Vehicle - Pedalcyclist,0,525602,N,POINT (1276748.970104188 219125.4268364459),21487.0,2.380979183686401e-05,Overcast,2014-02-04,08:55:00,8.0,1,1,1.0,Clear or Partly Cloudy
140067,163120,163140,3373283,Matched,Block,,15TH AVE W BETWEEN W BERTONA ST AND W RUFFNER ST,,,2,Injury Collision,Cycles,2,0,1,1,1,0,0,2014-03-03T00:00:00.000Z,3/3/2014 4:26:00 PM,Mid-Block (not related to intersection),18,"MOTOR VEHICLE STRUCK PEDALCYCLIST, FRONT END AT ANGLE",,N,Clear or Partly Cloudy,Dry,Daylight,Y,,,45.0,Vehicle - Pedalcyclist,19330,0,N,POINT (1260153.760167196 241369.7609392107),11674.0,4.225970206731205e-10,Clear or Partly Cloudy,2014-03-03,16:26:00,16.0,0,1,1.0,Clear or Partly Cloudy
140085,161103,161123,3591652,Matched,Block,,25TH AVE NE BETWEEN NE 54TH ST AND NE 55TH ST,,,2,Injury Collision,Cycles,4,0,1,2,1,0,0,2014-02-01T00:00:00.000Z,2/1/2014 2:40:00 PM,Driveway Junction,18,"MOTOR VEHICLE STRUCK PEDALCYCLIST, FRONT END AT ANGLE",,N,Overcast,Dry,Daylight,Y,,,45.0,Vehicle - Pedalcyclist,18812,0,N,POINT (1278911.261370406 247204.1651691943),11724.0,2.29914605946867e-05,Overcast,2014-02-01,14:40:00,14.0,5,0,0.0,Clear or Partly Cloudy
140111,160016,160036,3550122,Matched,Block,,DEXTER AVE N BETWEEN THOMAS ST AND HARRISON ST,,,2,Injury Collision,Cycles,3,0,1,2,1,0,0,2014-01-13T00:00:00.000Z,1/13/2014 9:40:00 AM,Mid-Block (not related to intersection),56,PEDALCYCLIST STRUCK MOTOR VEHICLE LEFT SIDE SIDESWIPE,Y,N,Overcast,Dry,Daylight,,,,45.0,Vehicle - Pedalcyclist,12620,0,N,POINT (1268289.419183522 230342.6783039272),14778.0,0.0,Overcast,2014-01-13,09:40:00,9.0,0,1,1.0,Clear or Partly Cloudy
140144,161803,161823,3586101,Matched,Intersection,29775.0,13TH AVE AND E SPRING ST,,,2,Injury Collision,Cycles,2,0,1,1,1,0,0,2014-02-01T00:00:00.000Z,2/1/2014 2:30:00 AM,At Intersection (intersection related),51,PEDALCYCLIST STRUCK MOTOR VEHICLE FRONT END AT ANGLE,Y,N,Clear or Partly Cloudy,Dry,Dark - Street Lights On,,,,45.0,Vehicle - Pedalcyclist,0,0,N,POINT (1274863.226678252 226597.7312280983),11661.0,0.0,Clear or Partly Cloudy,2014-02-01,02:30:00,2.0,5,0,0.0,Clear or Partly Cloudy
140236,160445,160465,3608722,Matched,Intersection,25416.0,15TH AVE NW AND NW MARKET ST,,,2,Injury Collision,Cycles,2,0,1,1,1,0,0,2014-01-22T00:00:00.000Z,1/22/2014 11:22:00 AM,At Intersection (intersection related),24,MOTOR VEHCILE STRUCK PEDESTRIAN,,N,Overcast,Dry,Daylight,,,,45.0,Vehicle - Pedalcyclist,0,525122,N,POINT (1260291.29962334 247719.7280497253),2397.0,0.0,Overcast,2014-01-22,11:22:00,11.0,2,1,0.0,Clear or Partly Cloudy
140259,160439,160459,3591576,Matched,Intersection,27145.0,15TH AVE NE AND NE CAMPUS WB PY,,,2,Injury Collision,Cycles,2,0,1,1,1,0,0,2014-01-22T00:00:00.000Z,1/22/2014 1:53:00 PM,At Intersection (intersection related),18,"MOTOR VEHICLE STRUCK PEDALCYCLIST, FRONT END AT ANGLE",,N,Clear or Partly Cloudy,Dry,Daylight,,,,45.0,Vehicle - Pedalcyclist,21308,0,N,POINT (1275991.585847408 242865.1393727511),8428.0,0.0,Clear or Partly Cloudy,2014-01-22,13:53:00,13.0,2,1,0.0,Clear or Partly Cloudy
140293,163147,163167,3568903,Matched,Block,,NW 85TH ST BETWEEN 30TH AVE NW AND 31ST AVE NW,,,1,Property Damage Only Collision,Cycles,2,0,1,1,0,0,0,2011-01-24T00:00:00.000Z,1/24/2011 7:18:00 PM,Mid-Block (but intersection related),18,"MOTOR VEHICLE STRUCK PEDALCYCLIST, FRONT END AT ANGLE",Y,N,Overcast,Wet,Dark - Street Lights On,Y,,,45.0,Vehicle - Pedalcyclist,0,0,N,POINT (1255485.846050411 255807.696314007),9246.0,7.449350404216394e-09,Overcast,2011-01-24,19:18:00,19.0,0,1,1.0,Clear or Partly Cloudy
140343,159375,159395,3585792,Matched,Intersection,29939.0,COLUMBIA ST AND TERRY AVE,,,2,Injury Collision,Cycles,3,0,1,1,1,0,0,2013-12-31T00:00:00.000Z,12/31/2013 8:58:00 PM,At Intersection (intersection related),51,PEDALCYCLIST STRUCK MOTOR VEHICLE FRONT END AT ANGLE,,N,Clear or Partly Cloudy,Dry,Dark - Street Lights On,,,,45.0,Vehicle - Pedalcyclist,0,0,N,POINT (1272488.139059827 225143.691930607),671.0,0.0,Clear or Partly Cloudy,2013-12-31,20:58:00,20.0,1,1,0.0,Clear or Partly Cloudy
140381,160051,160071,3577257,Matched,Intersection,29894.0,6TH AVE AND PIKE ST,,,1,Property Damage Only Collision,Cycles,2,0,1,1,0,0,0,2014-01-10T00:00:00.000Z,1/10/2014 6:00:00 PM,At Intersection (intersection related),0,NOT ENOUGH INFORMATION / NOT APPLICABLE,Y,N,Overcast,Wet,Dark - Street Lights On,,,Y,45.0,Vehicle - Pedalcyclist,25508,0,N,POINT (1270166.981681451 226537.3270040303),16633.0,0.0,Overcast,2014-01-10,18:00:00,18.0,4,1,1.0,Clear or Partly Cloudy
140391,160050,160070,3288753,Matched,Intersection,29694.0,ALASKAN WAY AND CLAY ST,,,2,Injury Collision,Cycles,2,0,1,1,1,0,0,2014-01-14T00:00:00.000Z,1/14/2014 9:00:00 AM,At Intersection (intersection related),18,"MOTOR VEHICLE STRUCK PEDALCYCLIST, FRONT END AT ANGLE",,N,Overcast,Dry,Daylight,,,,45.0,Vehicle - Pedalcyclist,20786,0,N,POINT (1265366.706476539 227832.2681893557),3437.0,0.0,Overcast,2014-01-14,09:00:00,9.0,1,1,1.0,Clear or Partly Cloudy
140653,159679,159699,3646303,Matched,Block,,39TH AVE NE BETWEEN NE 62ND ST AND NE 65TH ST,,,2,Injury Collision,Cycles,2,0,1,1,1,0,0,2014-01-06T00:00:00.000Z,1/6/2014 7:16:00 AM,Mid-Block (not related to intersection),11,"MOTOR VEHICLE STRUCK MOTOR VEHICLE, FRONT END AT ANGLE",,N,Clear or Partly Cloudy,Ice,Dawn,,,,45.0,Vehicle - Pedalcyclist,0,0,N,POINT (1282602.922686189 249554.1386115998),17777.0,1.3852133904304153e-05,Clear or Partly Cloudy,2014-01-06,07:16:00,7.0,0,1,1.0,Clear or Partly Cloudy
140797,159691,159711,3567634,Matched,Block,,E UNION ST BETWEEN 27TH AVE AND M L KING JR WAY,,,2,Injury Collision,Cycles,2,0,1,1,1,0,0,2014-01-06T00:00:00.000Z,1/6/2014 4:54:00 PM,Mid-Block (not related to intersection),23,"MOTOR VEHICLE STRUCK PEDALCYCLIST, LEFT SIDE SIDESWIPE",Y,N,Clear or Partly Cloudy,Dry,Dark - Street Lights On,,,,45.0,Vehicle - Pedalcyclist,9486,0,N,POINT (1279455.714106962 227013.5168285221),15462.0,7.549854411711671e-09,Clear or Partly Cloudy,2014-01-06,16:54:00,16.0,0,1,1.0,Clear or Partly Cloudy
140827,161644,161664,3608723,Matched,Block,,NE 65TH ST BETWEEN 14TH AVE NE AND 15TH AVE NE,,,2,Injury Collision,Cycles,2,0,1,1,1,0,0,2014-01-23T00:00:00.000Z,1/23/2014 2:24:00 PM,Driveway Junction,18,"MOTOR VEHICLE STRUCK PEDALCYCLIST, FRONT END AT ANGLE",,N,Clear or Partly Cloudy,Dry,Daylight,,,,45.0,Vehicle - Pedalcyclist,29273,0,N,POINT (1276028.822263449 250008.9285640568),13193.0,1.8817534798047847e-06,Clear or Partly Cloudy,2014-01-23,14:24:00,14.0,3,1,0.0,Clear or Partly Cloudy
140846,161640,161660,3591708,Matched,Block,,LAKE CITY WAY NE BETWEEN NE 143RD ST AND NE 145TH ST,,,2,Injury Collision,Cycles,2,0,1,1,1,0,0,2014-02-06T00:00:00.000Z,2/6/2014 2:50:00 PM,Driveway Junction,18,"MOTOR VEHICLE STRUCK PEDALCYCLIST, FRONT END AT ANGLE",,N,Overcast,Dry,Daylight,Y,,,45.0,Vehicle - Pedalcyclist,17683,0,N,POINT (1281381.514748931 270723.3356892765),22545.0,3.00408531238364e-06,Overcast,2014-02-06,14:50:00,14.0,3,1,0.0,Clear or Partly Cloudy
140860,162666,162686,3644022,Matched,Block,,4TH AVE BETWEEN VINE ST AND CEDAR ST,,,2,Injury Collision,Cycles,2,0,1,1,1,0,0,2014-02-17T00:00:00.000Z,2/17/2014 5:35:00 PM,Mid-Block (not related to intersection),18,"MOTOR VEHICLE STRUCK PEDALCYCLIST, FRONT END AT ANGLE",,N,Clear or Partly Cloudy,Dry,Dark - Street Lights On,Y,,,45.0,Vehicle - Pedalcyclist,12874,0,N,POINT (1266980.044718191 228926.297374472),21023.0,5.012809334699396e-09,Clear or Partly Cloudy,2014-02-17,17:35:00,17.0,0,1,1.0,Clear or Partly Cloudy
140890,159461,159481,3519551,Matched,Block,,WALLA WALLA RD NE BETWEEN DEAD END 1 AND MONTLAKE BLVD NE,NEI,"Not Enough Information, or Insufficient Location Information",2,Injury Collision,Cycles,1,0,1,0,1,0,0,2013-11-23T00:00:00.000Z,11/23/2013 9:00:00 AM,Mid-Block (not related to intersection),0,NOT ENOUGH INFORMATION / NOT APPLICABLE,,N,Clear or Partly Cloudy,Ice,Daylight,,,,45.0,Vehicle - Pedalcyclist,0,0,N,POINT (1279214.858106717 244023.0703179389),8342.0,2.1692723970331725e-05,Clear or Partly Cloudy,2013-11-23,09:00:00,9.0,5,0,1.0,Clear or Partly Cloudy
140926,159910,159930,3585008,Matched,Intersection,29082.0,FAIRVIEW AVE E AND FAIRVIEW AVE N,,,2,Injury Collision,Cycles,2,0,1,1,1,0,0,2014-01-06T00:00:00.000Z,1/6/2014 8:30:00 AM,At Intersection (intersection related),51,PEDALCYCLIST STRUCK MOTOR VEHICLE FRONT END AT ANGLE,,N,Clear or Partly Cloudy,Dry,Daylight,,,,45.0,Vehicle - Pedalcyclist,41840,0,N,POINT (1272182.856499508 234073.3730917424),15946.0,0.0,Clear or Partly Cloudy,2014-01-06,08:30:00,8.0,0,1,1.0,Clear or Partly Cloudy
140983,161662,161682,3641488,Matched,Block,,YESLER WAY BETWEEN TERRACE ST AND 6TH AVE,,,2,Injury Collision,Cycles,2,0,1,1,1,0,0,2014-01-24T00:00:00.000Z,1/24/2014 9:24:00 AM,Mid-Block (but intersection related),51,PEDALCYCLIST STRUCK MOTOR VEHICLE FRONT END AT ANGLE,,N,Clear or Partly Cloudy,Dry,Daylight,,,Y,45.0,Vehicle - Pedalcyclist,9972,0,N,POINT (1271771.700019091 223065.5889524668),11206.0,1.6689366911817768e-05,Clear or Partly Cloudy,2014-01-24,09:24:00,9.0,4,1,1.0,Clear or Partly Cloudy
139035,156965,156985,E269115,Matched,Intersection,35773.0,LINDEN AVE N AND N 145TH ST,,,2,Injury Collision,Cycles,0,0,1,1,1,0,0,2013-09-07T00:00:00.000Z,9/7/2013 3:50:00 PM,At Intersection (intersection related),18,"MOTOR VEHICLE STRUCK PEDALCYCLIST, FRONT END AT ANGLE",,N,Clear or Partly Cloudy,Dry,Daylight,,,,45.0,Vehicle - Pedalcyclist,0,523874,N,POINT (1267760.474670991 271454.4247780293),3635.0,0.0,Clear or Partly Cloudy,2013-09-07,15:50:00,15.0,5,0,1.0,Clear or Partly Cloudy
139042,157544,157564,3585576,Matched,Block,,17TH AVE BETWEEN E PINE ST AND E MADISON ST,,,1,Property Damage Only Collision,Cycles,2,0,1,1,0,0,0,2013-11-21T00:00:00.000Z,11/21/2013 12:00:00 PM,,0,NOT ENOUGH INFORMATION / NOT APPLICABLE,,N,Clear or Partly Cloudy,Dry,Daylight,,,,45.0,Vehicle - Pedalcyclist,0,0,N,POINT (1276192.628919616 227985.2650535107),5143.0,2.483722246809165e-05,Clear or Partly Cloudy,2013-11-21,12:00:00,12.0,3,1,0.0,Clear or Partly Cloudy
139130,156768,156788,3582682,Matched,Intersection,27090.0,UNIVERSITY WAY NE AND NE 42ND ST,,,2,Injury Collision,Cycles,2,0,1,1,1,0,0,2013-11-12T00:00:00.000Z,11/12/2013 8:30:00 PM,At Intersection (intersection related),18,"MOTOR VEHICLE STRUCK PEDALCYCLIST, FRONT END AT ANGLE",Y,N,Clear or Partly Cloudy,Dry,Dark - Street Lights On,,,,45.0,Vehicle - Pedalcyclist,41818,0,N,POINT (1275740.08043915 243639.4802375436),998.0,0.0,Clear or Partly Cloudy,2013-11-12,20:30:00,20.0,1,1,0.0,Clear or Partly Cloudy
139205,157937,157957,3606165,Matched,Intersection,28375.0,24TH AVE E AND BOYER AVE E,,,2,Injury Collision,Cycles,3,0,1,2,1,0,0,2013-10-08T00:00:00.000Z,10/8/2013 9:34:00 PM,At Intersection (intersection related),51,PEDALCYCLIST STRUCK MOTOR VEHICLE FRONT END AT ANGLE,,Y,Overcast,Dry,Dark - Street Lights On,,,,45.0,Vehicle - Pedalcyclist,22451,0,N,POINT (1278448.004665926 235170.6751088649),643.0,0.0,Overcast,2013-10-08,21:34:00,21.0,1,1,0.0,Clear or Partly Cloudy
139207,158366,158386,3467437,Matched,Block,,1ST AVE S BETWEEN S STACY ST AND S LANDER ST,,,2b,Serious Injury Collision,Cycles,2,0,1,1,1,1,0,2013-12-13T00:00:00.000Z,12/13/2013 2:29:00 PM,Mid-Block (not related to intersection),51,PEDALCYCLIST STRUCK MOTOR VEHICLE FRONT END AT ANGLE,,N,Clear or Partly Cloudy,Wet,Unknown,,,,45.0,Vehicle - Pedalcyclist,5317,0,N,POINT (1270016.518385291 215490.2052007169),14553.0,8.768036877084141e-06,Clear or Partly Cloudy,2013-12-13,14:29:00,14.0,4,1,0.0,Clear or Partly Cloudy
139223,159086,159106,3582118,Matched,Intersection,27110.0,UNIVERSITY BR OFF RP AND NE 40TH ST,,,1,Property Damage Only Collision,Cycles,2,0,1,1,0,0,0,2013-12-28T00:00:00.000Z,12/28/2013 5:17:00 PM,At Intersection (intersection related),18,"MOTOR VEHICLE STRUCK PEDALCYCLIST, FRONT END AT ANGLE",Y,N,Overcast,Dry,Dark - Street Lights On,,,,45.0,Vehicle - Pedalcyclist,30581,0,N,,,,Overcast,2013-12-28,17:17:00,17.0,5,0,1.0,Clear or Partly Cloudy
139313,157192,157212,3206168,Matched,Intersection,25706.0,NE 63RD ST AND NE RAVENNA WB BV,,,2,Injury Collision,Cycles,2,0,1,1,1,0,0,2013-11-18T00:00:00.000Z,11/18/2013 6:00:00 PM,At Intersection (intersection related),18,"MOTOR VEHICLE STRUCK PEDALCYCLIST, FRONT END AT ANGLE",,N,Raining,Wet,Dark - Street Lights On,Y,,,45.0,Vehicle - Pedalcyclist,28777,0,N,POINT (1274109.024565488 249456.0270594954),9149.0,0.0,Raining,2013-11-18,18:00:00,18.0,0,1,1.0,Raining
139408,157394,157414,3581698,Matched,Intersection,27491.0,34TH AVE W AND W SMITH S ST,,,2,Injury Collision,Cycles,3,0,1,1,1,0,0,2013-11-23T00:00:00.000Z,11/23/2013 3:13:00 PM,At Intersection (intersection related),18,"MOTOR VEHICLE STRUCK PEDALCYCLIST, FRONT END AT ANGLE",Y,N,Clear or Partly Cloudy,Dry,Daylight,,,,45.0,Vehicle - Pedalcyclist,29507,0,N,POINT (1253980.212256879 237580.2756233364),2843.0,0.0,Clear or Partly Cloudy,2013-11-23,15:13:00,15.0,5,0,1.0,Clear or Partly Cloudy
139409,157393,157413,3579962,Matched,Intersection,32599.0,50TH AVE S AND S OREGON ST,,,2,Injury Collision,Cycles,2,0,1,1,1,0,0,2013-11-23T00:00:00.000Z,11/23/2013 4:24:00 PM,At Intersection (intersection related),18,"MOTOR VEHICLE STRUCK PEDALCYCLIST, FRONT END AT ANGLE",Y,N,Clear or Partly Cloudy,Dry,Daylight,,,,45.0,Vehicle - Pedalcyclist,8150,0,N,POINT (1285559.123265207 208657.1252577156),3134.0,0.0,Clear or Partly Cloudy,2013-11-23,16:24:00,16.0,5,0,1.0,Clear or Partly Cloudy
139432,157569,157589,3575037,Matched,Block,,E PIKE ST BETWEEN BROADWAY AND 10TH AVE,,,2,Injury Collision,Cycles,2,0,1,1,1,0,0,2013-11-26T00:00:00.000Z,11/26/2013 6:10:00 PM,Mid-Block (not related to intersection),56,PEDALCYCLIST STRUCK MOTOR VEHICLE LEFT SIDE SIDESWIPE,,N,Overcast,Wet,Dark - Street Lights On,,,,45.0,Vehicle - Pedalcyclist,31226,0,N,POINT (1273726.678581089 227540.1029410511),6915.0,7.450292674380054e-09,Overcast,2013-11-26,18:10:00,18.0,1,1,1.0,Clear or Partly Cloudy
139439,156780,156800,3643568,Matched,Block,,S MYRTLE PL BETWEEN 33RD AVE S AND 35TH AVE S,,,2,Injury Collision,Cycles,4,0,1,1,1,0,0,2013-11-07T00:00:00.000Z,11/7/2013 3:58:00 PM,Mid-Block (not related to intersection),51,PEDALCYCLIST STRUCK MOTOR VEHICLE FRONT END AT ANGLE,Y,N,Clear or Partly Cloudy,Dry,Daylight,,,,45.0,Vehicle - Pedalcyclist,0,0,N,POINT (1280809.328572348 199693.8423045427),14484.0,1.1429476204849252e-05,Clear or Partly Cloudy,2013-11-07,15:58:00,15.0,3,1,1.0,Clear or Partly Cloudy
139456,158378,158398,3585701,Matched,Intersection,29862.0,BELLEVUE AVE AND E PINE ST,,,2,Injury Collision,Cycles,2,0,1,1,1,0,0,2013-12-13T00:00:00.000Z,12/13/2013 7:34:00 AM,At Intersection (intersection related),18,"MOTOR VEHICLE STRUCK PEDALCYCLIST, FRONT END AT ANGLE",,N,Raining,Wet,Dawn,,,,45.0,Vehicle - Pedalcyclist,10342,0,N,POINT (1272084.808499411 227986.9833255112),633.0,0.0,Raining,2013-12-13,07:34:00,7.0,4,1,1.0,Raining
139535,157579,157599,3590143,Matched,Block,,1ST AVE S BETWEEN S STACY ST AND S LANDER ST,,,1,Property Damage Only Collision,Cycles,4,0,1,1,0,0,0,2013-11-26T00:00:00.000Z,11/26/2013 5:07:00 PM,Mid-Block (not related to intersection),18,"MOTOR VEHICLE STRUCK PEDALCYCLIST, FRONT END AT ANGLE",,N,Raining,Wet,Dark - Street Lights On,Y,,,45.0,Vehicle - Pedalcyclist,5318,0,N,POINT (1270016.518385291 215490.2052007169),14553.0,8.768036877084141e-06,Raining,2013-11-26,17:07:00,17.0,1,1,1.0,Raining
139544,156787,156807,3590137,Matched,Intersection,33128.0,13TH AVE S AND S BAILEY ST,,,1,Property Damage Only Collision,Cycles,2,0,1,1,0,0,0,2013-11-13T00:00:00.000Z,11/13/2013 2:00:00 PM,At Intersection (intersection related),51,PEDALCYCLIST STRUCK MOTOR VEHICLE FRONT END AT ANGLE,,N,Clear or Partly Cloudy,Dry,Daylight,,,,45.0,Vehicle - Pedalcyclist,32942,0,N,POINT (1274250.823477626 203412.1117483526),963.0,0.0,Clear or Partly Cloudy,2013-11-13,14:00:00,14.0,2,1,0.0,Clear or Partly Cloudy
139547,156786,156806,3646387,Matched,Block,,ROOSEVELT WAY NE BETWEEN NE 42ND N ST AND NE 43RD S ST,,,2,Injury Collision,Cycles,3,0,1,2,1,0,0,2013-11-08T00:00:00.000Z,11/8/2013 8:07:00 AM,Mid-Block (not related to intersection),51,PEDALCYCLIST STRUCK MOTOR VEHICLE FRONT END AT ANGLE,,N,Overcast,Dry,Daylight,,,,45.0,Vehicle - Pedalcyclist,8990,0,N,POINT (1274621.021750003 243878.6222537905),19030.0,1.4612336307282195e-05,Overcast,2013-11-08,08:07:00,8.0,4,1,1.0,Clear or Partly Cloudy
139585,158563,158583,3585609,Matched,Intersection,30403.0,12TH AVE AND E FIR ST,,,2,Injury Collision,Cycles,2,0,1,1,1,0,0,2013-12-16T00:00:00.000Z,12/16/2013 5:38:00 PM,At Intersection (intersection related),18,"MOTOR VEHICLE STRUCK PEDALCYCLIST, FRONT END AT ANGLE",,N,Clear or Partly Cloudy,Dry,Dark - Street Lights On,Y,,,45.0,Vehicle - Pedalcyclist,10566,0,N,POINT (1274468.18949385 223368.6972407848),1080.0,0.0,Clear or Partly Cloudy,2013-12-16,17:38:00,17.0,0,1,1.0,Clear or Partly Cloudy
139671,157256,157276,3465963,Matched,Block,,1ST AVE S BETWEEN YESLER WAY AND S WASHINGTON ST,,,2,Injury Collision,Cycles,2,0,1,1,1,0,0,2013-11-20T00:00:00.000Z,11/20/2013 4:47:00 PM,Mid-Block (not related to intersection),18,"MOTOR VEHICLE STRUCK PEDALCYCLIST, FRONT END AT ANGLE",,N,Clear or Partly Cloudy,Dry,Dark - Street Lights On,,,,45.0,Vehicle - Pedalcyclist,36174,0,N,POINT (1270166.966705441 222947.9864563495),15894.0,2.0135683050544327e-05,Clear or Partly Cloudy,2013-11-20,16:47:00,16.0,2,1,1.0,Clear or Partly Cloudy
139701,157409,157429,3613170,Matched,Intersection,36357.0,N 107TH ST AND N NORTHGATE WAY,,,2,Injury Collision,Cycles,2,0,1,1,1,0,0,2013-11-23T00:00:00.000Z,11/23/2013 11:44:00 AM,At Intersection (intersection related),18,"MOTOR VEHICLE STRUCK PEDALCYCLIST, FRONT END AT ANGLE",,N,Clear or Partly Cloudy,Dry,Daylight,Y,,,45.0,Vehicle - Pedalcyclist,0,0,N,POINT (1270419.16241771 261451.4067837745),1318.0,0.0,Clear or Partly Cloudy,2013-11-23,11:44:00,11.0,5,0,0.0,Clear or Partly Cloudy
139758,156421,156441,3646296,Matched,Block,,NE 65TH ST BETWEEN 4TH AVE NE AND 5TH W AVE NE,,,2,Injury Collision,Cycles,2,0,1,1,1,0,0,2013-11-05T00:00:00.000Z,11/5/2013 11:40:00 AM,Mid-Block (not related to intersection),18,"MOTOR VEHICLE STRUCK PEDALCYCLIST, FRONT END AT ANGLE",,N,Overcast,Wet,Unknown,Y,,,45.0,Vehicle - Pedalcyclist,6656,0,N,POINT (1273231.192244589 250098.8710921556),21393.0,4.890988314716683e-06,Overcast,2013-11-05,11:40:00,11.0,1,1,0.0,Clear or Partly Cloudy
139778,156616,156636,3564641,Matched,Intersection,23940.0,17TH AVE NW AND NW 67TH ST,,,2,Injury Collision,Cycles,2,0,1,1,1,0,0,2013-11-07T00:00:00.000Z,11/7/2013 3:30:00 PM,At Intersection (intersection related),18,"MOTOR VEHICLE STRUCK PEDALCYCLIST, FRONT END AT ANGLE",,N,Raining,Wet,Daylight,,,,45.0,Vehicle - Pedalcyclist,0,0,N,POINT (1259694.06544672 251032.418485105),8447.0,0.0,Raining,2013-11-07,15:30:00,15.0,3,1,1.0,Raining
139788,156430,156450,3501719,Matched,Intersection,287158.0,BROOKLYN AVE NE AND BURKE GILMAN TRL,,,2,Injury Collision,Cycles,2,0,1,1,1,0,0,2013-11-07T00:00:00.000Z,11/7/2013 7:54:00 AM,At Intersection (intersection related),18,"MOTOR VEHICLE STRUCK PEDALCYCLIST, FRONT END AT ANGLE",,N,Raining,Wet,Daylight,,,,45.0,Vehicle - Pedalcyclist,0,525567,N,POINT (1275399.661622807 242148.1143480092),2203.0,0.0,Raining,2013-11-07,07:54:00,7.0,3,1,1.0,Raining
139889,161963,161983,3586176,Matched,Intersection,30436.0,12TH AVE S AND S WELLER ST,,,2,Injury Collision,Cycles,2,0,1,1,1,0,0,2014-02-11T00:00:00.000Z,2/11/2014 7:30:00 PM,At Intersection (intersection related),18,"MOTOR VEHICLE STRUCK PEDALCYCLIST, FRONT END AT ANGLE",Y,N,Raining,Wet,Dark - Street Lights On,,,,45.0,Vehicle - Pedalcyclist,16233,0,N,POINT (1274321.9702297 221479.3706468493),9380.0,0.0,Raining,2014-02-11,19:30:00,19.0,1,1,1.0,Raining