OBJECTID,INCKEY,COLDETKEY,REPORTNO,STATUS,ADDRTYPE,INTKEY,LOCATION,EXCEPTRSNC,EXCEPTRSND,SEVERITYCO,SEVERITYDE,COLLISIONT,PERSONCOUN,PEDCOUNT,PEDCYLCOUN,VEHCOUNT,INJURIES,SERIOUSINJ,FATALITIES,INCDATE,INCDTTM,JUNCTIONTY,SDOT_COLCO,SDOT_COLDE,INATTENTIO,UNDERINFL,WEATHER,ROADCOND,LIGHTCOND,PEDROWNOTG,SDOTCOLNUM,SPEEDING,ST_COLCODE,ST_COLDESC,SEGLANEKEY,CROSSWALKK,HITPARKEDC,geometry,near_str_index,min_length,weather_group,date,time,hour,dayofweek,weekday,rushhour,weather_group2
139920,162854,162874,3582366,Matched,Intersection,28530.0,MCGILVRA BLVD E AND E MADISON N ST,,,2,Injury Collision,Cycles,2,0,1,1,1,0,0,2014-02-25T00:00:00.000Z,2/25/2014 8:00:00 AM,At Intersection (intersection related),18,"MOTOR VEHICLE STRUCK PEDALCYCLIST, FRONT END AT ANGLE",,N,Clear or Partly Cloudy,Dry,Daylight,,,,45.0,Vehicle - Pedalcyclist,34286,0,N,POINT (1283491.520575091 234521.8469482064),6883.0,0.0,Clear or Partly Cloudy,2014-02-25,08:00:00,8.0,1,1,1.0,Clear or Partly Cloudy
139932,163362,163382,3270335,Matched,Intersection,287157.0,ADAMS LN NE AND BURKE GILMAN TRL,,,2,Injury Collision,Cycles,2,0,1,1,1,0,0,2013-02-01T00:00:00.000Z,2/1/2013 3:50:00 PM,At Intersection (intersection related),18,"MOTOR VEHICLE STRUCK PEDALCYCLIST, FRONT END AT ANGLE",,N,Clear or Partly Cloudy,Dry,Daylight,,,,45.0,Vehicle - Pedalcyclist,0,630884,N,POINT (1274841.26034224 242372.6330042481),2202.0,0.0,Clear or Partly Cloudy,2013-02-01,15:50:00,15.0,4,1,1.0,Clear or Partly Cloudy
139937,163105,163125,3574440,Matched,Intersection,30511.0,6TH AVE S AND S JACKSON ST,,,2,Injury Collision,Cycles,4,0,1,1,1,0,0,2014-03-01T00:00:00.000Z,3/1/2014 3:40:00 PM,At Intersection (intersection related),18,"MOTOR VEHICLE STRUCK PEDALCYCLIST, FRONT END AT ANGLE",,N,Unknown,Wet,Daylight,,,,45.0,Vehicle - Pedalcyclist,24416,0,N,POINT (1272080.813875407 222140.4535275251),1803.0,0.0,,2014-03-01,15:40:00,15.0,5,0,1.0,
139949,160424,160444,3582409,Matched,Intersection,37396.0,GREENWOOD AVE N AND N 100TH ST,,,2,Injury Collision,Cycles,3,0,1,1,1,0,0,2014-01-22T00:00:00.000Z,1/22/2014 8:20:00 AM,At Intersection (intersection related),51,PEDALCYCLIST STRUCK MOTOR VEHICLE FRONT END AT ANGLE,,N,Overcast,Wet,Daylight,,,,45.0,Vehicle - Pedalcyclist,4755,0,N,POINT (1265651.679532826 259577.5454058647),3562.0,0.0,Overcast,2014-01-22,08:20:00,8.0,2,1,1.0,Clear or Partly Cloudy
139985,159824,159844,3671796,Matched,Block,,HAMLET AVE S BETWEEN 53RD AVE S AND SEWARD PARK AVE S,,,2,Injury Collision,Cycles,6,2,1,1,3,0,0,2014-01-09T00:00:00.000Z,1/9/2014 3:30:00 PM,Mid-Block (not related to intersection),16,"MOTOR VEHICLE STRUCK MOTOR VEHICLE, LEFT SIDE SIDESWIPE",,N,Raining,Wet,Daylight,,,,45.0,Vehicle - Pedalcyclist,0,0,N,POINT (1286574.770818248 194847.2820435762),3568.0,1.362355482340354e-05,Raining,2014-01-09,15:30:00,15.0,3,1,1.0,Raining
141030,162677,162697,3583007,Matched,Block,,BEACON AVE S BETWEEN S STEVENS ST AND S HANFORD ST,,,2,Injury Collision,Cycles,2,0,1,1,1,0,0,2014-02-22T00:00:00.000Z,2/22/2014 10:25:00 AM,Mid-Block (not related to intersection),18,"MOTOR VEHICLE STRUCK PEDALCYCLIST, FRONT END AT ANGLE",,N,Overcast,Wet,Daylight,Y,,,45.0,Vehicle - Pedalcyclist,13386,0,N,POINT (1276073.880119503 213628.7618708163),6164.0,3.0301576491192494e-05,Overcast,2014-02-22,10:25:00,10.0,5,0,0.0,Clear or Partly Cloudy
141054,160091,160111,3643157,Matched,Intersection,31372.0,1ST AVE S AND S LANDER ST,,,2,Injury Collision,Cycles,3,0,1,1,1,0,0,2014-01-05T00:00:00.000Z,1/5/2014 12:24:00 PM,At Intersection (intersection related),18,"MOTOR VEHICLE STRUCK PEDALCYCLIST, FRONT END AT ANGLE",,N,Clear or Partly Cloudy,Dry,Daylight,,,,45.0,Vehicle - Pedalcyclist,0,524927,N,POINT (1270008.956465289 215109.6856483221),10801.0,0.0,Clear or Partly Cloudy,2014-01-05,12:24:00,12.0,6,0,0.0,Clear or Partly Cloudy
141092,160540,160560,3591306,Matched,Intersection,26052.0,15TH AVE NE AND NE 50TH ST,,,2,Injury Collision,Cycles,2,0,1,1,1,0,0,2014-01-24T00:00:00.000Z,1/24/2014 4:15:00 PM,At Intersection (intersection related),18,"MOTOR VEHICLE STRUCK PEDALCYCLIST, FRONT END AT ANGLE",,N,Clear or Partly Cloudy,Dry,Daylight,,,,45.0,Vehicle - Pedalcyclist,28979,0,N,POINT (1276099.03698352 246032.438191995),78.0,0.0,Clear or Partly Cloudy,2014-01-24,16:15:00,16.0,4,1,1.0,Clear or Partly Cloudy
141128,162229,162249,3608725,Matched,Block,,LINDEN AVE N BETWEEN N 94TH ST AND N 95TH ST,,,2,Injury Collision,Cycles,3,0,1,1,1,0,0,2014-02-10T00:00:00.000Z,2/10/2014 8:59:00 PM,Driveway Junction,18,"MOTOR VEHICLE STRUCK PEDALCYCLIST, FRONT END AT ANGLE",,N,Clear or Partly Cloudy,Dry,Dark - No Street Lights,,,,45.0,Vehicle - Pedalcyclist,0,0,N,POINT (1267620.551406845 258035.9190362841),11961.0,1.4409789371925796e-05,Clear or Partly Cloudy,2014-02-10,20:59:00,20.0,0,1,0.0,Clear or Partly Cloudy
141171,162991,163011,3329197,Matched,Block,,EASTLAKE AVE E BETWEEN E ALLISON ST AND HARVARD AVE E,,,2,Injury Collision,Cycles,2,0,1,1,1,0,0,2010-07-26T00:00:00.000Z,7/26/2010 6:44:00 AM,Mid-Block (but intersection related),18,"MOTOR VEHICLE STRUCK PEDALCYCLIST, FRONT END AT ANGLE",,N,Clear or Partly Cloudy,Dry,Daylight,Y,,,45.0,Vehicle - Pedalcyclist,6064,0,N,POINT (1273323.603188679 240524.9479463547),705.0,1.4503007759061703e-06,Clear or Partly Cloudy,2010-07-26,06:44:00,6.0,0,1,0.0,Clear or Partly Cloudy
141282,163003,163023,3345286,Matched,Block,,NW MARKET ST BETWEEN 26TH AVE NW AND 28TH AVE NW,,,1,Property Damage Only Collision,Cycles,2,0,1,1,0,0,0,2010-07-27T00:00:00.000Z,7/27/2010 4:45:00 PM,Mid-Block (not related to intersection),51,PEDALCYCLIST STRUCK MOTOR VEHICLE FRONT END AT ANGLE,,N,Unknown,Unknown,Unknown,,,,45.0,Vehicle - Pedalcyclist,25921,0,N,POINT (1256525.421475485 247793.6906737983),1669.0,7.545689592421729e-09,,2010-07-27,16:45:00,16.0,1,1,1.0,
141290,162998,163018,3332576,Matched,Block,,E PINE ST BETWEEN BELMONT AVE AND BOYLSTON AVE,,,2,Injury Collision,Cycles,3,0,1,1,1,0,0,2010-07-26T00:00:00.000Z,7/26/2010 10:30:00 AM,Mid-Block (not related to intersection),18,"MOTOR VEHICLE STRUCK PEDALCYCLIST, FRONT END AT ANGLE",,N,Clear or Partly Cloudy,Dry,Daylight,Y,,,45.0,Vehicle - Pedalcyclist,10368,0,N,POINT (1272790.179892138 227976.9255975038),12705.0,8.034556990665497e-11,Clear or Partly Cloudy,2010-07-26,10:30:00,10.0,0,1,0.0,Clear or Partly Cloudy
141298,162695,162715,3591584,Matched,Block,,15TH AVE NE BETWEEN NE 41ST ST AND NE 42ND ST,,,2,Injury Collision,Cycles,2,0,1,1,1,0,0,2014-02-21T00:00:00.000Z,2/21/2014 11:23:00 AM,Mid-Block (not related to intersection),51,PEDALCYCLIST STRUCK MOTOR VEHICLE FRONT END AT ANGLE,,N,Overcast,Wet,Daylight,,,,45.0,Vehicle - Pedalcyclist,21324,0,N,POINT (1276009.870839432 243359.0692932606),15665.0,1.055708443686189e-05,Overcast,2014-02-21,11:23:00,11.0,4,1,0.0,Clear or Partly Cloudy
141322,159516,159536,3504165,Matched,Block,,RAINIER AVE S BETWEEN S BAYVIEW ST AND S MCCLELLAN ST,,,2,Injury Collision,Cycles,4,0,1,1,1,0,0,2014-01-02T00:00:00.000Z,1/2/2014 9:29:00 PM,Mid-Block (not related to intersection),21,"MOTOR VEHICLE STRUCK PEDALCYCLIST, REAR END",,N,Raining,Wet,Dark - Street Lights Off,,,,45.0,Vehicle - Pedalcyclist,20014,0,N,POINT (1278654.949498147 214892.784080103),18006.0,3.117599138004668e-06,Raining,2014-01-02,21:29:00,21.0,3,1,0.0,Raining
141382,160572,160592,3386159,Matched,Block,,HARBOR AVE SW BETWEEN SW HARBOR LN AND SW SPOKANE NR ST,,,2,Injury Collision,Cycles,3,0,1,1,1,0,0,2014-01-25T00:00:00.000Z,1/25/2014 2:42:00 PM,Driveway Junction,51,PEDALCYCLIST STRUCK MOTOR VEHICLE FRONT END AT ANGLE,Y,N,Clear or Partly Cloudy,Dry,Daylight,Y,,,45.0,Vehicle - Pedalcyclist,0,0,N,POINT (1260904.91856797 213282.4192784578),17935.0,1.846088512135144e-05,Clear or Partly Cloudy,2014-01-25,14:42:00,14.0,5,0,0.0,Clear or Partly Cloudy
141608,159944,159964,3585837,Matched,Intersection,27153.0,EASTLAKE AVE E AND FUHRMAN AVE E,,,2,Injury Collision,Cycles,2,0,1,1,1,0,0,2014-01-05T00:00:00.000Z,1/5/2014 12:54:00 PM,At Intersection (intersection related),51,PEDALCYCLIST STRUCK MOTOR VEHICLE FRONT END AT ANGLE,Y,N,Clear or Partly Cloudy,Dry,Daylight,Y,,,45.0,Vehicle - Pedalcyclist,6078,0,N,POINT (1273704.647989064 241221.0042030662),995.0,0.0,Clear or Partly Cloudy,2014-01-05,12:54:00,12.0,6,0,0.0,Clear or Partly Cloudy
141658,162280,162300,3591312,Matched,Intersection,287158.0,BROOKLYN AVE NE AND BURKE GILMAN TRL,,,2,Injury Collision,Cycles,0,0,1,1,1,0,0,2014-02-13T00:00:00.000Z,2/13/2014 10:47:00 AM,At Intersection (intersection related),51,PEDALCYCLIST STRUCK MOTOR VEHICLE FRONT END AT ANGLE,,N,Clear or Partly Cloudy,Dry,Daylight,,,,45.0,Vehicle - Pedalcyclist,0,525567,N,POINT (1275399.661622807 242148.1143480092),2203.0,0.0,Clear or Partly Cloudy,2014-02-13,10:47:00,10.0,3,1,0.0,Clear or Partly Cloudy
141759,160613,160633,3576878,Matched,Block,,STONE WAY N BETWEEN N 36TH ST AND N 38TH ST,,,2,Injury Collision,Cycles,2,0,1,1,1,0,0,2014-01-24T00:00:00.000Z,1/24/2014 8:54:00 AM,Driveway Junction,18,"MOTOR VEHICLE STRUCK PEDALCYCLIST, FRONT END AT ANGLE",Y,N,Clear or Partly Cloudy,Dry,Daylight,,,,45.0,Vehicle - Pedalcyclist,6292,0,N,POINT (1268443.36548768 241338.2046511918),21604.0,1.4776690813661218e-05,Clear or Partly Cloudy,2014-01-24,08:54:00,8.0,4,1,1.0,Clear or Partly Cloudy
141783,161043,161063,3586079,Matched,Block,,E PINE ST BETWEEN BELLEVUE AVE AND CRAWFORD PL,,,2,Injury Collision,Cycles,3,0,1,1,1,0,0,2014-01-30T00:00:00.000Z,1/30/2014 8:21:00 PM,Mid-Block (but intersection related),18,"MOTOR VEHICLE STRUCK PEDALCYCLIST, FRONT END AT ANGLE",,N,Raining,Wet,Dark - Street Lights On,Y,,,45.0,Vehicle - Pedalcyclist,10348,0,N,POINT (1272160.465331495 227984.7903655171),6919.0,2.168716269089231e-05,Raining,2014-01-30,20:21:00,20.0,3,1,0.0,Raining
141786,161347,161367,3585902,Matched,Intersection,30177.0,19TH AVE AND E CHERRY ST,,,2,Injury Collision,Cycles,2,0,1,1,1,0,0,2014-01-28T00:00:00.000Z,1/28/2014 8:49:00 AM,At Intersection (intersection related),18,"MOTOR VEHICLE STRUCK PEDALCYCLIST, FRONT END AT ANGLE",,N,Overcast,Wet,Daylight,,,,45.0,Vehicle - Pedalcyclist,8657,0,N,POINT (1276764.647992209 225271.0035467297),2476.0,0.0,Overcast,2014-01-28,08:49:00,8.0,1,1,1.0,Clear or Partly Cloudy
141797,160983,161003,3582445,Matched,Block,,N 87TH ST BETWEEN PALATINE AVE N AND GREENWOOD AVE N,,,2,Injury Collision,Cycles,2,0,1,1,1,0,0,2014-01-29T00:00:00.000Z,1/29/2014 6:45:00 PM,Driveway Junction,18,"MOTOR VEHICLE STRUCK PEDALCYCLIST, FRONT END AT ANGLE",Y,N,Clear or Partly Cloudy,Wet,Dark - Street Lights On,,,,45.0,Vehicle - Pedalcyclist,0,0,N,POINT (1265444.14628461 256283.9567944854),7118.0,2.7715942807800256e-05,Clear or Partly Cloudy,2014-01-29,18:45:00,18.0,2,1,1.0,Clear or Partly Cloudy
141845,162287,162307,3643047,Matched,Block,,LAKE WASHINGTON BLVD S BETWEEN S ADAMS ST AND S GENESEE WAY,,,2,Injury Collision,Cycles,2,0,1,1,1,0,0,2014-02-11T00:00:00.000Z,2/11/2014 12:58:00 PM,Driveway Junction,18,"MOTOR VEHICLE STRUCK PEDALCYCLIST, FRONT END AT ANGLE",,N,Clear or Partly Cloudy,Dry,Daylight,,,,45.0,Vehicle - Pedalcyclist,38131,0,N,POINT (1286052.857281715 209070.2091621459),16149.0,1.7281160266183967e-05,Clear or Partly Cloudy,2014-02-11,12:58:00,12.0,1,1,0.0,Clear or Partly Cloudy
141855,159982,160002,3591403,Matched,Intersection,36499.0,5TH AVE NE AND NE NORTHGATE WAY,,,2,Injury Collision,Cycles,2,0,1,1,1,0,0,2014-01-09T00:00:00.000Z,1/9/2014 2:50:00 PM,At Intersection (intersection related),18,"MOTOR VEHICLE STRUCK PEDALCYCLIST, FRONT END AT ANGLE",,N,Overcast,Wet,Daylight,,,,45.0,Vehicle - Pedalcyclist,14514,0,N,POINT (1273614.379572973 262024.0936323702),4279.0,0.0,Overcast,2014-01-09,14:50:00,14.0,3,1,0.0,Clear or Partly Cloudy
144004,165903,165923,3571356,Matched,Intersection,31973.0,49TH AVE SW AND SW ANDOVER ST,,,2,Injury Collision,Cycles,2,0,1,1,1,0,0,2014-04-13T00:00:00.000Z,4/13/2014 2:52:00 PM,At Intersection (intersection related),51,PEDALCYCLIST STRUCK MOTOR VEHICLE FRONT END AT ANGLE,Y,N,Clear or Partly Cloudy,Dry,Daylight,,,,45.0,Vehicle - Pedalcyclist,0,0,N,POINT (1254974.287137896 211275.6880764067),3105.0,0.0,Clear or Partly Cloudy,2014-04-13,14:52:00,14.0,6,0,0.0,Clear or Partly Cloudy
144019,166713,166733,3552911,Matched,Intersection,27070.0,7TH AVE NE AND NE 45TH ST,,,2,Injury Collision,Cycles,2,0,1,1,1,0,0,2014-04-30T00:00:00.000Z,4/30/2014 7:14:00 PM,At Intersection (intersection related),18,"MOTOR VEHICLE STRUCK PEDALCYCLIST, FRONT END AT ANGLE",,N,Clear or Partly Cloudy,Dry,Daylight,,,,45.0,Vehicle - Pedalcyclist,7057,0,N,POINT (1273908.208693281 244770.8171986938),556.0,0.0,Clear or Partly Cloudy,2014-04-30,19:14:00,19.0,2,1,1.0,Clear or Partly Cloudy
144031,163517,163537,3581415,Matched,Block,,DEXTER AVE N BETWEEN HAYES ST AND HOWE ST,,,2,Injury Collision,Cycles,2,0,1,1,1,0,0,2013-03-14T00:00:00.000Z,3/14/2013 8:20:00 AM,Mid-Block (not related to intersection),18,"MOTOR VEHICLE STRUCK PEDALCYCLIST, FRONT END AT ANGLE",,N,Clear or Partly Cloudy,Dry,Daylight,Y,,,45.0,Vehicle - Pedalcyclist,12989,0,N,POINT (1268408.639919654 235271.560932979),15565.0,6.7242681277130444e-06,Clear or Partly Cloudy,2013-03-14,08:20:00,8.0,3,1,1.0,Clear or Partly Cloudy
144039,167017,167037,3701396,Matched,Block,,HARVARD AVE BETWEEN BROADWAY AND SPRING ST,,,2,Injury Collision,Cycles,2,0,1,1,1,0,0,2014-04-18T00:00:00.000Z,4/18/2014 5:12:00 PM,Driveway Junction,18,"MOTOR VEHICLE STRUCK PEDALCYCLIST, FRONT END AT ANGLE",Y,N,Clear or Partly Cloudy,Dry,Daylight,,,,45.0,Vehicle - Pedalcyclist,0,0,N,POINT (1273476.974516839 226633.7255321294),8813.0,1.0253026123291044e-06,Clear or Partly Cloudy,2014-04-18,17:12:00,17.0,4,1,1.0,Clear or Partly Cloudy
144040,166997,167017,3701501,Matched,Block,,BOYER AVE E BETWEEN E HAMLIN ST AND FUHRMAN AVE E,,,2,Injury Collision,Cycles,3,0,1,1,1,0,0,2014-04-07T00:00:00.000Z,4/7/2014 5:18:00 PM,Mid-Block (not related to intersection),56,PEDALCYCLIST STRUCK MOTOR VEHICLE LEFT SIDE SIDESWIPE,Y,N,Clear or Partly Cloudy,Dry,Daylight,,,,45.0,Vehicle - Pedalcyclist,6002,0,N,POINT (1274702.995574087 239263.6817050576),22528.0,1.8063603213059438e-05,Clear or Partly Cloudy,2014-04-07,17:18:00,17.0,0,1,1.0,Clear or Partly Cloudy
144109,165677,165697,3641265,Matched,Block,,1ST AVE BETWEEN LENORA ST AND BLANCHARD ST,,,2,Injury Collision,Cycles,2,0,1,1,1,0,0,2014-04-10T00:00:00.000Z,4/10/2014 10:41:00 AM,Mid-Block (not related to intersection),56,PEDALCYCLIST STRUCK MOTOR VEHICLE LEFT SIDE SIDESWIPE,,N,Clear or Partly Cloudy,Dry,Daylight,,,,45.0,Vehicle - Pedalcyclist,13230,0,N,POINT (1267684.527726904 226979.4172444791),21687.0,4.30423418006055e-06,Clear or Partly Cloudy,2014-04-10,10:41:00,10.0,3,1,0.0,Clear or Partly Cloudy
144126,166718,166738,3575045,Matched,Intersection,29826.0,12TH AVE AND E ALDER ST,,,2,Injury Collision,Cycles,2,0,1,1,1,0,0,2014-04-30T00:00:00.000Z,4/30/2014 4:54:00 PM,At Intersection (intersection related),18,"MOTOR VEHICLE STRUCK PEDALCYCLIST, FRONT END AT ANGLE",,N,Clear or Partly Cloudy,Dry,Daylight,,,,45.0,Vehicle - Pedalcyclist,10590,0,N,POINT (1274480.128053859 223979.3716734052),2319.0,0.0,Clear or Partly Cloudy,2014-04-30,16:54:00,16.0,2,1,1.0,Clear or Partly Cloudy
144168,168128,168148,3703254,Matched,Intersection,26925.0,FREMONT AVE N AND N 45TH ST,,,2,Injury Collision,Cycles,2,0,1,1,1,0,0,2014-05-19T00:00:00.000Z,5/19/2014 6:07:00 PM,At Intersection (intersection related),18,"MOTOR VEHICLE STRUCK PEDALCYCLIST, FRONT END AT ANGLE",,N,Clear or Partly Cloudy,Dry,Daylight,Y,,,45.0,Vehicle - Pedalcyclist,8454,0,N,POINT (1266687.00190188 244939.2966868728),7050.0,0.0,Clear or Partly Cloudy,2014-05-19,18:07:00,18.0,0,1,1.0,Clear or Partly Cloudy
144231,169161,169181,3584996,Matched,Intersection,30373.0,ALASKAN E RDWY WAY S AND S MAIN ST,,,2,Injury Collision,Cycles,2,0,1,1,1,0,0,2014-06-04T00:00:00.000Z,6/4/2014 5:29:00 PM,At Intersection (intersection related),51,PEDALCYCLIST STRUCK MOTOR VEHICLE FRONT END AT ANGLE,,N,Clear or Partly Cloudy,Dry,Daylight,Y,,,45.0,Vehicle - Pedalcyclist,20619,0,N,POINT (1269840.702513114 222495.4256878942),3319.0,0.0,Clear or Partly Cloudy,2014-06-04,17:29:00,17.0,2,1,1.0,Clear or Partly Cloudy
144238,170193,170213,3580965,Matched,,,,NEI,"Not Enough Information, or Insufficient Location Information",2,Injury Collision,Cycles,2,0,1,1,1,0,0,2014-05-30T00:00:00.000Z,5/30/2014 8:50:00 AM,At Intersection (intersection related),0,NOT ENOUGH INFORMATION / NOT APPLICABLE,Y,N,Clear or Partly Cloudy,Dry,Daylight,,,,45.0,Vehicle - Pedalcyclist,0,0,N,,,,Clear or Partly Cloudy,2014-05-30,08:50:00,8.0,4,1,1.0,Clear or Partly Cloudy
144248,170593,170613,3643416,Matched,Intersection,25181.0,LEARY AVE NW AND NW LEARY WAY,,,2,Injury Collision,Cycles,3,0,1,1,1,0,0,2014-06-13T00:00:00.000Z,6/13/2014 9:10:00 PM,At Intersection (intersection related),18,"MOTOR VEHICLE STRUCK PEDALCYCLIST, FRONT END AT ANGLE",,N,Overcast,Dry,Dark - Street Lights On,,,,45.0,Vehicle - Pedalcyclist,23674,0,N,POINT (1259596.917542621 246015.2385759801),7458.0,0.0,Overcast,2014-06-13,21:10:00,21.0,4,1,0.0,Clear or Partly Cloudy
144255,170382,170402,3587609,Matched,Intersection,26079.0,20TH AVE NE AND NE 45TH ST,,,2,Injury Collision,Cycles,3,0,1,1,1,0,0,2014-06-13T00:00:00.000Z,6/13/2014 4:28:00 PM,At Intersection (intersection related),18,"MOTOR VEHICLE STRUCK PEDALCYCLIST, FRONT END AT ANGLE",,N,Clear or Partly Cloudy,Dry,Daylight,Y,,,45.0,Vehicle - Pedalcyclist,0,524701,N,POINT (1277406.278456867 244680.9486546069),9907.0,0.0,Clear or Partly Cloudy,2014-06-13,16:28:00,16.0,4,1,1.0,Clear or Partly Cloudy
144287,167702,167722,3576788,Matched,Block,,WEST GREEN LAKE WAY N BETWEEN GREEN LAKE TURN RD AND N 63RD ST,,,2,Injury Collision,Cycles,2,0,1,1,1,0,0,2014-05-01T00:00:00.000Z,5/1/2014 5:30:00 PM,Driveway Junction,18,"MOTOR VEHICLE STRUCK PEDALCYCLIST, FRONT END AT ANGLE",,N,Clear or Partly Cloudy,Dry,Daylight,Y,,,45.0,Vehicle - Pedalcyclist,10109,0,N,POINT (1268324.786223561 248604.0256506205),4797.0,2.0525931683325152e-05,Clear or Partly Cloudy,2014-05-01,17:30:00,17.0,3,1,1.0,Clear or Partly Cloudy
144291,167701,167721,3576496,Matched,Block,,EAST GREEN LAKE WAY N BETWEEN 2ND AVE NE AND 4TH AVE NE,,,2,Injury Collision,Cycles,2,0,1,1,1,0,0,2014-05-01T00:00:00.000Z,5/1/2014 6:34:00 PM,Mid-Block (but intersection related),18,"MOTOR VEHICLE STRUCK PEDALCYCLIST, FRONT END AT ANGLE",,N,Clear or Partly Cloudy,Dry,Daylight,,,,45.0,Vehicle - Pedalcyclist,7406,0,N,POINT (1272444.628211781 251045.6949651241),14867.0,7.332676064504416e-06,Clear or Partly Cloudy,2014-05-01,18:34:00,18.0,3,1,1.0,Clear or Partly Cloudy
144302,167416,167436,3585771,Matched,Block,,E JOHN ST BETWEEN 13TH AVE E AND 14TH AVE E,,,2,Injury Collision,Cycles,2,0,1,1,1,0,0,2014-05-10T00:00:00.000Z,5/10/2014 2:29:00 PM,Mid-Block (not related to intersection),51,PEDALCYCLIST STRUCK MOTOR VEHICLE FRONT END AT ANGLE,Y,N,Clear or Partly Cloudy,Dry,Daylight,,,,45.0,Vehicle - Pedalcyclist,35234,0,N,POINT (1275036.361718431 229656.606175229),18096.0,2.8565648195188983e-05,Clear or Partly Cloudy,2014-05-10,14:29:00,14.0,5,0,0.0,Clear or Partly Cloudy
144339,168588,168608,3702963,Matched,Block,,NE 45TH ST RP BETWEEN MONTLAKE BLVD NE AND NE 45TH ST,,,2,Injury Collision,Cycles,2,0,1,1,1,0,0,2014-05-13T00:00:00.000Z,5/13/2014 10:58:00 AM,Mid-Block (not related to intersection),51,PEDALCYCLIST STRUCK MOTOR VEHICLE FRONT END AT ANGLE,Y,N,Clear or Partly Cloudy,Dry,Daylight,,,,45.0,Vehicle - Pedalcyclist,0,0,N,POINT (1279221.858298719 244543.5238224715),23449.0,2.662020779984429e-05,Clear or Partly Cloudy,2014-05-13,10:58:00,10.0,1,1,0.0,Clear or Partly Cloudy
144346,168357,168377,3580936,Matched,Block,,LAKE WASHINGTON BLVD S BETWEEN 43RD AVE S AND 46TH AVE S,,,2,Injury Collision,Cycles,2,0,2,0,2,0,0,2014-05-10T00:00:00.000Z,5/10/2014 9:21:00 AM,Mid-Block (not related to intersection),61,PEDALCYCLIST STRUCK PEDALCYCLIST REAR END,,N,Clear or Partly Cloudy,Dry,Daylight,,,,45.0,Vehicle - Pedalcyclist,38095,0,N,POINT (1283724.176767334 211275.2495484054),20582.0,2.8119686867694825e-05,Clear or Partly Cloudy,2014-05-10,09:21:00,9.0,5,0,1.0,Clear or Partly Cloudy
144400,170604,170624,3696776,Matched,Intersection,29538.0,9TH AVE AND STEWART ST,,,2,Injury Collision,Cycles,2,0,1,1,1,0,0,2014-06-12T00:00:00.000Z,6/12/2014 5:51:00 PM,At Intersection (intersection related),18,"MOTOR VEHICLE STRUCK PEDALCYCLIST, FRONT END AT ANGLE",,N,Overcast,Dry,Daylight,,,,45.0,Vehicle - Pedalcyclist,13684,0,N,POINT (1270205.58238548 228168.8738857061),6077.0,0.0,Overcast,2014-06-12,17:51:00,17.0,3,1,1.0,Clear or Partly Cloudy
144430,171057,171077,3585323,Matched,Intersection,28605.0,ALOHA ST AND QUEEN ANNE AVE N,,,2,Injury Collision,Cycles,1,0,1,0,1,0,0,2014-07-02T00:00:00.000Z,7/2/2014 7:49:00 AM,At Intersection (intersection related),51,PEDALCYCLIST STRUCK MOTOR VEHICLE FRONT END AT ANGLE,,N,Clear or Partly Cloudy,Dry,Daylight,,,,45.0,Vehicle - Pedalcyclist,30638,0,N,POINT (1264801.645611957 232498.3812181354),6603.0,0.0,Clear or Partly Cloudy,2014-07-02,07:49:00,7.0,2,1,1.0,Clear or Partly Cloudy
144497,169977,169997,2617125,Matched,Intersection,30410.0,12TH AVE AND E YESLER WAY,,,2b,Serious Injury Collision,Cycles,2,0,1,0,2,1,0,2014-06-09T00:00:00.000Z,6/9/2014 8:55:00 PM,At Intersection (but not related to intersection),26,MOTOR VEHICLE STRUCK OBJECT IN ROAD,,N,Clear or Partly Cloudy,Dry,Dusk,,,,45.0,Vehicle - Pedalcyclist,10531,0,N,POINT (1274461.188917845 223006.7211764157),8412.0,0.0,Clear or Partly Cloudy,2014-06-09,20:55:00,20.0,0,1,0.0,Clear or Partly Cloudy
144608,169189,169209,3581352,Matched,Block,,2ND AVE S BETWEEN S HUDSON ST AND S DAWSON ST,,,2,Injury Collision,Cycles,2,0,1,1,1,0,0,2014-06-04T00:00:00.000Z,6/4/2014 11:41:00 AM,Driveway Junction,18,"MOTOR VEHICLE STRUCK PEDALCYCLIST, FRONT END AT ANGLE",,N,Clear or Partly Cloudy,Dry,Daylight,Y,,,45.0,Vehicle - Pedalcyclist,0,0,N,POINT (1270296.753841579 206610.8620876223),5223.0,5.160480435265388e-06,Clear or Partly Cloudy,2014-06-04,11:41:00,11.0,2,1,0.0,Clear or Partly Cloudy
144737,168631,168651,3613569,Matched,Intersection,25785.0,5TH AVE NE AND NE 50TH ST,,,2,Injury Collision,Cycles,2,0,1,1,1,0,0,2014-05-31T00:00:00.000Z,5/31/2014 5:56:00 PM,At Intersection (intersection related),51,PEDALCYCLIST STRUCK MOTOR VEHICLE FRONT END AT ANGLE,Y,N,Clear or Partly Cloudy,Dry,Daylight,,,,45.0,Vehicle - Pedalcyclist,21506,0,N,POINT (1273408.076852769 246114.4567520767),1409.0,0.0,Clear or Partly Cloudy,2014-05-31,17:56:00,17.0,5,0,1.0,Clear or Partly Cloudy