OBJECTID,INCKEY,COLDETKEY,REPORTNO,STATUS,ADDRTYPE,INTKEY,LOCATION,EXCEPTRSNC,EXCEPTRSND,SEVERITYCO,SEVERITYDE,COLLISIONT,PERSONCOUN,PEDCOUNT,PEDCYLCOUN,VEHCOUNT,INJURIES,SERIOUSINJ,FATALITIES,INCDATE,INCDTTM,JUNCTIONTY,SDOT_COLCO,SDOT_COLDE,INATTENTIO,UNDERINFL,WEATHER,ROADCOND,LIGHTCOND,PEDROWNOTG,SDOTCOLNUM,SPEEDING,ST_COLCODE,ST_COLDESC,SEGLANEKEY,CROSSWALKK,HITPARKEDC,geometry,near_str_index,min_length,weather_group,date,time,hour,dayofweek,weekday,rushhour,weather_group2
142201,164585,164605,3574442,Matched,Intersection,29603.0,2ND AVE AND UNIVERSITY ST,,,2,Injury Collision,Cycles,2,0,1,1,1,0,0,2014-03-12T00:00:00.000Z,3/12/2014 8:30:00 AM,At Intersection (intersection related),18,"MOTOR VEHICLE STRUCK PEDALCYCLIST, FRONT END AT ANGLE",,N,Clear or Partly Cloudy,Unknown,Daylight,,,,45.0,Vehicle - Pedalcyclist,12162,0,N,POINT (1269492.709168762 225148.3088906109),2490.0,0.0,Clear or Partly Cloudy,2014-03-12,08:30:00,8.0,2,1,1.0,Clear or Partly Cloudy
142206,163533,163553,3613392,Matched,Intersection,37450.0,DAYTON AVE N AND N 87TH ST,,,2,Injury Collision,Cycles,2,0,1,1,1,0,0,2013-03-20T00:00:00.000Z,3/20/2013 8:50:00 AM,At Intersection (intersection related),51,PEDALCYCLIST STRUCK MOTOR VEHICLE FRONT END AT ANGLE,,N,Raining,Wet,Daylight,,,,45.0,Vehicle - Pedalcyclist,0,0,N,POINT (1266274.436141461 256263.1871304661),7119.0,0.0,Raining,2013-03-20,08:50:00,8.0,2,1,1.0,Raining
142237,164869,164889,3574805,Matched,Intersection,30355.0,2ND AVE AND CHERRY ST,,,2,Injury Collision,Cycles,2,0,1,1,1,0,0,2014-03-20T00:00:00.000Z,3/20/2014 9:58:00 PM,At Intersection (intersection related),18,"MOTOR VEHICLE STRUCK PEDALCYCLIST, FRONT END AT ANGLE",,N,Clear or Partly Cloudy,Dry,Dark - Street Lights On,,,,45.0,Vehicle - Pedalcyclist,13300,0,N,POINT (1270427.74891372 223568.6895609945),2488.0,0.0,Clear or Partly Cloudy,2014-03-20,21:58:00,21.0,3,1,0.0,Clear or Partly Cloudy
142241,166116,166136,3583509,Matched,Intersection,29625.0,ALASKAN E RDWY WAY AND SPRING ST,,,1,Property Damage Only Collision,Cycles,2,0,1,1,0,0,0,2014-04-09T00:00:00.000Z,4/9/2014 2:47:00 PM,At Intersection (intersection related),18,"MOTOR VEHICLE STRUCK PEDALCYCLIST, FRONT END AT ANGLE",,N,Clear or Partly Cloudy,Dry,Daylight,,,,45.0,Vehicle - Pedalcyclist,0,0,N,POINT (1269077.616176337 224190.5322496295),600.0,0.0,Clear or Partly Cloudy,2014-04-09,14:47:00,14.0,2,1,0.0,Clear or Partly Cloudy
142246,164866,164886,3552089,Matched,Intersection,30575.0,31ST AVE AND E YESLER WAY,,,2,Injury Collision,Cycles,2,0,1,1,1,0,0,2014-03-25T00:00:00.000Z,3/25/2014 4:45:00 PM,At Intersection (intersection related),51,PEDALCYCLIST STRUCK MOTOR VEHICLE FRONT END AT ANGLE,,N,Raining,Wet,Daylight,Y,,,45.0,Vehicle - Pedalcyclist,10096,0,N,POINT (1280446.052411973 222875.5805682838),2781.0,0.0,Raining,2014-03-25,16:45:00,16.0,1,1,1.0,Raining
142248,167029,167049,3295722,Matched,Intersection,35167.0,5TH AVE S AND S TRENTON S ST,,,1,Property Damage Only Collision,Cycles,3,0,1,1,0,0,0,2014-05-02T00:00:00.000Z,5/2/2014 8:00:00 PM,At Intersection (intersection related),51,PEDALCYCLIST STRUCK MOTOR VEHICLE FRONT END AT ANGLE,,N,Unknown,Unknown,Unknown,,,,45.0,Vehicle - Pedalcyclist,0,0,N,POINT (1271091.616050392 194956.1616596878),1903.0,0.0,,2014-05-02,20:00:00,20.0,4,1,0.0,
142251,167028,167048,3701629,Matched,Block,,E PINE ST BETWEEN 11TH AVE AND 12TH AVE,,,2b,Serious Injury Collision,Cycles,2,0,1,1,1,1,0,2014-04-27T00:00:00.000Z,4/27/2014 10:18:00 PM,Mid-Block (not related to intersection),14,"MOTOR VEHICLE STRUCK MOTOR VEHICLE, REAR END",,Y,Clear or Partly Cloudy,Dry,Dark - Street Lights On,,,,45.0,Vehicle - Pedalcyclist,10420,0,N,POINT (1274377.808565766 227957.5790374875),16047.0,6.314708627297818e-11,Clear or Partly Cloudy,2014-04-27,22:18:00,22.0,6,0,0.0,Clear or Partly Cloudy
142286,167032,167052,3476714,Matched,Intersection,29826.0,12TH AVE AND E ALDER ST,,,2,Injury Collision,Cycles,2,0,1,1,1,0,0,2014-04-30T00:00:00.000Z,4/30/2014 4:55:00 PM,At Intersection (intersection related),18,"MOTOR VEHICLE STRUCK PEDALCYCLIST, FRONT END AT ANGLE",,N,Clear or Partly Cloudy,Dry,Daylight,,,Y,45.0,Vehicle - Pedalcyclist,10590,0,N,POINT (1274480.128053859 223979.3716734052),2319.0,0.0,Clear or Partly Cloudy,2014-04-30,16:55:00,16.0,2,1,1.0,Clear or Partly Cloudy
142323,164127,164147,3587282,Matched,Intersection,35813.0,LINDEN AVE N AND N 135TH ST,,,2,Injury Collision,Cycles,2,0,1,1,1,0,0,2014-03-05T00:00:00.000Z,3/5/2014 5:00:00 PM,At Intersection (intersection related),51,PEDALCYCLIST STRUCK MOTOR VEHICLE FRONT END AT ANGLE,,N,Overcast,Wet,Daylight,,,,45.0,Vehicle - Pedalcyclist,7611,0,N,POINT (1267729.966126949 268803.4820553064),1210.0,0.0,Overcast,2014-03-05,17:00:00,17.0,2,1,1.0,Clear or Partly Cloudy
142362,165151,165171,3572941,Matched,Intersection,26863.0,STONE WAY N AND N 39TH ST,,,2,Injury Collision,Cycles,2,0,1,1,1,0,0,2014-03-29T00:00:00.000Z,3/29/2014 7:44:00 AM,At Intersection (intersection related),51,PEDALCYCLIST STRUCK MOTOR VEHICLE FRONT END AT ANGLE,,N,Raining,Wet,Daylight,Y,,,45.0,Vehicle - Pedalcyclist,6311,0,N,POINT (1268492.222511739 242249.8620601147),1235.0,0.0,Raining,2014-03-29,07:44:00,7.0,5,0,1.0,Raining
142364,166125,166145,3502018,Matched,Block,,MERIDIAN AVE N BETWEEN N NORTHGATE WAY AND N 112TH ST,,,2,Injury Collision,Cycles,2,0,1,1,1,0,0,2014-04-18T00:00:00.000Z,4/18/2014 7:50:00 AM,Driveway Junction,18,"MOTOR VEHICLE STRUCK PEDALCYCLIST, FRONT END AT ANGLE",Y,N,Clear or Partly Cloudy,Dry,Daylight,,,,45.0,Vehicle - Pedalcyclist,0,0,N,POINT (1270977.961714283 262265.9332486093),15716.0,1.8151048700720784e-06,Clear or Partly Cloudy,2014-04-18,07:50:00,7.0,4,1,1.0,Clear or Partly Cloudy
142369,165955,165975,3705404,Matched,Block,,ALASKAN E RDWY WAY BETWEEN COLUMBIA ST AND MARION ST,,,2,Injury Collision,Cycles,2,0,1,1,1,0,0,2014-03-27T00:00:00.000Z,3/27/2014 6:25:00 PM,Mid-Block (not related to intersection),18,"MOTOR VEHICLE STRUCK PEDALCYCLIST, FRONT END AT ANGLE",Y,N,Clear or Partly Cloudy,Dry,Daylight,Y,,,45.0,Vehicle - Pedalcyclist,0,0,N,POINT (1269460.937584728 223529.6872569472),3318.0,3.3331112957799625e-05,Clear or Partly Cloudy,2014-03-27,18:25:00,18.0,3,1,1.0,Clear or Partly Cloudy
142415,166588,166608,3587558,Matched,Block,,LAKE CITY WAY NE BETWEEN NE 89TH ST AND NE 90TH ST,,,2,Injury Collision,Cycles,2,0,1,1,1,0,0,2014-04-21T00:00:00.000Z,4/21/2014 4:32:00 PM,Driveway Junction,18,"MOTOR VEHICLE STRUCK PEDALCYCLIST, FRONT END AT ANGLE",,N,Overcast,Dry,Daylight,Y,,,45.0,Vehicle - Pedalcyclist,0,0,N,POINT (1277890.111289352 256425.8266186416),12601.0,2.774181742059031e-05,Overcast,2014-04-21,16:32:00,16.0,0,1,1.0,Clear or Partly Cloudy
142459,163551,163571,3609224,Matched,Intersection,25793.0,UNIVERSITY WAY NE AND NE 50TH ST,,,1,Property Damage Only Collision,Cycles,2,0,1,1,0,0,0,2013-03-14T00:00:00.000Z,3/14/2013 6:29:00 PM,At Intersection (intersection related),18,"MOTOR VEHICLE STRUCK PEDALCYCLIST, FRONT END AT ANGLE",,N,Raining,Wet,Daylight,Y,,,45.0,Vehicle - Pedalcyclist,5611,0,N,POINT (1275819.041847229 246040.7075040042),999.0,0.0,Raining,2013-03-14,18:29:00,18.0,3,1,1.0,Raining
142460,163550,163570,3476765,Matched,Intersection,30757.0,23RD AVE S AND S JACKSON ST,,,2,Injury Collision,Cycles,2,0,1,1,1,0,0,2013-03-19T00:00:00.000Z,3/19/2013 5:58:00 AM,At Intersection (intersection related),51,PEDALCYCLIST STRUCK MOTOR VEHICLE FRONT END AT ANGLE,Y,N,Clear or Partly Cloudy,Dry,Dark - Street Lights On,Y,,,45.0,Vehicle - Pedalcyclist,0,525077,N,POINT (1278032.94802551 222058.1968874484),7760.0,0.0,Clear or Partly Cloudy,2013-03-19,05:58:00,5.0,1,1,0.0,Clear or Partly Cloudy
142492,164887,164907,3574395,Matched,Intersection,29528.0,LENORA ST AND WESTLAKE AVE,,,1,Property Damage Only Collision,Cycles,2,0,1,1,0,0,0,2014-03-21T00:00:00.000Z,3/21/2014 12:24:00 PM,At Intersection (intersection related),21,"MOTOR VEHICLE STRUCK PEDALCYCLIST, REAR END",,N,Clear or Partly Cloudy,Dry,,,,,45.0,Vehicle - Pedalcyclist,37233,0,N,POINT (1269359.259184614 228504.1686060429),807.0,0.0,Clear or Partly Cloudy,2014-03-21,12:24:00,12.0,4,1,0.0,Clear or Partly Cloudy
142523,166770,166790,3641130,Matched,Block,,VALLEY ST BETWEEN TAYLOR AVE N AND 6TH AVE N,,,1,Property Damage Only Collision,Cycles,2,0,1,1,0,0,0,2014-04-22T00:00:00.000Z,4/22/2014 5:24:00 PM,Mid-Block (but intersection related),51,PEDALCYCLIST STRUCK MOTOR VEHICLE FRONT END AT ANGLE,,N,Overcast,Dry,Daylight,,,,45.0,Vehicle - Pedalcyclist,30835,0,N,POINT (1267529.500142753 232109.622049734),6729.0,3.15503677892785e-05,Overcast,2014-04-22,17:24:00,17.0,1,1,1.0,Clear or Partly Cloudy
142528,166140,166160,3587310,Matched,Intersection,24506.0,15TH AVE NE AND NE 65TH ST,,,2,Injury Collision,Cycles,2,0,1,1,1,0,0,2014-04-12T00:00:00.000Z,4/12/2014 7:38:00 AM,At Intersection (intersection related),18,"MOTOR VEHICLE STRUCK PEDALCYCLIST, FRONT END AT ANGLE",,N,Clear or Partly Cloudy,Dry,Daylight,,,,45.0,Vehicle - Pedalcyclist,29283,0,N,POINT (1276177.254199609 250004.1983240545),2391.0,0.0,Clear or Partly Cloudy,2014-04-12,07:38:00,7.0,5,0,1.0,Clear or Partly Cloudy
142531,163427,163447,3503236,Matched,Block,,ROOSEVELT WAY NE BETWEEN NE 55TH ST AND NE 56TH ST,,,2,Injury Collision,Cycles,2,0,1,1,1,0,0,2013-03-15T00:00:00.000Z,3/15/2013 2:13:00 PM,Mid-Block (not related to intersection),53,PEDALCYCLIST STRUCK MOTOR VEHICLE LEFT SIDE AT ANGLE,Y,N,Clear or Partly Cloudy,Dry,Daylight,,,,45.0,Vehicle - Pedalcyclist,9155,0,N,POINT (1274790.933750182 247547.6085615456),3741.0,1.669372830920836e-05,Clear or Partly Cloudy,2013-03-15,14:13:00,14.0,4,1,0.0,Clear or Partly Cloudy
142590,163558,163578,3643891,Matched,Intersection,28753.0,DEXTER AVE N AND LEE ST,,,2,Injury Collision,Cycles,3,0,1,1,1,0,0,2013-03-14T00:00:00.000Z,3/14/2013 2:02:00 PM,At Intersection (intersection related),18,"MOTOR VEHICLE STRUCK PEDALCYCLIST, FRONT END AT ANGLE",,N,Clear or Partly Cloudy,Dry,Daylight,Y,,,45.0,Vehicle - Pedalcyclist,12941,0,N,POINT (1268382.133039623 233966.8545636386),3490.0,0.0,Clear or Partly Cloudy,2013-03-14,14:02:00,14.0,3,1,0.0,Clear or Partly Cloudy
142598,163556,163576,3643676,Matched,Block,,VIRGINIA ST BETWEEN 8TH AVE AND 9TH AVE,,,2,Injury Collision,Cycles,2,0,1,1,1,0,0,2013-03-15T00:00:00.000Z,3/15/2013 5:30:00 PM,Driveway Junction,18,"MOTOR VEHICLE STRUCK PEDALCYCLIST, FRONT END AT ANGLE",,N,Clear or Partly Cloudy,Dry,Daylight,,,,45.0,Vehicle - Pedalcyclist,0,0,N,POINT (1269782.284081057 228336.5026858747),16673.0,4.959982435189281e-10,Clear or Partly Cloudy,2013-03-15,17:30:00,17.0,4,1,1.0,Clear or Partly Cloudy
142640,166142,166162,3587468,Matched,Intersection,27100.0,ROOSEVELT WAY NE AND NE 41ST ST,,,2,Injury Collision,Cycles,3,0,1,1,1,0,0,2014-04-02T00:00:00.000Z,4/2/2014 10:08:00 AM,At Intersection (intersection related),18,"MOTOR VEHICLE STRUCK PEDALCYCLIST, FRONT END AT ANGLE",,N,Overcast,Dry,Daylight,Y,,,45.0,Vehicle - Pedalcyclist,8967,0,N,POINT (1274593.717557982 243141.4757570326),6641.0,0.0,Overcast,2014-04-02,10:08:00,10.0,2,1,0.0,Clear or Partly Cloudy
142738,165792,165812,3597123,Matched,Block,,STONE WAY N BETWEEN N 44TH ST AND N ALLEN PL,,,2,Injury Collision,Cycles,2,0,1,1,1,0,0,2014-03-31T00:00:00.000Z,3/31/2014 1:06:00 PM,Ramp Junction,51,PEDALCYCLIST STRUCK MOTOR VEHICLE FRONT END AT ANGLE,Y,N,Clear or Partly Cloudy,Dry,Daylight,,,,45.0,Vehicle - Pedalcyclist,6370,0,N,POINT (1268610.911279857 244507.4574544281),972.0,2.540748523246937e-05,Clear or Partly Cloudy,2014-03-31,13:06:00,13.0,0,1,0.0,Clear or Partly Cloudy
142759,165566,165586,3519568,Matched,Block,,BURKE GILMAN TRL BETWEEN MONTLAKE CUT CONNCTR TRL AND PEND OREILLE RD NE,,,2,Injury Collision,Cycles,1,0,1,0,1,0,0,2014-03-07T00:00:00.000Z,3/7/2014 4:02:00 PM,Mid-Block (not related to intersection),29,MOTOR VEHICLE OVERTURNED IN ROAD,,N,Overcast,Dry,Daylight,,,,45.0,Vehicle - Pedalcyclist,0,0,N,POINT (1278316.918457791 242462.1749563366),11617.0,1.2272137743526504e-05,Overcast,2014-03-07,16:02:00,16.0,4,1,1.0,Clear or Partly Cloudy
142808,166158,166178,3641264,Matched,Intersection,29536.0,7TH AVE AND LENORA ST,,,2,Injury Collision,Cycles,2,0,1,1,1,0,0,2014-03-28T00:00:00.000Z,3/28/2014 7:30:00 AM,At Intersection (intersection related),51,PEDALCYCLIST STRUCK MOTOR VEHICLE FRONT END AT ANGLE,Y,N,Raining,Wet,Daylight,,,,45.0,Vehicle - Pedalcyclist,13747,0,N,POINT (1269142.545712397 228265.8832937926),6026.0,0.0,Raining,2014-03-28,07:30:00,7.0,4,1,1.0,Raining
142811,165991,166011,3567639,Matched,Block,,EASTLAKE AVE E BETWEEN E ROANOKE ST AND E EDGAR ST,,,2,Injury Collision,Cycles,2,0,1,1,1,0,0,2014-04-16T00:00:00.000Z,4/16/2014 3:38:00 PM,Driveway Junction,51,PEDALCYCLIST STRUCK MOTOR VEHICLE FRONT END AT ANGLE,Y,N,Raining,Wet,Daylight,,,,45.0,Vehicle - Pedalcyclist,0,0,N,POINT (1272514.014387846 238421.0841362029),18944.0,1.9745095301494484e-05,Raining,2014-04-16,15:38:00,15.0,2,1,1.0,Raining
142843,163940,163964,3583611,Matched,Intersection,589794.0,MERCER NR ST AND WESTLAKE AVE N,,,2,Injury Collision,Cycles,2,0,1,1,1,0,0,2014-03-05T00:00:00.000Z,3/5/2014 6:30:00 PM,At Intersection (intersection related),18,"MOTOR VEHICLE STRUCK PEDALCYCLIST, FRONT END AT ANGLE",,N,Raining,Wet,Dark - Street Lights On,,,,45.0,Vehicle - Pedalcyclist,0,523902,N,POINT (1269284.461104542 231499.3130571097),2250.0,0.0,Raining,2014-03-05,18:30:00,18.0,2,1,1.0,Raining
142926,166160,166180,3641279,Matched,Intersection,30542.0,6TH AVE S AND S DEARBORN ST,,,1,Property Damage Only Collision,Cycles,3,0,1,1,0,0,0,2014-04-03T00:00:00.000Z,4/3/2014 8:12:00 AM,At Intersection (intersection related),18,"MOTOR VEHICLE STRUCK PEDALCYCLIST, FRONT END AT ANGLE",,N,Clear or Partly Cloudy,Dry,Daylight,,,,45.0,Vehicle - Pedalcyclist,5806,0,N,POINT (1272053.794867381 220916.7845342755),4454.0,0.0,Clear or Partly Cloudy,2014-04-03,08:12:00,8.0,3,1,1.0,Clear or Partly Cloudy
142949,166940,166960,3570329,Matched,Intersection,29599.0,1ST AVE AND UNION ST,NEI,"Not Enough Information, or Insufficient Location Information",1,Property Damage Only Collision,Cycles,2,0,1,1,0,0,0,2014-04-26T00:00:00.000Z,4/26/2014 10:00:00 PM,At Intersection (intersection related),0,NOT ENOUGH INFORMATION / NOT APPLICABLE,,N,Raining,Wet,Dark - Street Lights On,,,,45.0,Vehicle - Pedalcyclist,0,0,N,POINT (1268998.645552248 225351.0061068088),3796.0,0.0,Raining,2014-04-26,22:00:00,22.0,5,0,0.0,Raining
142954,163580,163600,3599453,Matched,Intersection,29863.0,MELROSE AVE AND PINE ST,,,2,Injury Collision,Cycles,2,0,1,1,1,0,0,2013-03-19T00:00:00.000Z,3/19/2013 2:42:00 PM,At Intersection (intersection related),18,"MOTOR VEHICLE STRUCK PEDALCYCLIST, FRONT END AT ANGLE",,N,Raining,Wet,Daylight,Y,,,45.0,Vehicle - Pedalcyclist,10336,0,N,POINT (1271813.802035138 227999.6394535303),897.0,0.0,Raining,2013-03-19,14:42:00,14.0,1,1,0.0,Raining
142958,166939,166959,3585942,Matched,Block,,M L KING JR WAY E BETWEEN E ARTHUR PL AND E MADISON ST,,,2,Injury Collision,Cycles,2,0,1,1,1,0,0,2014-04-13T00:00:00.000Z,4/13/2014 11:45:00 AM,Mid-Block (not related to intersection),18,"MOTOR VEHICLE STRUCK PEDALCYCLIST, FRONT END AT ANGLE",Y,N,Clear or Partly Cloudy,Dry,Daylight,,,,45.0,Vehicle - Pedalcyclist,35368,0,N,POINT (1279657.068411171 230704.3764162958),12612.0,1.7430097834894927e-05,Clear or Partly Cloudy,2014-04-13,11:45:00,11.0,6,0,0.0,Clear or Partly Cloudy
143000,163961,163981,3579311,Matched,Intersection,31368.0,6TH AVE S AND S LANDER ST,,,2,Injury Collision,Cycles,2,0,1,1,1,0,0,2014-03-11T00:00:00.000Z,3/11/2014 8:25:00 PM,At Intersection (intersection related),51,PEDALCYCLIST STRUCK MOTOR VEHICLE FRONT END AT ANGLE,,N,Clear or Partly Cloudy,Dry,Dark - Street Lights On,,,,45.0,Vehicle - Pedalcyclist,19547,0,N,POINT (1272038.371123359 215069.5484322906),3213.0,0.0,Clear or Partly Cloudy,2014-03-11,20:25:00,20.0,1,1,0.0,Clear or Partly Cloudy
146003,170939,170959,3703312,Matched,Block,,5TH AVE NE BETWEEN NE 100TH ST AND NE 102ND ST,,,2,Injury Collision,Cycles,2,0,1,1,1,0,0,2014-06-30T00:00:00.000Z,6/30/2014 7:13:00 PM,Mid-Block (not related to intersection),18,"MOTOR VEHICLE STRUCK PEDALCYCLIST, FRONT END AT ANGLE",,N,Clear or Partly Cloudy,Dry,Daylight,,,,45.0,Vehicle - Pedalcyclist,7275,0,N,POINT (1273601.436468959 259537.3295978159),9690.0,2.559677434540253e-05,Clear or Partly Cloudy,2014-06-30,19:13:00,19.0,0,1,1.0,Clear or Partly Cloudy
146004,167273,167293,3585614,Matched,Intersection,30758.0,20TH PL S AND S JACKSON ST,,,2b,Serious Injury Collision,Cycles,4,0,1,1,1,1,0,2014-05-01T00:00:00.000Z,5/1/2014 5:28:00 PM,At Intersection (intersection related),51,PEDALCYCLIST STRUCK MOTOR VEHICLE FRONT END AT ANGLE,,N,Clear or Partly Cloudy,Dry,Daylight,Y,,,45.0,Vehicle - Pedalcyclist,11066,0,N,POINT (1277449.501496911 222063.3358314484),13009.0,0.0,Clear or Partly Cloudy,2014-05-01,17:28:00,17.0,3,1,1.0,Clear or Partly Cloudy
146010,168297,168317,3580839,Matched,Block,,4TH AVE S BETWEEN S STACY ST AND S LANDER ST,,,1,Property Damage Only Collision,Cycles,2,0,1,1,0,0,0,2014-05-16T00:00:00.000Z,5/16/2014 1:57:00 PM,Driveway Junction,18,"MOTOR VEHICLE STRUCK PEDALCYCLIST, FRONT END AT ANGLE",Y,N,Clear or Partly Cloudy,Dry,Daylight,,,,45.0,Vehicle - Pedalcyclist,18729,0,N,POINT (1271285.907890588 215464.8206246942),19622.0,2.6242355050799803e-05,Clear or Partly Cloudy,2014-05-16,13:57:00,13.0,4,1,0.0,Clear or Partly Cloudy
146047,169307,169327,3703406,Matched,Intersection,25409.0,8TH AVE NW AND NW 57TH ST,,,2,Injury Collision,Cycles,2,0,1,1,1,0,0,2014-06-05T00:00:00.000Z,6/5/2014 8:20:00 AM,At Intersection (intersection related),18,"MOTOR VEHICLE STRUCK PEDALCYCLIST, FRONT END AT ANGLE",,N,Clear or Partly Cloudy,Dry,Daylight,Y,,,45.0,Vehicle - Pedalcyclist,2433,0,N,POINT (1262775.431721881 248214.9021942317),10265.0,0.0,Clear or Partly Cloudy,2014-06-05,08:20:00,8.0,3,1,1.0,Clear or Partly Cloudy
146057,169302,169322,3702766,Matched,Intersection,24438.0,5TH AVE NE AND NE 73RD ST,,,2,Injury Collision,Cycles,2,0,1,1,1,0,0,2014-06-04T00:00:00.000Z,6/4/2014 6:22:00 PM,At Intersection (intersection related),18,"MOTOR VEHICLE STRUCK PEDALCYCLIST, FRONT END AT ANGLE",,N,Clear or Partly Cloudy,Dry,Daylight,,,,45.0,Vehicle - Pedalcyclist,7457,0,N,POINT (1273520.670260876 252186.5089823008),7330.0,0.0,Clear or Partly Cloudy,2014-06-04,18:22:00,18.0,2,1,1.0,Clear or Partly Cloudy
146086,170362,170382,3583788,Matched,Intersection,29533.0,4TH AVE AND BELL ST,,,2,Injury Collision,Cycles,2,0,1,1,1,0,0,2014-06-12T00:00:00.000Z,6/12/2014 1:16:00 PM,At Intersection (intersection related),18,"MOTOR VEHICLE STRUCK PEDALCYCLIST, FRONT END AT ANGLE",,N,Clear or Partly Cloudy,Dry,Daylight,,,,45.0,Vehicle - Pedalcyclist,14229,0,N,POINT (1267861.633071095 228124.4253736585),398.0,0.0,Clear or Partly Cloudy,2014-06-12,13:16:00,13.0,3,1,0.0,Clear or Partly Cloudy
146090,170580,170600,3587657,Matched,Block,,15TH AVE NW BETWEEN NW 73RD ST AND NW 75TH ST,,,2,Injury Collision,Cycles,3,0,1,1,1,0,0,2014-06-25T00:00:00.000Z,6/25/2014 5:01:00 PM,Driveway Junction,18,"MOTOR VEHICLE STRUCK PEDALCYCLIST, FRONT END AT ANGLE",Y,N,Clear or Partly Cloudy,Dry,Daylight,,,,45.0,Vehicle - Pedalcyclist,18388,0,N,POINT (1260252.52784729 252697.4621348232),12287.0,2.3005544351259053e-05,Clear or Partly Cloudy,2014-06-25,17:01:00,17.0,2,1,1.0,Clear or Partly Cloudy
146096,170181,170201,3549703,Matched,Block,,ALASKAN WAY S BETWEEN YESLER WAY AND PIER 48 ACCESS RD,,,2,Injury Collision,Cycles,2,0,1,1,1,0,0,2014-06-17T00:00:00.000Z,6/17/2014 5:23:00 AM,Mid-Block (not related to intersection),51,PEDALCYCLIST STRUCK MOTOR VEHICLE FRONT END AT ANGLE,,N,Overcast,Wet,Dawn,,,,45.0,Vehicle - Pedalcyclist,0,0,N,POINT (1269687.074800953 222915.3693043143),3317.0,1.6693437495174694e-06,Overcast,2014-06-17,05:23:00,5.0,1,1,0.0,Clear or Partly Cloudy
146107,167663,167683,3641160,Matched,Intersection,29872.0,BOREN AVE AND PINE ST,,,2,Injury Collision,Cycles,2,0,1,1,1,0,0,2014-05-08T00:00:00.000Z,5/8/2014 4:02:00 PM,At Intersection (intersection related),51,PEDALCYCLIST STRUCK MOTOR VEHICLE FRONT END AT ANGLE,,N,Raining,Wet,Daylight,Y,,,45.0,Vehicle - Pedalcyclist,10320,0,N,POINT (1271335.12145865 227723.9425572455),896.0,0.0,Raining,2014-05-08,16:02:00,16.0,3,1,1.0,Raining
146116,167662,167682,3641146,Matched,Intersection,29894.0,6TH AVE AND PIKE ST,,,2,Injury Collision,Cycles,2,0,1,1,1,0,0,2014-04-29T00:00:00.000Z,4/29/2014 5:40:00 PM,At Intersection (intersection related),18,"MOTOR VEHICLE STRUCK PEDALCYCLIST, FRONT END AT ANGLE",Y,N,Clear or Partly Cloudy,Dry,Daylight,,,,45.0,Vehicle - Pedalcyclist,0,523698,N,POINT (1270166.981681451 226537.3270040303),16633.0,0.0,Clear or Partly Cloudy,2014-04-29,17:40:00,17.0,1,1,1.0,Clear or Partly Cloudy
146148,168335,168355,3701733,Matched,Intersection,29860.0,SUMMIT AVE AND E PINE ST,,,2b,Serious Injury Collision,Cycles,2,0,1,1,1,1,0,2014-05-27T00:00:00.000Z,5/27/2014 9:58:00 AM,At Intersection (intersection related),18,"MOTOR VEHICLE STRUCK PEDALCYCLIST, FRONT END AT ANGLE",,N,Clear or Partly Cloudy,Dry,Daylight,Y,,,45.0,Vehicle - Pedalcyclist,10354,0,N,POINT (1272399.309875742 227981.0989095122),1148.0,0.0,Clear or Partly Cloudy,2014-05-27,09:58:00,9.0,1,1,1.0,Clear or Partly Cloudy
146158,168952,168972,3581161,Matched,Block,,18TH AVE S BETWEEN S ORCAS ST AND S JUNEAU ST,,,2,Injury Collision,Cycles,2,0,1,1,1,0,0,2014-05-30T00:00:00.000Z,5/30/2014 5:45:00 PM,Driveway Junction,18,"MOTOR VEHICLE STRUCK PEDALCYCLIST, FRONT END AT ANGLE",Y,N,Clear or Partly Cloudy,Dry,Daylight,,,,45.0,Vehicle - Pedalcyclist,0,0,N,POINT (1275802.241527215 204334.9744692892),10124.0,6.3820368618631484e-06,Clear or Partly Cloudy,2014-05-30,17:45:00,17.0,4,1,1.0,Clear or Partly Cloudy
146169,168112,168132,3702929,Matched,Intersection,25015.0,34TH AVE NW AND NW 64TH ST,,,2,Injury Collision,Cycles,2,0,1,1,1,0,0,2014-05-05T00:00:00.000Z,5/5/2014 8:31:00 AM,At Intersection (intersection related),18,"MOTOR VEHICLE STRUCK PEDALCYCLIST, FRONT END AT ANGLE",,N,Clear or Partly Cloudy,Dry,Daylight,,,,45.0,Vehicle - Pedalcyclist,26258,0,N,POINT (1254214.362913117 250098.3023881614),1595.0,0.0,Clear or Partly Cloudy,2014-05-05,08:31:00,8.0,0,1,1.0,Clear or Partly Cloudy
146185,169622,169642,3705481,Matched,Block,,YALE AVE N BETWEEN THOMAS ST AND HARRISON ST,,,2,Injury Collision,Cycles,3,0,1,1,1,0,0,2014-06-06T00:00:00.000Z,6/6/2014 11:26:00 AM,Driveway Junction,51,PEDALCYCLIST STRUCK MOTOR VEHICLE FRONT END AT ANGLE,Y,N,Clear or Partly Cloudy,Dry,Daylight,,,,45.0,Vehicle - Pedalcyclist,0,0,N,POINT (1271235.453362539 230256.8861758411),3847.0,2.224483116991983e-06,Clear or Partly Cloudy,2014-06-06,11:26:00,11.0,4,1,0.0,Clear or Partly Cloudy