OBJECTID,INCKEY,COLDETKEY,REPORTNO,STATUS,ADDRTYPE,INTKEY,LOCATION,EXCEPTRSNC,EXCEPTRSND,SEVERITYCO,SEVERITYDE,COLLISIONT,PERSONCOUN,PEDCOUNT,PEDCYLCOUN,VEHCOUNT,INJURIES,SERIOUSINJ,FATALITIES,INCDATE,INCDTTM,JUNCTIONTY,SDOT_COLCO,SDOT_COLDE,INATTENTIO,UNDERINFL,WEATHER,ROADCOND,LIGHTCOND,PEDROWNOTG,SDOTCOLNUM,SPEEDING,ST_COLCODE,ST_COLDESC,SEGLANEKEY,CROSSWALKK,HITPARKEDC,geometry,near_str_index,min_length,weather_group,date,time,hour,dayofweek,weekday,rushhour,weather_group2
148226,174868,174888,3588763,Matched,Block,,6TH AVE BETWEEN OLIVE WAY AND STEWART ST,,,2,Injury Collision,Cycles,2,0,1,1,1,0,0,2014-09-02T00:00:00.000Z,9/2/2014 11:50:00 AM,Mid-Block (not related to intersection),18,"MOTOR VEHICLE STRUCK PEDALCYCLIST, FRONT END AT ANGLE",,N,Clear or Partly Cloudy,Dry,Daylight,Y,,,45.0,Vehicle - Pedalcyclist,25430,0,N,POINT (1269644.176560909 227362.5130528808),8688.0,1.7067578941517776e-10,Clear or Partly Cloudy,2014-09-02,11:50:00,11.0,1,1,0.0,Clear or Partly Cloudy
148246,174685,174705,3562221,Matched,Intersection,36585.0,CORLISS AVE N AND N NORTHGATE WAY,,,2,Injury Collision,Cycles,2,0,1,1,1,0,0,2014-09-01T00:00:00.000Z,9/1/2014 10:41:00 PM,At Intersection (intersection related),18,"MOTOR VEHICLE STRUCK PEDALCYCLIST, FRONT END AT ANGLE",Y,N,Clear or Partly Cloudy,Dry,Dark - Street Lights On,,,,45.0,Vehicle - Pedalcyclist,0,525659,N,POINT (1271636.107314959 262081.3979524225),14407.0,0.0,Clear or Partly Cloudy,2014-09-01,22:41:00,22.0,0,1,0.0,Clear or Partly Cloudy
148247,174684,174704,3553107,Matched,Intersection,24581.0,EAST GREEN LAKE DR N AND NE RAVENNA EB BV,,,2,Injury Collision,Cycles,2,0,1,1,1,0,0,2014-09-04T00:00:00.000Z,9/4/2014 11:49:00 AM,At Intersection (intersection related),18,"MOTOR VEHICLE STRUCK PEDALCYCLIST, FRONT END AT ANGLE",,N,Clear or Partly Cloudy,Dry,Daylight,,,,45.0,Vehicle - Pedalcyclist,0,631431,N,POINT (1272810.842420161 251540.7730456293),3880.0,0.0,Clear or Partly Cloudy,2014-09-04,11:49:00,11.0,3,1,0.0,Clear or Partly Cloudy
148258,171779,171799,3706729,Matched,Intersection,27111.0,EASTLAKE AVE NE AND ROOSEVELT WAY NE,,,2,Injury Collision,Cycles,2,0,1,1,1,0,0,2014-07-10T00:00:00.000Z,7/10/2014 3:19:00 PM,At Intersection (intersection related),18,"MOTOR VEHICLE STRUCK PEDALCYCLIST, FRONT END AT ANGLE",,N,Clear or Partly Cloudy,Dry,Daylight,Y,,,45.0,Vehicle - Pedalcyclist,11675,0,N,POINT (1274582.027061969 242823.7533887029),706.0,0.0,Clear or Partly Cloudy,2014-07-10,15:19:00,15.0,3,1,1.0,Clear or Partly Cloudy
148272,171449,171469,3706577,Matched,Block,,26TH AVE BETWEEN E FIR ST AND E ALDER ST,,,2,Injury Collision,Cycles,2,0,1,1,1,0,0,2014-07-05T00:00:00.000Z,7/5/2014 7:00:00 PM,Mid-Block (not related to intersection),54,PEDALCYCLIST STRUCK MOTOR VEHICLE REAR END,Y,N,Overcast,Dry,Daylight,,,,45.0,Vehicle - Pedalcyclist,0,0,N,POINT (1278882.518522367 223572.750680998),2640.0,7.470464271627322e-06,Overcast,2014-07-05,19:00:00,19.0,5,0,1.0,Clear or Partly Cloudy
148276,171776,171796,3706730,Matched,Intersection,35902.0,ROOSEVELT WAY NE AND NE 125TH N ST,,,2,Injury Collision,Cycles,2,0,1,1,1,0,0,2014-07-12T00:00:00.000Z,7/12/2014 7:20:00 PM,At Intersection (intersection related),51,PEDALCYCLIST STRUCK MOTOR VEHICLE FRONT END AT ANGLE,,N,Clear or Partly Cloudy,Dry,Daylight,,,,45.0,Vehicle - Pedalcyclist,0,520783,N,POINT (1274958.863414362 266066.3469485044),4986.0,0.0,Clear or Partly Cloudy,2014-07-12,19:20:00,19.0,5,0,1.0,Clear or Partly Cloudy
148289,172855,172875,3702023,Matched,Intersection,30428.0,BOREN AVE S AND RAINIER AVE S,,,2b,Serious Injury Collision,Cycles,2,0,1,1,1,1,0,2014-07-25T00:00:00.000Z,7/25/2014 7:49:00 PM,At Intersection (intersection related),18,"MOTOR VEHICLE STRUCK PEDALCYCLIST, FRONT END AT ANGLE",,N,Clear or Partly Cloudy,Dry,Daylight,,,,45.0,Vehicle - Pedalcyclist,25279,0,N,POINT (1275096.091702491 222088.5095914751),1804.0,0.0,Clear or Partly Cloudy,2014-07-25,19:49:00,19.0,4,1,1.0,Clear or Partly Cloudy
148335,174126,174146,3706316,Matched,Intersection,26710.0,9TH AVE NW AND NW 45TH ST,,,2,Injury Collision,Cycles,2,0,1,1,1,0,0,2014-08-07T00:00:00.000Z,8/7/2014 6:14:00 PM,At Intersection (intersection related),18,"MOTOR VEHICLE STRUCK PEDALCYCLIST, FRONT END AT ANGLE",,N,Clear or Partly Cloudy,Dry,Daylight,,,,45.0,Vehicle - Pedalcyclist,0,630875,N,POINT (1262110.833705202 245056.5021909922),1566.0,0.0,Clear or Partly Cloudy,2014-08-07,18:14:00,18.0,3,1,1.0,Clear or Partly Cloudy
148375,174383,174403,3699478,Matched,Intersection,33108.0,AIRPORT WAY S AND CORSON AVE S,,,2,Injury Collision,Cycles,3,0,1,1,1,0,0,2014-08-25T00:00:00.000Z,8/25/2014 3:30:00 PM,At Intersection (intersection related),18,"MOTOR VEHICLE STRUCK PEDALCYCLIST, FRONT END AT ANGLE",,N,Clear or Partly Cloudy,Dry,Daylight,,,,45.0,Vehicle - Pedalcyclist,0,522394,N,POINT (1273378.571828738 204927.7095738947),10299.0,0.0,Clear or Partly Cloudy,2014-08-25,15:30:00,15.0,0,1,1.0,Clear or Partly Cloudy
148376,174382,174402,3699431,Matched,Intersection,33108.0,AIRPORT WAY S AND CORSON AVE S,,,2,Injury Collision,Cycles,3,0,1,1,1,0,0,2014-08-25T00:00:00.000Z,8/25/2014 3:46:00 PM,At Intersection (intersection related),24,MOTOR VEHCILE STRUCK PEDESTRIAN,,N,Clear or Partly Cloudy,Dry,Daylight,,,,45.0,Vehicle - Pedalcyclist,0,522394,N,POINT (1273378.571828738 204927.7095738947),10299.0,0.0,Clear or Partly Cloudy,2014-08-25,15:46:00,15.0,0,1,1.0,Clear or Partly Cloudy
148380,175042,175062,3705290,Matched,Intersection,30732.0,22ND AVE AND E YESLER WAY,,,2,Injury Collision,Cycles,3,0,1,1,1,0,0,2014-09-10T00:00:00.000Z,9/10/2014 5:23:00 PM,At Intersection (intersection related),51,PEDALCYCLIST STRUCK MOTOR VEHICLE FRONT END AT ANGLE,,N,Clear or Partly Cloudy,Dry,Daylight,,,,45.0,Vehicle - Pedalcyclist,10042,0,N,POINT (1277678.22623314 222936.1837043464),10456.0,0.0,Clear or Partly Cloudy,2014-09-10,17:23:00,17.0,2,1,1.0,Clear or Partly Cloudy
148398,171797,171817,3706728,Matched,Block,,15TH AVE NE BETWEEN NE 65TH ST AND NE 66TH ST,,,1,Property Damage Only Collision,Cycles,2,0,1,1,0,0,0,2014-07-11T00:00:00.000Z,7/11/2014 6:41:00 PM,Mid-Block (but intersection related),21,"MOTOR VEHICLE STRUCK PEDALCYCLIST, REAR END",,N,Clear or Partly Cloudy,Dry,Daylight,,,,45.0,Vehicle - Pedalcyclist,29280,0,N,POINT (1276177.968695611 250136.1944841892),5097.0,7.450471466986167e-09,Clear or Partly Cloudy,2014-07-11,18:41:00,18.0,4,1,1.0,Clear or Partly Cloudy
148410,171254,171274,3701858,Matched,Block,,25TH AVE E BETWEEN E PROSPECT ST AND E HIGHLAND DR,,,2,Injury Collision,Cycles,3,0,1,1,1,0,0,2014-06-03T00:00:00.000Z,6/3/2014 3:02:00 PM,Mid-Block (not related to intersection),56,PEDALCYCLIST STRUCK MOTOR VEHICLE LEFT SIDE SIDESWIPE,,N,Clear or Partly Cloudy,Dry,Daylight,,,,45.0,Vehicle - Pedalcyclist,0,0,N,POINT (1278713.517818198 233165.0434268117),16412.0,1.2219095570765304e-05,Clear or Partly Cloudy,2014-06-03,15:02:00,15.0,1,1,1.0,Clear or Partly Cloudy
148415,172038,172058,3644934,Matched,Block,,ALKI AVE SW BETWEEN 58TH AVE SW AND MARINE AVE SW,,,2,Injury Collision,Cycles,2,0,1,1,1,0,0,2014-07-14T00:00:00.000Z,7/14/2014 4:22:00 PM,Mid-Block (not related to intersection),56,PEDALCYCLIST STRUCK MOTOR VEHICLE LEFT SIDE SIDESWIPE,,N,Clear or Partly Cloudy,Dry,Daylight,,,,45.0,Vehicle - Pedalcyclist,3626,0,N,POINT (1252150.739614993 215780.2150570154),3323.0,1.917181015689658e-05,Clear or Partly Cloudy,2014-07-14,16:22:00,16.0,0,1,1.0,Clear or Partly Cloudy
148417,171805,171825,3705515,Matched,Block,,ALASKAN WAY BETWEEN WALL ST AND VINE ST,,,2,Injury Collision,Cycles,2,0,1,1,1,0,0,2014-07-13T00:00:00.000Z,7/13/2014 4:20:00 PM,Mid-Block (not related to intersection),56,PEDALCYCLIST STRUCK MOTOR VEHICLE LEFT SIDE SIDESWIPE,Y,N,Overcast,Dry,Daylight,,,,45.0,Vehicle - Pedalcyclist,20821,0,N,POINT (1265935.233197108 227325.1042848378),11888.0,1.0844115121314477e-09,Overcast,2014-07-13,16:20:00,16.0,6,0,1.0,Clear or Partly Cloudy
148452,175943,175963,3695998,Matched,Block,,BROOKLYN AVE NE BETWEEN NE BOAT ST AND NE PACIFIC ST,,,1,Property Damage Only Collision,Cycles,2,0,1,1,0,0,0,2014-09-25T00:00:00.000Z,9/25/2014 9:00:00 AM,Driveway Junction,18,"MOTOR VEHICLE STRUCK PEDALCYCLIST, FRONT END AT ANGLE",,N,Raining,Wet,Daylight,,,,45.0,Vehicle - Pedalcyclist,10739,0,N,POINT (1275379.22949478 241599.3623474538),17883.0,7.445521829380298e-09,Raining,2014-09-25,09:00:00,9.0,3,1,1.0,Raining
148479,176929,176949,3591789,Matched,Intersection,24242.0,WINONA AVE N AND WEST GREEN LAKE DR N,,,2b,Serious Injury Collision,Cycles,2,0,1,1,1,1,0,2014-10-02T00:00:00.000Z,10/2/2014 7:11:00 PM,At Intersection (intersection related),18,"MOTOR VEHICLE STRUCK PEDALCYCLIST, FRONT END AT ANGLE",,N,Clear or Partly Cloudy,Dry,Dark - Street Lights On,,,,45.0,Vehicle - Pedalcyclist,27881,0,N,POINT (1269554.434096828 253543.2831276804),8158.0,0.0,Clear or Partly Cloudy,2014-10-02,19:11:00,19.0,3,1,1.0,Clear or Partly Cloudy
148508,177817,177837,3575329,Matched,Intersection,24351.0,PHINNEY AVE N AND N 67TH S ST,,,2,Injury Collision,Cycles,3,0,1,1,1,0,0,2014-10-22T00:00:00.000Z,10/22/2014 5:16:00 PM,At Intersection (intersection related),18,"MOTOR VEHICLE STRUCK PEDALCYCLIST, FRONT END AT ANGLE",,N,Raining,Wet,Dusk,Y,,,45.0,Vehicle - Pedalcyclist,4288,0,N,POINT (1265661.63306883 250896.8344849795),3701.0,0.0,Raining,2014-10-22,17:16:00,17.0,2,1,1.0,Raining
148539,175781,175801,3642766,Matched,Intersection,27153.0,EASTLAKE AVE E AND FUHRMAN AVE E,,,1,Property Damage Only Collision,Cycles,2,0,1,1,0,0,0,2014-09-22T00:00:00.000Z,9/22/2014 8:31:00 AM,At Intersection (intersection related),51,PEDALCYCLIST STRUCK MOTOR VEHICLE FRONT END AT ANGLE,,N,Raining,Wet,Daylight,,,,45.0,Vehicle - Pedalcyclist,6078,0,N,POINT (1273704.647989064 241221.0042030662),995.0,0.0,Raining,2014-09-22,08:31:00,8.0,0,1,1.0,Raining
148554,176930,176950,3591792,Matched,Intersection,24431.0,ROOSEVELT WAY NE AND NE 75TH ST,,,2,Injury Collision,Cycles,2,0,1,1,1,0,0,2014-10-06T00:00:00.000Z,10/6/2014 9:47:00 AM,At Intersection (intersection related),18,"MOTOR VEHICLE STRUCK PEDALCYCLIST, FRONT END AT ANGLE",Y,N,Clear or Partly Cloudy,Dry,Daylight,,,,45.0,Vehicle - Pedalcyclist,0,522365,N,POINT (1274859.364150256 252702.9766948223),4226.0,0.0,Clear or Partly Cloudy,2014-10-06,09:47:00,9.0,0,1,1.0,Clear or Partly Cloudy
148584,176511,176531,3642888,Matched,Intersection,29861.0,CRAWFORD PL AND E PINE ST,,,1,Property Damage Only Collision,Cycles,2,0,1,1,0,0,0,2014-10-02T00:00:00.000Z,10/2/2014 12:11:00 PM,At Intersection (intersection related),51,PEDALCYCLIST STRUCK MOTOR VEHICLE FRONT END AT ANGLE,Y,N,Clear or Partly Cloudy,Dry,Daylight,,,,45.0,Vehicle - Pedalcyclist,10348,0,N,POINT (1272237.122099563 227982.7903015018),1148.0,0.0,Clear or Partly Cloudy,2014-10-02,12:11:00,12.0,3,1,0.0,Clear or Partly Cloudy
148620,176933,176953,3642708,Matched,Intersection,30304.0,33RD AVE AND E COLUMBIA ST,,,1,Property Damage Only Collision,Cycles,2,0,1,1,0,0,0,2014-10-04T00:00:00.000Z,10/4/2014 12:30:00 PM,At Intersection (intersection related),51,PEDALCYCLIST STRUCK MOTOR VEHICLE FRONT END AT ANGLE,,N,Clear or Partly Cloudy,Dry,Daylight,,,,45.0,Vehicle - Pedalcyclist,0,0,N,POINT (1281008.092988551 225644.292763114),3868.0,0.0,Clear or Partly Cloudy,2014-10-04,12:30:00,12.0,5,0,0.0,Clear or Partly Cloudy
148625,177823,177843,3591817,Matched,Intersection,25791.0,12TH AVE NE AND NE 50TH ST,,,2,Injury Collision,Cycles,2,0,1,1,1,0,0,2014-09-14T00:00:00.000Z,9/14/2014 1:15:00 PM,At Intersection (intersection related),18,"MOTOR VEHICLE STRUCK PEDALCYCLIST, FRONT END AT ANGLE",,N,Clear or Partly Cloudy,Dry,Daylight,,,,45.0,Vehicle - Pedalcyclist,21425,0,N,POINT (1275285.888054684 246057.0305760205),2326.0,0.0,Clear or Partly Cloudy,2014-09-14,13:15:00,13.0,6,0,0.0,Clear or Partly Cloudy
148633,178620,178660,3519947,Matched,Block,,NE PACIFIC ST BETWEEN BROOKLYN AVE NE AND UNIVERSITY WAY NE,,,2,Injury Collision,Cycles,1,0,1,0,1,0,0,2014-09-29T00:00:00.000Z,9/29/2014 4:07:00 PM,Mid-Block (not related to intersection),69,PEDALCYCLIST OVERTURNED IN ROAD,,Y,Clear or Partly Cloudy,Dry,Daylight,,,,45.0,Vehicle - Pedalcyclist,0,0,N,POINT (1275538.274230942 241908.5121077746),20936.0,9.619325696156352e-06,Clear or Partly Cloudy,2014-09-29,16:07:00,16.0,0,1,1.0,Clear or Partly Cloudy
148685,175340,175360,3576638,Matched,Block,,3RD AVE NW BETWEEN NW 62ND ST AND NW 65TH ST,,,2,Injury Collision,Cycles,4,0,1,1,1,0,0,2014-09-05T00:00:00.000Z,9/5/2014 5:30:00 PM,Mid-Block (not related to intersection),18,"MOTOR VEHICLE STRUCK PEDALCYCLIST, FRONT END AT ANGLE",,N,Clear or Partly Cloudy,Dry,Daylight,,,,45.0,Vehicle - Pedalcyclist,33534,0,N,POINT (1264141.480555281 249992.818868041),5464.0,7.059328524055594e-06,Clear or Partly Cloudy,2014-09-05,17:30:00,17.0,4,1,1.0,Clear or Partly Cloudy
148710,176753,176773,3584148,Matched,Block,,2ND AVE BETWEEN UNION ST AND PIKE ST,,,2,Injury Collision,Cycles,2,0,1,1,1,0,0,2014-10-06T00:00:00.000Z,10/6/2014 7:30:00 AM,Driveway Junction,18,"MOTOR VEHICLE STRUCK PEDALCYCLIST, FRONT END AT ANGLE",,N,Clear or Partly Cloudy,Dry,Daylight,,,,45.0,Vehicle - Pedalcyclist,42160,0,N,POINT (1269167.241392419 225698.1291791648),135.0,1.0206619767903732e-08,Clear or Partly Cloudy,2014-10-06,07:30:00,7.0,0,1,1.0,Clear or Partly Cloudy
148747,177597,177617,3503337,Matched,Intersection,27093.0,ROOSEVELT WAY NE AND NE 42ND S ST,,,2,Injury Collision,Cycles,2,0,1,1,1,0,0,2014-10-15T00:00:00.000Z,10/15/2014 10:37:00 AM,At Intersection (intersection related),51,PEDALCYCLIST STRUCK MOTOR VEHICLE FRONT END AT ANGLE,Y,N,Clear or Partly Cloudy,Dry,Daylight,Y,,,45.0,Vehicle - Pedalcyclist,8985,0,N,POINT (1274602.278453991 243369.3024452627),15971.0,0.0,Clear or Partly Cloudy,2014-10-15,10:37:00,10.0,2,1,0.0,Clear or Partly Cloudy
148765,178382,178402,3588647,Matched,Block,,EASTLAKE AVE E BETWEEN FAIRVIEW AVE N AND E GARFIELD ST,,,2,Injury Collision,Cycles,2,0,1,1,1,0,0,2014-10-28T00:00:00.000Z,10/28/2014 3:34:00 PM,Driveway Junction,18,"MOTOR VEHICLE STRUCK PEDALCYCLIST, FRONT END AT ANGLE",,N,Overcast,Wet,Daylight,Y,,,45.0,Vehicle - Pedalcyclist,25391,0,N,POINT (1272451.355635792 234487.7995881736),8786.0,1.7365056339255425e-05,Overcast,2014-10-28,15:34:00,15.0,1,1,1.0,Clear or Partly Cloudy
148844,176960,176980,3693751,Matched,Intersection,35575.0,53RD AVE S AND LAKE WASHINGTON BLVD S,,,1,Property Damage Only Collision,Cycles,2,0,1,1,0,0,0,2014-10-04T00:00:00.000Z,10/4/2014 4:50:00 PM,At Intersection (intersection related),21,"MOTOR VEHICLE STRUCK PEDALCYCLIST, REAR END",,N,Clear or Partly Cloudy,Dry,Daylight,,,,45.0,Vehicle - Pedalcyclist,38134,0,N,POINT (1286481.127234161 208148.8728411943),3158.0,0.0,Clear or Partly Cloudy,2014-10-04,16:50:00,16.0,5,0,1.0,Clear or Partly Cloudy
148848,176958,176978,3693637,Matched,Intersection,33303.0,24TH AVE S AND S COLUMBIAN WAY,,,2,Injury Collision,Cycles,2,0,1,1,1,0,0,2014-10-06T00:00:00.000Z,10/6/2014 4:41:00 PM,At Intersection (intersection related),51,PEDALCYCLIST STRUCK MOTOR VEHICLE FRONT END AT ANGLE,,N,Clear or Partly Cloudy,Dry,Daylight,,,,45.0,Vehicle - Pedalcyclist,8636,0,N,POINT (1277541.556793004 207676.25869672),5339.0,0.0,Clear or Partly Cloudy,2014-10-06,16:41:00,16.0,0,1,1.0,Clear or Partly Cloudy
148849,176530,176550,3386346,Matched,Block,,CALIFORNIA AVE SW BETWEEN SW COLLEGE ST AND SW ADMIRAL WAY,,,2,Injury Collision,Cycles,2,0,1,1,1,0,0,2014-09-23T00:00:00.000Z,9/23/2014 10:14:00 PM,Mid-Block (not related to intersection),56,PEDALCYCLIST STRUCK MOTOR VEHICLE LEFT SIDE SIDESWIPE,Y,N,Raining,Wet,Dark - Street Lights On,,,,45.0,Vehicle - Pedalcyclist,32696,0,N,POINT (1257117.220900089 216198.8737454414),11060.0,0.0,Raining,2014-09-23,22:14:00,22.0,1,1,0.0,Raining
148911,178384,178404,3588649,Matched,Block,,S JACKSON ST BETWEEN 4TH AVE S AND 5TH AVE S,,,2b,Serious Injury Collision,Cycles,2,0,1,1,1,1,0,2014-10-29T00:00:00.000Z,10/29/2014 7:25:00 AM,Mid-Block (not related to intersection),18,"MOTOR VEHICLE STRUCK PEDALCYCLIST, FRONT END AT ANGLE",,N,Overcast,Wet,Daylight,,,,45.0,Vehicle - Pedalcyclist,4880,0,N,POINT (1271598.163634911 222150.9747435302),9322.0,1.8193646041666734e-05,Overcast,2014-10-29,07:25:00,7.0,2,1,1.0,Clear or Partly Cloudy
148941,175644,175664,3585591,Matched,Intersection,30423.0,12TH AVE S AND S MAIN ST,,,1,Property Damage Only Collision,Cycles,2,0,1,1,0,0,0,2014-09-22T00:00:00.000Z,9/22/2014 5:17:00 PM,At Intersection (intersection related),51,PEDALCYCLIST STRUCK MOTOR VEHICLE FRONT END AT ANGLE,,N,Clear or Partly Cloudy,Dry,Daylight,,,,45.0,Vehicle - Pedalcyclist,34821,0,N,POINT (1274338.905909717 222396.5940717906),7794.0,0.0,Clear or Partly Cloudy,2014-09-22,17:17:00,17.0,0,1,1.0,Clear or Partly Cloudy
148957,175385,175405,3705363,Matched,Block,,RAINIER AVE S BETWEEN S WALKER ST AND S COLLEGE N ST,,,2,Injury Collision,Cycles,2,0,1,1,1,0,0,2014-07-31T00:00:00.000Z,7/31/2014 11:40:00 AM,Driveway Junction,18,"MOTOR VEHICLE STRUCK PEDALCYCLIST, FRONT END AT ANGLE",,N,Clear or Partly Cloudy,Dry,Daylight,Y,,,45.0,Vehicle - Pedalcyclist,0,0,N,POINT (1277978.977465451 216265.5339695066),17032.0,6.6881426511787084e-09,Clear or Partly Cloudy,2014-07-31,11:40:00,11.0,3,1,0.0,Clear or Partly Cloudy
148984,176984,177004,3586245,Matched,Block,,8TH AVE NW BETWEEN NW 44TH ST AND NW 45TH ST,NEI,"Not Enough Information, or Insufficient Location Information",2,Injury Collision,Cycles,2,0,1,1,1,0,0,2014-10-01T00:00:00.000Z,10/1/2014 8:20:00 AM,Mid-Block (not related to intersection),18,"MOTOR VEHICLE STRUCK PEDALCYCLIST, FRONT END AT ANGLE",Y,N,Clear or Partly Cloudy,Dry,Daylight,,,,45.0,Vehicle - Pedalcyclist,2291,0,N,POINT (1262712.120873809 244921.0541268587),6057.0,0.0,Clear or Partly Cloudy,2014-10-01,08:20:00,8.0,2,1,1.0,Clear or Partly Cloudy
148994,176787,176807,2896188,Matched,Block,,SW CAMBRIDGE ST BETWEEN 17TH AVE SW AND DELRIDGE WAY SW,,,1,Property Damage Only Collision,Cycles,2,0,1,1,0,0,0,2014-10-04T00:00:00.000Z,10/4/2014 10:22:00 AM,Mid-Block (but intersection related),18,"MOTOR VEHICLE STRUCK PEDALCYCLIST, FRONT END AT ANGLE",Y,N,Clear or Partly Cloudy,Dry,Daylight,,,,45.0,Vehicle - Pedalcyclist,0,0,N,POINT (1264032.020523161 193112.7259458005),7956.0,2.005359185164134e-06,Clear or Partly Cloudy,2014-10-04,10:22:00,10.0,5,0,0.0,Clear or Partly Cloudy
147027,174451,174471,3700492,Matched,Intersection,26848.0,STONE WAY N AND N 40TH ST,,,1,Property Damage Only Collision,Cycles,2,0,1,1,0,0,0,2014-08-26T00:00:00.000Z,8/26/2014 5:15:00 PM,At Intersection (intersection related),51,PEDALCYCLIST STRUCK MOTOR VEHICLE FRONT END AT ANGLE,,N,Clear or Partly Cloudy,Dry,Daylight,,,,45.0,Vehicle - Pedalcyclist,6322,0,N,POINT (1268516.536367759 242710.0937405974),4014.0,0.0,Clear or Partly Cloudy,2014-08-26,17:15:00,17.0,1,1,1.0,Clear or Partly Cloudy
147033,173995,174015,3696355,Matched,Intersection,26684.0,6TH AVE W AND W NICKERSON ST,,,2,Injury Collision,Cycles,2,0,1,1,1,0,0,2014-08-14T00:00:00.000Z,8/14/2014 4:00:00 PM,At Intersection (intersection related),51,PEDALCYCLIST STRUCK MOTOR VEHICLE FRONT END AT ANGLE,,N,Clear or Partly Cloudy,Dry,Daylight,,,,45.0,Vehicle - Pedalcyclist,12512,0,N,POINT (1263062.83882618 241451.3875633031),8186.0,0.0,Clear or Partly Cloudy,2014-08-14,16:00:00,16.0,3,1,1.0,Clear or Partly Cloudy
147036,173993,174013,3696004,Matched,Intersection,37733.0,LAKE CITY WAY NE AND NE 95TH ST,,,2,Injury Collision,Cycles,3,0,1,1,1,0,0,2014-08-14T00:00:00.000Z,8/14/2014 7:53:00 PM,At Intersection (intersection related),18,"MOTOR VEHICLE STRUCK PEDALCYCLIST, FRONT END AT ANGLE",,N,Clear or Partly Cloudy,Dry,Daylight,,,,45.0,Vehicle - Pedalcyclist,0,524607,N,POINT (1277921.166905388 257918.8031321615),3608.0,0.0,Clear or Partly Cloudy,2014-08-14,19:53:00,19.0,3,1,1.0,Clear or Partly Cloudy
147080,171876,171896,3587650,Matched,Block,,NE 42ND ST BETWEEN ROOSEVELT N WAY NE AND 11TH AVE NE,,,2,Injury Collision,Cycles,2,0,1,1,1,0,0,2014-07-14T00:00:00.000Z,7/14/2014 2:58:00 PM,Driveway Junction,51,PEDALCYCLIST STRUCK MOTOR VEHICLE FRONT END AT ANGLE,Y,N,Clear or Partly Cloudy,Dry,Daylight,,,,45.0,Vehicle - Pedalcyclist,0,0,N,POINT (1274751.701878145 243675.953389585),12773.0,1.2116788315552732e-05,Clear or Partly Cloudy,2014-07-14,14:58:00,14.0,0,1,0.0,Clear or Partly Cloudy
147090,172478,172498,3646365,Matched,Block,,30TH AVE NE BETWEEN UNION BAY PL NE AND BURKE GILMAN TRL,,,2,Injury Collision,Cycles,3,0,1,1,1,0,0,2014-07-22T00:00:00.000Z,7/22/2014 9:00:00 AM,Mid-Block (not related to intersection),18,"MOTOR VEHICLE STRUCK PEDALCYCLIST, FRONT END AT ANGLE",,N,Overcast,Dry,Daylight,Y,,,45.0,Vehicle - Pedalcyclist,31966,0,N,POINT (1280114.739515632 245663.4466396123),18718.0,6.53928037123279e-06,Overcast,2014-07-22,09:00:00,9.0,1,1,1.0,Clear or Partly Cloudy
147123,174479,174499,3606316,Matched,Intersection,29053.0,10TH AVE E AND E JOHN ST,,,1,Property Damage Only Collision,Cycles,2,0,1,1,0,0,0,2014-08-28T00:00:00.000Z,8/28/2014 9:50:00 AM,At Intersection (intersection related),18,"MOTOR VEHICLE STRUCK PEDALCYCLIST, FRONT END AT ANGLE",,N,Overcast,Dry,Daylight,Y,,,45.0,Vehicle - Pedalcyclist,35215,0,N,POINT (1273909.412661284 229666.025887236),2286.0,0.0,Overcast,2014-08-28,09:50:00,9.0,3,1,1.0,Clear or Partly Cloudy
147158,174481,174501,3695915,Matched,Intersection,27093.0,ROOSEVELT WAY NE AND NE 42ND S ST,,,2,Injury Collision,Cycles,3,0,1,1,1,0,0,2014-08-28T00:00:00.000Z,8/28/2014 7:08:00 AM,At Intersection (intersection related),51,PEDALCYCLIST STRUCK MOTOR VEHICLE FRONT END AT ANGLE,,N,Clear or Partly Cloudy,Dry,Daylight,Y,,,45.0,Vehicle - Pedalcyclist,8985,0,N,POINT (1274602.278453991 243369.3024452627),15971.0,0.0,Clear or Partly Cloudy,2014-08-28,07:08:00,7.0,3,1,1.0,Clear or Partly Cloudy
147165,173514,173534,3582744,Matched,Block,,NE 45TH ST BETWEEN 1ST AVE NE AND 2ND AVE NE,,,1,Property Damage Only Collision,Cycles,2,0,1,1,0,0,0,2014-08-05T00:00:00.000Z,8/5/2014 8:53:00 PM,Driveway Junction,51,PEDALCYCLIST STRUCK MOTOR VEHICLE FRONT END AT ANGLE,,Y,Clear or Partly Cloudy,Dry,Dusk,,,,45.0,Vehicle - Pedalcyclist,6532,0,N,POINT (1272176.522995502 244818.3334227502),18208.0,3.0169654243669977e-05,Clear or Partly Cloudy,2014-08-05,20:53:00,20.0,1,1,0.0,Clear or Partly Cloudy
147182,171648,171668,3706488,Matched,Block,,LINDEN AVE N BETWEEN N 130TH ST AND N 135TH ST,,,2,Injury Collision,Cycles,2,0,1,1,1,0,0,2014-06-30T00:00:00.000Z,6/30/2014 10:45:00 AM,Mid-Block (not related to intersection),18,"MOTOR VEHICLE STRUCK PEDALCYCLIST, FRONT END AT ANGLE",,N,Clear or Partly Cloudy,Dry,Daylight,,,,45.0,Vehicle - Pedalcyclist,40833,0,N,POINT (1267662.791086882 268139.4151106328),20586.0,2.602739777230382e-06,Clear or Partly Cloudy,2014-06-30,10:45:00,10.0,0,1,0.0,Clear or Partly Cloudy