OBJECTID,INCKEY,COLDETKEY,REPORTNO,STATUS,ADDRTYPE,INTKEY,LOCATION,EXCEPTRSNC,EXCEPTRSND,SEVERITYCO,SEVERITYDE,COLLISIONT,PERSONCOUN,PEDCOUNT,PEDCYLCOUN,VEHCOUNT,INJURIES,SERIOUSINJ,FATALITIES,INCDATE,INCDTTM,JUNCTIONTY,SDOT_COLCO,SDOT_COLDE,INATTENTIO,UNDERINFL,WEATHER,ROADCOND,LIGHTCOND,PEDROWNOTG,SDOTCOLNUM,SPEEDING,ST_COLCODE,ST_COLDESC,SEGLANEKEY,CROSSWALKK,HITPARKEDC,geometry,near_str_index,min_length,weather_group,date,time,hour,dayofweek,weekday,rushhour,weather_group2
147217,171904,171924,3696611,Matched,Intersection,26698.0,3RD AVE W AND W CREMONA ST,,,2,Injury Collision,Cycles,2,0,1,1,1,0,0,2014-07-09T00:00:00.000Z,7/9/2014 4:18:00 PM,At Intersection (intersection related),51,PEDALCYCLIST STRUCK MOTOR VEHICLE FRONT END AT ANGLE,,N,Clear or Partly Cloudy,Dry,Daylight,Y,,,45.0,Vehicle - Pedalcyclist,30261,0,N,POINT (1263929.734187067 240670.8356264979),2740.0,0.0,Clear or Partly Cloudy,2014-07-09,16:18:00,16.0,2,1,1.0,Clear or Partly Cloudy
147231,172497,172517,3699216,Matched,Block,,RAINIER AVE S BETWEEN S MCCLELLAN ST AND S FOREST ST,,,2,Injury Collision,Cycles,2,0,1,1,1,0,0,2014-07-21T00:00:00.000Z,7/21/2014 7:35:00 PM,Mid-Block (not related to intersection),11,"MOTOR VEHICLE STRUCK MOTOR VEHICLE, FRONT END AT ANGLE",,N,Clear or Partly Cloudy,Dry,Daylight,,,,45.0,Vehicle - Pedalcyclist,0,0,N,POINT (1278969.213306457 214254.0730394572),13788.0,1.1345139740454233e-05,Clear or Partly Cloudy,2014-07-21,19:35:00,19.0,0,1,1.0,Clear or Partly Cloudy
147297,174803,174823,3702917,Matched,Intersection,36602.0,30TH AVE NE AND NE 125TH ST,,,2,Injury Collision,Cycles,2,0,1,1,1,0,0,2014-09-03T00:00:00.000Z,9/3/2014 3:01:00 PM,At Intersection (intersection related),18,"MOTOR VEHICLE STRUCK PEDALCYCLIST, FRONT END AT ANGLE",,N,Clear or Partly Cloudy,Dry,Daylight,,,,45.0,Vehicle - Pedalcyclist,0,524529,N,POINT (1280325.224251851 265795.6750762314),7191.0,0.0,Clear or Partly Cloudy,2014-09-03,15:01:00,15.0,2,1,1.0,Clear or Partly Cloudy
147363,173559,173579,3642387,Matched,Block,,INTERLAKEN DR E BETWEEN E GALER ST AND E INTERLAKEN BLVD,,,2,Injury Collision,Cycles,2,0,1,1,1,0,0,2014-08-07T00:00:00.000Z,8/7/2014 5:40:00 PM,Mid-Block (not related to intersection),14,"MOTOR VEHICLE STRUCK MOTOR VEHICLE, REAR END",,N,Clear or Partly Cloudy,Dry,Daylight,,,,45.0,Vehicle - Pedalcyclist,0,0,N,POINT (1276903.892600343 235264.4143089652),20883.0,2.6104605516832002e-06,Clear or Partly Cloudy,2014-08-07,17:40:00,17.0,3,1,1.0,Clear or Partly Cloudy
147368,172506,172526,3705129,Matched,Block,,S JACKSON ST BETWEEN 4TH AVE S AND 5TH AVE S,,,2,Injury Collision,Cycles,4,0,1,1,1,0,0,2014-07-21T00:00:00.000Z,7/21/2014 6:12:00 PM,Mid-Block (not related to intersection),56,PEDALCYCLIST STRUCK MOTOR VEHICLE LEFT SIDE SIDESWIPE,,N,Overcast,Dry,Daylight,,,,45.0,Vehicle - Pedalcyclist,4877,0,N,POINT (1271598.163634911 222150.9747435302),9322.0,1.8193646041666734e-05,Overcast,2014-07-21,18:12:00,18.0,0,1,1.0,Clear or Partly Cloudy
147384,172999,173019,3699287,Matched,Intersection,34556.0,33RD AVE S AND S MYRTLE PL,,,2,Injury Collision,Cycles,2,0,1,1,1,0,0,2014-08-01T00:00:00.000Z,8/1/2014 7:02:00 PM,At Intersection (intersection related),18,"MOTOR VEHICLE STRUCK PEDALCYCLIST, FRONT END AT ANGLE",,N,Clear or Partly Cloudy,Dry,Daylight,,,,45.0,Vehicle - Pedalcyclist,24166,0,N,POINT (1280634.144060165 199787.3130246401),12900.0,0.0,Clear or Partly Cloudy,2014-08-01,19:02:00,19.0,4,1,1.0,Clear or Partly Cloudy
147395,172165,172185,3702008,Matched,Block,,24TH AVE E BETWEEN E NEWTON N ST AND E BOSTON ST,,,2,Injury Collision,Cycles,2,0,1,1,1,0,0,2014-07-17T00:00:00.000Z,7/17/2014 5:35:00 PM,Mid-Block (not related to intersection),23,"MOTOR VEHICLE STRUCK PEDALCYCLIST, LEFT SIDE SIDESWIPE",,N,Clear or Partly Cloudy,Dry,Daylight,,,,45.0,Vehicle - Pedalcyclist,22322,0,N,POINT (1278447.661625922 236289.8893820196),5326.0,3.3983123568176893e-05,Clear or Partly Cloudy,2014-07-17,17:35:00,17.0,3,1,1.0,Clear or Partly Cloudy
147421,174537,174557,3588758,Matched,Intersection,29603.0,2ND AVE AND UNIVERSITY ST,,,3,Fatality Collision,Cycles,3,0,1,1,0,0,1,2014-08-29T00:00:00.000Z,8/29/2014 8:46:00 AM,At Intersection (intersection related),18,"MOTOR VEHICLE STRUCK PEDALCYCLIST, FRONT END AT ANGLE",,N,Clear or Partly Cloudy,Dry,Daylight,,,,45.0,Vehicle - Pedalcyclist,12162,0,N,POINT (1269492.709168762 225148.3088906109),2490.0,0.0,Clear or Partly Cloudy,2014-08-29,08:46:00,8.0,4,1,1.0,Clear or Partly Cloudy
147427,174043,174063,3696007,Matched,Intersection,36693.0,20TH AVE NE AND NE 125TH ST,,,2,Injury Collision,Cycles,2,0,1,1,1,0,0,2014-08-19T00:00:00.000Z,8/19/2014 7:28:00 PM,At Intersection (intersection related),51,PEDALCYCLIST STRUCK MOTOR VEHICLE FRONT END AT ANGLE,Y,N,Clear or Partly Cloudy,Dry,Daylight,,,,45.0,Vehicle - Pedalcyclist,7908,0,N,POINT (1277629.018681094 265876.440516308),7189.0,0.0,Clear or Partly Cloudy,2014-08-19,19:28:00,19.0,1,1,1.0,Clear or Partly Cloudy
147476,174967,174987,3582642,Matched,Block,,EAST GREEN LAKE WAY N BETWEEN 4TH AVE NE AND NE RAVENNA SR BV,,,2,Injury Collision,Cycles,2,0,1,1,1,0,0,2014-09-01T00:00:00.000Z,9/1/2014 2:20:00 PM,Mid-Block (not related to intersection),18,"MOTOR VEHICLE STRUCK PEDALCYCLIST, FRONT END AT ANGLE",Y,N,Clear or Partly Cloudy,Dry,,,,,45.0,Vehicle - Pedalcyclist,7410,0,N,POINT (1272602.087475941 251141.8875412196),21355.0,3.1244158474617334e-06,Clear or Partly Cloudy,2014-09-01,14:20:00,14.0,0,1,0.0,Clear or Partly Cloudy
147504,172792,172812,3587647,Matched,Block,,11TH AVE NE BETWEEN NE 41ST ST AND EASTLAKE AVE NE,,,2,Injury Collision,Cycles,2,1,1,0,1,0,0,2014-07-03T00:00:00.000Z,7/3/2014 1:08:00 PM,Mid-Block (not related to intersection),14,"MOTOR VEHICLE STRUCK MOTOR VEHICLE, REAR END",,N,Overcast,Dry,Daylight,,,,45.0,Vehicle - Pedalcyclist,0,0,N,POINT (1274875.275830269 243240.9219011366),8383.0,3.0789771462284183e-10,Overcast,2014-07-03,13:08:00,13.0,3,1,0.0,Clear or Partly Cloudy
147545,172182,172202,3550028,Matched,Intersection,30544.0,7TH AVE S AND S DEARBORN ST,,,2,Injury Collision,Cycles,2,0,1,1,1,0,0,2014-07-15T00:00:00.000Z,7/15/2014 8:30:00 AM,At Intersection (intersection related),18,"MOTOR VEHICLE STRUCK PEDALCYCLIST, FRONT END AT ANGLE",Y,N,Clear or Partly Cloudy,Dry,Daylight,,,,45.0,Vehicle - Pedalcyclist,5835,0,N,POINT (1272697.666612044 220902.8542942554),7666.0,0.0,Clear or Partly Cloudy,2014-07-15,08:30:00,8.0,1,1,1.0,Clear or Partly Cloudy
147559,174824,174844,3672243,Matched,Block,,12TH AVE E BETWEEN E DENNY WAY AND E JOHN ST,,,2,Injury Collision,Cycles,2,0,1,1,1,0,0,2014-08-20T00:00:00.000Z,8/20/2014 7:15:00 AM,Mid-Block (not related to intersection),18,"MOTOR VEHICLE STRUCK PEDALCYCLIST, FRONT END AT ANGLE",Y,N,Overcast,Dry,Daylight,,,,45.0,Vehicle - Pedalcyclist,10874,0,N,POINT (1274551.511669934 229447.1430070102),10813.0,2.5108651222868764e-06,Overcast,2014-08-20,07:15:00,7.0,2,1,1.0,Clear or Partly Cloudy
147575,174299,174319,3466837,Matched,Intersection,37172.0,3RD AVE NW AND NW 87TH N ST,,,2,Injury Collision,Cycles,2,0,1,1,1,0,0,2014-08-25T00:00:00.000Z,8/25/2014 1:34:00 PM,At Intersection (intersection related),51,PEDALCYCLIST STRUCK MOTOR VEHICLE FRONT END AT ANGLE,,N,Clear or Partly Cloudy,Dry,Daylight,Y,,,45.0,Vehicle - Pedalcyclist,28425,0,N,POINT (1264294.609451428 256316.4479305297),12372.0,0.0,Clear or Partly Cloudy,2014-08-25,13:34:00,13.0,0,1,0.0,Clear or Partly Cloudy
147607,172184,172204,3567887,Matched,Intersection,28736.0,DEXTER AVE N AND VALLEY ST,,,2,Injury Collision,Left Turn,2,0,1,1,1,0,0,2014-07-21T00:00:00.000Z,7/21/2014 9:04:00 PM,At Intersection (intersection related),18,"MOTOR VEHICLE STRUCK PEDALCYCLIST, FRONT END AT ANGLE",,N,Clear or Partly Cloudy,Dry,Dusk,,,,28.0,From opposite direction - one left turn - one straight,12719,0,N,POINT (1268334.096175566 232089.1498577148),9821.0,0.0,Clear or Partly Cloudy,2014-07-21,21:04:00,21.0,0,1,0.0,Clear or Partly Cloudy
147613,171941,171961,3699080,Matched,Block,,50TH AVE S BETWEEN S DIRECTOR ST AND S BARTON ST,,,2,Injury Collision,Cycles,3,0,1,1,1,0,0,2014-07-11T00:00:00.000Z,7/11/2014 8:25:00 PM,Mid-Block (not related to intersection),51,PEDALCYCLIST STRUCK MOTOR VEHICLE FRONT END AT ANGLE,,N,Clear or Partly Cloudy,Dry,Daylight,,,,45.0,Vehicle - Pedalcyclist,0,0,N,POINT (1285115.564480752 193610.9759943187),19675.0,7.366822124232307e-09,Clear or Partly Cloudy,2014-07-11,20:25:00,20.0,4,1,0.0,Clear or Partly Cloudy
147616,171940,171960,3696659,Matched,Block,,EASTLAKE AVE E BETWEEN E LYNN ST AND E LOUISA ST,,,2,Injury Collision,Cycles,2,0,1,1,1,0,0,2014-07-15T00:00:00.000Z,7/15/2014 9:20:00 AM,Mid-Block (not related to intersection),56,PEDALCYCLIST STRUCK MOTOR VEHICLE LEFT SIDE SIDESWIPE,,N,Clear or Partly Cloudy,Dry,Daylight,,,,45.0,Vehicle - Pedalcyclist,24732,0,N,POINT (1272491.78142783 237340.4494470954),17909.0,2.8952388918938843e-05,Clear or Partly Cloudy,2014-07-15,09:20:00,9.0,1,1,1.0,Clear or Partly Cloudy
147620,172197,172217,3570964,Matched,Intersection,34816.0,45TH AVE SW AND SW BRACE POINT DR,,,2,Injury Collision,Cycles,2,0,1,1,1,0,0,2014-07-17T00:00:00.000Z,7/17/2014 5:37:00 PM,At Intersection (intersection related),51,PEDALCYCLIST STRUCK MOTOR VEHICLE FRONT END AT ANGLE,,N,Clear or Partly Cloudy,Dry,Daylight,,,,45.0,Vehicle - Pedalcyclist,31715,0,N,POINT (1255697.895970628 193643.3066183478),4651.0,0.0,Clear or Partly Cloudy,2014-07-17,17:37:00,17.0,3,1,1.0,Clear or Partly Cloudy
147626,172539,172559,3575048,Matched,Intersection,30135.0,15TH AVE AND E PINE ST,,,2,Injury Collision,Cycles,2,0,1,1,1,0,0,2014-07-29T00:00:00.000Z,7/29/2014 2:58:00 PM,At Intersection (intersection related),18,"MOTOR VEHICLE STRUCK PEDALCYCLIST, FRONT END AT ANGLE",,N,Clear or Partly Cloudy,Dry,Daylight,,,,45.0,Vehicle - Pedalcyclist,10433,0,N,POINT (1275547.013430953 227945.2317734659),2385.0,0.0,Clear or Partly Cloudy,2014-07-29,14:58:00,14.0,1,1,0.0,Clear or Partly Cloudy
147627,171929,171949,3706583,Matched,Intersection,37550.0,5TH AVE NE AND NE 85TH ST,,,2,Injury Collision,Cycles,2,0,1,1,1,0,0,2014-07-07T00:00:00.000Z,7/7/2014 4:06:00 PM,At Intersection (intersection related),51,PEDALCYCLIST STRUCK MOTOR VEHICLE FRONT END AT ANGLE,Y,N,Clear or Partly Cloudy,Dry,Daylight,,,,45.0,Vehicle - Pedalcyclist,7339,0,N,POINT (1273553.596980914 255386.299321577),1497.0,0.0,Clear or Partly Cloudy,2014-07-07,16:06:00,16.0,0,1,1.0,Clear or Partly Cloudy
147644,173077,173097,3584104,Matched,Block,,8TH AVE BETWEEN PINE ST AND OLIVE WAY,,,2,Injury Collision,Cycles,2,0,1,1,1,0,0,2014-07-19T00:00:00.000Z,7/19/2014 5:12:00 PM,Mid-Block (not related to intersection),18,"MOTOR VEHICLE STRUCK PEDALCYCLIST, FRONT END AT ANGLE",Y,N,Clear or Partly Cloudy,Dry,Daylight,,,,45.0,Vehicle - Pedalcyclist,14004,0,N,POINT (1270395.530161679 227414.9832609296),6044.0,1.1666863453267258e-05,Clear or Partly Cloudy,2014-07-19,17:12:00,17.0,5,0,1.0,Clear or Partly Cloudy
147646,172807,172827,3701573,Matched,Block,,25TH AVE E BETWEEN E ROANOKE ST AND DEAD END,NEI,"Not Enough Information, or Insufficient Location Information",2,Injury Collision,Cycles,2,0,1,1,2,0,0,2014-06-30T00:00:00.000Z,6/30/2014 5:30:00 PM,,0,NOT ENOUGH INFORMATION / NOT APPLICABLE,,N,Clear or Partly Cloudy,Dry,Daylight,,,,45.0,Vehicle - Pedalcyclist,0,0,N,POINT (1278837.723578334 238135.2796559036),18686.0,2.293954033648271e-05,Clear or Partly Cloudy,2014-06-30,17:30:00,17.0,0,1,1.0,Clear or Partly Cloudy
147649,174057,174077,3699292,Matched,Intersection,32694.0,34TH AVE S AND S DAKOTA ST,,,2,Injury Collision,Cycles,2,0,1,1,1,0,0,2014-08-08T00:00:00.000Z,8/8/2014 3:14:00 PM,At Intersection (intersection related),18,"MOTOR VEHICLE STRUCK PEDALCYCLIST, FRONT END AT ANGLE",,N,Clear or Partly Cloudy,Dry,Daylight,,,,45.0,Vehicle - Pedalcyclist,0,0,N,POINT (1280589.820476115 209932.4867950231),5591.0,0.0,Clear or Partly Cloudy,2014-08-08,15:14:00,15.0,4,1,1.0,Clear or Partly Cloudy
147666,172801,172821,3696677,Matched,Block,,W NICKERSON ST BETWEEN 3RD AVE W AND 6TH AVE W,,,2,Injury Collision,Cycles,1,0,1,0,1,0,0,2014-07-02T00:00:00.000Z,7/2/2014 7:50:00 AM,Mid-Block (not related to intersection),28,MOTOR VEHICLE RAN OFF ROAD - HIT FIXED OBJECT,Y,N,Clear or Partly Cloudy,Dry,Daylight,,,,45.0,Vehicle - Pedalcyclist,0,0,N,POINT (1263502.062762618 241295.049515143),17548.0,1.8468002825813266e-05,Clear or Partly Cloudy,2014-07-02,07:50:00,7.0,2,1,1.0,Clear or Partly Cloudy
147738,171740,171760,3375894,Matched,Intersection,29929.0,5TH AVE AND SENECA ST,NEI,"Not Enough Information, or Insufficient Location Information",1,Property Damage Only Collision,Cycles,2,0,1,1,0,0,0,2014-07-10T00:00:00.000Z,7/10/2014 5:05:00 PM,At Intersection (intersection related),0,NOT ENOUGH INFORMATION / NOT APPLICABLE,,N,Clear or Partly Cloudy,Dry,Daylight,,,,45.0,Vehicle - Pedalcyclist,9043,0,N,POINT (1270479.871537775 225377.2760588378),11169.0,0.0,Clear or Partly Cloudy,2014-07-10,17:05:00,17.0,3,1,1.0,Clear or Partly Cloudy
147770,172811,172831,3702006,Matched,Intersection,29863.0,MELROSE AVE AND PINE ST,,,2,Injury Collision,Cycles,2,0,1,1,1,0,0,2014-07-17T00:00:00.000Z,7/17/2014 8:46:00 AM,At Intersection (intersection related),18,"MOTOR VEHICLE STRUCK PEDALCYCLIST, FRONT END AT ANGLE",,N,Clear or Partly Cloudy,Dry,Daylight,,,,45.0,Vehicle - Pedalcyclist,10336,0,N,POINT (1271813.802035138 227999.6394535303),897.0,0.0,Clear or Partly Cloudy,2014-07-17,08:46:00,8.0,3,1,1.0,Clear or Partly Cloudy
147772,172550,172570,3644938,Matched,Intersection,31918.0,41ST AVE SW AND SW ALASKA ST,,,2,Injury Collision,Cycles,2,0,1,1,1,0,0,2014-07-28T00:00:00.000Z,7/28/2014 2:58:00 PM,At Intersection (intersection related),51,PEDALCYCLIST STRUCK MOTOR VEHICLE FRONT END AT ANGLE,Y,N,Clear or Partly Cloudy,Dry,Daylight,,,,45.0,Vehicle - Pedalcyclist,41740,0,N,POINT (1257548.78186053 208517.1956575811),11521.0,0.0,Clear or Partly Cloudy,2014-07-28,14:58:00,14.0,0,1,0.0,Clear or Partly Cloudy
147773,174320,174340,3642513,Matched,Intersection,29112.0,BELMONT AVE E AND E ROY ST,,,2,Injury Collision,Cycles,5,0,1,1,1,0,0,2014-08-23T00:00:00.000Z,8/23/2014 5:49:00 PM,At Intersection (intersection related),18,"MOTOR VEHICLE STRUCK PEDALCYCLIST, FRONT END AT ANGLE",,N,Clear or Partly Cloudy,Dry,Daylight,,,,45.0,Vehicle - Pedalcyclist,36113,0,N,POINT (1272836.049204186 231584.2487372011),3945.0,0.0,Clear or Partly Cloudy,2014-08-23,17:49:00,17.0,5,0,1.0,Clear or Partly Cloudy
147779,174316,174336,3588802,Matched,Intersection,28753.0,DEXTER AVE N AND LEE ST,,,2,Injury Collision,Cycles,2,0,1,1,1,0,0,2014-08-25T00:00:00.000Z,8/25/2014 1:32:00 PM,At Intersection (intersection related),18,"MOTOR VEHICLE STRUCK PEDALCYCLIST, FRONT END AT ANGLE",,N,Clear or Partly Cloudy,Dry,Daylight,,,,45.0,Vehicle - Pedalcyclist,12941,0,N,POINT (1268382.133039623 233966.8545636386),3490.0,0.0,Clear or Partly Cloudy,2014-08-25,13:32:00,13.0,0,1,0.0,Clear or Partly Cloudy
147781,173129,173149,3582741,Matched,Intersection,23895.0,15TH AVE NW AND NW 75TH ST,,,2,Injury Collision,Cycles,2,0,1,1,1,0,0,2014-08-02T00:00:00.000Z,8/2/2014 10:34:00 AM,At Intersection (intersection related),11,"MOTOR VEHICLE STRUCK MOTOR VEHICLE, FRONT END AT ANGLE",Y,N,Clear or Partly Cloudy,Dry,Daylight,,,,45.0,Vehicle - Pedalcyclist,0,0,N,POINT (1260258.570023298 253036.461751163),2399.0,0.0,Clear or Partly Cloudy,2014-08-02,10:34:00,10.0,5,0,0.0,Clear or Partly Cloudy
147789,173128,173148,3581849,Matched,Intersection,29865.0,BOREN AVE AND OLIVE WAY,,,2,Injury Collision,Cycles,2,0,1,1,1,0,0,2014-08-01T00:00:00.000Z,8/1/2014 9:14:00 PM,At Intersection (intersection related),18,"MOTOR VEHICLE STRUCK PEDALCYCLIST, FRONT END AT ANGLE",,N,Clear or Partly Cloudy,Dry,Dark - Street Lights On,,,,45.0,Vehicle - Pedalcyclist,24933,0,N,POINT (1271118.433586419 228090.2473256141),640.0,0.0,Clear or Partly Cloudy,2014-08-01,21:14:00,21.0,4,1,0.0,Clear or Partly Cloudy
147793,173126,173146,3581338,Matched,Intersection,32356.0,4TH AVE S AND S SPOKANE NR ST,,,2b,Serious Injury Collision,Cycles,2,0,1,1,1,1,0,2014-08-04T00:00:00.000Z,8/4/2014 3:10:00 PM,At Intersection (intersection related),18,"MOTOR VEHICLE STRUCK PEDALCYCLIST, FRONT END AT ANGLE",,N,Clear or Partly Cloudy,Dry,Daylight,,,,45.0,Vehicle - Pedalcyclist,19625,0,N,POINT (1271209.238578513 212119.0181252658),406.0,0.0,Clear or Partly Cloudy,2014-08-04,15:10:00,15.0,0,1,1.0,Clear or Partly Cloudy
147794,174319,174339,3642510,Matched,Intersection,29761.0,12TH AVE AND E MADISON ST,,,2,Injury Collision,Cycles,2,0,1,1,1,0,0,2014-08-22T00:00:00.000Z,8/22/2014 9:18:00 PM,At Intersection (intersection related),51,PEDALCYCLIST STRUCK MOTOR VEHICLE FRONT END AT ANGLE,Y,N,Clear or Partly Cloudy,Dry,Dark - Street Lights On,Y,,,45.0,Vehicle - Pedalcyclist,22953,0,N,POINT (1274551.867445946 227089.5945245922),39.0,0.0,Clear or Partly Cloudy,2014-08-22,21:18:00,21.0,4,1,0.0,Clear or Partly Cloudy
147810,174085,174105,3699301,Matched,Intersection,33566.0,35TH AVE S AND S EDMUNDS ST,,,2b,Serious Injury Collision,Cycles,2,0,1,1,1,1,0,2014-08-15T00:00:00.000Z,8/15/2014 6:00:00 PM,At Intersection (intersection related),51,PEDALCYCLIST STRUCK MOTOR VEHICLE FRONT END AT ANGLE,,N,Unknown,Dry,Daylight,,,,45.0,Vehicle - Pedalcyclist,0,0,N,POINT (1281062.027580604 207181.793160215),2860.0,0.0,,2014-08-15,18:00:00,18.0,4,1,1.0,
147833,171399,171419,3696683,Matched,Intersection,29167.0,STEWART ST AND YALE AVE N,,,2b,Serious Injury Collision,Cycles,3,0,1,1,1,1,0,2014-07-08T00:00:00.000Z,7/8/2014 7:32:00 PM,At Intersection (intersection related),51,PEDALCYCLIST STRUCK MOTOR VEHICLE FRONT END AT ANGLE,,N,Clear or Partly Cloudy,Dry,Daylight,,,,45.0,Vehicle - Pedalcyclist,23731,0,N,POINT (1271219.88459453 229284.1168948412),966.0,0.0,Clear or Partly Cloudy,2014-07-08,19:32:00,19.0,1,1,1.0,Clear or Partly Cloudy
147853,174839,174859,3571518,Matched,Block,,HARBOR AVE SW BETWEEN SW MARYLAND PL AND CALIFORNIA WAY SW,,,2,Injury Collision,Cycles,2,0,1,1,1,0,0,2014-09-01T00:00:00.000Z,9/1/2014 10:20:00 AM,Driveway Junction,18,"MOTOR VEHICLE STRUCK PEDALCYCLIST, FRONT END AT ANGLE",,N,Clear or Partly Cloudy,Dry,Daylight,Y,,,45.0,Vehicle - Pedalcyclist,0,0,N,POINT (1258205.826917201 219540.360020861),6404.0,2.0954053904114126e-05,Clear or Partly Cloudy,2014-09-01,10:20:00,10.0,0,1,0.0,Clear or Partly Cloudy
147894,172552,172572,3696505,Matched,Intersection,28669.0,ELLIOTT AVE W AND WESTERN AVE W,,,2b,Serious Injury Collision,Cycles,2,0,1,1,1,1,0,2014-07-29T00:00:00.000Z,7/29/2014 7:21:00 PM,At Intersection (intersection related),0,NOT ENOUGH INFORMATION / NOT APPLICABLE,Y,N,Clear or Partly Cloudy,Dry,Dusk,,,,45.0,Vehicle - Pedalcyclist,0,0,N,POINT (1263709.342762843 230138.132895723),708.0,0.0,Clear or Partly Cloudy,2014-07-29,19:21:00,19.0,1,1,1.0,Clear or Partly Cloudy
147944,174357,174377,2621621,Matched,Intersection,28531.0,MCGILVRA BLVD E AND E MADISON S ST,,,2,Injury Collision,Cycles,3,0,1,1,1,0,0,2014-08-27T00:00:00.000Z,8/27/2014 5:52:00 PM,At Intersection (intersection related),51,PEDALCYCLIST STRUCK MOTOR VEHICLE FRONT END AT ANGLE,,N,Clear or Partly Cloudy,Dry,Daylight,,,,45.0,Vehicle - Pedalcyclist,34300,0,N,POINT (1283362.00633496 234394.4529000819),6882.0,0.0,Clear or Partly Cloudy,2014-08-27,17:52:00,17.0,2,1,1.0,Clear or Partly Cloudy
147991,174094,174114,3701811,Matched,Intersection,30410.0,12TH AVE AND E YESLER WAY,,,2,Injury Collision,Cycles,2,0,1,1,1,0,0,2014-08-19T00:00:00.000Z,8/19/2014 11:40:00 PM,At Intersection (intersection related),18,"MOTOR VEHICLE STRUCK PEDALCYCLIST, FRONT END AT ANGLE",Y,N,Clear or Partly Cloudy,Dry,Dark - Street Lights On,Y,,,45.0,Vehicle - Pedalcyclist,10532,0,N,POINT (1274461.188917845 223006.7211764157),8412.0,0.0,Clear or Partly Cloudy,2014-08-19,23:40:00,23.0,1,1,0.0,Clear or Partly Cloudy
150040,176886,176906,3591813,Matched,Block,,AURORA AVE N BETWEEN N 85TH ST AND N 86TH ST,,,2,Injury Collision,Cycles,2,0,1,1,1,0,0,2014-10-02T00:00:00.000Z,10/2/2014 3:43:00 PM,Driveway Junction,18,"MOTOR VEHICLE STRUCK PEDALCYCLIST, FRONT END AT ANGLE",,N,Clear or Partly Cloudy,Dry,Daylight,Y,,,45.0,Vehicle - Pedalcyclist,0,0,N,POINT (1268256.8525915 255681.7015618682),21568.0,3.1515549249749346e-05,Clear or Partly Cloudy,2014-10-02,15:43:00,15.0,3,1,1.0,Clear or Partly Cloudy
150085,178247,178267,3583536,Matched,Block,,EAST MARGINAL WAY S BETWEEN S STACY ST AND S HANFORD ST,,,2b,Serious Injury Collision,Cycles,1,0,1,0,1,1,0,2014-10-15T00:00:00.000Z,10/15/2014 6:58:00 AM,Mid-Block (not related to intersection),18,"MOTOR VEHICLE STRUCK PEDALCYCLIST, FRONT END AT ANGLE",,N,Raining,Wet,Daylight,,,,45.0,Vehicle - Pedalcyclist,4708,0,N,POINT (1268574.343215823 214736.7721119523),18102.0,8.755424880525858e-06,Raining,2014-10-15,06:58:00,6.0,2,1,0.0,Raining
150111,178751,178792,3579824,Matched,Intersection,24331.0,LINDEN AVE N AND N 71ST ST,,,2,Injury Collision,Cycles,2,0,1,1,1,0,0,2014-10-31T00:00:00.000Z,10/31/2014 7:40:00 PM,At Intersection (intersection related),51,PEDALCYCLIST STRUCK MOTOR VEHICLE FRONT END AT ANGLE,,N,Raining,Wet,Dark - Street Lights On,,,,45.0,Vehicle - Pedalcyclist,10138,0,N,POINT (1267504.759598717 251823.1981339157),811.0,0.0,Raining,2014-10-31,19:40:00,19.0,4,1,1.0,Raining
150129,178548,178588,3606367,Matched,Block,,12TH AVE S BETWEEN XW S LANE ST AND GOLF DR S,,,2,Injury Collision,Cycles,2,0,1,1,1,0,0,2014-10-31T00:00:00.000Z,10/31/2014 9:48:00 AM,Mid-Block (but intersection related),54,PEDALCYCLIST STRUCK MOTOR VEHICLE REAR END,,N,Raining,Wet,Daylight,,,,45.0,Vehicle - Pedalcyclist,16241,0,N,POINT (1274298.561781675 220716.5272540748),5033.0,1.7253502180752293e-05,Raining,2014-10-31,09:48:00,9.0,4,1,1.0,Raining
150136,178545,178585,3590608,Matched,Block,,1ST AVE S BETWEEN S KING ST AND RAILROAD N WAY S,,,2,Injury Collision,Cycles,2,0,1,1,1,0,0,2014-10-31T00:00:00.000Z,10/31/2014 5:24:00 PM,Mid-Block (but intersection related),51,PEDALCYCLIST STRUCK MOTOR VEHICLE FRONT END AT ANGLE,,N,Clear or Partly Cloudy,Dry,Daylight,,,,45.0,Vehicle - Pedalcyclist,0,521026,N,POINT (1270136.17720142 221516.9993188828),10091.0,0.0,Clear or Partly Cloudy,2014-10-31,17:24:00,17.0,4,1,1.0,Clear or Partly Cloudy