OBJECTID,INCKEY,COLDETKEY,REPORTNO,STATUS,ADDRTYPE,INTKEY,LOCATION,EXCEPTRSNC,EXCEPTRSND,SEVERITYCO,SEVERITYDE,COLLISIONT,PERSONCOUN,PEDCOUNT,PEDCYLCOUN,VEHCOUNT,INJURIES,SERIOUSINJ,FATALITIES,INCDATE,INCDTTM,JUNCTIONTY,SDOT_COLCO,SDOT_COLDE,INATTENTIO,UNDERINFL,WEATHER,ROADCOND,LIGHTCOND,PEDROWNOTG,SDOTCOLNUM,SPEEDING,ST_COLCODE,ST_COLDESC,SEGLANEKEY,CROSSWALKK,HITPARKEDC,geometry,near_str_index,min_length,weather_group,date,time,hour,dayofweek,weekday,rushhour,weather_group2
150184,176457,176477,3695601,Matched,Intersection,35813.0,LINDEN AVE N AND N 135TH ST,,,2,Injury Collision,Cycles,2,0,1,1,1,0,0,2014-07-29T00:00:00.000Z,7/29/2014 7:41:00 PM,At Intersection (intersection related),11,"MOTOR VEHICLE STRUCK MOTOR VEHICLE, FRONT END AT ANGLE",,N,Clear or Partly Cloudy,Dry,Daylight,Y,,,45.0,Vehicle - Pedalcyclist,40851,0,N,POINT (1267729.966126949 268803.4820553064),1210.0,0.0,Clear or Partly Cloudy,2014-07-29,19:41:00,19.0,1,1,1.0,Clear or Partly Cloudy
150233,175740,175760,3583515,Matched,Intersection,29504.0,DENNY WAY AND FAIRVIEW AVE,,,2,Injury Collision,Cycles,2,0,1,1,1,0,0,2014-09-24T00:00:00.000Z,9/24/2014 12:06:00 PM,At Intersection (intersection related),18,"MOTOR VEHICLE STRUCK PEDALCYCLIST, FRONT END AT ANGLE",,N,Overcast,Wet,Daylight,,,,45.0,Vehicle - Pedalcyclist,0,522949,N,POINT (1270270.959921554 229225.9140147865),8794.0,0.0,Overcast,2014-09-24,12:06:00,12.0,2,1,0.0,Clear or Partly Cloudy
150347,178297,178317,3581104,Matched,Intersection,30453.0,GOLF DR S AND S CHARLES ST,,,2,Injury Collision,Cycles,2,0,1,1,1,0,0,2014-10-27T00:00:00.000Z,10/27/2014 6:20:00 AM,At Intersection (intersection related),18,"MOTOR VEHICLE STRUCK PEDALCYCLIST, FRONT END AT ANGLE",Y,N,Overcast,Unknown,Dark - Street Lights On,,,,45.0,Vehicle - Pedalcyclist,14097,0,N,POINT (1274459.601717845 220302.7257816494),5033.0,0.0,Overcast,2014-10-27,06:20:00,6.0,0,1,0.0,Clear or Partly Cloudy
150359,178284,178304,3575551,Matched,Intersection,25793.0,UNIVERSITY WAY NE AND NE 50TH ST,,,2,Injury Collision,Cycles,2,0,1,1,1,0,0,2014-10-24T00:00:00.000Z,10/24/2014 6:38:00 PM,At Intersection (intersection related),18,"MOTOR VEHICLE STRUCK PEDALCYCLIST, FRONT END AT ANGLE",,N,Overcast,Dry,Dark - Street Lights On,Y,,,45.0,Vehicle - Pedalcyclist,21411,0,N,POINT (1275819.041847229 246040.7075040042),999.0,0.0,Overcast,2014-10-24,18:38:00,18.0,4,1,1.0,Clear or Partly Cloudy
150414,176260,176280,2599444,Matched,Block,,ALASKAN WAY BETWEEN WALL ST AND VINE ST,,,2,Injury Collision,Cycles,2,0,1,1,1,0,0,2014-08-02T00:00:00.000Z,8/2/2014 8:57:00 AM,Mid-Block (not related to intersection),18,"MOTOR VEHICLE STRUCK PEDALCYCLIST, FRONT END AT ANGLE",,N,Clear or Partly Cloudy,Wet,Daylight,Y,,,45.0,Vehicle - Pedalcyclist,20821,0,N,POINT (1265935.233197108 227325.1042848378),11888.0,1.0844115121314477e-09,Clear or Partly Cloudy,2014-08-02,08:57:00,8.0,5,0,1.0,Clear or Partly Cloudy
150458,178601,178641,3642837,Matched,Intersection,33620.0,M L KING JR WR WAY S AND S ORCAS ST,,,2,Injury Collision,Cycles,2,0,1,1,1,0,0,2014-10-15T00:00:00.000Z,10/15/2014 4:19:00 PM,At Intersection (intersection related),18,"MOTOR VEHICLE STRUCK PEDALCYCLIST, FRONT END AT ANGLE",,N,Overcast,Dry,Daylight,,,,45.0,Vehicle - Pedalcyclist,20856,0,N,POINT (1281189.052476734 204467.7446454316),2229.0,0.0,Overcast,2014-10-15,16:19:00,16.0,2,1,1.0,Clear or Partly Cloudy
150463,178310,178330,3642821,Matched,Intersection,27114.0,7TH AVE NE AND NE 40TH ST,,,2,Injury Collision,Cycles,2,0,1,1,1,0,0,2014-10-29T00:00:00.000Z,10/29/2014 7:00:00 AM,At Intersection (intersection related),18,"MOTOR VEHICLE STRUCK PEDALCYCLIST, FRONT END AT ANGLE",,N,Unknown,Wet,Dawn,,,,45.0,Vehicle - Pedalcyclist,0,524351,N,POINT (1273838.842165202 242792.6606526673),1388.0,0.0,,2014-10-29,07:00:00,7.0,2,1,1.0,
150497,175766,175786,3641116,Matched,Intersection,29601.0,3RD AVE AND UNIVERSITY ST,,,2,Injury Collision,Cycles,2,0,1,1,1,0,0,2014-09-23T00:00:00.000Z,9/23/2014 1:41:00 PM,At Intersection (intersection related),18,"MOTOR VEHICLE STRUCK PEDALCYCLIST, FRONT END AT ANGLE",Y,N,Raining,Wet,Daylight,,,,45.0,Vehicle - Pedalcyclist,35841,0,N,POINT (1269770.026033044 225312.2180107683),2713.0,0.0,Raining,2014-09-23,13:41:00,13.0,1,1,0.0,Raining
150564,180464,180524,3588501,Matched,Intersection,30542.0,6TH AVE S AND S DEARBORN ST,,,2,Injury Collision,Cycles,2,0,1,1,1,0,0,2014-12-02T00:00:00.000Z,12/2/2014 3:00:00 PM,At Intersection (intersection related),18,"MOTOR VEHICLE STRUCK PEDALCYCLIST, FRONT END AT ANGLE",,N,Clear or Partly Cloudy,Dry,Daylight,,,,45.0,Vehicle - Pedalcyclist,5806,0,N,POINT (1272053.794867381 220916.7845342755),4454.0,0.0,Clear or Partly Cloudy,2014-12-02,15:00:00,15.0,1,1,1.0,Clear or Partly Cloudy
150571,180462,180522,3586999,Matched,Intersection,26877.0,DENSMORE AVE N AND N 38TH ST,,,2,Injury Collision,Cycles,2,0,1,1,1,0,0,2014-12-02T00:00:00.000Z,12/2/2014 5:32:00 PM,At Intersection (intersection related),51,PEDALCYCLIST STRUCK MOTOR VEHICLE FRONT END AT ANGLE,,N,Clear or Partly Cloudy,Dry,Dark - Street Lights On,,,,45.0,Vehicle - Pedalcyclist,0,0,N,POINT (1269720.330288991 241872.6724277288),8778.0,0.0,Clear or Partly Cloudy,2014-12-02,17:32:00,17.0,1,1,1.0,Clear or Partly Cloudy
150578,180460,180520,3575459,Matched,Intersection,35826.0,LINDEN AVE N AND N 130TH ST,,,2,Injury Collision,Cycles,2,0,1,1,1,0,0,2014-12-02T00:00:00.000Z,12/2/2014 5:20:00 PM,At Intersection (intersection related),18,"MOTOR VEHICLE STRUCK PEDALCYCLIST, FRONT END AT ANGLE",,N,Clear or Partly Cloudy,Dry,Dark - Street Lights On,Y,,,45.0,Vehicle - Pedalcyclist,22990,0,N,POINT (1267585.258030802 267477.2663739473),6997.0,0.0,Clear or Partly Cloudy,2014-12-02,17:20:00,17.0,1,1,1.0,Clear or Partly Cloudy
150610,182773,182833,3732477,Matched,Intersection,30507.0,3RD AVE S AND S JACKSON ST,,,2,Injury Collision,Cycles,2,0,1,1,1,0,0,2014-12-16T00:00:00.000Z,12/16/2014 6:08:00 PM,At Intersection (intersection related),51,PEDALCYCLIST STRUCK MOTOR VEHICLE FRONT END AT ANGLE,,N,Clear or Partly Cloudy,Dry,Dark - Street Lights On,,,,45.0,Vehicle - Pedalcyclist,4852,0,N,POINT (1271115.061554417 222161.3825515509),7758.0,0.0,Clear or Partly Cloudy,2014-12-16,18:08:00,18.0,1,1,1.0,Clear or Partly Cloudy
150623,181496,181536,3645840,Matched,Intersection,27093.0,ROOSEVELT WAY NE AND NE 42ND S ST,,,2,Injury Collision,Cycles,2,0,1,1,1,0,0,2014-10-31T00:00:00.000Z,10/31/2014 7:26:00 PM,At Intersection (intersection related),51,PEDALCYCLIST STRUCK MOTOR VEHICLE FRONT END AT ANGLE,,N,Raining,Wet,Dark - Street Lights On,Y,,,45.0,Vehicle - Pedalcyclist,8985,0,N,POINT (1274602.278453991 243369.3024452627),15971.0,0.0,Raining,2014-10-31,19:26:00,19.0,4,1,1.0,Raining
150694,182785,182845,3732528,Matched,Intersection,30480.0,3RD AVE AND JAMES ST,,,2,Injury Collision,Cycles,2,0,1,1,1,0,0,2014-12-12T00:00:00.000Z,12/12/2014 6:12:00 PM,At Intersection (intersection related),18,"MOTOR VEHICLE STRUCK PEDALCYCLIST, FRONT END AT ANGLE",,N,Raining,Wet,Dark - Street Lights On,,,,45.0,Vehicle - Pedalcyclist,35934,0,N,POINT (1270861.001522154 223468.9616888911),261.0,0.0,Raining,2014-12-12,18:12:00,18.0,4,1,1.0,Raining
150709,181521,181561,3672874,Matched,Intersection,29052.0,BROADWAY E AND E OLIVE WAY,,,1,Property Damage Only Collision,Cycles,3,0,1,1,0,0,0,2014-11-05T00:00:00.000Z,11/5/2014 7:33:00 PM,At Intersection (intersection related),18,"MOTOR VEHICLE STRUCK PEDALCYCLIST, FRONT END AT ANGLE",,N,Raining,Wet,Dark - Street Lights On,,,,45.0,Vehicle - Pedalcyclist,6798,0,N,POINT (1273580.513332948 229668.9325112402),650.0,0.0,Raining,2014-11-05,19:33:00,19.0,2,1,1.0,Raining
150727,180626,180686,3573248,Matched,Intersection,29531.0,5TH AVE AND BELL ST,,,2,Injury Collision,Cycles,2,0,1,1,1,0,0,2014-12-10T00:00:00.000Z,12/10/2014 12:38:00 PM,At Intersection (intersection related),18,"MOTOR VEHICLE STRUCK PEDALCYCLIST, FRONT END AT ANGLE",Y,N,Raining,Wet,Daylight,,,,45.0,Vehicle - Pedalcyclist,14240,0,N,POINT (1268078.323247313 228362.4316459),3375.0,0.0,Raining,2014-12-10,12:38:00,12.0,2,1,0.0,Raining
150756,182802,182862,3736334,Matched,Intersection,37461.0,DAYTON AVE N AND N 85TH ST,,,2,Injury Collision,Cycles,2,0,1,1,1,0,0,2014-12-15T00:00:00.000Z,12/15/2014 8:36:00 PM,At Intersection (intersection related),18,"MOTOR VEHICLE STRUCK PEDALCYCLIST, FRONT END AT ANGLE",Y,N,Clear or Partly Cloudy,Dry,Dark - Street Lights On,,,,45.0,Vehicle - Pedalcyclist,21493,0,N,POINT (1266265.938477457 255598.1587777883),3466.0,0.0,Clear or Partly Cloudy,2014-12-15,20:36:00,20.0,0,1,0.0,Clear or Partly Cloudy
150779,182795,182855,3732703,Matched,Intersection,30371.0,ALASKAN E RDWY WAY S AND S KING ST,,,2,Injury Collision,Cycles,2,0,1,1,1,0,0,2014-12-21T00:00:00.000Z,12/21/2014 2:11:00 AM,At Intersection (intersection related),51,PEDALCYCLIST STRUCK MOTOR VEHICLE FRONT END AT ANGLE,,N,Overcast,Wet,Dark - Street Lights On,,,,45.0,Vehicle - Pedalcyclist,0,0,N,POINT (1269843.413041115 221856.0687592328),1815.0,0.0,Overcast,2014-12-21,02:11:00,2.0,6,0,0.0,Clear or Partly Cloudy
150812,180176,180236,3585950,Matched,Block,,HARVARD AVE E BETWEEN HAMLIN ST ON RP AND E SHELBY ST,,,2,Injury Collision,Cycles,2,0,1,1,1,0,0,2014-12-02T00:00:00.000Z,12/2/2014 12:35:00 PM,Mid-Block (not related to intersection),11,"MOTOR VEHICLE STRUCK MOTOR VEHICLE, FRONT END AT ANGLE",,N,Clear or Partly Cloudy,Dry,Daylight,,,,45.0,Vehicle - Pedalcyclist,37474,0,N,POINT (1273462.913588822 239289.3800090849),17937.0,3.133472313199543e-05,Clear or Partly Cloudy,2014-12-02,12:35:00,12.0,1,1,0.0,Clear or Partly Cloudy
150882,181533,181573,3693861,Matched,Intersection,31369.0,4TH AVE S AND S LANDER ST,,,2,Injury Collision,Cycles,2,0,1,1,1,0,0,2014-11-20T00:00:00.000Z,11/20/2014 6:49:00 AM,At Intersection (intersection related),18,"MOTOR VEHICLE STRUCK PEDALCYCLIST, FRONT END AT ANGLE",Y,N,Clear or Partly Cloudy,Wet,Dawn,,,,45.0,Vehicle - Pedalcyclist,18786,0,N,POINT (1271278.378034592 215084.3521443009),18784.0,0.0,Clear or Partly Cloudy,2014-11-20,06:49:00,6.0,3,1,0.0,Clear or Partly Cloudy
150930,179380,179440,3575309,Matched,Intersection,37406.0,LINDEN AVE N AND N 100TH ST,,,2,Injury Collision,Cycles,2,0,1,1,1,0,0,2014-11-13T00:00:00.000Z,11/13/2014 9:25:00 AM,At Intersection (intersection related),18,"MOTOR VEHICLE STRUCK PEDALCYCLIST, FRONT END AT ANGLE",,N,Clear or Partly Cloudy,Dry,Daylight,,,,45.0,Vehicle - Pedalcyclist,0,0,N,POINT (1267638.381358862 259529.8771818131),1186.0,0.0,Clear or Partly Cloudy,2014-11-13,09:25:00,9.0,3,1,1.0,Clear or Partly Cloudy
149008,177399,177419,3642830,Matched,Block,,4TH AVE S BETWEEN COSTCO DR AND 4TH AV S VI,,,2,Injury Collision,Cycles,3,0,1,1,1,0,0,2014-10-13T00:00:00.000Z,10/13/2014 2:55:00 PM,Driveway Junction,18,"MOTOR VEHICLE STRUCK PEDALCYCLIST, FRONT END AT ANGLE",Y,N,Clear or Partly Cloudy,Dry,Daylight,,,,45.0,Vehicle - Pedalcyclist,0,0,N,POINT (1271087.904498398 209249.3285223246),2166.0,1.2432773390124353e-05,Clear or Partly Cloudy,2014-10-13,14:55:00,14.0,0,1,0.0,Clear or Partly Cloudy
149032,178063,178083,3696182,Matched,Block,,PIKE ST BETWEEN 5TH AVE AND 6TH AVE,,,2,Injury Collision,Cycles,2,0,1,1,1,0,0,2014-10-27T00:00:00.000Z,10/27/2014 10:06:00 AM,Mid-Block (not related to intersection),51,PEDALCYCLIST STRUCK MOTOR VEHICLE FRONT END AT ANGLE,Y,N,Clear or Partly Cloudy,Dry,Daylight,,,,45.0,Vehicle - Pedalcyclist,21851,0,N,POINT (1270028.2396653 226454.6231959462),19017.0,2.982161336822212e-05,Clear or Partly Cloudy,2014-10-27,10:06:00,10.0,0,1,0.0,Clear or Partly Cloudy
149044,175397,175417,3606317,Matched,Intersection,29256.0,26TH AVE E AND E MADISON ST,,,2,Injury Collision,Cycles,2,1,1,0,2,0,0,2014-09-15T00:00:00.000Z,9/15/2014 10:00:00 AM,At Intersection (intersection related),64,PEDALCYCLIST STRUCK PEDESTRIAN,,N,Clear or Partly Cloudy,Dry,Daylight,,,,45.0,Vehicle - Pedalcyclist,34580,0,N,POINT (1279146.453306645 230327.954591915),1118.0,0.0,Clear or Partly Cloudy,2014-09-15,10:00:00,10.0,0,1,0.0,Clear or Partly Cloudy
149117,176151,176171,3584116,Matched,Intersection,29577.0,5TH AVE AND PINE ST,,,2,Injury Collision,Cycles,2,0,1,1,1,0,0,2014-09-27T00:00:00.000Z,9/27/2014 2:05:00 PM,At Intersection (intersection related),18,"MOTOR VEHICLE STRUCK PEDALCYCLIST, FRONT END AT ANGLE",,N,Clear or Partly Cloudy,Dry,Daylight,,,,45.0,Vehicle - Pedalcyclist,21832,0,N,POINT (1269672.542256936 226740.2000922412),482.0,0.0,Clear or Partly Cloudy,2014-09-27,14:05:00,14.0,5,0,0.0,Clear or Partly Cloudy
149157,178458,178478,3642527,Matched,Block,,20TH AVE S BETWEEN S MAIN ST AND S JACKSON ST,,,2,Injury Collision,Sideswipe,2,0,1,1,1,0,0,2014-10-15T00:00:00.000Z,10/15/2014 8:30:00 AM,Mid-Block (not related to intersection),56,PEDALCYCLIST STRUCK MOTOR VEHICLE LEFT SIDE SIDESWIPE,,N,Raining,Wet,Daylight,,,,12.0,From same direction - both going straight - one stopped - sideswipe,11329,0,N,POINT (1277018.387960464 222203.3112555891),17281.0,1.5658656336784744e-05,Raining,2014-10-15,08:30:00,8.0,2,1,1.0,Raining
149158,175177,175197,3587368,Matched,Block,,BEACON ER AVE S BETWEEN S ANGELINE ST AND S COLUMBIAN WAY,,,2,Injury Collision,Cycles,3,0,1,1,1,0,0,2014-09-11T00:00:00.000Z,9/11/2014 1:29:00 PM,Mid-Block (but intersection related),18,"MOTOR VEHICLE STRUCK PEDALCYCLIST, FRONT END AT ANGLE",,N,Clear or Partly Cloudy,Dry,Daylight,,,,45.0,Vehicle - Pedalcyclist,15929,0,N,POINT (1277208.996088654 207697.8138967305),8242.0,2.197069666105545e-05,Clear or Partly Cloudy,2014-09-11,13:29:00,13.0,3,1,0.0,Clear or Partly Cloudy
149192,175178,175198,3588809,Matched,Block,,7TH AVE BETWEEN PIKE ST AND PINE ST,,,2,Injury Collision,Cycles,3,0,1,1,1,0,0,2014-09-03T00:00:00.000Z,9/3/2014 7:50:00 PM,Mid-Block (but intersection related),51,PEDALCYCLIST STRUCK MOTOR VEHICLE FRONT END AT ANGLE,,N,Clear or Partly Cloudy,Dry,Dusk,,,,45.0,Vehicle - Pedalcyclist,37081,0,N,POINT (1270335.767601624 226884.2143643796),14732.0,3.641045205912219e-05,Clear or Partly Cloudy,2014-09-03,19:50:00,19.0,2,1,1.0,Clear or Partly Cloudy
149211,175409,175429,3695809,Matched,Intersection,27043.0,TROLL AVE N AND N 34TH ST,,,2,Injury Collision,Cycles,2,0,1,1,1,0,0,2014-09-16T00:00:00.000Z,9/16/2014 8:48:00 AM,At Intersection (intersection related),51,PEDALCYCLIST STRUCK MOTOR VEHICLE FRONT END AT ANGLE,,N,Overcast,Dry,Daylight,,,,45.0,Vehicle - Pedalcyclist,8816,0,N,POINT (1267245.477678463 240493.9652263224),1223.0,0.0,Overcast,2014-09-16,08:48:00,8.0,1,1,1.0,Clear or Partly Cloudy
149221,175404,175424,3693356,Matched,Intersection,32555.0,43RD AVE S AND LAKE WASHINGTON BLVD S,,,2,Injury Collision,Right Turn,2,0,1,1,1,0,0,2014-09-13T00:00:00.000Z,9/13/2014 11:52:00 AM,At Intersection (intersection related),51,PEDALCYCLIST STRUCK MOTOR VEHICLE FRONT END AT ANGLE,,N,Clear or Partly Cloudy,Dry,Daylight,,,,16.0,From same direction - one right turn - one straight,38085,0,N,POINT (1283428.003135026 211322.7219324559),5796.0,0.0,Clear or Partly Cloudy,2014-09-13,11:52:00,11.0,5,0,0.0,Clear or Partly Cloudy
149226,175402,175422,3672984,Matched,Intersection,28403.0,24TH AVE E AND E MILLER ST,,,2,Injury Collision,Cycles,3,0,1,1,1,0,0,2014-09-14T00:00:00.000Z,9/14/2014 11:49:00 AM,At Intersection (intersection related),18,"MOTOR VEHICLE STRUCK PEDALCYCLIST, FRONT END AT ANGLE",Y,N,Clear or Partly Cloudy,Dry,Daylight,,,,45.0,Vehicle - Pedalcyclist,22289,0,N,POINT (1278371.477049842 237534.0033672899),2600.0,0.0,Clear or Partly Cloudy,2014-09-14,11:49:00,11.0,6,0,0.0,Clear or Partly Cloudy
149249,177038,177058,3577045,Matched,Intersection,23872.0,24TH AVE NW AND NW 80TH ST,,,2,Injury Collision,Cycles,3,0,2,1,2,0,0,2014-10-10T00:00:00.000Z,10/10/2014 8:06:00 PM,At Intersection (intersection related),18,"MOTOR VEHICLE STRUCK PEDALCYCLIST, FRONT END AT ANGLE",,N,Overcast,Dry,Dark - Street Lights On,Y,,,45.0,Vehicle - Pedalcyclist,0,520932,N,POINT (1257621.964324608 254390.1324085444),5334.0,0.0,Overcast,2014-10-10,20:06:00,20.0,4,1,0.0,Clear or Partly Cloudy
149364,176583,176603,E346362,Matched,Block,,3RD AVE BETWEEN WALL ST AND VINE ST,,,2,Injury Collision,Cycles,0,0,1,1,1,0,0,2014-08-03T00:00:00.000Z,8/3/2014 11:31:00 AM,Mid-Block (not related to intersection),21,"MOTOR VEHICLE STRUCK PEDALCYCLIST, REAR END",,N,Clear or Partly Cloudy,Dry,Daylight,,,,45.0,Vehicle - Pedalcyclist,35635,0,N,POINT (1266990.396718189 228481.7911980152),19542.0,1.7771057435477815e-05,Clear or Partly Cloudy,2014-08-03,11:31:00,11.0,6,0,0.0,Clear or Partly Cloudy
149376,176363,176383,3591031,Matched,Block,,FAIRVIEW AVE N BETWEEN THOMAS ST AND HARRISON ST,,,2,Injury Collision,Cycles,2,0,1,1,1,0,0,2014-10-01T00:00:00.000Z,10/1/2014 4:30:00 PM,Mid-Block (not related to intersection),51,PEDALCYCLIST STRUCK MOTOR VEHICLE FRONT END AT ANGLE,Y,N,Clear or Partly Cloudy,Dry,Daylight,,,,45.0,Vehicle - Pedalcyclist,25099,0,N,POINT (1270287.618801579 230283.9277758598),16493.0,4.296819865283879e-06,Clear or Partly Cloudy,2014-10-01,16:30:00,16.0,2,1,1.0,Clear or Partly Cloudy
149419,177253,177273,3696242,Matched,Intersection,29653.0,5TH AVE AND DENNY WAY,,,2,Injury Collision,Cycles,5,0,1,1,1,0,0,2014-10-09T00:00:00.000Z,10/9/2014 8:06:00 PM,At Intersection (intersection related),51,PEDALCYCLIST STRUCK MOTOR VEHICLE FRONT END AT ANGLE,Y,N,Clear or Partly Cloudy,Dry,Dark - Street Lights On,,,,45.0,Vehicle - Pedalcyclist,41816,0,N,POINT (1266975.486766174 229310.1341748685),691.0,0.0,Clear or Partly Cloudy,2014-10-09,20:06:00,20.0,3,1,0.0,Clear or Partly Cloudy
149470,175852,175872,3703270,Matched,Intersection,25482.0,KENWOOD PL N AND EAST GREEN LAKE WAY N,,,2,Injury Collision,Cycles,2,0,1,1,1,0,0,2014-09-23T00:00:00.000Z,9/23/2014 5:46:00 PM,At Intersection (intersection related),18,"MOTOR VEHICLE STRUCK PEDALCYCLIST, FRONT END AT ANGLE",,N,Raining,Wet,Daylight,Y,,,45.0,Vehicle - Pedalcyclist,0,524207,N,POINT (1269823.795761093 248814.1795068383),18087.0,0.0,Raining,2014-09-23,17:46:00,17.0,1,1,1.0,Raining
149493,176204,176224,3706342,Matched,Block,,UNIVERSITY WAY NE BETWEEN NE CAMPUS WB PY AND NE 41ST ST,,,2,Injury Collision,Cycles,2,0,1,1,1,0,0,2014-09-03T00:00:00.000Z,9/3/2014 5:30:00 PM,Mid-Block (not related to intersection),51,PEDALCYCLIST STRUCK MOTOR VEHICLE FRONT END AT ANGLE,,N,Clear or Partly Cloudy,Dry,Daylight,,,,45.0,Vehicle - Pedalcyclist,5673,0,N,POINT (1275715.954999134 242986.8786368668),19048.0,7.720732433710532e-09,Clear or Partly Cloudy,2014-09-03,17:30:00,17.0,2,1,1.0,Clear or Partly Cloudy
149516,177076,177096,3642931,Matched,Intersection,29839.0,12TH AVE AND E SPRUCE ST,,,2,Injury Collision,Cycles,2,0,1,1,1,0,0,2014-10-10T00:00:00.000Z,10/10/2014 5:33:00 PM,At Intersection (intersection related),18,"MOTOR VEHICLE STRUCK PEDALCYCLIST, FRONT END AT ANGLE",,N,Clear or Partly Cloudy,Dry,Daylight,,,,45.0,Vehicle - Pedalcyclist,10576,0,N,POINT (1274474.081845865 223670.7575290948),1167.0,0.0,Clear or Partly Cloudy,2014-10-10,17:33:00,17.0,4,1,1.0,Clear or Partly Cloudy
149533,177069,177089,3588829,Matched,Intersection,25415.0,15TH AVE NW AND NW 56TH ST,,,2,Injury Collision,Cycles,3,0,1,1,1,0,0,2014-10-12T00:00:00.000Z,10/12/2014 12:06:00 PM,At Intersection (intersection related),18,"MOTOR VEHICLE STRUCK PEDALCYCLIST, FRONT END AT ANGLE",Y,N,Clear or Partly Cloudy,Dry,Daylight,,,,45.0,Vehicle - Pedalcyclist,0,0,N,POINT (1260297.143591344 248002.5673460066),7472.0,0.0,Clear or Partly Cloudy,2014-10-12,12:06:00,12.0,6,0,0.0,Clear or Partly Cloudy
149572,178686,178726,3572722,Matched,Intersection,24149.0,MARY AVE NW AND NW 77TH ST,,,2,Injury Collision,Cycles,4,0,1,1,1,0,0,2014-11-01T00:00:00.000Z,11/1/2014 6:33:00 PM,At Intersection (intersection related),18,"MOTOR VEHICLE STRUCK PEDALCYCLIST, FRONT END AT ANGLE",,N,Clear or Partly Cloudy,Dry,Dark - Street Lights On,,,,45.0,Vehicle - Pedalcyclist,0,0,N,POINT (1260600.005159646 253695.7321518362),11129.0,0.0,Clear or Partly Cloudy,2014-11-01,18:33:00,18.0,5,0,1.0,Clear or Partly Cloudy
149583,175222,175242,3702914,Matched,Block,,FREMONT AVE N BETWEEN N 34TH ST AND FREMONT PL N,,,2,Injury Collision,Cycles,2,0,1,1,1,0,0,2014-08-14T00:00:00.000Z,8/14/2014 6:31:00 PM,Mid-Block (not related to intersection),51,PEDALCYCLIST STRUCK MOTOR VEHICLE FRONT END AT ANGLE,Y,N,Overcast,Dry,Daylight,,,,45.0,Vehicle - Pedalcyclist,8236,0,N,POINT (1266666.364461869 240786.3849386275),6356.0,3.755198193088441e-10,Overcast,2014-08-14,18:31:00,18.0,3,1,1.0,Clear or Partly Cloudy
149643,176620,176640,3591001,Matched,Block,,DEXTER AVE N BETWEEN WHEELER ST AND HALLADAY ST,,,2,Injury Collision,Cycles,2,0,1,1,1,0,0,2014-09-23T00:00:00.000Z,9/23/2014 7:56:00 AM,Mid-Block (not related to intersection),51,PEDALCYCLIST STRUCK MOTOR VEHICLE FRONT END AT ANGLE,Y,N,Overcast,Dry,Daylight,,,,45.0,Vehicle - Pedalcyclist,13853,0,N,POINT (1267867.141551092 237686.7124874443),17906.0,0.0,Overcast,2014-09-23,07:56:00,7.0,1,1,1.0,Clear or Partly Cloudy
149724,175883,175903,3705095,Matched,Block,,7TH AVE BETWEEN DEXTER AVE AND BATTERY ST,,,2,Injury Collision,Cycles,2,0,2,0,2,0,0,2014-09-17T00:00:00.000Z,9/17/2014 7:40:00 AM,Mid-Block (not related to intersection),58,PEDALCYCLIST STRUCK PEDALCYCLIST FRONT END AT ANGLE,,N,,,,,,,45.0,Vehicle - Pedalcyclist,13733,0,N,POINT (1268226.72209546 229098.9823026508),12991.0,0.0,,2014-09-17,07:40:00,7.0,2,1,1.0,
149735,176219,176239,3642884,Matched,Intersection,30114.0,20TH AVE AND E MADISON ST,,,1,Property Damage Only Collision,Cycles,2,0,1,1,0,0,0,2014-09-30T00:00:00.000Z,9/30/2014 7:27:00 PM,At Intersection (intersection related),11,"MOTOR VEHICLE STRUCK MOTOR VEHICLE, FRONT END AT ANGLE",Y,N,Clear or Partly Cloudy,,Dark - Street Lights On,,,,45.0,Vehicle - Pedalcyclist,23081,0,N,POINT (1277195.704888642 228634.6149421781),149.0,0.0,Clear or Partly Cloudy,2014-09-30,19:27:00,19.0,1,1,1.0,Clear or Partly Cloudy
149742,176217,176237,3591009,Matched,Intersection,28889.0,ROY ST AND TAYLOR AVE N,,,1,Property Damage Only Collision,Cycles,2,0,1,1,0,0,0,2014-09-30T00:00:00.000Z,9/30/2014 2:05:00 PM,At Intersection (intersection related),51,PEDALCYCLIST STRUCK MOTOR VEHICLE FRONT END AT ANGLE,,N,Clear or Partly Cloudy,Dry,Daylight,,,,45.0,Vehicle - Pedalcyclist,11276,0,N,POINT (1267360.416814581 231800.5743694156),944.0,0.0,Clear or Partly Cloudy,2014-09-30,14:05:00,14.0,1,1,0.0,Clear or Partly Cloudy
149769,176857,176877,3696240,Matched,Block,,2ND AVE BETWEEN UNION ST AND PIKE ST,,,2,Injury Collision,Cycles,2,0,1,1,1,0,0,2014-10-08T00:00:00.000Z,10/8/2014 8:10:00 AM,Driveway Junction,18,"MOTOR VEHICLE STRUCK PEDALCYCLIST, FRONT END AT ANGLE",,N,Clear or Partly Cloudy,Dry,Daylight,Y,,,45.0,Vehicle - Pedalcyclist,42160,0,N,POINT (1269167.241392419 225698.1291791648),135.0,1.0206619767903732e-08,Clear or Partly Cloudy,2014-10-08,08:10:00,8.0,2,1,1.0,Clear or Partly Cloudy