OBJECTID,INCKEY,COLDETKEY,REPORTNO,STATUS,ADDRTYPE,INTKEY,LOCATION,EXCEPTRSNC,EXCEPTRSND,SEVERITYCO,SEVERITYDE,COLLISIONT,PERSONCOUN,PEDCOUNT,PEDCYLCOUN,VEHCOUNT,INJURIES,SERIOUSINJ,FATALITIES,INCDATE,INCDTTM,JUNCTIONTY,SDOT_COLCO,SDOT_COLDE,INATTENTIO,UNDERINFL,WEATHER,ROADCOND,LIGHTCOND,PEDROWNOTG,SDOTCOLNUM,SPEEDING,ST_COLCODE,ST_COLDESC,SEGLANEKEY,CROSSWALKK,HITPARKEDC,geometry,near_str_index,min_length,weather_group,date,time,hour,dayofweek,weekday,rushhour,weather_group2
149775,176854,176874,3644525,Matched,Block,,SW THISTLE ST BETWEEN 26TH AVE SW AND 27TH AVE SW,,,2,Injury Collision,Cycles,3,0,1,1,1,0,0,2014-10-02T00:00:00.000Z,10/2/2014 8:29:00 AM,Mid-Block (not related to intersection),51,PEDALCYCLIST STRUCK MOTOR VEHICLE FRONT END AT ANGLE,,N,Clear or Partly Cloudy,Dry,Daylight,,,,45.0,Vehicle - Pedalcyclist,4346,0,N,POINT (1261656.789800733 196474.2232292444),10047.0,0.0,Clear or Partly Cloudy,2014-10-02,08:29:00,8.0,3,1,1.0,Clear or Partly Cloudy
149814,177737,177757,3642942,Matched,Intersection,28404.0,24TH AVE E AND E CALHOUN ST,,,2,Injury Collision,Cycles,2,0,1,1,1,0,0,2014-10-17T00:00:00.000Z,10/17/2014 8:00:00 AM,At Intersection (intersection related),18,"MOTOR VEHICLE STRUCK PEDALCYCLIST, FRONT END AT ANGLE",,N,Raining,Wet,Unknown,,,,45.0,Vehicle - Pedalcyclist,0,0,N,POINT (1278364.711225837 237267.920039013),5327.0,0.0,Raining,2014-10-17,08:00:00,8.0,4,1,1.0,Raining
149824,178221,178241,3575337,Matched,Block,,NE 65TH ST BETWEEN 21ST E AVE NE AND 22ND AVE NE,,,2,Injury Collision,Cycles,2,0,1,1,1,0,0,2014-10-26T00:00:00.000Z,10/26/2014 3:15:00 PM,Mid-Block (not related to intersection),18,"MOTOR VEHICLE STRUCK PEDALCYCLIST, FRONT END AT ANGLE",Y,N,Clear or Partly Cloudy,Wet,Daylight,,,,45.0,Vehicle - Pedalcyclist,29728,0,N,POINT (1277934.691129401 249968.1598600149),7305.0,1.3746062600468927e-05,Clear or Partly Cloudy,2014-10-26,15:15:00,15.0,6,0,1.0,Clear or Partly Cloudy
149834,178725,178766,3705316,Matched,Block,,MERCER NR ST BETWEEN WESTLAKE AVE N AND TERRY AVE N,,,2,Injury Collision,Cycles,2,0,1,1,1,0,0,2014-10-11T00:00:00.000Z,10/11/2014 11:26:00 AM,Mid-Block (not related to intersection),18,"MOTOR VEHICLE STRUCK PEDALCYCLIST, FRONT END AT ANGLE",,N,Clear or Partly Cloudy,Dry,Daylight,,,,45.0,Vehicle - Pedalcyclist,24589,0,N,POINT (1269445.161520705 231494.2285131067),13013.0,0.0,Clear or Partly Cloudy,2014-10-11,11:26:00,11.0,5,0,0.0,Clear or Partly Cloudy
149862,178515,178555,3706271,Matched,Block,,15TH AVE NE BETWEEN NE 41ST ST AND NE 42ND ST,,,2,Injury Collision,Cycles,2,0,1,1,1,0,0,2014-10-14T00:00:00.000Z,10/14/2014 3:07:00 PM,Mid-Block (not related to intersection),14,"MOTOR VEHICLE STRUCK MOTOR VEHICLE, REAR END",Y,N,Overcast,Dry,Daylight,,,,45.0,Vehicle - Pedalcyclist,21309,0,N,POINT (1276009.870839432 243359.0692932606),15665.0,1.055708443686189e-05,Overcast,2014-10-14,15:07:00,15.0,1,1,1.0,Clear or Partly Cloudy
149971,175504,175524,3641104,Matched,Block,,WESTLAKE EAST RDWY AVE N BETWEEN HIGHLAND DR AND COMSTOCK ST,,,1,Property Damage Only Collision,Cycles,2,0,1,1,0,0,0,2014-08-26T00:00:00.000Z,8/26/2014 6:35:00 PM,Mid-Block (not related to intersection),54,PEDALCYCLIST STRUCK MOTOR VEHICLE REAR END,Y,N,Clear or Partly Cloudy,Dry,Daylight,,,,45.0,Vehicle - Pedalcyclist,0,0,N,POINT (1268754.095344007 233541.2939871997),21348.0,2.7549723939537274e-05,Clear or Partly Cloudy,2014-08-26,18:35:00,18.0,1,1,1.0,Clear or Partly Cloudy
149982,178527,178567,2546098,Matched,Intersection,34911.0,17TH AVE SW AND SW ROXBURY ST,,,2,Injury Collision,Cycles,2,0,1,1,1,0,0,2014-10-01T00:00:00.000Z,10/1/2014 6:51:00 PM,At Intersection (intersection related),24,MOTOR VEHCILE STRUCK PEDESTRIAN,Y,N,Clear or Partly Cloudy,Dry,Dusk,Y,,,45.0,Vehicle - Pedalcyclist,0,520767,N,POINT (1264052.821291193 192442.8174011111),4735.0,0.0,Clear or Partly Cloudy,2014-10-01,18:51:00,18.0,2,1,1.0,Clear or Partly Cloudy
152017,181451,181491,3642243,Matched,Intersection,25489.0,EAST GREEN LAKE WAY N AND WEST GREEN LAKE WAY N,,,2,Injury Collision,Cycles,2,0,1,1,1,0,0,2014-12-10T00:00:00.000Z,12/10/2014 4:49:00 PM,At Intersection (intersection related),18,"MOTOR VEHICLE STRUCK PEDALCYCLIST, FRONT END AT ANGLE",,N,Raining,Wet,Dark - Street Lights On,Y,,,45.0,Vehicle - Pedalcyclist,42025,0,N,POINT (1269226.197552487 247789.821617797),6840.0,0.0,Raining,2014-12-10,16:49:00,16.0,2,1,1.0,Raining
152035,181454,181494,3642495,Matched,Intersection,29238.0,LAKE WASHINGTON BLVD E AND E MADISON ST,,,2,Injury Collision,Cycles,3,0,1,1,1,0,0,2014-11-07T00:00:00.000Z,11/7/2014 11:33:00 AM,At Intersection (intersection related),51,PEDALCYCLIST STRUCK MOTOR VEHICLE FRONT END AT ANGLE,Y,N,Clear or Partly Cloudy,Dry,Daylight,Y,,,45.0,Vehicle - Pedalcyclist,8965,0,N,POINT (1280633.632572159 231763.0291533768),10179.0,0.0,Clear or Partly Cloudy,2014-11-07,11:33:00,11.0,4,1,0.0,Clear or Partly Cloudy
152092,179019,179059,3606321,Matched,Block,,LAKEVIEW BLVD E BETWEEN E GARFIELD ST AND HARVARD AVE E,,,2,Injury Collision,Cycles,4,0,1,1,1,0,0,2014-11-05T00:00:00.000Z,11/5/2014 9:15:00 AM,Mid-Block (not related to intersection),18,"MOTOR VEHICLE STRUCK PEDALCYCLIST, FRONT END AT ANGLE",,N,Overcast,Dry,Daylight,,,,45.0,Vehicle - Pedalcyclist,8269,0,N,POINT (1273313.356532663 235256.0079089552),6462.0,9.056032802750305e-07,Overcast,2014-11-05,09:15:00,9.0,2,1,1.0,Clear or Partly Cloudy
152111,182853,182913,3575705,Matched,Intersection,25178.0,BALLARD AVE NW AND NW DOCK PL,,,2,Injury Collision,Cycles,2,0,1,1,1,0,0,2015-01-05T00:00:00.000Z,1/5/2015 5:02:00 PM,At Intersection (intersection related),18,"MOTOR VEHICLE STRUCK PEDALCYCLIST, FRONT END AT ANGLE",Y,N,Overcast,Wet,Dark - Street Lights On,,,,45.0,Vehicle - Pedalcyclist,26313,0,N,POINT (1259104.774950117 246209.3851361722),621.0,0.0,Overcast,2015-01-05,17:02:00,17.0,0,1,1.0,Clear or Partly Cloudy
152122,179020,179060,3642290,Matched,Block,,HARVARD AVE E BETWEEN LAKEVIEW BLVD E AND E BOSTON ST,,,2,Injury Collision,Cycles,2,0,1,1,1,0,0,2014-11-04T00:00:00.000Z,11/4/2014 7:53:00 AM,Mid-Block (not related to intersection),18,"MOTOR VEHICLE STRUCK PEDALCYCLIST, FRONT END AT ANGLE",Y,N,Raining,Wet,Daylight,,,,45.0,Vehicle - Pedalcyclist,8271,0,N,POINT (1273322.873076677 235961.62755768),761.0,1.034147967071599e-05,Raining,2014-11-04,07:53:00,7.0,1,1,1.0,Raining
152140,179983,180043,3693860,Matched,Block,,S COLLEGE ST BETWEEN RAINIER S AVE S AND 25TH AVE S,,,2,Injury Collision,Cycles,1,0,1,0,1,0,0,2014-11-19T00:00:00.000Z,11/19/2014 8:41:00 AM,Mid-Block (but intersection related),69,PEDALCYCLIST OVERTURNED IN ROAD,,N,Clear or Partly Cloudy,Dry,Daylight,,,,45.0,Vehicle - Pedalcyclist,0,0,N,POINT (1278232.890297711 216092.1288493276),1716.0,3.0833597445350185e-05,Clear or Partly Cloudy,2014-11-19,08:41:00,8.0,2,1,1.0,Clear or Partly Cloudy
152171,181697,181737,3640950,Matched,Block,,PIKE ST BETWEEN 1ST AVE AND 2ND AVE,,,2,Injury Collision,Cycles,2,0,1,1,1,0,0,2014-12-18T00:00:00.000Z,12/18/2014 8:39:00 AM,Mid-Block (not related to intersection),29,MOTOR VEHICLE OVERTURNED IN ROAD,,N,Clear or Partly Cloudy,Dry,Daylight,,,,45.0,Vehicle - Pedalcyclist,36905,0,N,POINT (1268920.272176176 225799.4231952727),3705.0,1.4131483945438125e-05,Clear or Partly Cloudy,2014-12-18,08:39:00,8.0,3,1,1.0,Clear or Partly Cloudy
152259,180398,180458,3584001,Matched,Intersection,30541.0,6TH AVE S AND SEATTLE W BLVD S,,,2,Injury Collision,Cycles,2,0,1,1,1,0,0,2014-12-04T00:00:00.000Z,12/4/2014 2:30:00 PM,At Intersection (intersection related),51,PEDALCYCLIST STRUCK MOTOR VEHICLE FRONT END AT ANGLE,,N,Raining,Wet,Daylight,,,,45.0,Vehicle - Pedalcyclist,5794,0,N,POINT (1272048.087603375 220659.091094017),6096.0,0.0,Raining,2014-12-04,14:30:00,14.0,3,1,0.0,Raining
152332,182699,182759,3707928,Matched,Intersection,24392.0,5TH AVE NE AND NE 80TH ST,,,2,Injury Collision,Cycles,2,0,1,1,1,0,0,2014-12-28T00:00:00.000Z,12/28/2014 9:10:00 AM,At Intersection (intersection related),18,"MOTOR VEHICLE STRUCK PEDALCYCLIST, FRONT END AT ANGLE",,Y,Clear or Partly Cloudy,Wet,Daylight,,,,45.0,Vehicle - Pedalcyclist,28530,0,N,POINT (1273540.196660906 254069.6646962166),8662.0,0.0,Clear or Partly Cloudy,2014-12-28,09:10:00,9.0,6,0,1.0,Clear or Partly Cloudy
152352,182442,182502,3701872,Matched,Intersection,29875.0,SUMMIT AVE AND E PIKE ST,,,2,Injury Collision,Cycles,2,0,1,1,1,0,0,2014-12-23T00:00:00.000Z,12/23/2014 10:26:00 PM,At Intersection (intersection related),18,"MOTOR VEHICLE STRUCK PEDALCYCLIST, FRONT END AT ANGLE",,N,Raining,Wet,Dark - Street Lights Off,,,,45.0,Vehicle - Pedalcyclist,31153,0,N,POINT (1272394.933043733 227568.8339490891),3778.0,0.0,Raining,2014-12-23,22:26:00,22.0,1,1,0.0,Raining
152360,180406,180466,3588432,Matched,Block,,VIRGINIA ST BETWEEN 7TH AVE AND 8TH AVE,,,2,Injury Collision,Cycles,2,0,1,1,1,0,0,2014-12-08T00:00:00.000Z,12/8/2014 6:04:00 AM,Driveway Junction,51,PEDALCYCLIST STRUCK MOTOR VEHICLE FRONT END AT ANGLE,,N,Clear or Partly Cloudy,Wet,Dark - Street Lights On,,,,45.0,Vehicle - Pedalcyclist,14306,0,N,POINT (1269565.672624826 228098.3673896343),3808.0,5.012251997302299e-09,Clear or Partly Cloudy,2014-12-08,06:04:00,6.0,0,1,0.0,Clear or Partly Cloudy
152377,179620,179680,3585140,Matched,Block,,DENNY WAY BETWEEN 6TH AVE AND 7TH NB AVE N,,,1,Property Damage Only Collision,Cycles,2,0,1,1,0,0,0,2014-11-20T00:00:00.000Z,11/20/2014 8:40:00 AM,Driveway Junction,18,"MOTOR VEHICLE STRUCK PEDALCYCLIST, FRONT END AT ANGLE",,N,Overcast,Wet,Daylight,Y,,,45.0,Vehicle - Pedalcyclist,0,0,N,POINT (1267786.926511005 229289.5957428515),13112.0,2.4168328252520603e-05,Overcast,2014-11-20,08:40:00,8.0,3,1,1.0,Clear or Partly Cloudy
152511,179047,179087,3586985,Matched,Intersection,36586.0,1ST AVE NE AND NE NORTHGATE WAY,,,2,Injury Collision,Cycles,2,0,1,1,1,0,0,2014-11-06T00:00:00.000Z,11/6/2014 12:57:00 PM,At Intersection (intersection related),18,"MOTOR VEHICLE STRUCK PEDALCYCLIST, FRONT END AT ANGLE",Y,N,Overcast,Wet,Daylight,,,,45.0,Vehicle - Pedalcyclist,0,521147,N,POINT (1272295.527987629 262062.2952324003),2277.0,0.0,Overcast,2014-11-06,12:57:00,12.0,3,1,0.0,Clear or Partly Cloudy
152584,183998,184078,3641353,Matched,Intersection,28788.0,DEXTER AVE N AND THOMAS ST,,,2,Injury Collision,Cycles,2,0,1,1,1,0,0,2015-01-19T00:00:00.000Z,1/19/2015,At Intersection (intersection related),51,PEDALCYCLIST STRUCK MOTOR VEHICLE FRONT END AT ANGLE,,N,Clear or Partly Cloudy,Dry,Unknown,Y,,,45.0,Vehicle - Pedalcyclist,42777,0,N,POINT (1268283.993903518 230129.8392637074),3489.0,0.0,Clear or Partly Cloudy,2015-01-19,00:00:00,,0,1,,Clear or Partly Cloudy
152598,182462,182522,3626323,Matched,Block,,HARVARD AVE BETWEEN E HOWELL ST AND E DENNY WAY,,,1,Property Damage Only Collision,Cycles,2,0,1,1,0,0,0,2014-12-23T00:00:00.000Z,12/23/2014 4:08:00 PM,Mid-Block (but intersection related),52,PEDALCYCLIST STRUCK MOTOR VEHICLE RIGHT SIDE AT ANGLE,,N,Raining,Wet,Dark - Street Lights On,,,,45.0,Vehicle - Pedalcyclist,0,0,N,POINT (1273246.4559246 229032.8899505883),6409.0,1.1583970562192509e-05,Raining,2014-12-23,16:08:00,16.0,1,1,1.0,Raining
152600,181996,182069,3732483,Matched,Block,,4TH AVE S BETWEEN S MAIN ST AND S JACKSON ST,,,1,Property Damage Only Collision,Cycles,2,0,1,1,0,0,0,2014-12-18T00:00:00.000Z,12/18/2014 9:08:00 AM,Mid-Block (but intersection related),54,PEDALCYCLIST STRUCK MOTOR VEHICLE REAR END,,N,Overcast,Dry,Daylight,,,,45.0,Vehicle - Pedalcyclist,5750,0,N,POINT (1271441.052786753 222307.9557996988),5733.0,2.707079233585672e-05,Overcast,2014-12-18,09:08:00,9.0,3,1,1.0,Clear or Partly Cloudy
152607,181994,182067,3732479,Matched,Intersection,29082.0,FAIRVIEW AVE E AND FAIRVIEW AVE N,,,2,Injury Collision,Cycles,2,0,1,1,1,0,0,2014-12-17T00:00:00.000Z,12/17/2014 8:56:00 AM,At Intersection (intersection related),18,"MOTOR VEHICLE STRUCK PEDALCYCLIST, FRONT END AT ANGLE",Y,N,Raining,Dry,Daylight,,,,45.0,Vehicle - Pedalcyclist,41464,0,N,POINT (1272182.856499508 234073.3730917424),15946.0,0.0,Raining,2014-12-17,08:56:00,8.0,2,1,1.0,Raining
152639,184194,184274,3552744,Matched,Intersection,27079.0,ROOSEVELT WAY NE AND NE 43RD S ST,,,2,Injury Collision,Cycles,2,0,1,1,1,0,0,2015-01-28T00:00:00.000Z,1/28/2015 8:46:00 AM,At Intersection (intersection related),51,PEDALCYCLIST STRUCK MOTOR VEHICLE FRONT END AT ANGLE,,N,Clear or Partly Cloudy,Dry,Daylight,Y,,,45.0,Vehicle - Pedalcyclist,8995,0,N,POINT (1274628.363574013 244077.2041419894),1396.0,0.0,Clear or Partly Cloudy,2015-01-28,08:46:00,8.0,2,1,1.0,Clear or Partly Cloudy
152683,185457,185537,3626826,Matched,Intersection,30015.0,26TH AVE AND E PIKE ST,,,2,Injury Collision,Cycles,2,0,1,1,1,0,0,2015-02-13T00:00:00.000Z,2/13/2015 5:20:00 PM,At Intersection (intersection related),0,NOT ENOUGH INFORMATION / NOT APPLICABLE,,N,Clear or Partly Cloudy,Dry,Daylight,,,,45.0,Vehicle - Pedalcyclist,0,30015,N,POINT (1278984.981306478 227458.6285089701),5372.0,0.0,Clear or Partly Cloudy,2015-02-13,17:20:00,17.0,4,1,1.0,Clear or Partly Cloudy
152685,185445,185525,3626801,Matched,Intersection,29937.0,8TH AVE AND MARION ST,,,2,Injury Collision,Cycles,2,0,1,1,1,0,0,2015-02-12T00:00:00.000Z,2/12/2015 5:07:00 PM,At Intersection (intersection related),18,"MOTOR VEHICLE STRUCK PEDALCYCLIST, FRONT END AT ANGLE",,N,Clear or Partly Cloudy,Dry,Dusk,,,,45.0,Vehicle - Pedalcyclist,0,29937,N,POINT (1271778.120499104 225078.955930531),563.0,0.0,Clear or Partly Cloudy,2015-02-12,17:07:00,17.0,3,1,1.0,Clear or Partly Cloudy
152686,186323,186403,3591056,Matched,Block,,STEWART ST BETWEEN 6TH AVE AND 7TH AVE,,,2,Injury Collision,Cycles,3,0,1,1,1,0,0,2015-02-12T00:00:00.000Z,2/12/2015 12:42:00 PM,Mid-Block (not related to intersection),56,PEDALCYCLIST STRUCK MOTOR VEHICLE LEFT SIDE SIDESWIPE,,N,Clear or Partly Cloudy,Dry,Daylight,,,,45.0,Vehicle - Pedalcyclist,13648,0,N,POINT (1269663.632496938 227572.9638050944),965.0,1.0228477162850205e-05,Clear or Partly Cloudy,2015-02-12,12:42:00,12.0,3,1,0.0,Clear or Partly Cloudy
152698,185441,185521,3576968,Matched,Intersection,25966.0,NE 45TH PL AND NE 45TH ST,,,2,Injury Collision,Cycles,2,0,1,1,1,0,0,2015-02-17T00:00:00.000Z,2/17/2015 2:55:00 PM,At Intersection (intersection related),18,"MOTOR VEHICLE STRUCK PEDALCYCLIST, FRONT END AT ANGLE",Y,N,Clear or Partly Cloudy,Dry,Daylight,,,,45.0,Vehicle - Pedalcyclist,25843,0,N,POINT (1280772.897596315 244611.7482705414),6719.0,0.0,Clear or Partly Cloudy,2015-02-17,14:55:00,14.0,1,1,0.0,Clear or Partly Cloudy
152803,185481,185561,3707971,Matched,Intersection,24908.0,35TH AVE NE AND NE 80TH ST,,,2,Injury Collision,Cycles,2,0,1,1,1,0,0,2015-02-13T00:00:00.000Z,2/13/2015 6:08:00 PM,At Intersection (intersection related),18,"MOTOR VEHICLE STRUCK PEDALCYCLIST, FRONT END AT ANGLE",,N,Overcast,Dry,Dark - Street Lights On,,,,45.0,Vehicle - Pedalcyclist,0,24908,N,POINT (1281506.738493055 253877.3846320212),7356.0,0.0,Overcast,2015-02-13,18:08:00,18.0,4,1,1.0,Clear or Partly Cloudy
152814,185477,185557,3591048,Matched,Block,,2ND AVE BETWEEN UNIVERSITY ST AND UNION ST,,,2,Injury Collision,Cycles,2,0,1,1,1,0,0,2015-02-17T00:00:00.000Z,2/17/2015 8:09:00 AM,Driveway Junction,18,"MOTOR VEHICLE STRUCK PEDALCYCLIST, FRONT END AT ANGLE",,N,Clear or Partly Cloudy,Dry,Daylight,Y,,Y,45.0,Vehicle - Pedalcyclist,42166,0,N,POINT (1269384.209328651 225331.5899147987),16946.0,0.0,Clear or Partly Cloudy,2015-02-17,08:09:00,8.0,1,1,1.0,Clear or Partly Cloudy
152843,183324,183404,3626471,Matched,Intersection,29809.0,12TH AVE AND E JEFFERSON ST,,,2,Injury Collision,Cycles,2,0,1,1,1,0,0,2015-01-13T00:00:00.000Z,1/13/2015 5:57:00 PM,At Intersection (intersection related),51,PEDALCYCLIST STRUCK MOTOR VEHICLE FRONT END AT ANGLE,,N,Clear or Partly Cloudy,Dry,Daylight,Y,,Y,45.0,Vehicle - Pedalcyclist,10458,0,N,POINT (1274493.248053879 224651.3819140941),2320.0,0.0,Clear or Partly Cloudy,2015-01-13,17:57:00,17.0,1,1,1.0,Clear or Partly Cloudy
152857,186327,186407,3708986,Matched,Block,,S ALASKA ST BETWEEN RAINIER AVE S AND 38TH AVE S,,,2,Injury Collision,Cycles,1,0,1,0,1,0,0,2015-02-25T00:00:00.000Z,2/25/2015 4:36:00 PM,Driveway Junction,69,PEDALCYCLIST OVERTURNED IN ROAD,,N,Overcast,Wet,Daylight,,,,45.0,Vehicle - Pedalcyclist,0,0,N,POINT (1281780.24556534 207927.6570969671),12851.0,3.125888216282759e-05,Overcast,2015-02-25,16:36:00,16.0,2,1,1.0,Clear or Partly Cloudy
152969,186078,186158,3644466,Matched,Block,,DELRIDGE WAY SW BETWEEN SW SPOKANE ST AND CHELAN SR AVE SW,,,2,Injury Collision,Cycles,2,0,1,1,1,0,0,2015-02-25T00:00:00.000Z,2/25/2015 5:28:00 PM,Mid-Block (but intersection related),18,"MOTOR VEHICLE STRUCK PEDALCYCLIST, FRONT END AT ANGLE",,N,Raining,Wet,Daylight,,,,45.0,Vehicle - Pedalcyclist,38793,0,N,POINT (1263574.609194696 212373.7643015236),3471.0,1.3695607643700864e-05,Raining,2015-02-25,17:28:00,17.0,2,1,1.0,Raining
152987,186666,186746,3585106,Matched,Block,,DEXTER AVE N BETWEEN THOMAS ST AND HARRISON ST,,,2,Injury Collision,Cycles,2,0,1,1,1,0,0,2015-03-04T00:00:00.000Z,3/4/2015 6:19:00 PM,Driveway Junction,18,"MOTOR VEHICLE STRUCK PEDALCYCLIST, FRONT END AT ANGLE",,N,Clear or Partly Cloudy,Dry,Dark - Street Lights On,,,,45.0,Vehicle - Pedalcyclist,42728,0,N,POINT (1268289.419183522 230342.6783039272),14778.0,0.0,Clear or Partly Cloudy,2015-03-04,18:19:00,18.0,2,1,1.0,Clear or Partly Cloudy
151014,181857,181917,3696642,Matched,Block,,5TH AVE BETWEEN 5TH AVE S AND TERRACE ST,,,2,Injury Collision,Cycles,2,0,1,1,1,0,0,2014-12-19T00:00:00.000Z,12/19/2014 5:12:00 PM,Mid-Block (not related to intersection),54,PEDALCYCLIST STRUCK MOTOR VEHICLE REAR END,,N,Clear or Partly Cloudy,Dry,Dark - No Street Lights,,,,45.0,Vehicle - Pedalcyclist,36365,0,N,POINT (1271774.15192309 223167.7902325839),15167.0,1.2549432326317674e-05,Clear or Partly Cloudy,2014-12-19,17:12:00,17.0,4,1,1.0,Clear or Partly Cloudy
151018,182030,182103,3575589,Matched,Block,,5TH AVE NE BETWEEN NE 112TH N ST AND NE 115TH ST,,,2,Injury Collision,Cycles,2,0,1,1,1,0,0,2014-12-23T00:00:00.000Z,12/23/2014 5:25:00 PM,Driveway Junction,11,"MOTOR VEHICLE STRUCK MOTOR VEHICLE, FRONT END AT ANGLE",,N,Raining,Wet,Dark - Street Lights On,Y,,,45.0,Vehicle - Pedalcyclist,27414,0,N,POINT (1273614.111796975 262942.8535053134),5883.0,2.7260045878372285e-05,Raining,2014-12-23,17:25:00,17.0,1,1,1.0,Raining
151052,179677,179737,3591137,Matched,Block,,QUEEN ANNE AVE N BETWEEN BOSTON ST AND MCGRAW ST,,,2,Injury Collision,Cycles,2,0,1,1,1,0,0,2014-11-05T00:00:00.000Z,11/5/2014 6:30:00 PM,Mid-Block (not related to intersection),18,"MOTOR VEHICLE STRUCK PEDALCYCLIST, FRONT END AT ANGLE",,N,Raining,Wet,Dusk,,,,45.0,Vehicle - Pedalcyclist,10905,0,N,POINT (1264830.190507978 236801.7209985405),23118.0,7.4476757707986806e-09,Raining,2014-11-05,18:30:00,18.0,2,1,1.0,Raining
151066,179439,179499,3586053,Matched,Intersection,29592.0,2ND AVE AND PIKE ST,,,2,Injury Collision,Cycles,1,0,1,0,1,0,0,2014-11-13T00:00:00.000Z,11/13/2014 9:35:00 AM,At Intersection (intersection related),18,"MOTOR VEHICLE STRUCK PEDALCYCLIST, FRONT END AT ANGLE",,N,Clear or Partly Cloudy,Dry,Daylight,,,,45.0,Vehicle - Pedalcyclist,42178,0,N,POINT (1269058.773296311 225881.3874193579),135.0,0.0,Clear or Partly Cloudy,2014-11-13,09:35:00,9.0,3,1,1.0,Clear or Partly Cloudy
151096,180822,180882,3707838,Matched,Block,,N 70TH ST BETWEEN FREMONT AVE N AND LINDEN AVE N,,,2,Injury Collision,Cycles,2,0,1,1,1,0,0,2014-12-09T00:00:00.000Z,12/9/2014 10:37:00 PM,Mid-Block (but intersection related),11,"MOTOR VEHICLE STRUCK MOTOR VEHICLE, FRONT END AT ANGLE",Y,N,Raining,Wet,Dark - Street Lights On,,,,45.0,Vehicle - Pedalcyclist,0,0,N,POINT (1267174.938350379 251571.3729816675),23359.0,7.883939429388603e-06,Raining,2014-12-09,22:37:00,22.0,1,1,0.0,Raining
151104,180821,180881,3626351,Matched,Intersection,29161.0,SUMMIT AVE E AND E OLIVE WAY,,,2b,Serious Injury Collision,Cycles,2,0,1,1,1,1,0,2014-11-17T00:00:00.000Z,11/17/2014 10:02:00 AM,At Intersection (intersection related),51,PEDALCYCLIST STRUCK MOTOR VEHICLE FRONT END AT ANGLE,,N,Clear or Partly Cloudy,Dry,Daylight,,,,45.0,Vehicle - Pedalcyclist,23263,0,N,POINT (1272484.614195824 229321.0292788744),975.0,0.0,Clear or Partly Cloudy,2014-11-17,10:02:00,10.0,0,1,0.0,Clear or Partly Cloudy
151128,181554,181594,3693979,Matched,Intersection,32737.0,RAINIER AVE S AND S ALASKA ST,,,1,Property Damage Only Collision,Cycles,2,0,1,1,0,0,0,2014-11-03T00:00:00.000Z,11/3/2014 5:39:00 PM,At Intersection (intersection related),51,PEDALCYCLIST STRUCK MOTOR VEHICLE FRONT END AT ANGLE,,N,Raining,Wet,Dark - Street Lights On,Y,,,45.0,Vehicle - Pedalcyclist,8800,0,N,POINT (1281518.559549078 207933.7529689819),1676.0,0.0,Raining,2014-11-03,17:39:00,17.0,0,1,1.0,Raining
151146,181882,181942,3706324,Matched,Block,,NE NORTHGATE WAY BETWEEN 3RD AVE NE AND 5TH AVE NE,,,2,Injury Collision,Cycles,2,0,1,1,1,0,0,2014-12-22T00:00:00.000Z,12/22/2014 12:00:00 PM,Driveway Junction,51,PEDALCYCLIST STRUCK MOTOR VEHICLE FRONT END AT ANGLE,,N,Clear or Partly Cloudy,Dry,Daylight,,,,45.0,Vehicle - Pedalcyclist,0,0,N,POINT (1273284.667188644 262033.6431363821),4279.0,1.3412443984640593e-05,Clear or Partly Cloudy,2014-12-22,12:00:00,12.0,0,1,0.0,Clear or Partly Cloudy
151174,179163,179203,3642965,Matched,Block,,SUMMIT AVE E BETWEEN E HARRISON ST AND E REPUBLICAN ST,,,2,Injury Collision,Cycles,2,0,1,1,1,0,0,2014-11-06T00:00:00.000Z,11/6/2014 7:08:00 PM,Mid-Block (not related to intersection),51,PEDALCYCLIST STRUCK MOTOR VEHICLE FRONT END AT ANGLE,Y,N,Unknown,Unknown,Unknown,,,,45.0,Vehicle - Pedalcyclist,0,0,N,POINT (1272505.461299837 230657.5544002503),19929.0,2.82170291578784e-05,,2014-11-06,19:08:00,19.0,3,1,1.0,
151223,181378,181418,3583415,Matched,Block,,S LANDER ST BETWEEN 5TH AVE S AND 5TH PL S,,,2,Injury Collision,Cycles,2,0,1,1,1,0,0,2014-12-15T00:00:00.000Z,12/15/2014 6:50:00 AM,Mid-Block (but intersection related),18,"MOTOR VEHICLE STRUCK PEDALCYCLIST, FRONT END AT ANGLE",,N,Clear or Partly Cloudy,Dry,Dark - Street Lights On,,,,45.0,Vehicle - Pedalcyclist,0,524931,N,POINT (1271752.920435071 215075.1090722978),19259.0,7.3520169433580445e-06,Clear or Partly Cloudy,2014-12-15,06:50:00,6.0,0,1,0.0,Clear or Partly Cloudy
151264,181885,181945,3706464,Matched,Block,,NW MARKET ST BETWEEN 14TH AVE NW AND 15TH AVE NW,,,2,Injury Collision,Cycles,2,0,1,1,1,0,0,2014-12-20T00:00:00.000Z,12/20/2014 10:01:00 AM,Driveway Junction,51,PEDALCYCLIST STRUCK MOTOR VEHICLE FRONT END AT ANGLE,,N,Raining,Wet,Daylight,,,,45.0,Vehicle - Pedalcyclist,21795,0,N,POINT (1260615.234919667 247712.9567857087),11425.0,1.50548383851369e-06,Raining,2014-12-20,10:01:00,10.0,5,0,0.0,Raining