OBJECTID,INCKEY,COLDETKEY,REPORTNO,STATUS,ADDRTYPE,INTKEY,LOCATION,EXCEPTRSNC,EXCEPTRSND,SEVERITYCO,SEVERITYDE,COLLISIONT,PERSONCOUN,PEDCOUNT,PEDCYLCOUN,VEHCOUNT,INJURIES,SERIOUSINJ,FATALITIES,INCDATE,INCDTTM,JUNCTIONTY,SDOT_COLCO,SDOT_COLDE,INATTENTIO,UNDERINFL,WEATHER,ROADCOND,LIGHTCOND,PEDROWNOTG,SDOTCOLNUM,SPEEDING,ST_COLCODE,ST_COLDESC,SEGLANEKEY,CROSSWALKK,HITPARKEDC,geometry,near_str_index,min_length,weather_group,date,time,hour,dayofweek,weekday,rushhour,weather_group2
151271,182068,182141,3583746,Matched,Intersection,23882.0,15TH AVE NW AND NW 80TH ST,NEI,"Not Enough Information, or Insufficient Location Information",1,Property Damage Only Collision,Cycles,2,0,1,1,0,0,0,2014-12-16T00:00:00.000Z,12/16/2014 6:00:00 PM,At Intersection (but not related to intersection),0,NOT ENOUGH INFORMATION / NOT APPLICABLE,,N,Unknown,Unknown,Unknown,Y,,,45.0,Vehicle - Pedalcyclist,0,0,N,POINT (1260282.027047321 254364.0841525197),8432.0,0.0,,2014-12-16,18:00:00,18.0,1,1,1.0,
151273,182050,182123,3732513,Matched,Block,,THOMAS ST BETWEEN 9TH AVE N AND WESTLAKE AVE N,,,2,Injury Collision,Cycles,2,0,1,1,1,0,0,2014-12-23T00:00:00.000Z,12/23/2014 3:47:00 PM,Driveway Junction,51,PEDALCYCLIST STRUCK MOTOR VEHICLE FRONT END AT ANGLE,Y,N,Raining,Dry,Daylight,,,,45.0,Vehicle - Pedalcyclist,0,0,N,POINT (1269088.36222434 230109.7476796806),11183.0,3.1504313629951256e-05,Raining,2014-12-23,15:47:00,15.0,1,1,1.0,Raining
151359,181398,181438,3590526,Matched,Block,,ROY ST BETWEEN 2ND AVE N AND 3RD AVE N,,,1,Property Damage Only Collision,Cycles,2,0,1,1,0,0,0,2014-12-07T00:00:00.000Z,12/7/2014 2:00:00 PM,Driveway Junction,18,"MOTOR VEHICLE STRUCK PEDALCYCLIST, FRONT END AT ANGLE",,N,Clear or Partly Cloudy,Dry,Daylight,,,,45.0,Vehicle - Pedalcyclist,12407,0,N,POINT (1265912.500397086 231837.1312974542),6652.0,7.636261373625866e-09,Clear or Partly Cloudy,2014-12-07,14:00:00,14.0,6,0,0.0,Clear or Partly Cloudy
151393,181902,181962,3696221,Matched,Intersection,28046.0,FLORENTIA ST AND NICKERSON ST,,,2,Injury Collision,Cycles,2,0,1,1,1,0,0,2014-10-18T00:00:00.000Z,10/18/2014 7:14:00 PM,At Intersection (intersection related),18,"MOTOR VEHICLE STRUCK PEDALCYCLIST, FRONT END AT ANGLE",Y,Y,Overcast,Dry,Dark - Street Lights On,Y,,,45.0,Vehicle - Pedalcyclist,0,525260,N,POINT (1266258.966573447 239654.013865456),10175.0,0.0,Overcast,2014-10-18,19:14:00,19.0,5,0,1.0,Clear or Partly Cloudy
151395,181901,181961,3696220,Matched,Intersection,28771.0,REPUBLICAN ST AND TERRY AVE N,,,2,Injury Collision,Cycles,2,0,1,1,1,0,0,2014-10-17T00:00:00.000Z,10/17/2014 2:30:00 PM,At Intersection (intersection related),51,PEDALCYCLIST STRUCK MOTOR VEHICLE FRONT END AT ANGLE,,N,Raining,Wet,Daylight,,,,45.0,Vehicle - Pedalcyclist,41799,0,N,POINT (1269592.362544864 230949.2274245471),931.0,0.0,Raining,2014-10-17,14:30:00,14.0,4,1,0.0,Raining
151408,182564,182624,3706867,Matched,Intersection,37448.0,GREENWOOD AVE N AND N 87TH ST,,,2,Injury Collision,Cycles,2,0,1,1,1,0,0,2014-11-14T00:00:00.000Z,11/14/2014 2:14:00 PM,At Intersection (intersection related),11,"MOTOR VEHICLE STRUCK MOTOR VEHICLE, FRONT END AT ANGLE",,N,Clear or Partly Cloudy,Dry,Daylight,Y,,,45.0,Vehicle - Pedalcyclist,0,0,N,POINT (1265609.598508775 256279.2798024863),6391.0,0.0,Clear or Partly Cloudy,2014-11-14,14:14:00,14.0,4,1,0.0,Clear or Partly Cloudy
151434,179513,179573,3609361,Matched,Intersection,27190.0,BAGLEY AVE N AND N 44TH ST,,,2,Injury Collision,Cycles,2,0,1,1,1,0,0,2014-10-30T00:00:00.000Z,10/30/2014 9:42:00 AM,At Intersection (intersection related),18,"MOTOR VEHICLE STRUCK PEDALCYCLIST, FRONT END AT ANGLE",,N,Raining,Wet,Daylight,,,,45.0,Vehicle - Pedalcyclist,0,0,N,POINT (1270984.780082285 244452.6519503742),6152.0,0.0,Raining,2014-10-30,09:42:00,9.0,3,1,1.0,Raining
151445,182879,182939,3626457,Matched,Intersection,27153.0,EASTLAKE AVE E AND FUHRMAN AVE E,,,2b,Serious Injury Collision,Cycles,3,0,1,1,1,1,0,2015-01-02T00:00:00.000Z,1/2/2015 6:25:00 PM,At Intersection (intersection related),51,PEDALCYCLIST STRUCK MOTOR VEHICLE FRONT END AT ANGLE,,N,Raining,Wet,Dark - Street Lights On,Y,,,45.0,Vehicle - Pedalcyclist,6078,0,N,POINT (1273704.647989064 241221.0042030662),995.0,0.0,Raining,2015-01-02,18:25:00,18.0,4,1,1.0,Raining
151511,181402,181442,3597049,Matched,Block,,N 84TH ST BETWEEN GREENWOOD AVE N AND DAYTON AVE N,,,2,Injury Collision,Cycles,2,0,1,1,1,0,0,2014-12-05T00:00:00.000Z,12/5/2014 10:25:00 AM,Driveway Junction,18,"MOTOR VEHICLE STRUCK PEDALCYCLIST, FRONT END AT ANGLE",Y,N,Clear or Partly Cloudy,Wet,Daylight,,,,45.0,Vehicle - Pedalcyclist,0,0,N,POINT (1265928.073773101 255331.0349375159),16880.0,1.5265705205185903e-10,Clear or Partly Cloudy,2014-12-05,10:25:00,10.0,4,1,0.0,Clear or Partly Cloudy
151562,182166,182226,3706859,Matched,Intersection,25717.0,9TH AVE NE AND NE 62ND ST,,,2,Injury Collision,Cycles,2,0,1,1,1,0,0,2014-11-09T00:00:00.000Z,11/9/2014 12:55:00 PM,At Intersection (intersection related),18,"MOTOR VEHICLE STRUCK PEDALCYCLIST, FRONT END AT ANGLE",Y,N,Raining,Wet,Daylight,,,,45.0,Vehicle - Pedalcyclist,0,0,N,POINT (1274490.651701882 249145.6590591818),3292.0,0.0,Raining,2014-11-09,12:55:00,12.0,6,0,0.0,Raining
151634,181410,181450,3641216,Matched,Intersection,29592.0,2ND AVE AND PIKE ST,,,1,Property Damage Only Collision,Cycles,2,1,1,0,0,0,0,2014-11-26T00:00:00.000Z,11/26/2014 3:10:00 PM,At Intersection (intersection related),64,PEDALCYCLIST STRUCK PEDESTRIAN,,N,Clear or Partly Cloudy,Dry,Daylight,Y,,,45.0,Vehicle - Pedalcyclist,12173,525565,N,POINT (1269058.773296311 225881.3874193579),135.0,0.0,Clear or Partly Cloudy,2014-11-26,15:10:00,15.0,2,1,1.0,Clear or Partly Cloudy
151672,182173,182233,3588402,Matched,Block,,15TH AVE W BETWEEN NICKERSON 15TH RP AND 15TH EMERSON RP,,,2,Injury Collision,Cycles,3,0,1,1,1,0,0,2014-12-26T00:00:00.000Z,12/26/2014 6:38:00 AM,Mid-Block (but intersection related),21,"MOTOR VEHICLE STRUCK PEDALCYCLIST, REAR END",Y,N,Clear or Partly Cloudy,Dry,Dark - Street Lights On,,,,45.0,Vehicle - Pedalcyclist,19350,0,N,POINT (1260175.86371921 241912.035563767),13409.0,3.2187098738838004e-05,Clear or Partly Cloudy,2014-12-26,06:38:00,6.0,4,1,0.0,Clear or Partly Cloudy
151675,181418,181458,3646275,Matched,Block,,PHINNEY AVE N BETWEEN N 67TH S ST AND GREENWOOD AVE N,,,2,Injury Collision,Cycles,3,0,1,1,1,0,0,2014-12-15T00:00:00.000Z,12/15/2014 6:00:00 PM,Driveway Junction,18,"MOTOR VEHICLE STRUCK PEDALCYCLIST, FRONT END AT ANGLE",Y,N,Clear or Partly Cloudy,Dry,Dark - Street Lights On,,,,45.0,Vehicle - Pedalcyclist,4308,0,N,POINT (1265597.844652772 250933.3258130103),19895.0,1.9174437556426533e-06,Clear or Partly Cloudy,2014-12-15,18:00:00,18.0,0,1,1.0,Clear or Partly Cloudy
151685,179208,179248,3693983,Matched,Block,,S FRONT ST BETWEEN 5TH AVE S AND 6TH AVE S,,,2,Injury Collision,Cycles,3,0,1,1,1,0,0,2014-11-06T00:00:00.000Z,11/6/2014 2:13:00 PM,Mid-Block (not related to intersection),14,"MOTOR VEHICLE STRUCK MOTOR VEHICLE, REAR END",,N,Raining,Wet,Daylight,,,,45.0,Vehicle - Pedalcyclist,0,0,N,POINT (1271494.341746807 203492.9993004352),1757.0,2.14919637322766e-05,Raining,2014-11-06,14:13:00,14.0,3,1,0.0,Raining
151735,179716,179776,3588666,Matched,Intersection,30514.0,7TH AVE S AND S KING ST,,,2,Injury Collision,Cycles,2,0,1,1,1,0,0,2014-11-21T00:00:00.000Z,11/21/2014 4:47:00 PM,At Intersection (intersection related),18,"MOTOR VEHICLE STRUCK PEDALCYCLIST, FRONT END AT ANGLE",Y,N,Raining,Wet,Dark - Street Lights On,,,,45.0,Vehicle - Pedalcyclist,5767,0,N,POINT (1272717.880372062 221820.5789671987),11477.0,0.0,Raining,2014-11-21,16:47:00,16.0,4,1,1.0,Raining
151841,179583,179643,3696670,Matched,Intersection,28725.0,HIGHLAND DR AND WESTLAKE AVE N,,,2,Injury Collision,Cycles,2,0,1,1,1,0,0,2014-11-07T00:00:00.000Z,11/7/2014 8:00:00 AM,At Intersection (intersection related),51,PEDALCYCLIST STRUCK MOTOR VEHICLE FRONT END AT ANGLE,,N,Clear or Partly Cloudy,Dry,Daylight,,,,45.0,Vehicle - Pedalcyclist,0,574129,N,POINT (1268685.901615933 233340.9993309975),2204.0,0.0,Clear or Partly Cloudy,2014-11-07,08:00:00,8.0,4,1,1.0,Clear or Partly Cloudy
151891,180569,180629,3703324,Matched,Block,,ROOSEVELT WAY NE BETWEEN NE 42ND S ST AND NE 42ND N ST,,,2,Injury Collision,Cycles,4,0,1,1,1,0,0,2014-11-19T00:00:00.000Z,11/19/2014 12:31:00 PM,Driveway Junction,51,PEDALCYCLIST STRUCK MOTOR VEHICLE FRONT END AT ANGLE,,N,Clear or Partly Cloudy,Dry,Daylight,,,,45.0,Vehicle - Pedalcyclist,8985,0,N,POINT (1274608.015925989 243525.6699334234),15971.0,2.6929028394455945e-05,Clear or Partly Cloudy,2014-11-19,12:31:00,12.0,2,1,0.0,Clear or Partly Cloudy
151903,181658,181698,3326508,Matched,Block,,S ATLANTIC ST BETWEEN COLORADO AVE S AND EAST FRONTAGE RD S,,,2,Injury Collision,Cycles,2,0,1,1,1,0,0,2014-12-09T00:00:00.000Z,12/9/2014 11:36:00 AM,Mid-Block (not related to intersection),18,"MOTOR VEHICLE STRUCK PEDALCYCLIST, FRONT END AT ANGLE",Y,N,Clear or Partly Cloudy,Wet,Daylight,Y,,,45.0,Vehicle - Pedalcyclist,0,0,N,POINT (1269565.245104834 218955.634516269),8332.0,2.4664401044207195e-05,Clear or Partly Cloudy,2014-12-09,11:36:00,11.0,1,1,0.0,Clear or Partly Cloudy
151959,182675,182735,3706319,Matched,Intersection,25836.0,1ST AVE NE AND NE 58TH ST,,,2,Injury Collision,Cycles,2,0,1,1,1,0,0,2014-12-18T00:00:00.000Z,12/18/2014 7:24:00 AM,At Intersection (intersection related),18,"MOTOR VEHICLE STRUCK PEDALCYCLIST, FRONT END AT ANGLE",,N,Overcast,Wet,Dark - Street Lights On,,,,45.0,Vehicle - Pedalcyclist,0,0,N,POINT (1272126.28459546 248284.857266292),2276.0,0.0,Overcast,2014-12-18,07:24:00,7.0,3,1,1.0,Clear or Partly Cloudy
154018,184545,184625,3626670,Matched,Block,,EAST MONTLAKE PL E BETWEEN E ROANOKE ST AND 22ND AVE E,,,2,Injury Collision,Cycles,4,0,1,1,1,0,0,2015-01-31T00:00:00.000Z,1/31/2015 12:47:00 PM,Mid-Block (but intersection related),51,PEDALCYCLIST STRUCK MOTOR VEHICLE FRONT END AT ANGLE,,N,Clear or Partly Cloudy,Dry,Daylight,,,,45.0,Vehicle - Pedalcyclist,22237,0,N,POINT (1278043.86712952 238164.0553999394),21839.0,1.297665378701098e-05,Clear or Partly Cloudy,2015-01-31,12:47:00,12.0,5,0,0.0,Clear or Partly Cloudy
154059,186257,186337,3626711,Matched,Block,,12TH AVE BETWEEN E PIKE ST AND E PINE ST,,,2,Injury Collision,Cycles,2,0,1,1,1,0,0,2015-02-26T00:00:00.000Z,2/26/2015 7:40:00 PM,Mid-Block (but intersection related),18,"MOTOR VEHICLE STRUCK PEDALCYCLIST, FRONT END AT ANGLE",Y,N,Clear or Partly Cloudy,Dry,Dark - Street Lights On,,,,45.0,Vehicle - Pedalcyclist,10802,0,N,POINT (1274536.955509916 227744.1176612675),15662.0,4.397364332129107e-06,Clear or Partly Cloudy,2015-02-26,19:40:00,19.0,3,1,1.0,Clear or Partly Cloudy
154067,187063,187143,3733354,Matched,Block,,2ND AVE BETWEEN UNIVERSITY ST AND UNION ST,,,2,Injury Collision,Cycles,2,0,1,1,1,0,0,2015-03-05T00:00:00.000Z,3/5/2015 5:29:00 PM,Driveway Junction,18,"MOTOR VEHICLE STRUCK PEDALCYCLIST, FRONT END AT ANGLE",,N,Clear or Partly Cloudy,Dry,Daylight,Y,,,45.0,Vehicle - Pedalcyclist,42166,0,N,POINT (1269384.209328651 225331.5899147987),16946.0,0.0,Clear or Partly Cloudy,2015-03-05,17:29:00,17.0,3,1,1.0,Clear or Partly Cloudy
154250,183956,184036,3708052,Matched,Block,,ALASKAN WAY BETWEEN COLUMBIA ST AND MARION ST,,,2,Injury Collision,Cycles,3,0,1,1,1,0,0,2015-01-14T00:00:00.000Z,1/14/2015 6:50:00 PM,Mid-Block (not related to intersection),18,"MOTOR VEHICLE STRUCK PEDALCYCLIST, FRONT END AT ANGLE",Y,N,Clear or Partly Cloudy,Dry,Dark - Street Lights On,,,,45.0,Vehicle - Pedalcyclist,38502,0,N,POINT (1269366.290928632 223473.9461368918),598.0,2.9836165941388227e-06,Clear or Partly Cloudy,2015-01-14,18:50:00,18.0,2,1,1.0,Clear or Partly Cloudy
154278,185617,185697,3706753,Matched,Intersection,24458.0,6TH AVE NE AND NE 70TH N ST,,,2,Injury Collision,Cycles,2,0,1,1,1,0,0,2015-02-12T00:00:00.000Z,2/12/2015 1:31:00 PM,At Intersection (intersection related),18,"MOTOR VEHICLE STRUCK PEDALCYCLIST, FRONT END AT ANGLE",Y,N,Clear or Partly Cloudy,Dry,Daylight,Y,,,45.0,Vehicle - Pedalcyclist,7443,0,N,POINT (1273787.785013154 251665.3464857638),3204.0,0.0,Clear or Partly Cloudy,2015-02-12,13:31:00,13.0,3,1,0.0,Clear or Partly Cloudy
154289,185394,185474,3706926,Matched,Intersection,28205.0,10TH AVE E AND E ROANOKE W ST,,,2,Injury Collision,Cycles,3,0,1,1,1,0,0,2015-02-15T00:00:00.000Z,2/15/2015 10:12:00 AM,At Intersection (intersection related),18,"MOTOR VEHICLE STRUCK PEDALCYCLIST, FRONT END AT ANGLE",,N,Clear or Partly Cloudy,Dry,Daylight,,,,45.0,Vehicle - Pedalcyclist,6091,0,N,POINT (1273945.922613323 238157.6785039306),14881.0,0.0,Clear or Partly Cloudy,2015-02-15,10:12:00,10.0,6,0,0.0,Clear or Partly Cloudy
154294,184883,184963,3587172,Matched,Block,,NORTHGATE I5 NB ON RP BETWEEN NE NORTHGATE WAY AND 1ST AV NE I5 NB ON RP,,,2,Injury Collision,Cycles,2,0,1,1,1,0,0,2015-02-05T00:00:00.000Z,2/5/2015 7:06:00 PM,Ramp Junction,51,PEDALCYCLIST STRUCK MOTOR VEHICLE FRONT END AT ANGLE,,N,Raining,Wet,Dark - Street Lights On,,,,45.0,Vehicle - Pedalcyclist,0,630873,N,POINT (1272155.023411483 262423.4175367802),12252.0,150.93600855657868,Raining,2015-02-05,19:06:00,19.0,3,1,1.0,Raining
154327,185982,186062,3706724,Matched,Block,,NE 50TH ST BETWEEN ROOSEVELT WAY NE AND 11TH AVE NE,,,2,Injury Collision,Cycles,2,0,1,1,1,0,0,2015-02-18T00:00:00.000Z,2/18/2015 6:59:00 PM,Mid-Block (but intersection related),54,PEDALCYCLIST STRUCK MOTOR VEHICLE REAR END,,N,Overcast,Dry,Dark - Street Lights On,,,,45.0,Vehicle - Pedalcyclist,21431,0,N,POINT (1274884.321462274 246070.3023840338),7253.0,7.203276557754159e-09,Overcast,2015-02-18,18:59:00,18.0,2,1,1.0,Clear or Partly Cloudy
154336,186280,186360,3575114,Matched,Block,,8TH AVE NW BETWEEN NW 56TH ST AND NW 57TH ST,,,2,Injury Collision,Cycles,2,0,1,1,1,0,0,2015-03-02T00:00:00.000Z,3/2/2015 7:13:00 AM,Mid-Block (but intersection related),51,PEDALCYCLIST STRUCK MOTOR VEHICLE FRONT END AT ANGLE,,N,Clear or Partly Cloudy,Dry,Daylight,,,,45.0,Vehicle - Pedalcyclist,2426,0,N,POINT (1262772.286953881 248081.3430900872),10265.0,2.2604039396202442e-05,Clear or Partly Cloudy,2015-03-02,07:13:00,7.0,0,1,1.0,Clear or Partly Cloudy
154372,187077,187157,E404165,Matched,Block,,N NORTHGATE WAY BETWEEN AURORA AVE N AND MIDVALE AVE N,,,2,Injury Collision,Cycles,2,0,1,1,1,0,0,2015-02-28T00:00:00.000Z,2/28/2015 7:00:00 PM,Driveway Junction,18,"MOTOR VEHICLE STRUCK PEDALCYCLIST, FRONT END AT ANGLE",,N,Clear or Partly Cloudy,Dry,Dark - Street Lights On,,,,45.0,Vehicle - Pedalcyclist,41244,0,N,POINT (1268484.202351719 260831.2072311491),19130.0,8.272757644620903e-06,Clear or Partly Cloudy,2015-02-28,19:00:00,19.0,5,0,1.0,Clear or Partly Cloudy
154390,184169,184249,3694851,Matched,Block,,HARBOR AVE SW BETWEEN LOTUS AVE SW AND FAUNTLEROY AVE SW,,,2,Injury Collision,Cycles,3,0,1,1,1,0,0,2015-01-25T00:00:00.000Z,1/25/2015 4:08:00 PM,Mid-Block (not related to intersection),18,"MOTOR VEHICLE STRUCK PEDALCYCLIST, FRONT END AT ANGLE",Y,N,Clear or Partly Cloudy,Dry,Daylight,Y,,,45.0,Vehicle - Pedalcyclist,4204,0,N,POINT (1260325.910055369 216281.3939375281),13121.0,6.395269418373634e-09,Clear or Partly Cloudy,2015-01-25,16:08:00,16.0,6,0,1.0,Clear or Partly Cloudy
154423,185201,185281,3696162,Matched,Intersection,28023.0,DEXTER AVE N AND HOWE ST,,,2,Injury Collision,Cycles,2,0,1,1,1,0,0,2015-02-09T00:00:00.000Z,2/9/2015 9:13:00 AM,At Intersection (intersection related),51,PEDALCYCLIST STRUCK MOTOR VEHICLE FRONT END AT ANGLE,,N,Raining,Wet,Unknown,Y,,,45.0,Vehicle - Pedalcyclist,13001,0,N,POINT (1268385.678895622 235639.4932853431),6425.0,0.0,Raining,2015-02-09,09:13:00,9.0,0,1,1.0,Raining
154467,186294,186374,3448938,Matched,Intersection,27123.0,6TH AVE NE AND NE 40TH ST,,,2,Injury Collision,Cycles,2,0,1,1,1,0,0,2015-01-26T00:00:00.000Z,1/26/2015 1:50:00 PM,At Intersection (intersection related),51,PEDALCYCLIST STRUCK MOTOR VEHICLE FRONT END AT ANGLE,,N,Clear or Partly Cloudy,Dry,Daylight,,,,45.0,Vehicle - Pedalcyclist,29286,0,N,POINT (1273383.396916747 242664.3235005438),7224.0,0.0,Clear or Partly Cloudy,2015-01-26,13:50:00,13.0,0,1,0.0,Clear or Partly Cloudy
154474,187139,187219,E402191,Matched,Intersection,35449.0,RAINIER AVE S AND S FISHER PL,,,2,Injury Collision,Cycles,0,0,1,1,1,0,0,2015-02-20T00:00:00.000Z,2/20/2015 12:24:00 PM,At Intersection (intersection related),18,"MOTOR VEHICLE STRUCK PEDALCYCLIST, FRONT END AT ANGLE",,N,Clear or Partly Cloudy,Dry,Daylight,,,,45.0,Vehicle - Pedalcyclist,0,35449,N,POINT (1285454.524225101 193508.5830342025),917.0,0.0,Clear or Partly Cloudy,2015-02-20,12:24:00,12.0,4,1,0.0,Clear or Partly Cloudy
154562,185704,185784,3641236,Matched,Block,,DEXTER AVE N BETWEEN HARRISON ST AND REPUBLICAN ST,,,2,Injury Collision,Cycles,2,0,1,1,1,0,0,2015-02-19T00:00:00.000Z,2/19/2015 11:01:00 AM,Mid-Block (not related to intersection),51,PEDALCYCLIST STRUCK MOTOR VEHICLE FRONT END AT ANGLE,Y,N,Overcast,Wet,Daylight,,,,45.0,Vehicle - Pedalcyclist,12635,0,N,POINT (1268300.280687541 230767.9765443653),12567.0,2.557776577818591e-05,Overcast,2015-02-19,11:01:00,11.0,3,1,0.0,Clear or Partly Cloudy
154576,185697,185777,3701157,Matched,Block,,LAKE WASHINGTON BLVD BETWEEN E TERRACE ST AND E JEFFERSON ST,,,1,Property Damage Only Collision,Cycles,2,0,1,1,0,0,0,2015-02-12T00:00:00.000Z,2/12/2015 6:30:00 PM,Mid-Block (not related to intersection),18,"MOTOR VEHICLE STRUCK PEDALCYCLIST, FRONT END AT ANGLE",,N,Unknown,Unknown,Unknown,,,,45.0,Vehicle - Pedalcyclist,36203,0,N,POINT (1282694.302654281 224157.6704255939),789.0,1.0774933041099153e-05,,2015-02-12,18:30:00,18.0,3,1,1.0,
154617,183287,183367,3626459,Matched,Block,,22ND AVE BETWEEN E UNION ST AND E PINE ST,,,2,Injury Collision,Cycles,3,0,1,1,1,0,0,2015-01-03T00:00:00.000Z,1/3/2015 6:26:00 PM,Mid-Block (not related to intersection),22,"MOTOR VEHICLE STRUCK PEDALCYCLIST, RIGHT SIDE SIDESWIPE",,N,Clear or Partly Cloudy,Dry,,,,,45.0,Vehicle - Pedalcyclist,0,0,N,POINT (1277798.019193262 227474.9399969876),14151.0,1.0829647191111411e-05,Clear or Partly Cloudy,2015-01-03,18:26:00,18.0,5,0,1.0,Clear or Partly Cloudy
154625,183498,183578,3703073,Matched,Intersection,37769.0,20TH AVE NE AND LAKE CITY WAY NE,,,2,Injury Collision,Cycles,2,0,1,1,1,0,0,2015-01-15T00:00:00.000Z,1/15/2015 6:41:00 PM,At Intersection (intersection related),51,PEDALCYCLIST STRUCK MOTOR VEHICLE FRONT END AT ANGLE,,N,Raining,Wet,Dark - Street Lights On,,,,45.0,Vehicle - Pedalcyclist,18071,0,N,POINT (1277536.72709699 255615.787193805),785.0,0.0,Raining,2015-01-15,18:41:00,18.0,3,1,1.0,Raining
154636,183288,183368,E385650,Matched,Block,,NICKERSON ST BETWEEN CREMONA ST AND DRAVUS ST,,,1,Property Damage Only Collision,Cycles,0,0,1,1,0,0,0,2014-12-11T00:00:00.000Z,12/11/2014 6:30:00 PM,Mid-Block (not related to intersection),12,"MOTOR VEHICLE STRUCK MOTOR VEHICLE, RIGHT SIDE AT ANGLE",,N,Raining,Dry,Dark - Street Lights On,,,,45.0,Vehicle - Pedalcyclist,0,0,N,POINT (1265078.440684244 240485.4698663056),21597.0,1.2542887797041924e-05,Raining,2014-12-11,18:30:00,18.0,3,1,1.0,Raining
154650,183986,184066,3626551,Matched,Intersection,30730.0,20TH AVE AND E YESLER WAY,,,2,Injury Collision,Cycles,2,0,1,1,1,0,0,2015-01-16T00:00:00.000Z,1/16/2015 5:00:00 PM,At Intersection (intersection related),51,PEDALCYCLIST STRUCK MOTOR VEHICLE FRONT END AT ANGLE,,N,Clear or Partly Cloudy,Dry,Dusk,,,,45.0,Vehicle - Pedalcyclist,11321,0,N,POINT (1277033.762360483 222950.1730803549),5245.0,0.0,Clear or Partly Cloudy,2015-01-16,17:00:00,17.0,4,1,1.0,Clear or Partly Cloudy
154709,186310,186390,3519585,Matched,,,,NEI,"Not Enough Information, or Insufficient Location Information",1,Property Damage Only Collision,Cycles,2,0,1,1,0,0,0,2015-01-21T00:00:00.000Z,1/21/2015 1:47:00 PM,Mid-Block (not related to intersection),0,NOT ENOUGH INFORMATION / NOT APPLICABLE,,N,Clear or Partly Cloudy,Dry,Daylight,,,,45.0,Vehicle - Pedalcyclist,0,0,N,,,,Clear or Partly Cloudy,2015-01-21,13:47:00,13.0,2,1,0.0,Clear or Partly Cloudy
154711,186839,186919,E401616,Matched,Intersection,29613.0,2ND AVE AND SPRING ST,,,2,Injury Collision,Cycles,0,0,1,1,1,0,0,2015-02-18T00:00:00.000Z,2/18/2015 6:34:00 AM,At Intersection (intersection related),51,PEDALCYCLIST STRUCK MOTOR VEHICLE FRONT END AT ANGLE,,N,Clear or Partly Cloudy,Dry,Dark - Street Lights On,,,,45.0,Vehicle - Pedalcyclist,42196,0,N,POINT (1269804.427313074 224621.804442063),3767.0,0.0,Clear or Partly Cloudy,2015-02-18,06:34:00,6.0,2,1,0.0,Clear or Partly Cloudy
154717,186857,186937,3626554,Matched,Block,,MARION ST BETWEEN MINOR AVE AND BOYLSTON AVE,,,2,Injury Collision,Cycles,3,0,1,1,1,0,0,2015-03-06T00:00:00.000Z,3/6/2015 12:28:00 PM,Driveway Junction,11,"MOTOR VEHICLE STRUCK MOTOR VEHICLE, FRONT END AT ANGLE",,N,Clear or Partly Cloudy,Dry,Daylight,,,,45.0,Vehicle - Pedalcyclist,0,0,N,POINT (1273163.136500522 225898.8825873733),836.0,2.4257285809455904e-05,Clear or Partly Cloudy,2015-03-06,12:28:00,12.0,4,1,0.0,Clear or Partly Cloudy
154745,186840,186920,E401312,Matched,Intersection,30727.0,17TH AVE AND E YESLER WAY,,,2,Injury Collision,Cycles,0,0,1,1,1,0,0,2015-02-12T00:00:00.000Z,2/12/2015 7:45:00 PM,At Intersection (intersection related),18,"MOTOR VEHICLE STRUCK PEDALCYCLIST, FRONT END AT ANGLE",,N,Clear or Partly Cloudy,Dry,Dark - Street Lights On,,,,45.0,Vehicle - Pedalcyclist,10023,0,N,POINT (1276068.598071486 222971.1248883754),1183.0,0.0,Clear or Partly Cloudy,2015-02-12,19:45:00,19.0,3,1,1.0,Clear or Partly Cloudy
154764,183991,184071,3626604,Matched,Intersection,28473.0,18TH AVE E AND BOYER AVE E,,,2,Injury Collision,Cycles,3,0,1,1,1,0,0,2015-01-24T00:00:00.000Z,1/24/2015 5:31:00 PM,At Intersection (intersection related),18,"MOTOR VEHICLE STRUCK PEDALCYCLIST, FRONT END AT ANGLE",,N,Clear or Partly Cloudy,Dry,Dark - Street Lights On,,,,45.0,Vehicle - Pedalcyclist,35799,0,N,POINT (1276713.826360151 236423.8742141575),644.0,0.0,Clear or Partly Cloudy,2015-01-24,17:31:00,17.0,5,0,1.0,Clear or Partly Cloudy
154774,183995,184075,3626654,Matched,Intersection,29162.0,E DENNY WAY AND E OLIVE WAY,,,2,Injury Collision,Cycles,3,0,1,1,1,0,0,2015-01-20T00:00:00.000Z,1/20/2015 10:25:00 PM,At Intersection (intersection related),18,"MOTOR VEHICLE STRUCK PEDALCYCLIST, FRONT END AT ANGLE",,N,Clear or Partly Cloudy,Dry,Dark - Street Lights On,,,,45.0,Vehicle - Pedalcyclist,23266,0,N,POINT (1272396.764979735 229174.1669427305),6823.0,0.0,Clear or Partly Cloudy,2015-01-20,22:25:00,22.0,1,1,0.0,Clear or Partly Cloudy