OBJECTID,INCKEY,COLDETKEY,REPORTNO,STATUS,ADDRTYPE,INTKEY,LOCATION,EXCEPTRSNC,EXCEPTRSND,SEVERITYCO,SEVERITYDE,COLLISIONT,PERSONCOUN,PEDCOUNT,PEDCYLCOUN,VEHCOUNT,INJURIES,SERIOUSINJ,FATALITIES,INCDATE,INCDTTM,JUNCTIONTY,SDOT_COLCO,SDOT_COLDE,INATTENTIO,UNDERINFL,WEATHER,ROADCOND,LIGHTCOND,PEDROWNOTG,SDOTCOLNUM,SPEEDING,ST_COLCODE,ST_COLDESC,SEGLANEKEY,CROSSWALKK,HITPARKEDC,geometry,near_str_index,min_length,weather_group,date,time,hour,dayofweek,weekday,rushhour,weather_group2
154795,188730,188810,3575519,Matched,Intersection,35788.0,GREENWOOD AVE N AND N 140TH ST,,,2,Injury Collision,Cycles,2,0,1,1,1,0,0,2015-03-24T00:00:00.000Z,3/24/2015 12:04:00 PM,At Intersection (intersection related),18,"MOTOR VEHICLE STRUCK PEDALCYCLIST, FRONT END AT ANGLE",Y,N,Clear or Partly Cloudy,Dry,Daylight,,,,45.0,Vehicle - Pedalcyclist,0,35788,N,POINT (1265824.676141009 270167.6978647113),756.0,0.0,Clear or Partly Cloudy,2015-03-24,12:04:00,12.0,1,1,0.0,Clear or Partly Cloudy
154839,189918,189998,3736353,Matched,Intersection,25183.0,17TH AVE NW AND SHILSHOLE AVE NW,,,1,Property Damage Only Collision,Cycles,2,0,1,1,0,0,0,2015-03-27T00:00:00.000Z,3/27/2015 6:20:00 PM,At Intersection (intersection related),18,"MOTOR VEHICLE STRUCK PEDALCYCLIST, FRONT END AT ANGLE",Y,N,Clear or Partly Cloudy,Dry,Daylight,,,,45.0,Vehicle - Pedalcyclist,17207,0,N,POINT (1259585.191718608 245443.7103833854),16108.0,0.0,Clear or Partly Cloudy,2015-03-27,18:20:00,18.0,4,1,1.0,Clear or Partly Cloudy
155012,191037,191117,3705260,Matched,Intersection,28028.0,DEXTER AVE N AND GARFIELD N ST,,,2,Injury Collision,Left Turn,2,0,1,1,1,0,0,2015-04-23T00:00:00.000Z,4/23/2015 5:17:00 PM,At Intersection (intersection related),18,"MOTOR VEHICLE STRUCK PEDALCYCLIST, FRONT END AT ANGLE",,N,Overcast,Dry,Daylight,Y,,,28.0,From opposite direction - one left turn - one straight,12978,0,N,POINT (1268397.97150363 234699.651748389),3491.0,0.0,Overcast,2015-04-23,17:17:00,17.0,3,1,1.0,Clear or Partly Cloudy
155057,187444,187524,3739603,Matched,Intersection,30379.0,ALASKAN WAY AND MARION ST,,,2b,Serious Injury Collision,Angles,2,0,1,1,1,1,0,2015-03-13T00:00:00.000Z,3/13/2015 5:15:00 PM,At Intersection (intersection related),18,"MOTOR VEHICLE STRUCK PEDALCYCLIST, FRONT END AT ANGLE",,N,Clear or Partly Cloudy,Dry,Daylight,,,,10.0,Entering at angle,38505,0,N,POINT (1269289.658672556 223605.9344890267),598.0,0.0,Clear or Partly Cloudy,2015-03-13,17:15:00,17.0,4,1,1.0,Clear or Partly Cloudy
155094,188020,188100,3642095,Matched,Intersection,27093.0,ROOSEVELT WAY NE AND NE 42ND S ST,,,2,Injury Collision,Cycles,2,0,1,1,1,0,0,2015-03-23T00:00:00.000Z,3/23/2015 10:24:00 AM,At Intersection (intersection related),51,PEDALCYCLIST STRUCK MOTOR VEHICLE FRONT END AT ANGLE,,N,Raining,Wet,Daylight,Y,,,45.0,Vehicle - Pedalcyclist,8985,0,N,POINT (1274602.278453991 243369.3024452627),15971.0,0.0,Raining,2015-03-23,10:24:00,10.0,0,1,0.0,Raining
155139,188779,188859,3571411,Matched,Intersection,29603.0,2ND AVE AND UNIVERSITY ST,,,2,Injury Collision,Cycles,2,0,1,1,1,0,0,2015-02-14T00:00:00.000Z,2/14/2015 3:23:00 PM,At Intersection (intersection related),18,"MOTOR VEHICLE STRUCK PEDALCYCLIST, FRONT END AT ANGLE",,N,Clear or Partly Cloudy,Dry,Daylight,,,,45.0,Vehicle - Pedalcyclist,42166,0,N,POINT (1269492.709168762 225148.3088906109),2490.0,0.0,Clear or Partly Cloudy,2015-02-14,15:23:00,15.0,5,0,1.0,Clear or Partly Cloudy
155155,191282,191362,3739533,Matched,Intersection,29587.0,3RD AVE AND PIKE ST,,,1,Property Damage Only Collision,Cycles,2,0,1,1,0,0,0,2015-04-22T00:00:00.000Z,4/22/2015 9:34:00 PM,At Intersection (intersection related),18,"MOTOR VEHICLE STRUCK PEDALCYCLIST, FRONT END AT ANGLE",,N,Clear or Partly Cloudy,Dry,Dark - Street Lights On,Y,,,45.0,Vehicle - Pedalcyclist,0,521574,N,POINT (1269336.03102459 226045.4631955326),10901.0,0.0,Clear or Partly Cloudy,2015-04-22,21:34:00,21.0,2,1,0.0,Clear or Partly Cloudy
155177,191058,191138,3730165,Matched,Block,,47TH AVE S BETWEEN S GRAHAM ST AND S MORGAN ST,,,2,Injury Collision,Cycles,2,0,1,1,1,0,0,2015-04-19T00:00:00.000Z,4/19/2015 2:38:00 PM,Driveway Junction,51,PEDALCYCLIST STRUCK MOTOR VEHICLE FRONT END AT ANGLE,,N,Clear or Partly Cloudy,Dry,Daylight,,,,45.0,Vehicle - Pedalcyclist,0,0,N,POINT (1284699.266944334 202185.1369630992),5850.0,7.362628698918625e-06,Clear or Partly Cloudy,2015-04-19,14:38:00,14.0,6,0,0.0,Clear or Partly Cloudy
155250,188820,188900,3591794,Matched,Block,,NE NORTHGATE WAY BETWEEN NE NORTHGATE DR AND 3RD AVE NE,,,2b,Serious Injury Collision,Cycles,2,0,1,1,1,1,0,2015-03-19T00:00:00.000Z,3/19/2015 9:55:00 AM,Driveway Junction,18,"MOTOR VEHICLE STRUCK PEDALCYCLIST, FRONT END AT ANGLE",Y,N,Overcast,Dry,Daylight,,,,45.0,Vehicle - Pedalcyclist,0,36597,N,POINT (1272898.259316251 262044.8352643847),12811.0,1.171099753993169e-05,Overcast,2015-03-19,09:55:00,9.0,3,1,1.0,Clear or Partly Cloudy
155278,189177,189257,E406929,Matched,Intersection,24573.0,LATONA AVE NE AND EAST GREEN LAKE DR N,,,2,Injury Collision,Cycles,0,0,1,1,1,0,0,2015-02-04T00:00:00.000Z,2/4/2015 5:38:00 PM,At Intersection (intersection related),18,"MOTOR VEHICLE STRUCK PEDALCYCLIST, FRONT END AT ANGLE",,N,Raining,Wet,Dark - Street Lights On,,,,45.0,Vehicle - Pedalcyclist,7301,0,N,POINT (1272386.552627727 252220.6916383356),17956.0,0.0,Raining,2015-02-04,17:38:00,17.0,2,1,1.0,Raining
155307,191078,191158,3730170,Matched,Block,,RAINIER AVE S BETWEEN S HUDSON ST AND 39TH N AVE S,,,2,Injury Collision,Cycles,2,0,1,1,1,0,0,2015-04-22T00:00:00.000Z,4/22/2015 7:03:00 PM,Driveway Junction,18,"MOTOR VEHICLE STRUCK PEDALCYCLIST, FRONT END AT ANGLE",Y,N,Clear or Partly Cloudy,Dry,Daylight,Y,,,45.0,Vehicle - Pedalcyclist,0,0,N,POINT (1282211.218813777 206352.9350473583),3722.0,1.030445230192556e-06,Clear or Partly Cloudy,2015-04-22,19:03:00,19.0,2,1,1.0,Clear or Partly Cloudy
155400,189449,189529,3736778,Matched,Intersection,27124.0,PASADENA PL NE AND NE 40 UPPER ST,,,2b,Serious Injury Collision,Cycles,2,0,1,1,1,1,0,2015-04-09T00:00:00.000Z,4/9/2015 1:43:00 PM,At Intersection (intersection related),51,PEDALCYCLIST STRUCK MOTOR VEHICLE FRONT END AT ANGLE,,N,Clear or Partly Cloudy,Dry,Daylight,,,,45.0,Vehicle - Pedalcyclist,0,0,N,POINT (1273583.356212944 242795.6788926721),3698.0,0.0,Clear or Partly Cloudy,2015-04-09,13:43:00,13.0,3,1,0.0,Clear or Partly Cloudy
155423,188583,188663,3587701,Matched,Block,,HARBOR AVE SW BETWEEN CALIFORNIA WAY SW AND FAIRMOUNT AVE SW,,,2,Injury Collision,Cycles,3,0,1,1,1,0,0,2015-03-26T00:00:00.000Z,3/26/2015 11:53:00 PM,Driveway Junction,18,"MOTOR VEHICLE STRUCK PEDALCYCLIST, FRONT END AT ANGLE",,N,Clear or Partly Cloudy,Dry,Dark - Street Lights On,Y,,,45.0,Vehicle - Pedalcyclist,4167,0,N,POINT (1258813.585125819 218426.0909637213),15569.0,1.0984254900840304e-05,Clear or Partly Cloudy,2015-03-26,23:53:00,23.0,3,1,0.0,Clear or Partly Cloudy
155427,188038,188118,3575438,Matched,Intersection,287164.0,30TH AVE NE AND BURKE GILMAN TRL,,,2,Injury Collision,Cycles,2,0,1,1,1,0,0,2015-03-19T00:00:00.000Z,3/19/2015 7:25:00 PM,At Intersection (intersection related),18,"MOTOR VEHICLE STRUCK PEDALCYCLIST, FRONT END AT ANGLE",,N,Clear or Partly Cloudy,Dry,Dusk,,,,45.0,Vehicle - Pedalcyclist,0,525568,N,POINT (1280116.486459643 245793.1419357508),4875.0,0.0,Clear or Partly Cloudy,2015-03-19,19:25:00,19.0,3,1,1.0,Clear or Partly Cloudy
155486,191309,191389,3591819,Matched,Block,,MERIDIAN AVE N BETWEEN N NORTHLAKE WAY AND N 34TH ST,,,2,Injury Collision,Cycles,3,0,1,1,1,0,0,2015-04-27T00:00:00.000Z,4/27/2015 4:10:00 PM,Mid-Block (but intersection related),11,"MOTOR VEHICLE STRUCK MOTOR VEHICLE, FRONT END AT ANGLE",,N,Clear or Partly Cloudy,Dry,Daylight,,,Y,45.0,Vehicle - Pedalcyclist,0,630857,N,POINT (1270559.229041845 239775.8079135865),17978.0,1.6341719992260715e-05,Clear or Partly Cloudy,2015-04-27,16:10:00,16.0,0,1,1.0,Clear or Partly Cloudy
155539,187496,187576,3576969,Matched,Intersection,27149.0,15TH AVE NE AND NE PACIFIC ST,,,2,Injury Collision,Cycles,6,0,1,1,2,0,0,2015-03-14T00:00:00.000Z,3/14/2015 12:45:00 PM,At Intersection (intersection related),18,"MOTOR VEHICLE STRUCK PEDALCYCLIST, FRONT END AT ANGLE",,N,Overcast,Dry,Daylight,Y,,,45.0,Vehicle - Pedalcyclist,0,520838,N,POINT (1275885.728567302 241688.8779955506),1534.0,0.0,Overcast,2015-03-14,12:45:00,12.0,5,0,0.0,Clear or Partly Cloudy
155550,187492,187572,3549709,Matched,Intersection,30379.0,ALASKAN WAY AND MARION ST,NEI,"Not Enough Information, or Insufficient Location Information",2,Injury Collision,Cycles,2,0,1,1,1,0,0,2015-03-13T00:00:00.000Z,3/13/2015 7:41:00 AM,At Intersection (intersection related),18,"MOTOR VEHICLE STRUCK PEDALCYCLIST, FRONT END AT ANGLE",,N,Clear or Partly Cloudy,Dry,Daylight,,,,45.0,Vehicle - Pedalcyclist,0,522404,N,POINT (1269289.658672556 223605.9344890267),598.0,0.0,Clear or Partly Cloudy,2015-03-13,07:41:00,7.0,4,1,1.0,Clear or Partly Cloudy
155588,189463,189543,E412085,Matched,Intersection,31545.0,23RD AVE S AND S HOLGATE ST,,,2,Injury Collision,Left Turn,0,0,1,2,2,0,0,2015-03-30T00:00:00.000Z,3/30/2015 4:02:00 PM,At Intersection (intersection related),11,"MOTOR VEHICLE STRUCK MOTOR VEHICLE, FRONT END AT ANGLE",,N,Clear or Partly Cloudy,Dry,Daylight,,,,28.0,From opposite direction - one left turn - one straight,0,31545,N,POINT (1277772.298041239 217336.7079866081),189.0,0.0,Clear or Partly Cloudy,2015-03-30,16:02:00,16.0,0,1,1.0,Clear or Partly Cloudy
155679,187760,187840,3626556,Matched,Intersection,29937.0,8TH AVE AND MARION ST,,,2,Injury Collision,Cycles,2,0,1,1,1,0,0,2015-03-17T00:00:00.000Z,3/17/2015 6:06:00 PM,At Intersection (intersection related),18,"MOTOR VEHICLE STRUCK PEDALCYCLIST, FRONT END AT ANGLE",Y,N,Overcast,Wet,Dusk,,,,45.0,Vehicle - Pedalcyclist,0,0,N,POINT (1271778.120499104 225078.955930531),563.0,0.0,Overcast,2015-03-17,18:06:00,18.0,1,1,1.0,Clear or Partly Cloudy
155729,189693,189773,3591000,Matched,Block,,EASTLAKE AVE E BETWEEN PROSPECT ST AND E NELSON PL,,,2,Injury Collision,Cycles,3,0,1,1,1,0,0,2015-04-10T00:00:00.000Z,4/10/2015 8:23:00 AM,Mid-Block (not related to intersection),51,PEDALCYCLIST STRUCK MOTOR VEHICLE FRONT END AT ANGLE,,N,Clear or Partly Cloudy,Dry,Daylight,,,,45.0,Vehicle - Pedalcyclist,11616,0,N,POINT (1271741.66072306 233260.7382109165),18550.0,3.084540861953878e-05,Clear or Partly Cloudy,2015-04-10,08:23:00,8.0,4,1,1.0,Clear or Partly Cloudy
155823,191359,191439,3591200,Matched,Intersection,27093.0,ROOSEVELT WAY NE AND NE 42ND S ST,,,2,Injury Collision,Cycles,2,0,1,1,1,0,0,2015-04-16T00:00:00.000Z,4/16/2015 11:24:00 AM,At Intersection (intersection related),51,PEDALCYCLIST STRUCK MOTOR VEHICLE FRONT END AT ANGLE,,N,Clear or Partly Cloudy,Dry,Daylight,,,,45.0,Vehicle - Pedalcyclist,8985,0,N,POINT (1274602.278453991 243369.3024452627),15971.0,0.0,Clear or Partly Cloudy,2015-04-16,11:24:00,11.0,3,1,0.0,Clear or Partly Cloudy
155949,191370,191450,3738506,Matched,Intersection,37375.0,WALLINGFORD AVE N AND N 85TH ST,,,2,Injury Collision,Cycles,2,0,1,1,1,0,0,2015-04-16T00:00:00.000Z,4/16/2015 8:33:00 PM,At Intersection (intersection related),18,"MOTOR VEHICLE STRUCK PEDALCYCLIST, FRONT END AT ANGLE",Y,N,Clear or Partly Cloudy,Dry,Dusk,,,,45.0,Vehicle - Pedalcyclist,27636,0,N,POINT (1270244.851249531 255488.5772096813),1301.0,0.0,Clear or Partly Cloudy,2015-04-16,20:33:00,20.0,3,1,0.0,Clear or Partly Cloudy
155964,187286,187366,3733265,Matched,Intersection,29508.0,DENNY WAY AND TERRY AVE,,,2,Injury Collision,Cycles,2,0,1,1,1,0,0,2015-03-11T00:00:00.000Z,3/11/2015 6:47:00 AM,At Intersection (intersection related),18,"MOTOR VEHICLE STRUCK PEDALCYCLIST, FRONT END AT ANGLE",Y,N,Raining,Wet,Dawn,Y,,,45.0,Vehicle - Pedalcyclist,23507,0,N,POINT (1269556.96734482 229243.3586228043),11074.0,0.0,Raining,2015-03-11,06:47:00,6.0,2,1,0.0,Raining
155980,191160,191240,3736780,Matched,Intersection,27079.0,ROOSEVELT WAY NE AND NE 43RD S ST,,,2,Injury Collision,Cycles,3,0,1,1,1,0,0,2015-04-20T00:00:00.000Z,4/20/2015 3:17:00 PM,At Intersection (intersection related),18,"MOTOR VEHICLE STRUCK PEDALCYCLIST, FRONT END AT ANGLE",Y,N,Clear or Partly Cloudy,Dry,Daylight,,,,45.0,Vehicle - Pedalcyclist,8995,0,N,POINT (1274628.363574013 244077.2041419894),1396.0,0.0,Clear or Partly Cloudy,2015-04-20,15:17:00,15.0,0,1,1.0,Clear or Partly Cloudy
156016,188915,188995,3706892,Matched,Intersection,36592.0,BAGLEY AVE N AND N 106TH ST,,,2,Injury Collision,Cycles,2,0,1,1,1,0,0,2015-03-30T00:00:00.000Z,3/30/2015 1:30:00 PM,At Intersection (intersection related),51,PEDALCYCLIST STRUCK MOTOR VEHICLE FRONT END AT ANGLE,Y,N,Clear or Partly Cloudy,Dry,Daylight,,,,45.0,Vehicle - Pedalcyclist,0,0,N,POINT (1271299.216434613 261098.4193914235),9862.0,0.0,Clear or Partly Cloudy,2015-03-30,13:30:00,13.0,0,1,0.0,Clear or Partly Cloudy
156038,189304,189384,E409647,Matched,Intersection,29734.0,BOYLSTON AVE AND E PINE ST,,,2,Injury Collision,Cycles,0,0,1,1,1,0,0,2015-03-18T00:00:00.000Z,3/18/2015 8:12:00 AM,At Intersection (intersection related),18,"MOTOR VEHICLE STRUCK PEDALCYCLIST, FRONT END AT ANGLE",,N,Overcast,Dry,Daylight,,,,45.0,Vehicle - Pedalcyclist,10374,0,N,POINT (1272920.548660263 227975.5196454972),6198.0,0.0,Overcast,2015-03-18,08:12:00,8.0,2,1,1.0,Clear or Partly Cloudy
156196,188926,189006,3736832,Matched,Intersection,24267.0,GREENWOOD AVE N AND N 84TH ST,,,2,Injury Collision,Cycles,2,0,1,1,1,0,0,2015-04-04T00:00:00.000Z,4/4/2015 6:19:00 PM,At Intersection (intersection related),51,PEDALCYCLIST STRUCK MOTOR VEHICLE FRONT END AT ANGLE,Y,N,Clear or Partly Cloudy,Dry,Daylight,,,,45.0,Vehicle - Pedalcyclist,4540,0,N,POINT (1265595.750956774 255337.8454335183),753.0,0.0,Clear or Partly Cloudy,2015-04-04,18:19:00,18.0,5,0,1.0,Clear or Partly Cloudy
156220,190060,190140,3733289,Matched,Block,,WESTERN AVE BETWEEN UNIVERSITY ST AND UNION ST,,,2,Injury Collision,Cycles,3,0,1,1,1,0,0,2015-03-26T00:00:00.000Z,3/26/2015 4:16:00 PM,Mid-Block (not related to intersection),51,PEDALCYCLIST STRUCK MOTOR VEHICLE FRONT END AT ANGLE,Y,N,Clear or Partly Cloudy,Dry,Daylight,,,,45.0,Vehicle - Pedalcyclist,13033,0,N,POINT (1268830.213488072 225003.2628744543),12671.0,1.2211213188120944e-06,Clear or Partly Cloudy,2015-03-26,16:16:00,16.0,3,1,1.0,Clear or Partly Cloudy
156235,191386,191466,3738478,Matched,Block,,14TH AVE NW BETWEEN NW 61ST ST AND NW 62ND ST,,,1,Property Damage Only Collision,Cycles,2,0,1,1,0,0,0,2015-04-27T00:00:00.000Z,4/27/2015 5:47:00 PM,Mid-Block (not related to intersection),18,"MOTOR VEHICLE STRUCK PEDALCYCLIST, FRONT END AT ANGLE",,N,Clear or Partly Cloudy,Dry,Daylight,,,,45.0,Vehicle - Pedalcyclist,26773,0,N,POINT (1260975.675688043 249451.4490114897),2372.0,7.448918822927069e-09,Clear or Partly Cloudy,2015-04-27,17:47:00,17.0,0,1,1.0,Clear or Partly Cloudy
156247,190898,190978,3707014,Matched,Intersection,29918.0,9TH AVE AND SPRING ST,,,2b,Serious Injury Collision,Cycles,2,0,1,1,1,1,0,2015-04-15T00:00:00.000Z,4/15/2015 4:49:00 PM,At Intersection (intersection related),18,"MOTOR VEHICLE STRUCK PEDALCYCLIST, FRONT END AT ANGLE",,N,Clear or Partly Cloudy,Dry,Daylight,Y,,,45.0,Vehicle - Pedalcyclist,11701,0,N,POINT (1271743.49240306 225769.663387239),3286.0,0.0,Clear or Partly Cloudy,2015-04-15,16:49:00,16.0,2,1,1.0,Clear or Partly Cloudy
156395,191202,191282,3738438,Matched,Intersection,27093.0,ROOSEVELT WAY NE AND NE 42ND S ST,,,2,Injury Collision,Cycles,2,0,1,1,1,0,0,2015-04-22T00:00:00.000Z,4/22/2015 8:35:00 AM,At Intersection (intersection related),18,"MOTOR VEHICLE STRUCK PEDALCYCLIST, FRONT END AT ANGLE",,N,Clear or Partly Cloudy,Dry,Daylight,Y,,,45.0,Vehicle - Pedalcyclist,8985,0,N,POINT (1274602.278453991 243369.3024452627),15971.0,0.0,Clear or Partly Cloudy,2015-04-22,08:35:00,8.0,2,1,1.0,Clear or Partly Cloudy
156411,187568,187648,3736427,Matched,Intersection,36084.0,17TH AVE NE AND NE 140TH ST,,,2,Injury Collision,Cycles,2,0,1,1,1,0,0,2015-03-16T00:00:00.000Z,3/16/2015 8:11:00 AM,At Intersection (intersection related),18,"MOTOR VEHICLE STRUCK PEDALCYCLIST, FRONT END AT ANGLE",Y,N,Clear or Partly Cloudy,Dry,Daylight,Y,,,45.0,Vehicle - Pedalcyclist,0,0,N,POINT (1277032.612920478 269867.5882963985),2446.0,0.0,Clear or Partly Cloudy,2015-03-16,08:11:00,8.0,0,1,1.0,Clear or Partly Cloudy
156548,191224,191304,3736977,Matched,Intersection,36021.0,27TH AVE NE AND NE 137TH ST,,,2,Injury Collision,Cycles,2,0,1,1,1,0,0,2015-04-24T00:00:00.000Z,4/24/2015 5:41:00 PM,At Intersection (intersection related),18,"MOTOR VEHICLE STRUCK PEDALCYCLIST, FRONT END AT ANGLE",,N,Clear or Partly Cloudy,Dry,Daylight,Y,,,45.0,Vehicle - Pedalcyclist,0,0,N,POINT (1279684.632635191 269116.4397516251),1374.0,0.0,Clear or Partly Cloudy,2015-04-24,17:41:00,17.0,4,1,1.0,Clear or Partly Cloudy
156575,187377,187457,3626555,Matched,Block,,12TH AVE BETWEEN E MADISON ST AND E PIKE ST,,,2,Injury Collision,Cycles,2,0,1,1,1,0,0,2015-03-12T00:00:00.000Z,3/12/2015 11:35:00 AM,Mid-Block (not related to intersection),51,PEDALCYCLIST STRUCK MOTOR VEHICLE FRONT END AT ANGLE,,N,Clear or Partly Cloudy,Dry,Daylight,,,,45.0,Vehicle - Pedalcyclist,10779,0,N,POINT (1274543.503669932 227311.3066528141),39.0,2.808636349384009e-10,Clear or Partly Cloudy,2015-03-12,11:35:00,11.0,3,1,0.0,Clear or Partly Cloudy
156621,188978,189058,E409518,Matched,Intersection,29757.0,BROADWAY AND E UNION ST,,,2,Injury Collision,Cycles,0,0,1,1,1,0,0,2015-03-19T00:00:00.000Z,3/19/2015 5:28:00 PM,At Intersection (intersection related),51,PEDALCYCLIST STRUCK MOTOR VEHICLE FRONT END AT ANGLE,,N,Raining,Wet,Daylight,,,,45.0,Vehicle - Pedalcyclist,41380,0,N,POINT (1273558.806836918 227135.8089246452),6210.0,0.0,Raining,2015-03-19,17:28:00,17.0,3,1,1.0,Raining
156717,191418,191498,3736376,Matched,Intersection,30482.0,2ND AVE AND JAMES ST,,,2,Injury Collision,Cycles,2,0,1,1,1,0,0,2015-04-29T00:00:00.000Z,4/29/2015 5:09:00 PM,At Intersection (intersection related),51,PEDALCYCLIST STRUCK MOTOR VEHICLE FRONT END AT ANGLE,,N,Clear or Partly Cloudy,Dry,Daylight,,,,45.0,Vehicle - Pedalcyclist,42256,0,N,POINT (1270583.694641873 223305.2345847189),134.0,0.0,Clear or Partly Cloudy,2015-04-29,17:09:00,17.0,2,1,1.0,Clear or Partly Cloudy
156793,189081,189161,3590992,Matched,Intersection,29579.0,4TH AVE AND PINE ST,,,2,Injury Collision,Cycles,2,0,1,1,1,0,0,2015-04-06T00:00:00.000Z,4/6/2015 9:05:00 AM,At Intersection (intersection related),18,"MOTOR VEHICLE STRUCK PEDALCYCLIST, FRONT END AT ANGLE",,N,Clear or Partly Cloudy,Dry,Daylight,Y,,,45.0,Vehicle - Pedalcyclist,12764,0,N,POINT (1269395.978288665 226576.0889880657),895.0,0.0,Clear or Partly Cloudy,2015-04-06,09:05:00,9.0,0,1,1.0,Clear or Partly Cloudy
156826,190116,190196,3549634,Matched,Intersection,24570.0,SUNNYSIDE AVE N AND EAST GREEN LAKE DR N,,,2,Injury Collision,Cycles,2,0,1,1,1,0,0,2015-03-26T00:00:00.000Z,3/26/2015 10:45:00 AM,At Intersection (intersection related),51,PEDALCYCLIST STRUCK MOTOR VEHICLE FRONT END AT ANGLE,,N,Clear or Partly Cloudy,Dry,Daylight,,,,45.0,Vehicle - Pedalcyclist,7316,0,N,POINT (1271877.287219197 252589.4048547),15452.0,0.0,Clear or Partly Cloudy,2015-03-26,10:45:00,10.0,3,1,0.0,Clear or Partly Cloudy
156859,187397,187477,3506001,Matched,Intersection,26735.0,15TH AV W OFF RP AND W NICKERSON ST,,,2,Injury Collision,Cycles,2,0,1,1,1,0,0,2015-02-24T00:00:00.000Z,2/24/2015 8:15:00 AM,At Intersection (intersection related),18,"MOTOR VEHICLE STRUCK PEDALCYCLIST, FRONT END AT ANGLE",,N,Unknown,Unknown,Unknown,,,,45.0,Vehicle - Pedalcyclist,29770,0,N,POINT (1260309.732135355 242343.5744442195),8188.0,0.0,,2015-02-24,08:15:00,8.0,1,1,1.0,
153019,186338,186418,3732531,Matched,Block,,RAILROAD WAY S BETWEEN S KING ST AND 1ST N AVE S,,,2,Injury Collision,Cycles,2,0,1,1,1,0,0,2015-02-23T00:00:00.000Z,2/23/2015 1:35:00 PM,Driveway Junction,51,PEDALCYCLIST STRUCK MOTOR VEHICLE FRONT END AT ANGLE,,N,Clear or Partly Cloudy,Dry,Daylight,,,,45.0,Vehicle - Pedalcyclist,0,0,N,POINT (1270008.126385286 221363.6718307287),22763.0,1.9056386166613286e-05,Clear or Partly Cloudy,2015-02-23,13:35:00,13.0,0,1,0.0,Clear or Partly Cloudy
153024,186917,186997,3705325,Matched,Intersection,29615.0,1ST AVE AND SPRING ST,,,1,Property Damage Only Collision,Angles,2,0,1,1,0,0,0,2015-03-09T00:00:00.000Z,3/9/2015 7:50:00 AM,At Intersection (intersection related),51,PEDALCYCLIST STRUCK MOTOR VEHICLE FRONT END AT ANGLE,,N,Clear or Partly Cloudy,Dry,Daylight,,,,10.0,Entering at angle,13447,0,N,POINT (1269527.550512791 224457.8103298992),961.0,0.0,Clear or Partly Cloudy,2015-03-09,07:50:00,7.0,0,1,1.0,Clear or Partly Cloudy
153061,183821,183901,3706720,Matched,Intersection,26896.0,STONE WAY N AND N 34TH ST,,,2,Injury Collision,Cycles,2,0,1,1,1,0,0,2015-01-08T00:00:00.000Z,1/8/2015 6:55:00 PM,At Intersection (intersection related),51,PEDALCYCLIST STRUCK MOTOR VEHICLE FRONT END AT ANGLE,,N,Clear or Partly Cloudy,Dry,Dark - Street Lights On,,,,45.0,Vehicle - Pedalcyclist,0,523424,N,POINT (1268384.754735619 240216.4179620296),4878.0,0.0,Clear or Partly Cloudy,2015-01-08,18:55:00,18.0,3,1,1.0,Clear or Partly Cloudy
153085,186347,186427,3733205,Matched,Block,,9TH AVE N BETWEEN JOHN ST AND THOMAS ST,,,2,Injury Collision,Cycles,2,0,1,1,1,0,0,2015-02-23T00:00:00.000Z,2/23/2015 3:59:00 PM,Mid-Block (not related to intersection),51,PEDALCYCLIST STRUCK MOTOR VEHICLE FRONT END AT ANGLE,Y,N,Clear or Partly Cloudy,Dry,Daylight,,,,45.0,Vehicle - Pedalcyclist,15954,0,N,POINT (1268922.815024167 229900.2245434672),3289.0,1.5684030659053574e-05,Clear or Partly Cloudy,2015-02-23,15:59:00,15.0,0,1,1.0,Clear or Partly Cloudy
153107,186094,186174,3708252,Matched,Block,,LINDEN AVE N BETWEEN N 141ST ST AND N 143RD ST,,,2,Injury Collision,Cycles,2,0,1,1,1,0,0,2015-02-24T00:00:00.000Z,2/24/2015 6:12:00 AM,Driveway Junction,51,PEDALCYCLIST STRUCK MOTOR VEHICLE FRONT END AT ANGLE,,N,Clear or Partly Cloudy,Dry,Dark - Street Lights On,,,,45.0,Vehicle - Pedalcyclist,15292,0,N,POINT (1267750.181166977 270560.0302811116),817.0,6.126175691689143e-06,Clear or Partly Cloudy,2015-02-24,06:12:00,6.0,1,1,0.0,Clear or Partly Cloudy
153125,185056,185136,3586261,Matched,Intersection,30427.0,12TH AVE S AND S JACKSON ST,,,1,Property Damage Only Collision,Cycles,3,0,1,2,0,0,0,2015-02-04T00:00:00.000Z,2/4/2015 7:56:00 AM,At Intersection (intersection related),14,"MOTOR VEHICLE STRUCK MOTOR VEHICLE, REAR END",Y,N,Overcast,Wet,Daylight,,,,45.0,Vehicle - Pedalcyclist,0,525068,N,POINT (1274334.809653714 222095.5050474852),12155.0,0.0,Overcast,2015-02-04,07:56:00,7.0,2,1,1.0,Clear or Partly Cloudy