OBJECTID,INCKEY,COLDETKEY,REPORTNO,STATUS,ADDRTYPE,INTKEY,LOCATION,EXCEPTRSNC,EXCEPTRSND,SEVERITYCO,SEVERITYDE,COLLISIONT,PERSONCOUN,PEDCOUNT,PEDCYLCOUN,VEHCOUNT,INJURIES,SERIOUSINJ,FATALITIES,INCDATE,INCDTTM,JUNCTIONTY,SDOT_COLCO,SDOT_COLDE,INATTENTIO,UNDERINFL,WEATHER,ROADCOND,LIGHTCOND,PEDROWNOTG,SDOTCOLNUM,SPEEDING,ST_COLCODE,ST_COLDESC,SEGLANEKEY,CROSSWALKK,HITPARKEDC,geometry,near_str_index,min_length,weather_group,date,time,hour,dayofweek,weekday,rushhour,weather_group2
153166,182998,183078,3575357,Matched,Block,,LAKE CITY WAY NE BETWEEN NE 140TH ST AND NE 143RD ST,,,1,Property Damage Only Collision,Cycles,2,0,1,1,0,0,0,2015-01-01T00:00:00.000Z,1/1/2015 6:01:00 PM,Mid-Block (not related to intersection),18,"MOTOR VEHICLE STRUCK PEDALCYCLIST, FRONT END AT ANGLE",Y,N,Clear or Partly Cloudy,Dry,Dark - Street Lights On,,,,45.0,Vehicle - Pedalcyclist,0,0,N,POINT (1281383.948220938 270059.5014486015),11956.0,1.556560056338942e-05,Clear or Partly Cloudy,2015-01-01,18:01:00,18.0,3,1,1.0,Clear or Partly Cloudy
153175,186671,186751,3645946,Matched,Intersection,25659.0,DAYTON AVE N AND N 50TH ST,,,2,Injury Collision,Cycles,2,0,1,1,1,0,0,2015-02-28T00:00:00.000Z,2/28/2015 12:00:00 PM,At Intersection (intersection related),24,MOTOR VEHCILE STRUCK PEDESTRIAN,,N,Unknown,Unknown,Daylight,,,,45.0,Vehicle - Pedalcyclist,0,524115,N,POINT (1266054.975533232 246273.6367842406),1264.0,0.0,,2015-02-28,12:00:00,12.0,5,0,0.0,
153188,185069,185149,3641744,Matched,Intersection,36622.0,LAKE CITY WAY NE AND NE 120TH ST,,,2,Injury Collision,Cycles,2,0,1,1,1,0,0,2015-02-04T00:00:00.000Z,2/4/2015 6:13:00 AM,At Intersection (intersection related),18,"MOTOR VEHICLE STRUCK PEDALCYCLIST, FRONT END AT ANGLE",Y,N,Clear or Partly Cloudy,Dry,Dark - Street Lights On,Y,,,45.0,Vehicle - Pedalcyclist,0,523054,N,POINT (1280032.288827553 264461.9806108624),3609.0,0.0,Clear or Partly Cloudy,2015-02-04,06:13:00,6.0,2,1,0.0,Clear or Partly Cloudy
153235,184775,184855,3732390,Matched,Block,,15TH AVE E BETWEEN E HARRISON N ST AND E REPUBLICAN S ST,NEI,"Not Enough Information, or Insufficient Location Information",1,Property Damage Only Collision,Cycles,2,0,1,1,0,0,0,2015-01-26T00:00:00.000Z,1/26/2015 10:00:00 AM,Mid-Block (not related to intersection),0,NOT ENOUGH INFORMATION / NOT APPLICABLE,,N,Unknown,Unknown,Unknown,,,,45.0,Vehicle - Pedalcyclist,0,0,N,POINT (1275630.244151041 230609.9136321992),9575.0,0.0,,2015-01-26,10:00:00,10.0,0,1,0.0,
153264,186356,186436,3733287,Matched,Block,,2ND AVE BETWEEN UNIVERSITY ST AND UNION ST,,,2,Injury Collision,Cycles,2,0,1,1,1,0,0,2015-02-24T00:00:00.000Z,2/24/2015 5:48:00 PM,Driveway Junction,18,"MOTOR VEHICLE STRUCK PEDALCYCLIST, FRONT END AT ANGLE",,N,Clear or Partly Cloudy,Wet,Dark - Street Lights On,,,,45.0,Vehicle - Pedalcyclist,42166,0,N,POINT (1269384.209328651 225331.5899147987),16946.0,0.0,Clear or Partly Cloudy,2015-02-24,17:48:00,17.0,1,1,1.0,Clear or Partly Cloudy
153285,183643,183723,3575098,Matched,Intersection,37769.0,20TH AVE NE AND LAKE CITY WAY NE,,,2,Injury Collision,Cycles,2,0,1,1,1,0,0,2015-01-17T00:00:00.000Z,1/17/2015 2:42:00 PM,At Intersection (intersection related),18,"MOTOR VEHICLE STRUCK PEDALCYCLIST, FRONT END AT ANGLE",,N,Raining,Wet,Daylight,,,,45.0,Vehicle - Pedalcyclist,0,37769,N,POINT (1277536.72709699 255615.787193805),785.0,0.0,Raining,2015-01-17,14:42:00,14.0,5,0,0.0,Raining
153414,184246,184326,3732412,Matched,Block,,ALASKAN WAY BETWEEN CLAY ST AND BROAD ST,,,1,Property Damage Only Collision,Cycles,2,0,1,1,0,0,0,2015-01-21T00:00:00.000Z,1/21/2015 6:10:00 PM,Mid-Block (not related to intersection),21,"MOTOR VEHICLE STRUCK PEDALCYCLIST, REAR END",,N,Clear or Partly Cloudy,Dry,Dark - Street Lights On,,,,45.0,Vehicle - Pedalcyclist,20764,0,N,POINT (1265252.220780417 227935.6119334549),6111.0,2.6849740543234957e-06,Clear or Partly Cloudy,2015-01-21,18:10:00,18.0,2,1,1.0,Clear or Partly Cloudy
153492,185546,185626,3708811,Matched,Block,,6TH AVE S BETWEEN S ROYAL BROUGHAM WAY AND S MASSACHUSETTS ST,,,2,Injury Collision,Cycles,2,0,1,1,1,0,0,2015-02-17T00:00:00.000Z,2/17/2015 6:26:00 AM,Mid-Block (not related to intersection),21,"MOTOR VEHICLE STRUCK PEDALCYCLIST, REAR END",Y,N,Clear or Partly Cloudy,Dry,Dawn,,,,45.0,Vehicle - Pedalcyclist,42488,0,N,POINT (1272114.513459444 218899.0130762011),21764.0,9.950805866702192e-06,Clear or Partly Cloudy,2015-02-17,06:26:00,6.0,1,1,0.0,Clear or Partly Cloudy
153541,183046,183126,3575641,Matched,Block,,MIDVALE AVE N BETWEEN N 41ST ST AND N 42ND ST,,,2,Injury Collision,Cycles,2,0,1,1,1,0,0,2014-12-31T00:00:00.000Z,12/31/2014 1:55:00 PM,Mid-Block (not related to intersection),54,PEDALCYCLIST STRUCK MOTOR VEHICLE REAR END,,N,Clear or Partly Cloudy,Dry,Daylight,,,,45.0,Vehicle - Pedalcyclist,0,0,N,POINT (1268255.945071489 243426.8690373302),3672.0,1.177038105789236e-05,Clear or Partly Cloudy,2014-12-31,13:55:00,13.0,2,1,0.0,Clear or Partly Cloudy
153552,183660,183740,3613293,Matched,Intersection,27177.0,15TH AVE NE AND NE BOAT W ST,,,2,Injury Collision,Cycles,2,0,1,1,1,0,0,2015-01-05T00:00:00.000Z,1/5/2015 8:00:00 AM,At Intersection (intersection related),51,PEDALCYCLIST STRUCK MOTOR VEHICLE FRONT END AT ANGLE,,N,Raining,Wet,Unknown,,,,45.0,Vehicle - Pedalcyclist,0,27177,N,POINT (1275561.338934973 241186.4623790234),10828.0,0.0,Raining,2015-01-05,08:00:00,8.0,0,1,1.0,Raining
153597,184255,184335,3732586,Matched,Intersection,34901.0,17TH AVE SW AND DELRIDGE WAY SW,,,2,Injury Collision,Cycles,3,0,1,1,1,0,0,2015-01-18T00:00:00.000Z,1/18/2015 5:34:00 PM,At Intersection (intersection related),18,"MOTOR VEHICLE STRUCK PEDALCYCLIST, FRONT END AT ANGLE",Y,N,Raining,Wet,Dark - Street Lights On,Y,,,45.0,Vehicle - Pedalcyclist,0,520768,N,POINT (1264067.645483196 192982.9930176735),3478.0,0.0,Raining,2015-01-18,17:34:00,17.0,6,0,1.0,Raining
153611,185320,185400,3582391,Matched,Block,,WOODLAWN AVE N BETWEEN N 64TH ST AND N 65TH ST,,,2,Injury Collision,Cycles,2,0,1,1,1,0,0,2015-02-11T00:00:00.000Z,2/11/2015 6:08:00 AM,Mid-Block (not related to intersection),21,"MOTOR VEHICLE STRUCK PEDALCYCLIST, REAR END",,N,Overcast,Dry,Dark - Street Lights On,,,,45.0,Vehicle - Pedalcyclist,6585,0,N,POINT (1271279.960882589 250028.1340040863),1047.0,1.6273813234812728e-05,Overcast,2015-02-11,06:08:00,6.0,2,1,0.0,Clear or Partly Cloudy
153655,185927,186007,3707982,Matched,Intersection,25785.0,5TH AVE NE AND NE 50TH ST,,,2,Injury Collision,Cycles,2,0,1,1,1,0,0,2015-02-22T00:00:00.000Z,2/22/2015 4:12:00 PM,At Intersection (intersection related),18,"MOTOR VEHICLE STRUCK PEDALCYCLIST, FRONT END AT ANGLE",Y,N,Clear or Partly Cloudy,Dry,Daylight,,,Y,45.0,Vehicle - Pedalcyclist,0,521819,N,POINT (1273408.076852769 246114.4567520767),1409.0,0.0,Clear or Partly Cloudy,2015-02-22,16:12:00,16.0,6,0,1.0,Clear or Partly Cloudy
153669,187018,187098,3571107,Matched,Intersection,27105.0,UNIVERSITY WAY NE AND NE 41ST ST,,,2,Injury Collision,Cycles,3,0,1,1,1,0,0,2014-10-31T00:00:00.000Z,10/31/2014 7:00:00 PM,At Intersection (intersection related),18,"MOTOR VEHICLE STRUCK PEDALCYCLIST, FRONT END AT ANGLE",,N,Raining,Dry,Dark - Street Lights On,,,,45.0,Vehicle - Pedalcyclist,5667,0,N,POINT (1275720.124983132 243099.6817089915),6723.0,0.0,Raining,2014-10-31,19:00:00,19.0,4,1,1.0,Raining
153674,187012,187092,3559910,Matched,Intersection,30436.0,12TH AVE S AND S WELLER ST,,,2,Injury Collision,Cycles,2,0,1,1,1,0,0,2015-03-04T00:00:00.000Z,3/4/2015 8:50:00 AM,At Intersection (intersection related),51,PEDALCYCLIST STRUCK MOTOR VEHICLE FRONT END AT ANGLE,,N,Clear or Partly Cloudy,Dry,Daylight,Y,,,45.0,Vehicle - Pedalcyclist,45283,0,N,POINT (1274321.9702297 221479.3706468493),9380.0,0.0,Clear or Partly Cloudy,2015-03-04,08:50:00,8.0,2,1,1.0,Clear or Partly Cloudy
153729,185331,185411,3707730,Matched,Block,,3RD AVE NW BETWEEN NW 83RD ST AND NW 84TH ST,,,2,Injury Collision,Cycles,3,0,1,1,1,0,0,2015-02-11T00:00:00.000Z,2/11/2015 12:58:00 PM,Driveway Junction,18,"MOTOR VEHICLE STRUCK PEDALCYCLIST, FRONT END AT ANGLE",,N,Clear or Partly Cloudy,Dry,Daylight,,,,45.0,Vehicle - Pedalcyclist,0,0,N,POINT (1264276.504107416 255231.2247614115),270.0,7.449046639269033e-09,Clear or Partly Cloudy,2015-02-11,12:58:00,12.0,2,1,0.0,Clear or Partly Cloudy
153751,185333,185413,3708008,Matched,Block,,CORLISS AVE N BETWEEN N NORTHLAKE WAY AND N 36TH ST,,,2,Injury Collision,Cycles,2,0,1,1,1,0,0,2015-02-11T00:00:00.000Z,2/11/2015 6:58:00 AM,Mid-Block (but intersection related),18,"MOTOR VEHICLE STRUCK PEDALCYCLIST, FRONT END AT ANGLE",Y,N,Overcast,Wet,Unknown,,,,45.0,Vehicle - Pedalcyclist,0,0,N,POINT (1271202.637490511 240776.2671146095),17894.0,2.559480490201357e-05,Overcast,2015-02-11,06:58:00,6.0,2,1,0.0,Clear or Partly Cloudy
153776,186506,186586,E397192,Matched,Block,,SUMMIT AVE E BETWEEN E DENNY WAY AND E OLIVE WAY,,,2,Injury Collision,Cycles,0,0,1,1,1,0,0,2015-02-02T00:00:00.000Z,2/2/2015 1:15:00 PM,Mid-Block (but intersection related),54,PEDALCYCLIST STRUCK MOTOR VEHICLE REAR END,,N,Overcast,Wet,Daylight,,,,45.0,Vehicle - Pedalcyclist,0,0,N,POINT (1272483.486963823 229246.5609268099),22053.0,1.2253980754689312e-05,Overcast,2015-02-02,13:15:00,13.0,0,1,0.0,Clear or Partly Cloudy
153791,187039,187119,3587344,Matched,Intersection,37441.0,EVANSTON AVE N AND N 90TH ST,,,2,Injury Collision,Cycles,2,0,1,1,1,0,0,2015-02-26T00:00:00.000Z,2/26/2015 12:04:00 PM,At Intersection (intersection related),51,PEDALCYCLIST STRUCK MOTOR VEHICLE FRONT END AT ANGLE,Y,N,Clear or Partly Cloudy,Dry,Daylight,,,,45.0,Vehicle - Pedalcyclist,0,37441,N,POINT (1266623.775533825 256911.1075151265),1304.0,0.0,Clear or Partly Cloudy,2015-02-26,12:04:00,12.0,3,1,0.0,Clear or Partly Cloudy
153793,183137,183217,E384042,Matched,Intersection,29147.0,THOMAS ST AND YALE AVE N,,,2,Injury Collision,Cycles,0,0,1,2,1,0,0,2014-12-15T00:00:00.000Z,12/15/2014 8:10:00 AM,At Intersection (intersection related),18,"MOTOR VEHICLE STRUCK PEDALCYCLIST, FRONT END AT ANGLE",,N,Overcast,Dry,Daylight,,,,45.0,Vehicle - Pedalcyclist,0,0,N,POINT (1271232.065586537 230047.3860156238),3792.0,0.0,Overcast,2014-12-15,08:10:00,8.0,0,1,1.0,Clear or Partly Cloudy
153794,187037,187117,3575317,Matched,Intersection,35906.0,1ST AVE NE AND NE 145TH ST,,,2,Injury Collision,Cycles,2,0,1,1,1,0,0,2015-03-01T00:00:00.000Z,3/1/2015 6:33:00 AM,At Intersection (intersection related),51,PEDALCYCLIST STRUCK MOTOR VEHICLE FRONT END AT ANGLE,,N,Clear or Partly Cloudy,Dry,Dawn,Y,,,45.0,Vehicle - Pedalcyclist,0,521185,N,POINT (1272415.591219753 271350.9221859127),9869.0,0.0,Clear or Partly Cloudy,2015-03-01,06:33:00,6.0,6,0,0.0,Clear or Partly Cloudy
153797,187044,187124,3702773,Matched,Intersection,25786.0,7TH AVE NE AND NE 50TH ST,,,1,Property Damage Only Collision,Cycles,2,0,1,1,0,0,0,2015-03-03T00:00:00.000Z,3/3/2015 6:48:00 PM,At Intersection (intersection related),18,"MOTOR VEHICLE STRUCK PEDALCYCLIST, FRONT END AT ANGLE",,N,Clear or Partly Cloudy,Dry,Dark - Street Lights On,Y,,,45.0,Vehicle - Pedalcyclist,0,522071,N,POINT (1273940.00901331 246097.7338080555),1409.0,0.0,Clear or Partly Cloudy,2015-03-03,18:48:00,18.0,1,1,1.0,Clear or Partly Cloudy
153824,184273,184353,3552740,Matched,Block,,FAIRVIEW AVE N BETWEEN FAIRVIEW AVE E AND EASTLAKE AVE E,,,2b,Serious Injury Collision,Cycles,2,0,1,1,1,1,0,2015-01-07T00:00:00.000Z,1/7/2015 7:00:00 AM,Mid-Block (not related to intersection),21,"MOTOR VEHICLE STRUCK PEDALCYCLIST, REAR END",,N,Unknown,Unknown,Unknown,,,,45.0,Vehicle - Pedalcyclist,0,0,N,POINT (1272275.11064361 234154.4024038315),23458.0,1.7031592351680432e-06,,2015-01-07,07:00:00,7.0,2,1,1.0,
153848,184116,184196,3732177,Matched,Block,,2ND AVE BETWEEN UNION ST AND PIKE ST,,,2,Injury Collision,Cycles,2,0,1,1,1,0,0,2015-01-08T00:00:00.000Z,1/8/2015 5:12:00 PM,Driveway Junction,18,"MOTOR VEHICLE STRUCK PEDALCYCLIST, FRONT END AT ANGLE",,N,Clear or Partly Cloudy,Dry,Dark - Street Lights On,,,,45.0,Vehicle - Pedalcyclist,42178,0,N,POINT (1269167.241392419 225698.1291791648),135.0,1.0206619767903732e-08,Clear or Partly Cloudy,2015-01-08,17:12:00,17.0,3,1,1.0,Clear or Partly Cloudy
153893,185959,186039,3588030,Matched,Block,,ERSKINE WAY SW BETWEEN SW HUDSON N ST AND SW HUDSON S ST,,,2,Injury Collision,Angles,2,0,1,1,1,0,0,2015-02-23T00:00:00.000Z,2/23/2015 11:15:00 AM,Mid-Block (not related to intersection),18,"MOTOR VEHICLE STRUCK PEDALCYCLIST, FRONT END AT ANGLE",,N,Clear or Partly Cloudy,Dry,Daylight,Y,,,10.0,Entering at angle,32351,0,N,POINT (1256078.264931023 207187.9398482144),6328.0,4.455865625978746e-06,Clear or Partly Cloudy,2015-02-23,11:15:00,11.0,0,1,0.0,Clear or Partly Cloudy
153898,185957,186037,3571156,Matched,Block,,35TH AVE SW BETWEEN SW BRANDON ST AND SW FINDLAY ST,,,2,Injury Collision,Cycles,2,0,1,1,1,0,0,2015-02-24T00:00:00.000Z,2/24/2015 6:16:00 AM,Mid-Block (not related to intersection),18,"MOTOR VEHICLE STRUCK PEDALCYCLIST, FRONT END AT ANGLE",Y,N,Clear or Partly Cloudy,Dry,Dawn,,,,45.0,Vehicle - Pedalcyclist,22397,0,N,POINT (1259425.525798455 205490.2300224751),18753.0,5.666516996953918e-06,Clear or Partly Cloudy,2015-02-24,06:16:00,6.0,1,1,0.0,Clear or Partly Cloudy
153940,187051,187131,3733351,Matched,Intersection,28783.0,DEXTER AVE N AND HARRISON ST,,,2,Injury Collision,Cycles,4,0,1,1,1,0,0,2015-03-03T00:00:00.000Z,3/3/2015 4:17:00 PM,At Intersection (intersection related),51,PEDALCYCLIST STRUCK MOTOR VEHICLE FRONT END AT ANGLE,,N,Clear or Partly Cloudy,Dry,Daylight,,,,45.0,Vehicle - Pedalcyclist,42737,0,N,POINT (1268294.844463527 230555.517344147),6407.0,0.0,Clear or Partly Cloudy,2015-03-03,16:17:00,16.0,1,1,1.0,Clear or Partly Cloudy
153944,187049,187129,3707759,Matched,Intersection,30783.0,RAINIER AVE S AND S LANE ST,,,2,Injury Collision,Cycles,2,0,1,1,1,0,0,2015-02-26T00:00:00.000Z,2/26/2015 2:00:00 PM,At Intersection (intersection related),18,"MOTOR VEHICLE STRUCK PEDALCYCLIST, FRONT END AT ANGLE",,N,Clear or Partly Cloudy,Dry,Daylight,,,,45.0,Vehicle - Pedalcyclist,0,30783,N,POINT (1275575.473206982 221145.923990503),3718.0,0.0,Clear or Partly Cloudy,2015-02-26,14:00:00,14.0,3,1,0.0,Clear or Partly Cloudy
157121,187433,187513,3587754,Matched,Block,,DELRIDGE WAY SW BETWEEN SW JUNEAU ST AND 24TH AVE SW,,,2,Injury Collision,Cycles,2,0,1,1,1,0,0,2015-03-13T00:00:00.000Z,3/13/2015 3:47:00 PM,Mid-Block (not related to intersection),51,PEDALCYCLIST STRUCK MOTOR VEHICLE FRONT END AT ANGLE,,N,Clear or Partly Cloudy,Dry,Daylight,,,,45.0,Vehicle - Pedalcyclist,23126,0,N,POINT (1262666.692905769 203788.9914287329),19789.0,2.7181457257067042e-05,Clear or Partly Cloudy,2015-03-13,15:47:00,15.0,4,1,1.0,Clear or Partly Cloudy
157129,191258,191338,3739580,Matched,Block,,2ND AVE BETWEEN UNION ST AND PIKE ST,,,2,Injury Collision,Cycles,4,0,2,1,2,0,0,2015-04-21T00:00:00.000Z,4/21/2015 8:53:00 AM,Mid-Block (not related to intersection),18,"MOTOR VEHICLE STRUCK PEDALCYCLIST, FRONT END AT ANGLE",,N,Clear or Partly Cloudy,Dry,Daylight,,,,45.0,Vehicle - Pedalcyclist,42160,0,N,POINT (1269167.241392419 225698.1291791648),135.0,1.0206619767903732e-08,Clear or Partly Cloudy,2015-04-21,08:53:00,8.0,1,1,1.0,Clear or Partly Cloudy
157141,187434,187514,3588327,Matched,Block,,HARBOR AVE SW BETWEEN CALIFORNIA WAY SW AND FAIRMOUNT AVE SW,,,2b,Serious Injury Collision,Cycles,2,0,1,1,1,1,0,2015-03-12T00:00:00.000Z,3/12/2015 2:59:00 PM,Mid-Block (not related to intersection),51,PEDALCYCLIST STRUCK MOTOR VEHICLE FRONT END AT ANGLE,,N,Clear or Partly Cloudy,Dry,Daylight,,,,45.0,Vehicle - Pedalcyclist,4109,0,N,POINT (1258813.585125819 218426.0909637213),15569.0,1.0984254900840304e-05,Clear or Partly Cloudy,2015-03-12,14:59:00,14.0,3,1,0.0,Clear or Partly Cloudy
157233,192898,192978,3733006,Matched,Intersection,27294.0,25TH AVE NE AND NE 44TH ST,NEI,"Not Enough Information, or Insufficient Location Information",1,Property Damage Only Collision,Cycles,2,0,1,1,0,0,0,2015-04-13T00:00:00.000Z,4/13/2015 6:10:00 PM,At Intersection (intersection related),0,NOT ENOUGH INFORMATION / NOT APPLICABLE,,N,Unknown,Unknown,Unknown,,,,45.0,Vehicle - Pedalcyclist,19186,0,N,POINT (1278786.247738272 244381.9913423061),5349.0,0.0,,2015-04-13,18:10:00,18.0,0,1,1.0,
157253,194757,194857,3738579,Matched,Block,,LAKE CITY WAY NE BETWEEN NE 123RD ST AND 30TH N AVE NE,,,2,Injury Collision,Cycles,3,0,1,2,1,0,0,2015-06-01T00:00:00.000Z,6/1/2015 3:54:00 PM,Mid-Block (not related to intersection),18,"MOTOR VEHICLE STRUCK PEDALCYCLIST, FRONT END AT ANGLE",,N,Overcast,Dry,Daylight,,,,45.0,Vehicle - Pedalcyclist,17845,0,N,POINT (1280323.489339843 265153.0387235731),6451.0,2.7918698071197716e-05,Overcast,2015-06-01,15:54:00,15.0,0,1,1.0,Clear or Partly Cloudy
157381,194773,194873,E423173,Matched,Block,,EAST MARGINAL WAY S BETWEEN 14TH AVE S AND 16TH AVE S,,,2,Injury Collision,Cycles,0,0,1,1,1,0,0,2015-05-04T00:00:00.000Z,5/4/2015 4:17:00 PM,Mid-Block (not related to intersection),21,"MOTOR VEHICLE STRUCK PEDALCYCLIST, REAR END",,N,Clear or Partly Cloudy,Dry,Daylight,,,,45.0,Vehicle - Pedalcyclist,1257,0,N,POINT (1274673.981302068 198584.8996473998),19086.0,2.7703854889557567e-05,Clear or Partly Cloudy,2015-05-04,16:17:00,16.0,0,1,1.0,Clear or Partly Cloudy
157389,194769,194869,E423128,Matched,Intersection,24439.0,5TH AVE NE AND NE 74TH ST,,,2,Injury Collision,Cycles,0,0,1,1,1,0,0,2015-04-30T00:00:00.000Z,4/30/2015 6:37:00 AM,At Intersection (intersection related),11,"MOTOR VEHICLE STRUCK MOTOR VEHICLE, FRONT END AT ANGLE",,N,Overcast,Dry,Dawn,,,,45.0,Vehicle - Pedalcyclist,7462,0,N,POINT (1273522.662452891 252334.7232544422),3117.0,0.0,Overcast,2015-04-30,06:37:00,6.0,3,1,0.0,Clear or Partly Cloudy
157398,193797,193877,3706666,Matched,Intersection,25756.0,ROOSEVELT WAY NE AND NE RAVENNA WB BV,,,2,Injury Collision,Cycles,2,0,1,1,1,0,0,2015-05-26T00:00:00.000Z,5/26/2015 8:13:00 PM,At Intersection (intersection related),51,PEDALCYCLIST STRUCK MOTOR VEHICLE FRONT END AT ANGLE,Y,N,Clear or Partly Cloudy,Dry,Daylight,,,,45.0,Vehicle - Pedalcyclist,28826,0,N,POINT (1274814.161718205 248748.2492667735),936.0,0.0,Clear or Partly Cloudy,2015-05-26,20:13:00,20.0,1,1,0.0,Clear or Partly Cloudy
157423,195437,195537,3739458,Matched,Block,,S KING ST BETWEEN ALASKAN WAY S AND ALASKAN E RDWY WAY S,,,2,Injury Collision,Cycles,2,0,1,1,1,0,0,2015-06-12T00:00:00.000Z,6/12/2015 5:31:00 PM,Mid-Block (but intersection related),18,"MOTOR VEHICLE STRUCK PEDALCYCLIST, FRONT END AT ANGLE",,N,Clear or Partly Cloudy,Dry,Daylight,,,,45.0,Vehicle - Pedalcyclist,0,30371,N,POINT (1269779.950193048 221850.6314472258),7773.0,2.482092404205035e-05,Clear or Partly Cloudy,2015-06-12,17:31:00,17.0,4,1,1.0,Clear or Partly Cloudy
157440,195726,195826,3707282,Matched,Intersection,29862.0,BELLEVUE AVE AND E PINE ST,,,2,Injury Collision,Cycles,2,0,1,1,1,0,0,2015-06-17T00:00:00.000Z,6/17/2015 9:14:00 AM,At Intersection (intersection related),18,"MOTOR VEHICLE STRUCK PEDALCYCLIST, FRONT END AT ANGLE",,N,Clear or Partly Cloudy,Dry,Daylight,,,,45.0,Vehicle - Pedalcyclist,10342,0,N,POINT (1272084.808499411 227986.9833255112),633.0,0.0,Clear or Partly Cloudy,2015-06-17,09:14:00,9.0,2,1,1.0,Clear or Partly Cloudy
157473,193560,193640,3626512,Matched,Intersection,29863.0,MELROSE AVE AND PINE ST,,,2,Injury Collision,Cycles,2,0,1,1,1,0,0,2015-05-19T00:00:00.000Z,5/19/2015 9:53:00 AM,At Intersection (intersection related),51,PEDALCYCLIST STRUCK MOTOR VEHICLE FRONT END AT ANGLE,,N,Clear or Partly Cloudy,Dry,Daylight,,,,45.0,Vehicle - Pedalcyclist,10336,0,N,POINT (1271813.802035138 227999.6394535303),897.0,0.0,Clear or Partly Cloudy,2015-05-19,09:53:00,9.0,1,1,1.0,Clear or Partly Cloudy
157491,194523,194623,E429305,Matched,Intersection,27096.0,7TH AVE NE AND NE 42ND ST,,,2,Injury Collision,Cycles,2,0,1,1,1,0,0,2015-05-31T00:00:00.000Z,5/31/2015 10:44:00 PM,At Intersection (intersection related),18,"MOTOR VEHICLE STRUCK PEDALCYCLIST, FRONT END AT ANGLE",,N,Clear or Partly Cloudy,Dry,Dark - Street Lights On,,,,45.0,Vehicle - Pedalcyclist,40377,0,N,POINT (1273852.274741217 243385.611437276),1393.0,0.0,Clear or Partly Cloudy,2015-05-31,22:44:00,22.0,6,0,0.0,Clear or Partly Cloudy
157534,192101,192181,3739231,Matched,Intersection,30348.0,1ST AVE AND COLUMBIA ST,,,2,Injury Collision,Cycles,3,0,1,1,1,0,0,2015-05-02T00:00:00.000Z,5/2/2015 12:20:00 PM,At Intersection (intersection related),18,"MOTOR VEHICLE STRUCK PEDALCYCLIST, FRONT END AT ANGLE",,N,Clear or Partly Cloudy,Dry,Daylight,Y,,,45.0,Vehicle - Pedalcyclist,36804,0,N,POINT (1269994.838065267 223668.0365050882),14301.0,0.0,Clear or Partly Cloudy,2015-05-02,12:20:00,12.0,5,0,0.0,Clear or Partly Cloudy
157556,191498,191578,E412383,Matched,Block,,PINE ST BETWEEN MINOR AVE AND MELROSE AVE,,,2,Injury Collision,Cycles,0,0,1,1,1,0,0,2015-03-31T00:00:00.000Z,3/31/2015 3:19:00 PM,Mid-Block (not related to intersection),23,"MOTOR VEHICLE STRUCK PEDALCYCLIST, LEFT SIDE SIDESWIPE",,N,Overcast,Wet,Daylight,,,,45.0,Vehicle - Pedalcyclist,10330,0,N,POINT (1271712.289267033 227944.0531494766),897.0,1.2157913311799526e-05,Overcast,2015-03-31,15:19:00,15.0,1,1,1.0,Clear or Partly Cloudy
157558,195477,195558,E432698,Matched,Block,,ALKI AVE SW BETWEEN HARBOR AVE SW AND SW RHODE ISLAND ST,,,2,Injury Collision,Cycles,0,0,1,1,1,0,0,2015-06-11T00:00:00.000Z,6/11/2015 5:58:00 AM,Mid-Block (not related to intersection),18,"MOTOR VEHICLE STRUCK PEDALCYCLIST, FRONT END AT ANGLE",,N,Clear or Partly Cloudy,Dry,Daylight,,,,45.0,Vehicle - Pedalcyclist,3581,0,N,POINT (1257143.720548108 220960.6377823204),13101.0,2.6424358280765092e-05,Clear or Partly Cloudy,2015-06-11,05:58:00,5.0,3,1,0.0,Clear or Partly Cloudy
157571,193215,193295,E418701,Matched,Intersection,35230.0,M L KING JR ER WAY S AND S ROSE ST,,,2,Injury Collision,Cycles,0,0,1,1,1,0,0,2015-04-16T00:00:00.000Z,4/16/2015 4:18:00 PM,At Intersection (intersection related),18,"MOTOR VEHICLE STRUCK PEDALCYCLIST, FRONT END AT ANGLE",,N,Clear or Partly Cloudy,Dry,Daylight,,,,45.0,Vehicle - Pedalcyclist,0,525484,N,POINT (1282916.355390504 196402.7221731693),12239.0,0.0,Clear or Partly Cloudy,2015-04-16,16:18:00,16.0,3,1,1.0,Clear or Partly Cloudy
157586,193564,193644,3739292,Matched,Intersection,27440.0,36TH AVE W AND W BARRETT ST,,,2,Injury Collision,Cycles,2,0,1,1,1,0,0,2015-05-15T00:00:00.000Z,5/15/2015 5:45:00 AM,At Intersection (intersection related),18,"MOTOR VEHICLE STRUCK PEDALCYCLIST, FRONT END AT ANGLE",,N,Overcast,Dry,Dawn,,,,45.0,Vehicle - Pedalcyclist,0,0,N,POINT (1253378.113056257 239887.7093537003),4766.0,0.0,Overcast,2015-05-15,05:45:00,5.0,4,1,0.0,Clear or Partly Cloudy
157595,193562,193642,3736365,Matched,Intersection,27034.0,TROLL AVE N AND N 35TH ST,,,2,Injury Collision,Cycles,2,0,1,1,1,0,0,2015-05-20T00:00:00.000Z,5/20/2015 5:29:00 PM,At Intersection (intersection related),18,"MOTOR VEHICLE STRUCK PEDALCYCLIST, FRONT END AT ANGLE",,N,Clear or Partly Cloudy,Dry,Daylight,,,,45.0,Vehicle - Pedalcyclist,0,0,N,POINT (1267249.323566467 240829.0566826612),11895.0,0.0,Clear or Partly Cloudy,2015-05-20,17:29:00,17.0,2,1,1.0,Clear or Partly Cloudy