OBJECTID,INCKEY,COLDETKEY,REPORTNO,STATUS,ADDRTYPE,INTKEY,LOCATION,EXCEPTRSNC,EXCEPTRSND,SEVERITYCO,SEVERITYDE,COLLISIONT,PERSONCOUN,PEDCOUNT,PEDCYLCOUN,VEHCOUNT,INJURIES,SERIOUSINJ,FATALITIES,INCDATE,INCDTTM,JUNCTIONTY,SDOT_COLCO,SDOT_COLDE,INATTENTIO,UNDERINFL,WEATHER,ROADCOND,LIGHTCOND,PEDROWNOTG,SDOTCOLNUM,SPEEDING,ST_COLCODE,ST_COLDESC,SEGLANEKEY,CROSSWALKK,HITPARKEDC,geometry,near_str_index,min_length,weather_group,date,time,hour,dayofweek,weekday,rushhour,weather_group2
158774,193384,193464,3739300,Matched,Intersection,29510.0,DENNY WAY AND WESTLAKE AVE,,,2,Injury Collision,Cycles,5,0,1,1,1,0,0,2015-05-16T00:00:00.000Z,5/16/2015 10:02:00 PM,At Intersection (intersection related),18,"MOTOR VEHICLE STRUCK PEDALCYCLIST, FRONT END AT ANGLE",Y,N,Overcast,Dry,Dark - Street Lights On,Y,,,45.0,Vehicle - Pedalcyclist,0,523899,N,POINT (1269228.121136487 229252.4793908149),1030.0,0.0,Overcast,2015-05-16,22:02:00,22.0,5,0,0.0,Clear or Partly Cloudy
158793,192456,192536,3707155,Matched,Intersection,29847.0,MELROSE AVE AND OLIVE WAY,,,2,Injury Collision,Cycles,2,0,1,1,1,0,0,2015-05-07T00:00:00.000Z,5/7/2015 10:25:00 PM,At Intersection (intersection related),18,"MOTOR VEHICLE STRUCK PEDALCYCLIST, FRONT END AT ANGLE",Y,Y,Clear or Partly Cloudy,Dry,Dark - Street Lights On,Y,,,45.0,Vehicle - Pedalcyclist,0,524228,N,POINT (1271829.434419155 228511.3035820574),845.0,0.0,Clear or Partly Cloudy,2015-05-07,22:25:00,22.0,3,1,0.0,Clear or Partly Cloudy
158868,191958,192038,3736361,Matched,Intersection,27203.0,1ST AVE NE AND NE 43RD ST,,,2,Injury Collision,Cycles,2,0,1,1,1,0,0,2015-05-02T00:00:00.000Z,5/2/2015 1:45:00 PM,At Intersection (intersection related),51,PEDALCYCLIST STRUCK MOTOR VEHICLE FRONT END AT ANGLE,,N,Clear or Partly Cloudy,Dry,Daylight,,,,45.0,Vehicle - Pedalcyclist,0,0,N,POINT (1272027.280179352 243975.8788298815),9054.0,0.0,Clear or Partly Cloudy,2015-05-02,13:45:00,13.0,5,0,0.0,Clear or Partly Cloudy
158911,194027,194107,E427320,Matched,Block,,S EDMUNDS ST BETWEEN 32ND AVE S AND 35TH AVE S,NEI,"Not Enough Information, or Insufficient Location Information",1,Property Damage Only Collision,Cycles,0,0,1,1,0,0,0,2015-05-23T00:00:00.000Z,5/23/2015 6:41:00 PM,,0,NOT ENOUGH INFORMATION / NOT APPLICABLE,,N,Clear or Partly Cloudy,Dry,Daylight,,,,45.0,Vehicle - Pedalcyclist,0,0,N,POINT (1280732.247740269 207189.5226962119),10628.0,7.448535038968465e-09,Clear or Partly Cloudy,2015-05-23,18:41:00,18.0,5,0,1.0,Clear or Partly Cloudy
158987,195398,195498,3576522,Matched,Intersection,30365.0,1ST AVE S AND S JACKSON ST,,,2,Injury Collision,Cycles,2,0,1,1,1,0,0,2015-06-13T00:00:00.000Z,6/13/2015 12:46:00 AM,At Intersection (intersection related),18,"MOTOR VEHICLE STRUCK PEDALCYCLIST, FRONT END AT ANGLE",,N,Clear or Partly Cloudy,Dry,Dark - Street Lights On,,,,45.0,Vehicle - Pedalcyclist,4843,0,N,POINT (1270150.066225424 222182.4193515629),1802.0,0.0,Clear or Partly Cloudy,2015-06-13,00:46:00,,5,0,,Clear or Partly Cloudy
159024,192228,192308,E421520,Matched,Block,,S JACKSON ST BETWEEN 12TH AVE S AND 14TH AVE S,,,2b,Serious Injury Collision,Cycles,1,0,1,1,1,1,0,2015-05-04T00:00:00.000Z,5/4/2015 7:52:00 AM,Mid-Block (not related to intersection),69,PEDALCYCLIST OVERTURNED IN ROAD,,N,Clear or Partly Cloudy,Dry,Daylight,,,,45.0,Vehicle - Pedalcyclist,11007,0,N,POINT (1274714.950966105 222091.9929194748),12155.0,2.01258740024902e-05,Clear or Partly Cloudy,2015-05-04,07:52:00,7.0,0,1,1.0,Clear or Partly Cloudy
159047,193157,193237,3501825,Matched,Block,,LINDEN AVE N BETWEEN N 130TH ST AND N 135TH ST,,,2,Injury Collision,Cycles,2,0,1,1,1,0,0,2015-05-06T00:00:00.000Z,5/6/2015 8:12:00 AM,Driveway Junction,18,"MOTOR VEHICLE STRUCK PEDALCYCLIST, FRONT END AT ANGLE",,N,Clear or Partly Cloudy,Dry,Daylight,Y,,,45.0,Vehicle - Pedalcyclist,40839,0,N,POINT (1267662.791086882 268139.4151106328),20586.0,2.602739777230382e-06,Clear or Partly Cloudy,2015-05-06,08:12:00,8.0,2,1,1.0,Clear or Partly Cloudy
159090,194740,194840,3732679,Matched,Intersection,28744.0,WESTLAKE AVE N AND VALLEY ST,NEI,"Not Enough Information, or Insufficient Location Information",2,Injury Collision,Cycles,1,0,1,0,1,0,0,2015-06-02T00:00:00.000Z,6/2/2015 3:55:00 PM,At Intersection (intersection related),69,PEDALCYCLIST OVERTURNED IN ROAD,Y,N,Clear or Partly Cloudy,Dry,Daylight,,,,45.0,Vehicle - Pedalcyclist,31157,0,N,POINT (1269242.945584506 231901.4393935204),3828.0,0.0,Clear or Partly Cloudy,2015-06-02,15:55:00,15.0,1,1,1.0,Clear or Partly Cloudy
159119,191972,192052,E416522,Matched,Intersection,25418.0,8TH AVE NW AND NW 56TH ST,,,2,Injury Collision,Cycles,0,0,1,1,1,0,0,2015-04-07T00:00:00.000Z,4/7/2015 8:43:00 AM,At Intersection (intersection related),18,"MOTOR VEHICLE STRUCK PEDALCYCLIST, FRONT END AT ANGLE",,N,Overcast,Dry,Daylight,,,,45.0,Vehicle - Pedalcyclist,2426,0,N,POINT (1262769.165609866 247948.7807219476),1580.0,0.0,Overcast,2015-04-07,08:43:00,8.0,1,1,1.0,Clear or Partly Cloudy
159122,195666,195766,3571258,Matched,Block,,FAUNTLEROY WAY SW BETWEEN SW AUSTIN ST AND SW KENYON ST,,,2,Injury Collision,Cycles,3,0,1,1,1,0,0,2015-06-17T00:00:00.000Z,6/17/2015 7:55:00 PM,Mid-Block (not related to intersection),18,"MOTOR VEHICLE STRUCK PEDALCYCLIST, FRONT END AT ANGLE",,N,Clear or Partly Cloudy,Dry,Daylight,,,,45.0,Vehicle - Pedalcyclist,3002,0,N,POINT (1255239.293282166 198562.1224313825),19812.0,2.5659378155971546e-05,Clear or Partly Cloudy,2015-06-17,19:55:00,19.0,2,1,1.0,Clear or Partly Cloudy
159142,195407,195507,3588278,Matched,Intersection,31812.0,BEACH DR SW AND SW CARROLL ST,,,2,Injury Collision,Cycles,2,0,1,1,1,0,0,2015-06-13T00:00:00.000Z,6/13/2015 9:15:00 AM,At Intersection (intersection related),51,PEDALCYCLIST STRUCK MOTOR VEHICLE FRONT END AT ANGLE,Y,N,Clear or Partly Cloudy,Dry,Daylight,,,,45.0,Vehicle - Pedalcyclist,4011,0,N,POINT (1251332.609054163 210999.7170041203),3358.0,0.0,Clear or Partly Cloudy,2015-06-13,09:15:00,9.0,5,0,1.0,Clear or Partly Cloudy
159144,192236,192316,E417132,Matched,Block,,6TH AVE BETWEEN PINE ST AND OLIVE WAY,,,2,Injury Collision,Cycles,0,0,1,1,1,0,0,2015-04-17T00:00:00.000Z,4/17/2015 9:22:00 AM,Mid-Block (not related to intersection),18,"MOTOR VEHICLE STRUCK PEDALCYCLIST, FRONT END AT ANGLE",,N,Clear or Partly Cloudy,Dry,Daylight,,,,45.0,Vehicle - Pedalcyclist,25424,0,N,POINT (1269841.285361111 227087.6141725928),3200.0,2.4618179339475416e-05,Clear or Partly Cloudy,2015-04-17,09:22:00,9.0,4,1,1.0,Clear or Partly Cloudy
159147,195941,196041,3626648,Matched,Block,,15TH AVE E BETWEEN E HARRISON S ST AND E HARRISON N ST,,,2,Injury Collision,Cycles,3,0,1,1,1,0,0,2015-06-22T00:00:00.000Z,6/22/2015 9:03:00 AM,Mid-Block (not related to intersection),51,PEDALCYCLIST STRUCK MOTOR VEHICLE FRONT END AT ANGLE,Y,N,Clear or Partly Cloudy,Dry,Daylight,,,,45.0,Vehicle - Pedalcyclist,8572,0,N,POINT (1275624.546487033 230399.2137279809),12284.0,0.0,Clear or Partly Cloudy,2015-06-22,09:03:00,9.0,0,1,1.0,Clear or Partly Cloudy
159176,192238,192318,E417181,Matched,Intersection,31507.0,M L KING JR WAY S AND S BAYVIEW S ST,,,2,Injury Collision,Cycles,0,0,1,1,1,0,0,2015-04-18T00:00:00.000Z,4/18/2015 11:41:00 AM,At Intersection (intersection related),18,"MOTOR VEHICLE STRUCK PEDALCYCLIST, FRONT END AT ANGLE",,N,Clear or Partly Cloudy,Dry,Daylight,,,,45.0,Vehicle - Pedalcyclist,0,524859,N,POINT (1279201.229114696 215463.757712692),20194.0,0.0,Clear or Partly Cloudy,2015-04-18,11:41:00,11.0,5,0,0.0,Clear or Partly Cloudy
159185,194057,194137,3738444,Matched,Intersection,25657.0,EVANSTON AVE N AND N 50TH ST,,,2,Injury Collision,Cycles,2,0,1,1,1,0,0,2015-05-19T00:00:00.000Z,5/19/2015 10:19:00 AM,At Intersection (intersection related),18,"MOTOR VEHICLE STRUCK PEDALCYCLIST, FRONT END AT ANGLE",,N,Clear or Partly Cloudy,Dry,Daylight,,,,45.0,Vehicle - Pedalcyclist,9728,0,N,POINT (1266362.645037547 246266.9129442275),713.0,0.0,Clear or Partly Cloudy,2015-05-19,10:19:00,10.0,1,1,0.0,Clear or Partly Cloudy
159189,193433,193513,3707251,Matched,Block,,16TH AVE BETWEEN E OLIVE ST AND E HOWELL ST,,,2,Injury Collision,Cycles,2,0,1,1,1,0,0,2015-05-17T00:00:00.000Z,5/17/2015 6:30:00 PM,Mid-Block (but intersection related),51,PEDALCYCLIST STRUCK MOTOR VEHICLE FRONT END AT ANGLE,Y,N,Clear or Partly Cloudy,Dry,Daylight,,,,45.0,Vehicle - Pedalcyclist,0,0,N,POINT (1275883.711799309 228573.9904301167),93.0,3.214996713234836e-07,Clear or Partly Cloudy,2015-05-17,18:30:00,18.0,6,0,1.0,Clear or Partly Cloudy
159194,193738,193818,3626634,Matched,Block,,BROADWAY BETWEEN E PIKE ST AND E PINE ST,,,2,Injury Collision,Cycles,2,0,1,1,1,0,0,2015-05-26T00:00:00.000Z,5/26/2015 6:50:00 PM,Driveway Junction,18,"MOTOR VEHICLE STRUCK PEDALCYCLIST, FRONT END AT ANGLE",,N,Clear or Partly Cloudy,Dry,Daylight,Y,,,45.0,Vehicle - Pedalcyclist,6855,0,N,POINT (1273564.040884927 227752.5528612733),15815.0,2.877603720450791e-05,Clear or Partly Cloudy,2015-05-26,18:50:00,18.0,1,1,1.0,Clear or Partly Cloudy
159200,194058,194138,3738783,Matched,Intersection,36584.0,MERIDIAN AVE N AND N NORTHGATE WAY,,,2,Injury Collision,Cycles,2,0,1,1,1,0,0,2015-05-29T00:00:00.000Z,5/29/2015 6:03:00 PM,At Intersection (intersection related),18,"MOTOR VEHICLE STRUCK PEDALCYCLIST, FRONT END AT ANGLE",Y,N,Clear or Partly Cloudy,Dry,Daylight,,,,45.0,Vehicle - Pedalcyclist,0,523505,N,POINT (1270976.686642274 262100.5006724447),853.0,0.0,Clear or Partly Cloudy,2015-05-29,18:03:00,18.0,4,1,1.0,Clear or Partly Cloudy
159244,194748,194848,E427323,Matched,Intersection,35762.0,STONE AVE N AND N 130TH ST,,,2b,Serious Injury Collision,Cycles,4,0,1,1,0,1,0,2015-05-23T00:00:00.000Z,5/23/2015 11:58:00 AM,At Intersection (intersection related),18,"MOTOR VEHICLE STRUCK PEDALCYCLIST, FRONT END AT ANGLE",,N,Overcast,Dry,Daylight,,,,45.0,Vehicle - Pedalcyclist,0,523394,N,POINT (1269040.812592298 267445.8710459173),6687.0,0.0,Overcast,2015-05-23,11:58:00,11.0,5,0,0.0,Clear or Partly Cloudy
159326,197674,197794,E435206,Matched,Intersection,29916.0,8TH AVE AND SENECA ST,,,2,Injury Collision,Cycles,0,0,1,1,1,0,0,2015-05-28T00:00:00.000Z,5/28/2015 11:57:00 AM,At Intersection (intersection related),18,"MOTOR VEHICLE STRUCK PEDALCYCLIST, FRONT END AT ANGLE",,N,Clear or Partly Cloudy,Dry,Daylight,,,,45.0,Vehicle - Pedalcyclist,0,521935,N,POINT (1271310.37982662 225869.0825233459),3756.0,0.0,Clear or Partly Cloudy,2015-05-28,11:57:00,11.0,3,1,0.0,Clear or Partly Cloudy
159348,199168,199308,E447909,Matched,Intersection,27816.0,W MCGRAW PL AND W MCGRAW E ST,,,2,Injury Collision,Cycles,1,0,1,1,1,0,0,2015-08-01T00:00:00.000Z,8/1/2015 7:26:00 AM,At Intersection (intersection related),18,"MOTOR VEHICLE STRUCK PEDALCYCLIST, FRONT END AT ANGLE",,N,Clear or Partly Cloudy,Dry,Daylight,,,,45.0,Vehicle - Pedalcyclist,30167,0,N,POINT (1264176.352811307 237036.4008067846),5228.0,0.0,Clear or Partly Cloudy,2015-08-01,07:26:00,7.0,5,0,1.0,Clear or Partly Cloudy
159349,199164,199304,3733601,Matched,Block,,40TH AVE NE BETWEEN NE 52ND PL AND NE 55TH ST,,,2,Injury Collision,Cycles,2,0,1,1,1,0,0,2015-08-01T00:00:00.000Z,8/1/2015 3:14:00 PM,Mid-Block (not related to intersection),18,"MOTOR VEHICLE STRUCK PEDALCYCLIST, FRONT END AT ANGLE",,N,Clear or Partly Cloudy,Dry,Daylight,,,,45.0,Vehicle - Pedalcyclist,0,521972,N,POINT (1282801.570750386 247034.7936490178),12437.0,0.0,Clear or Partly Cloudy,2015-08-01,15:14:00,15.0,5,0,1.0,Clear or Partly Cloudy
159373,198599,198739,3573348,Matched,Intersection,28788.0,DEXTER AVE N AND THOMAS ST,,,2,Injury Collision,Cycles,2,0,1,1,1,0,0,2015-07-24T00:00:00.000Z,7/24/2015 6:48:00 PM,At Intersection (intersection related),18,"MOTOR VEHICLE STRUCK PEDALCYCLIST, FRONT END AT ANGLE",,N,Clear or Partly Cloudy,Dry,Daylight,Y,,,45.0,Vehicle - Pedalcyclist,42777,0,N,POINT (1268283.993903518 230129.8392637074),3489.0,0.0,Clear or Partly Cloudy,2015-07-24,18:48:00,18.0,4,1,1.0,Clear or Partly Cloudy
159412,199986,200126,3731651,Matched,Block,,58TH AVE SW BETWEEN SW SPOKANE W ST AND HILLCREST AVE SW,,,2,Injury Collision,Cycles,2,0,1,1,1,0,0,2015-08-13T00:00:00.000Z,8/13/2015 2:12:00 PM,Mid-Block (not related to intersection),11,"MOTOR VEHICLE STRUCK MOTOR VEHICLE, FRONT END AT ANGLE",,Y,Clear or Partly Cloudy,Dry,Daylight,,,,45.0,Vehicle - Pedalcyclist,33026,0,N,POINT (1251897.097822741 212615.9582857788),11008.0,1.7944951240262787e-05,Clear or Partly Cloudy,2015-08-13,14:12:00,14.0,3,1,0.0,Clear or Partly Cloudy
159434,196869,196989,E427778,Matched,Block,,LAKE CITY WAY NE BETWEEN NE 123RD ST AND 30TH N AVE NE,,,2,Injury Collision,Cycles,3,0,1,1,1,0,0,2015-05-19T00:00:00.000Z,5/19/2015 8:51:00 AM,Mid-Block (not related to intersection),18,"MOTOR VEHICLE STRUCK PEDALCYCLIST, FRONT END AT ANGLE",Y,N,Overcast,Dry,Daylight,,,,45.0,Vehicle - Pedalcyclist,0,36647,N,POINT (1280323.489339843 265153.0387235731),6451.0,2.7918698071197716e-05,Overcast,2015-05-19,08:51:00,8.0,1,1,1.0,Clear or Partly Cloudy
159446,197078,197198,3732143,Matched,Block,,DEXTER AVE N BETWEEN ROY ST AND VALLEY ST,,,2,Injury Collision,Cycles,2,0,1,1,1,0,0,2015-06-25T00:00:00.000Z,6/25/2015 4:21:00 PM,Driveway Junction,18,"MOTOR VEHICLE STRUCK PEDALCYCLIST, FRONT END AT ANGLE",,N,Clear or Partly Cloudy,Dry,Daylight,Y,,,45.0,Vehicle - Pedalcyclist,44421,0,N,POINT (1268330.074735567 231932.1833295524),13737.0,3.050049204303896e-05,Clear or Partly Cloudy,2015-06-25,16:21:00,16.0,3,1,1.0,Clear or Partly Cloudy
159449,197076,197196,3707865,Matched,Block,,NE 125TH ST BETWEEN 17TH E AVE NE AND 19TH AVE NE,,,2,Injury Collision,Cycles,3,0,1,1,1,0,0,2015-06-25T00:00:00.000Z,6/25/2015 5:23:00 PM,Mid-Block (but intersection related),51,PEDALCYCLIST STRUCK MOTOR VEHICLE FRONT END AT ANGLE,,N,Clear or Partly Cloudy,Dry,Daylight,,,,45.0,Vehicle - Pedalcyclist,7917,0,N,POINT (1277071.078072518 265894.6164523363),17610.0,3.095514714356781e-05,Clear or Partly Cloudy,2015-06-25,17:23:00,17.0,3,1,1.0,Clear or Partly Cloudy
159481,198617,198758,3642467,Matched,Block,,BELMONT AVE BETWEEN E PINE ST AND E OLIVE ST,,,2b,Serious Injury Collision,Cycles,1,0,1,0,1,1,0,2015-07-27T00:00:00.000Z,7/27/2015 4:40:00 AM,Mid-Block (but intersection related),68,PEDALCYCLIST RAN OFF ROAD - HIT FIXED OBJECT,,N,Clear or Partly Cloudy,Dry,Dark - Street Lights On,,,Y,45.0,Vehicle - Pedalcyclist,0,0,N,POINT (1272662.030900002 228183.1300137192),22992.0,0.0,Clear or Partly Cloudy,2015-07-27,04:40:00,4.0,0,1,0.0,Clear or Partly Cloudy
159482,197697,197817,E435265,Matched,Block,,4TH AVE S BETWEEN S INDUSTRIAL EB WAY AND DIAGONAL AVE S,,,2,Injury Collision,Cycles,0,0,1,1,1,0,0,2015-05-20T00:00:00.000Z,5/20/2015 3:20:00 PM,Mid-Block (not related to intersection),18,"MOTOR VEHICLE STRUCK PEDALCYCLIST, FRONT END AT ANGLE",,N,Clear or Partly Cloudy,Dry,Daylight,,,,45.0,Vehicle - Pedalcyclist,0,0,N,POINT (1271135.515698433 210589.0612597018),5736.0,7.755464643254402e-06,Clear or Partly Cloudy,2015-05-20,15:20:00,15.0,2,1,1.0,Clear or Partly Cloudy
159489,199728,199868,E439686,Matched,Intersection,28242.0,10TH AVE E AND E BOSTON ST,,,2,Injury Collision,Cycles,0,0,1,1,1,0,0,2015-06-24T00:00:00.000Z,6/24/2015 8:48:00 PM,At Intersection (intersection related),11,"MOTOR VEHICLE STRUCK MOTOR VEHICLE, FRONT END AT ANGLE",,N,Clear or Partly Cloudy,Dry,Daylight,,,,45.0,Vehicle - Pedalcyclist,6106,0,N,POINT (1273908.496181279 236410.3633021414),22.0,0.0,Clear or Partly Cloudy,2015-06-24,20:48:00,20.0,2,1,0.0,Clear or Partly Cloudy
159494,199726,199866,E439685,Matched,Intersection,29761.0,12TH AVE AND E MADISON ST,,,2,Injury Collision,Cycles,1,0,1,1,1,0,0,2015-06-26T00:00:00.000Z,6/26/2015 11:27:00 PM,At Intersection (intersection related),18,"MOTOR VEHICLE STRUCK PEDALCYCLIST, FRONT END AT ANGLE",,N,Clear or Partly Cloudy,Dry,Dark - Street Lights On,,,,45.0,Vehicle - Pedalcyclist,10773,0,N,POINT (1274551.867445946 227089.5945245922),39.0,0.0,Clear or Partly Cloudy,2015-06-26,23:27:00,23.0,4,1,0.0,Clear or Partly Cloudy
159542,200014,200154,E443372,Matched,Block,,N 36TH ST BETWEEN ALBION PL N AND WOODLAND PARK AVE N,,,2,Injury Collision,Cycles,1,1,1,1,1,0,0,2015-07-10T00:00:00.000Z,7/10/2015 5:45:00 PM,Mid-Block (not related to intersection),54,PEDALCYCLIST STRUCK MOTOR VEHICLE REAR END,,N,Overcast,Dry,Daylight,,,,45.0,Vehicle - Pedalcyclist,0,0,Y,POINT (1268002.732591227 240959.0863787979),1226.0,7.434834684011315e-09,Overcast,2015-07-10,17:45:00,17.0,4,1,1.0,Clear or Partly Cloudy
159548,200012,200152,E443236,Matched,Intersection,24878.0,54TH AVE NE AND NE 65TH ST,,,2,Injury Collision,Cycles,0,0,1,1,1,0,0,2015-07-10T00:00:00.000Z,7/10/2015 12:00:00 PM,At Intersection (intersection related),18,"MOTOR VEHICLE STRUCK PEDALCYCLIST, FRONT END AT ANGLE",,N,Overcast,Dry,Daylight,,,,45.0,Vehicle - Pedalcyclist,30102,0,N,POINT (1286612.029506281 249795.2160518467),7310.0,0.0,Overcast,2015-07-10,12:00:00,12.0,4,1,0.0,Clear or Partly Cloudy
159623,198023,198143,3707551,Matched,Block,,S LANE ST BETWEEN 13TH AVE S AND CORWIN PL S,,,1,Property Damage Only Collision,Cycles,2,0,1,1,0,0,0,2015-07-18T00:00:00.000Z,7/18/2015 8:29:00 PM,Driveway Junction,18,"MOTOR VEHICLE STRUCK PEDALCYCLIST, FRONT END AT ANGLE",,N,Clear or Partly Cloudy,Dry,Daylight,,,,45.0,Vehicle - Pedalcyclist,0,0,N,POINT (1274867.286198258 221160.9481825233),1821.0,9.62578193730552e-06,Clear or Partly Cloudy,2015-07-18,20:29:00,20.0,5,0,0.0,Clear or Partly Cloudy
159644,199391,199531,3642117,Matched,Intersection,24966.0,40TH AVE NE AND NE 68TH ST,,,2,Injury Collision,Cycles,2,0,1,1,1,0,0,2015-07-01T00:00:00.000Z,7/1/2015 11:31:00 AM,At Intersection (intersection related),51,PEDALCYCLIST STRUCK MOTOR VEHICLE FRONT END AT ANGLE,,N,Clear or Partly Cloudy,Dry,Daylight,,,,45.0,Vehicle - Pedalcyclist,13371,0,N,POINT (1282833.505342424 250540.4031246156),11810.0,0.0,Clear or Partly Cloudy,2015-07-01,11:31:00,11.0,2,1,0.0,Clear or Partly Cloudy
159698,200264,200404,3707384,Matched,Block,,12TH AVE BETWEEN E PINE ST AND E OLIVE ST,,,2,Injury Collision,Cycles,2,0,1,1,1,0,0,2015-08-18T00:00:00.000Z,8/18/2015 5:50:00 PM,Mid-Block (not related to intersection),51,PEDALCYCLIST STRUCK MOTOR VEHICLE FRONT END AT ANGLE,Y,N,Clear or Partly Cloudy,Dry,Daylight,,,,45.0,Vehicle - Pedalcyclist,10846,0,N,POINT (1274540.579381928 228168.7906216979),17640.0,4.098961907367108e-06,Clear or Partly Cloudy,2015-08-18,17:50:00,17.0,1,1,1.0,Clear or Partly Cloudy
159706,198324,198464,2899346,Matched,Intersection,29047.0,HARVARD AVE E AND E THOMAS ST,,,2,Injury Collision,Cycles,2,0,1,1,1,0,0,2015-07-22T00:00:00.000Z,7/22/2015 10:56:00 AM,At Intersection (intersection related),18,"MOTOR VEHICLE STRUCK PEDALCYCLIST, FRONT END AT ANGLE",Y,N,Clear or Partly Cloudy,Dry,Daylight,,,,45.0,Vehicle - Pedalcyclist,0,0,N,POINT (1273255.328564614 230097.9142716825),6410.0,0.0,Clear or Partly Cloudy,2015-07-22,10:56:00,10.0,2,1,0.0,Clear or Partly Cloudy
159736,199576,199716,3287495,Matched,Intersection,29900.0,SENECA ST AND SUMMIT AVE,,,2,Injury Collision,Cycles,2,0,1,1,1,0,0,2015-08-07T00:00:00.000Z,8/7/2015 12:50:00 PM,At Intersection (intersection related),18,"MOTOR VEHICLE STRUCK PEDALCYCLIST, FRONT END AT ANGLE",,N,Clear or Partly Cloudy,Dry,Daylight,,,,45.0,Vehicle - Pedalcyclist,9178,0,N,POINT (1272696.30597204 226689.518492192),952.0,0.0,Clear or Partly Cloudy,2015-08-07,12:50:00,12.0,4,1,0.0,Clear or Partly Cloudy
159741,199418,199558,3644361,Matched,Block,,STEWART ST BETWEEN 7TH AVE AND 8TH AVE,NEI,"Not Enough Information, or Insufficient Location Information",1,Property Damage Only Collision,Cycles,2,0,1,1,0,0,0,2015-06-29T00:00:00.000Z,6/29/2015 9:30:00 AM,Mid-Block (not related to intersection),0,NOT ENOUGH INFORMATION / NOT APPLICABLE,,N,Clear or Partly Cloudy,Dry,Daylight,,,,45.0,Vehicle - Pedalcyclist,13649,0,N,POINT (1269880.35307315 227811.3806373328),8918.0,1.3324707456569407e-05,Clear or Partly Cloudy,2015-06-29,09:30:00,9.0,0,1,1.0,Clear or Partly Cloudy
159755,198697,198837,3503413,Matched,Intersection,24506.0,15TH AVE NE AND NE 65TH ST,,,3,Fatality Collision,Cycles,3,0,1,1,1,0,1,2015-06-27T00:00:00.000Z,6/27/2015 11:06:00 PM,At Intersection (intersection related),18,"MOTOR VEHICLE STRUCK PEDALCYCLIST, FRONT END AT ANGLE",,Y,Clear or Partly Cloudy,Dry,Dark - Street Lights On,,,,45.0,Vehicle - Pedalcyclist,29280,0,N,POINT (1276177.254199609 250004.1983240545),2391.0,0.0,Clear or Partly Cloudy,2015-06-27,23:06:00,23.0,5,0,0.0,Clear or Partly Cloudy
159853,198757,198897,3739053,Matched,Block,,N NORTHGATE WAY BETWEEN MERIDIAN AVE N AND CORLISS AVE N,,,2,Injury Collision,Cycles,2,0,1,1,1,0,0,2015-07-22T00:00:00.000Z,7/22/2015 6:33:00 PM,Mid-Block (not related to intersection),18,"MOTOR VEHICLE STRUCK PEDALCYCLIST, FRONT END AT ANGLE",Y,N,Clear or Partly Cloudy,Dry,Daylight,Y,,,45.0,Vehicle - Pedalcyclist,0,0,N,POINT (1271306.396978617 262090.9490564317),14407.0,2.609431350803796e-06,Clear or Partly Cloudy,2015-07-22,18:33:00,18.0,2,1,1.0,Clear or Partly Cloudy
159859,198718,198858,3739001,Matched,Block,,2ND AVE BETWEEN BATTERY ST AND WALL ST,,,2,Injury Collision,Cycles,2,0,1,1,1,0,0,2015-07-25T00:00:00.000Z,7/25/2015 4:30:00 PM,Mid-Block (but intersection related),18,"MOTOR VEHICLE STRUCK PEDALCYCLIST, FRONT END AT ANGLE",,N,Clear or Partly Cloudy,Dry,Daylight,,,,45.0,Vehicle - Pedalcyclist,12245,0,N,POINT (1266999.97867021 228037.74902156),17678.0,0.0,Clear or Partly Cloudy,2015-07-25,16:30:00,16.0,5,0,1.0,Clear or Partly Cloudy
159875,197748,197868,E442600,Matched,Intersection,34561.0,38TH AVE S AND S OTHELLO ST,,,2,Injury Collision,Cycles,0,0,1,1,1,0,0,2015-07-13T00:00:00.000Z,7/13/2015 3:06:00 PM,At Intersection (intersection related),18,"MOTOR VEHICLE STRUCK PEDALCYCLIST, FRONT END AT ANGLE",,N,Clear or Partly Cloudy,Dry,Daylight,,,,45.0,Vehicle - Pedalcyclist,45335,0,N,POINT (1281928.124733493 199274.7710721195),4844.0,0.0,Clear or Partly Cloudy,2015-07-13,15:06:00,15.0,0,1,1.0,Clear or Partly Cloudy
159893,199589,199729,E437289,Matched,Block,,LAKE WASHINGTON BLVD E BETWEEN ARBORETUM DR E AND E INTERLAKEN BLVD,,,2,Injury Collision,Cycles,0,0,1,1,1,0,0,2015-06-24T00:00:00.000Z,6/24/2015 11:33:00 AM,Mid-Block (not related to intersection),23,"MOTOR VEHICLE STRUCK PEDALCYCLIST, LEFT SIDE SIDESWIPE",,N,Clear or Partly Cloudy,Dry,Daylight,,,,45.0,Vehicle - Pedalcyclist,8939,0,N,POINT (1279763.806203276 232942.8689625859),790.0,7.777070419702952e-06,Clear or Partly Cloudy,2015-06-24,11:33:00,11.0,2,1,0.0,Clear or Partly Cloudy