OBJECTID,INCKEY,COLDETKEY,REPORTNO,STATUS,ADDRTYPE,INTKEY,LOCATION,EXCEPTRSNC,EXCEPTRSND,SEVERITYCO,SEVERITYDE,COLLISIONT,PERSONCOUN,PEDCOUNT,PEDCYLCOUN,VEHCOUNT,INJURIES,SERIOUSINJ,FATALITIES,INCDATE,INCDTTM,JUNCTIONTY,SDOT_COLCO,SDOT_COLDE,INATTENTIO,UNDERINFL,WEATHER,ROADCOND,LIGHTCOND,PEDROWNOTG,SDOTCOLNUM,SPEEDING,ST_COLCODE,ST_COLDESC,SEGLANEKEY,CROSSWALKK,HITPARKEDC,geometry,near_str_index,min_length,weather_group,date,time,hour,dayofweek,weekday,rushhour,weather_group2
159909,199022,199162,3739060,Matched,Intersection,25793.0,UNIVERSITY WAY NE AND NE 50TH ST,,,1,Property Damage Only Collision,Cycles,2,0,1,1,0,0,0,2015-07-30T00:00:00.000Z,7/30/2015 9:30:00 PM,At Intersection (intersection related),18,"MOTOR VEHICLE STRUCK PEDALCYCLIST, FRONT END AT ANGLE",,N,Clear or Partly Cloudy,Dry,Dusk,Y,,,45.0,Vehicle - Pedalcyclist,5611,0,N,POINT (1275819.041847229 246040.7075040042),999.0,0.0,Clear or Partly Cloudy,2015-07-30,21:30:00,21.0,3,1,0.0,Clear or Partly Cloudy
160009,198769,198909,3734369,Matched,Block,,NW MARKET ST BETWEEN 28TH AVE NW AND NW 54TH ST,,,1,Property Damage Only Collision,Cycles,2,0,1,1,0,0,0,2015-07-23T00:00:00.000Z,7/23/2015 12:38:00 PM,Mid-Block (but intersection related),21,"MOTOR VEHICLE STRUCK PEDALCYCLIST, REAR END",,N,Clear or Partly Cloudy,Dry,Daylight,,,,45.0,Vehicle - Pedalcyclist,25938,0,N,POINT (1255987.824546933 247800.8483058065),12849.0,7.554727456820502e-09,Clear or Partly Cloudy,2015-07-23,12:38:00,12.0,3,1,0.0,Clear or Partly Cloudy
160018,199028,199168,E446840,Matched,Intersection,28355.0,25TH AVE E AND E MCGRAW ST,,,2,Injury Collision,Cycles,1,0,1,1,1,0,0,2015-07-28T00:00:00.000Z,7/28/2015 7:19:00 PM,At Intersection (intersection related),18,"MOTOR VEHICLE STRUCK PEDALCYCLIST, FRONT END AT ANGLE",,N,Clear or Partly Cloudy,Dry,Daylight,,,,45.0,Vehicle - Pedalcyclist,0,0,N,POINT (1278783.785018265 236991.2034947276),3918.0,0.0,Clear or Partly Cloudy,2015-07-28,19:19:00,19.0,1,1,1.0,Clear or Partly Cloudy
160019,199027,199167,3739084,Matched,Intersection,25138.0,20TH AVE NW AND NW 57TH ST,,,2,Injury Collision,Cycles,2,0,1,1,1,0,0,2015-08-01T00:00:00.000Z,8/1/2015 9:28:00 PM,At Intersection (intersection related),11,"MOTOR VEHICLE STRUCK MOTOR VEHICLE, FRONT END AT ANGLE",,N,Clear or Partly Cloudy,Dry,Dark - Street Lights On,Y,,,45.0,Vehicle - Pedalcyclist,11415,0,N,POINT (1258844.296741858 248300.8708343208),10859.0,0.0,Clear or Partly Cloudy,2015-08-01,21:28:00,21.0,5,0,0.0,Clear or Partly Cloudy
160029,196008,196108,3588258,Matched,Block,,DELRIDGE WAY SW BETWEEN SW DAKOTA ST AND SW GENESEE ST,,,2b,Serious Injury Collision,Cycles,2,0,1,1,1,1,0,2015-06-19T00:00:00.000Z,6/19/2015 4:37:00 PM,Mid-Block (not related to intersection),21,"MOTOR VEHICLE STRUCK PEDALCYCLIST, REAR END",Y,Y,Clear or Partly Cloudy,Dry,Daylight,,,,45.0,Vehicle - Pedalcyclist,22895,0,N,POINT (1262722.538409829 210081.1304431707),11072.0,1.625208156402521e-05,Clear or Partly Cloudy,2015-06-19,16:37:00,16.0,4,1,1.0,Clear or Partly Cloudy
160068,196663,196763,E436065,Matched,Intersection,31372.0,1ST AVE S AND S LANDER ST,,,2,Injury Collision,Cycles,2,0,1,1,1,0,0,2015-06-22T00:00:00.000Z,6/22/2015 4:25:00 PM,At Intersection (intersection related),18,"MOTOR VEHICLE STRUCK PEDALCYCLIST, FRONT END AT ANGLE",,N,Clear or Partly Cloudy,Dry,Daylight,,,,45.0,Vehicle - Pedalcyclist,0,524927,N,POINT (1270008.956465289 215109.6856483221),10801.0,0.0,Clear or Partly Cloudy,2015-06-22,16:25:00,16.0,0,1,1.0,Clear or Partly Cloudy
160093,196015,196115,3707170,Matched,Intersection,30715.0,M L KING JR WAY S AND MOUNTAINS TO SOUND TRL,,,2,Injury Collision,Cycles,2,0,1,1,1,0,0,2015-06-20T00:00:00.000Z,6/20/2015 8:18:00 PM,At Intersection (intersection related),18,"MOTOR VEHICLE STRUCK PEDALCYCLIST, FRONT END AT ANGLE",,N,Clear or Partly Cloudy,Dry,Daylight,Y,,,45.0,Vehicle - Pedalcyclist,0,630872,N,POINT (1279143.688762635 218745.9413960576),2196.0,0.0,Clear or Partly Cloudy,2015-06-20,20:18:00,20.0,5,0,0.0,Clear or Partly Cloudy
160100,197790,197910,3707504,Matched,Block,,BROADWAY BETWEEN E UNION ST AND E PIKE ST,,,2,Injury Collision,Cycles,2,0,1,1,1,0,0,2015-07-14T00:00:00.000Z,7/14/2015 11:15:00 AM,Driveway Junction,18,"MOTOR VEHICLE STRUCK PEDALCYCLIST, FRONT END AT ANGLE",,N,Clear or Partly Cloudy,Dry,Daylight,Y,,,45.0,Vehicle - Pedalcyclist,41386,0,N,POINT (1273560.509492919 227338.6788128465),18912.0,6.252923551900635e-11,Clear or Partly Cloudy,2015-07-14,11:15:00,11.0,1,1,0.0,Clear or Partly Cloudy
160108,197787,197907,3707440,Matched,Intersection,28376.0,24TH AVE E AND E INTERLAKEN BLVD,,,2,Injury Collision,Cycles,2,0,1,1,1,0,0,2015-07-14T00:00:00.000Z,7/14/2015 5:20:00 PM,At Intersection (intersection related),18,"MOTOR VEHICLE STRUCK PEDALCYCLIST, FRONT END AT ANGLE",,N,Clear or Partly Cloudy,Dry,Daylight,,,,45.0,Vehicle - Pedalcyclist,0,0,N,POINT (1278440.671289921 234925.9705966264),8983.0,0.0,Clear or Partly Cloudy,2015-07-14,17:20:00,17.0,1,1,1.0,Clear or Partly Cloudy
160110,198774,198914,3738473,Matched,Block,,25TH AVE NE BETWEEN NE 60TH ST AND NE 65TH ST,,,2,Injury Collision,Cycles,2,0,1,1,1,0,0,2015-07-23T00:00:00.000Z,7/23/2015 9:40:00 PM,Mid-Block (but intersection related),21,"MOTOR VEHICLE STRUCK PEDALCYCLIST, REAR END",,N,Clear or Partly Cloudy,Dry,Dark - Street Lights On,,,,45.0,Vehicle - Pedalcyclist,18790,0,N,POINT (1278944.086266443 249286.24798733),16792.0,6.167442334729122e-06,Clear or Partly Cloudy,2015-07-23,21:40:00,21.0,3,1,0.0,Clear or Partly Cloudy
160141,199613,199753,3736792,Matched,Block,,8TH AVE BETWEEN PINE ST AND OLIVE WAY,,,2,Injury Collision,Cycles,2,0,1,1,1,0,0,2015-08-06T00:00:00.000Z,8/6/2015 8:50:00 AM,Mid-Block (not related to intersection),11,"MOTOR VEHICLE STRUCK MOTOR VEHICLE, FRONT END AT ANGLE",,N,Clear or Partly Cloudy,Dry,Daylight,,,,45.0,Vehicle - Pedalcyclist,14005,0,N,POINT (1270395.530161679 227414.9832609296),6044.0,1.1666863453267258e-05,Clear or Partly Cloudy,2015-08-06,08:50:00,8.0,3,1,1.0,Clear or Partly Cloudy
160168,199040,199180,E447006,Matched,Intersection,25661.0,PHINNEY AVE N AND N 50TH E ST,,,2,Injury Collision,Cycles,1,0,1,1,1,0,0,2015-07-28T00:00:00.000Z,7/28/2015 5:49:00 PM,At Intersection (intersection related),18,"MOTOR VEHICLE STRUCK PEDALCYCLIST, FRONT END AT ANGLE",,N,Clear or Partly Cloudy,Dry,Daylight,,,,45.0,Vehicle - Pedalcyclist,3789,0,N,POINT (1265747.218988925 246280.3613922447),20389.0,0.0,Clear or Partly Cloudy,2015-07-28,17:49:00,17.0,1,1,1.0,Clear or Partly Cloudy
160175,196018,196118,3707379,Matched,Block,,12TH AVE BETWEEN E FIR ST AND E SPRUCE ST,,,2,Injury Collision,Cycles,2,0,1,1,1,0,0,2015-06-20T00:00:00.000Z,6/20/2015 12:33:00 AM,Mid-Block (but intersection related),21,"MOTOR VEHICLE STRUCK PEDALCYCLIST, REAR END",,N,Clear or Partly Cloudy,Dry,Dark - Street Lights On,,,,45.0,Vehicle - Pedalcyclist,10566,0,N,POINT (1274471.125941858 223519.2289529443),15895.0,4.983425114665102e-06,Clear or Partly Cloudy,2015-06-20,00:33:00,,5,0,,Clear or Partly Cloudy
160180,196016,196116,3707333,Matched,Intersection,28341.0,24TH AVE E AND E LAKE WASHINGTON BLVD,,,1,Property Damage Only Collision,Cycles,2,0,1,1,0,0,0,2015-06-20T00:00:00.000Z,6/20/2015 9:11:00 AM,At Intersection (intersection related),51,PEDALCYCLIST STRUCK MOTOR VEHICLE FRONT END AT ANGLE,,N,Clear or Partly Cloudy,Dry,Daylight,,,,45.0,Vehicle - Pedalcyclist,0,0,N,POINT (1278397.892665878 238418.0914321989),197.0,0.0,Clear or Partly Cloudy,2015-06-20,09:11:00,9.0,5,0,1.0,Clear or Partly Cloudy
160195,196357,196457,3626520,Matched,Block,,BURKE AVE N BETWEEN N NORTHLAKE WAY AND N 34TH ST,,,2,Injury Collision,Cycles,2,0,1,1,1,0,0,2015-06-24T00:00:00.000Z,6/24/2015 6:30:00 PM,Mid-Block (not related to intersection),51,PEDALCYCLIST STRUCK MOTOR VEHICLE FRONT END AT ANGLE,,N,Clear or Partly Cloudy,Dry,Daylight,,,,45.0,Vehicle - Pedalcyclist,0,0,N,POINT (1270253.272625536 239783.5336095989),19763.0,2.085128849573872e-06,Clear or Partly Cloudy,2015-06-24,18:30:00,18.0,2,1,1.0,Clear or Partly Cloudy
160346,197246,197366,3707453,Matched,Intersection,30148.0,22ND AVE AND E UNION ST,,,2b,Serious Injury Collision,Cycles,2,0,1,1,1,1,0,2015-07-08T00:00:00.000Z,7/8/2015 4:50:00 PM,At Intersection (intersection related),18,"MOTOR VEHICLE STRUCK PEDALCYCLIST, FRONT END AT ANGLE",,N,Clear or Partly Cloudy,Dry,Daylight,,,,45.0,Vehicle - Pedalcyclist,9359,0,N,POINT (1277782.270009249 227043.597980544),1178.0,0.0,Clear or Partly Cloudy,2015-07-08,16:50:00,16.0,2,1,1.0,Clear or Partly Cloudy
160361,197837,197957,E441032,Matched,Intersection,26848.0,STONE WAY N AND N 40TH ST,,,2,Injury Collision,Cycles,0,0,1,1,1,0,0,2015-07-07T00:00:00.000Z,7/7/2015 8:30:00 AM,At Intersection (intersection related),18,"MOTOR VEHICLE STRUCK PEDALCYCLIST, FRONT END AT ANGLE",,N,Unknown,Unknown,Unknown,,,,45.0,Vehicle - Pedalcyclist,0,523855,N,POINT (1268516.536367759 242710.0937405974),4014.0,0.0,,2015-07-07,08:30:00,8.0,1,1,1.0,
160380,199073,199213,E447502,Matched,Intersection,27079.0,ROOSEVELT WAY NE AND NE 43RD S ST,,,2,Injury Collision,Cycles,1,0,1,1,1,0,0,2015-07-29T00:00:00.000Z,7/29/2015 7:41:00 PM,At Intersection (intersection related),18,"MOTOR VEHICLE STRUCK PEDALCYCLIST, FRONT END AT ANGLE",,N,Clear or Partly Cloudy,Dry,Daylight,,,,45.0,Vehicle - Pedalcyclist,8995,0,N,POINT (1274628.363574013 244077.2041419894),1396.0,0.0,Clear or Partly Cloudy,2015-07-29,19:41:00,19.0,2,1,1.0,Clear or Partly Cloudy
160394,199281,199421,E447943,Matched,Block,,NW MARKET ST BETWEEN 28TH AVE NW AND NW 54TH ST,,,2,Injury Collision,Cycles,1,0,1,1,1,0,0,2015-07-31T00:00:00.000Z,7/31/2015 3:37:00 PM,Driveway Junction,51,PEDALCYCLIST STRUCK MOTOR VEHICLE FRONT END AT ANGLE,Y,N,Clear or Partly Cloudy,Dry,Daylight,,,,45.0,Vehicle - Pedalcyclist,0,0,N,POINT (1255987.824546933 247800.8483058065),12849.0,7.554727456820502e-09,Clear or Partly Cloudy,2015-07-31,15:37:00,15.0,4,1,1.0,Clear or Partly Cloudy
160399,198793,198933,3696135,Matched,Block,,1ST AVE S BETWEEN YESLER WAY AND S WASHINGTON ST,,,2,Injury Collision,Cycles,3,0,2,1,1,0,0,2015-07-28T00:00:00.000Z,7/28/2015 9:43:00 PM,Mid-Block (not related to intersection),18,"MOTOR VEHICLE STRUCK PEDALCYCLIST, FRONT END AT ANGLE",,N,Clear or Partly Cloudy,Dry,Dark - Street Lights On,,,,45.0,Vehicle - Pedalcyclist,36174,0,N,POINT (1270166.966705441 222947.9864563495),15894.0,2.0135683050544327e-05,Clear or Partly Cloudy,2015-07-28,21:43:00,21.0,1,1,0.0,Clear or Partly Cloudy
160421,200202,200342,3736794,Matched,Block,,11TH AVE NE BETWEEN NE 56TH ST AND NE RAVENNA EB BV,,,1,Property Damage Only Collision,Cycles,3,0,1,1,0,0,0,2015-08-13T00:00:00.000Z,8/13/2015 5:25:00 PM,Mid-Block (not related to intersection),54,PEDALCYCLIST STRUCK MOTOR VEHICLE REAR END,,N,Clear or Partly Cloudy,Dry,Daylight,,,,45.0,Vehicle - Pedalcyclist,9058,0,N,POINT (1275067.654326469 248132.9990261495),22654.0,1.0974177867296507e-06,Clear or Partly Cloudy,2015-08-13,17:25:00,17.0,3,1,1.0,Clear or Partly Cloudy
160483,197265,197385,E440188,Matched,Intersection,29860.0,SUMMIT AVE AND E PINE ST,,,2,Injury Collision,Cycles,0,0,1,1,1,0,0,2015-07-06T00:00:00.000Z,7/6/2015 11:05:00 AM,At Intersection (intersection related),18,"MOTOR VEHICLE STRUCK PEDALCYCLIST, FRONT END AT ANGLE",,N,Clear or Partly Cloudy,Dry,Daylight,,,,45.0,Vehicle - Pedalcyclist,10354,0,N,POINT (1272399.309875742 227981.0989095122),1148.0,0.0,Clear or Partly Cloudy,2015-07-06,11:05:00,11.0,0,1,0.0,Clear or Partly Cloudy
160485,196957,197077,E429310,Matched,Block,,BROOKLYN AVE NE BETWEEN NE 47TH ST AND NE 50TH ST,,,2,Injury Collision,Cycles,0,0,1,1,1,0,0,2015-05-28T00:00:00.000Z,5/28/2015 7:30:00 PM,Mid-Block (not related to intersection),18,"MOTOR VEHICLE STRUCK PEDALCYCLIST, FRONT END AT ANGLE",,N,Clear or Partly Cloudy,Dry,Daylight,,,,45.0,Vehicle - Pedalcyclist,0,0,N,POINT (1275529.457590938 245719.1459036767),19762.0,2.2104471973404042e-10,Clear or Partly Cloudy,2015-05-28,19:30:00,19.0,3,1,1.0,Clear or Partly Cloudy
160529,199298,199438,3585146,Matched,Intersection,29528.0,LENORA ST AND WESTLAKE AVE,,,2,Injury Collision,Cycles,2,0,1,1,1,0,0,2015-08-04T00:00:00.000Z,8/4/2015 9:13:00 AM,At Intersection (intersection related),18,"MOTOR VEHICLE STRUCK PEDALCYCLIST, FRONT END AT ANGLE",,N,Clear or Partly Cloudy,Dry,Daylight,Y,,,45.0,Vehicle - Pedalcyclist,0,622407,N,POINT (1269359.259184614 228504.1686060429),807.0,0.0,Clear or Partly Cloudy,2015-08-04,09:13:00,9.0,1,1,1.0,Clear or Partly Cloudy
160552,200270,200410,3726039,Matched,Intersection,29865.0,BOREN AVE AND OLIVE WAY,,,2,Injury Collision,Cycles,2,0,1,1,1,0,0,2015-08-14T00:00:00.000Z,8/14/2015 6:00:00 PM,At Intersection (intersection related),18,"MOTOR VEHICLE STRUCK PEDALCYCLIST, FRONT END AT ANGLE",,N,Clear or Partly Cloudy,Dry,Daylight,Y,,,45.0,Vehicle - Pedalcyclist,24933,0,N,POINT (1271118.433586419 228090.2473256141),640.0,0.0,Clear or Partly Cloudy,2015-08-14,18:00:00,18.0,4,1,1.0,Clear or Partly Cloudy
160581,199303,199443,3706815,Matched,Intersection,27039.0,FREMONT AVE N AND N 34TH ST,,,2,Injury Collision,Cycles,2,0,1,1,1,0,0,2015-08-04T00:00:00.000Z,8/4/2015 7:26:00 PM,At Intersection (but not related to intersection),21,"MOTOR VEHICLE STRUCK PEDALCYCLIST, REAR END",Y,N,Clear or Partly Cloudy,Dry,Daylight,,,,45.0,Vehicle - Pedalcyclist,42700,0,N,POINT (1266674.116909876 240632.7658664584),1223.0,0.0,Clear or Partly Cloudy,2015-08-04,19:26:00,19.0,1,1,1.0,Clear or Partly Cloudy
160587,196060,196160,3732188,Matched,Block,,2ND AVE BETWEEN UNION ST AND PIKE ST,,,2,Injury Collision,Cycles,3,0,1,1,1,0,0,2015-06-24T00:00:00.000Z,6/24/2015 7:10:00 AM,Mid-Block (not related to intersection),18,"MOTOR VEHICLE STRUCK PEDALCYCLIST, FRONT END AT ANGLE",,N,Clear or Partly Cloudy,Dry,Daylight,Y,,,45.0,Vehicle - Pedalcyclist,42178,0,N,POINT (1269167.241392419 225698.1291791648),135.0,1.0206619767903732e-08,Clear or Partly Cloudy,2015-06-24,07:10:00,7.0,2,1,1.0,Clear or Partly Cloudy
160611,196786,196906,3736991,Matched,Intersection,35855.0,15TH AVE NE AND NE 143RD ST,,,2,Injury Collision,Cycles,2,0,1,1,1,0,0,2015-06-29T00:00:00.000Z,6/29/2015 4:51:00 PM,At Intersection (intersection related),18,"MOTOR VEHICLE STRUCK PEDALCYCLIST, FRONT END AT ANGLE",,N,Clear or Partly Cloudy,Dry,Daylight,,,,45.0,Vehicle - Pedalcyclist,0,524554,N,POINT (1276376.645943806 270555.974089101),13187.0,0.0,Clear or Partly Cloudy,2015-06-29,16:51:00,16.0,0,1,1.0,Clear or Partly Cloudy
160631,196981,197101,E439077,Matched,Intersection,31623.0,BEACON AVE S AND S MCCLELLAN ST,,,2,Injury Collision,Cycles,0,0,1,1,1,0,0,2015-07-01T00:00:00.000Z,7/1/2015 11:00:00 AM,At Intersection (intersection related),18,"MOTOR VEHICLE STRUCK PEDALCYCLIST, FRONT END AT ANGLE",,N,Clear or Partly Cloudy,Dry,Daylight,,,,45.0,Vehicle - Pedalcyclist,0,0,N,POINT (1275578.483510986 214569.5996317714),9341.0,0.0,Clear or Partly Cloudy,2015-07-01,11:00:00,11.0,2,1,0.0,Clear or Partly Cloudy
160634,198448,198588,E444909,Matched,Block,,NW 70TH ST BETWEEN 9TH E AVE NW AND 9TH W AVE NW,,,2,Injury Collision,Cycles,1,0,1,1,1,0,0,2015-07-22T00:00:00.000Z,7/22/2015 8:17:00 AM,Mid-Block (not related to intersection),18,"MOTOR VEHICLE STRUCK PEDALCYCLIST, FRONT END AT ANGLE",,N,Clear or Partly Cloudy,Dry,Daylight,,,,45.0,Vehicle - Pedalcyclist,0,0,N,POINT (1262262.54333736 251650.1842457503),9230.0,1.1215292676684127e-06,Clear or Partly Cloudy,2015-07-22,08:17:00,8.0,2,1,1.0,Clear or Partly Cloudy
160655,198112,198252,E436362,Matched,Block,,26TH AVE S BETWEEN S WASHINGTON ST AND S JACKSON ST,,,2,Injury Collision,Cycles,1,0,1,1,1,0,0,2015-06-22T00:00:00.000Z,6/22/2015 4:42:00 PM,Mid-Block (not related to intersection),18,"MOTOR VEHICLE STRUCK PEDALCYCLIST, FRONT END AT ANGLE",,N,Clear or Partly Cloudy,Dry,Daylight,,,,45.0,Vehicle - Pedalcyclist,0,0,N,POINT (1278924.627514422 222341.5097837299),225.0,2.410623844855909e-05,Clear or Partly Cloudy,2015-06-22,16:42:00,16.0,0,1,1.0,Clear or Partly Cloudy
160694,199489,199629,3589066,Matched,Block,,ALASKAN WAY BETWEEN MARION ST AND MADISON ST,,,2,Injury Collision,Cycles,2,0,1,0,2,0,0,2015-08-08T00:00:00.000Z,8/8/2015 4:45:00 PM,Mid-Block (not related to intersection),68,PEDALCYCLIST RAN OFF ROAD - HIT FIXED OBJECT,,N,Overcast,Dry,Daylight,,,,45.0,Vehicle - Pedalcyclist,38505,0,N,POINT (1269213.973744467 223738.4658811688),3315.0,3.089148886733772e-05,Overcast,2015-08-08,16:45:00,16.0,5,0,1.0,Clear or Partly Cloudy
160718,197293,197413,E431753,Matched,Intersection,37461.0,DAYTON AVE N AND N 85TH ST,,,2,Injury Collision,Cycles,1,0,1,1,1,0,0,2015-06-07T00:00:00.000Z,6/7/2015 3:27:00 PM,At Intersection (intersection related),18,"MOTOR VEHICLE STRUCK PEDALCYCLIST, FRONT END AT ANGLE",,N,Clear or Partly Cloudy,Dry,Daylight,,,,45.0,Vehicle - Pedalcyclist,0,522316,N,POINT (1266265.938477457 255598.1587777883),3466.0,0.0,Clear or Partly Cloudy,2015-06-07,15:27:00,15.0,6,0,1.0,Clear or Partly Cloudy
160748,197599,197719,3590841,Matched,Block,,EASTLAKE AVE E BETWEEN STEWART ST AND THOMAS ST,,,2,Injury Collision,Cycles,2,0,1,1,1,0,0,2015-07-09T00:00:00.000Z,7/9/2015 8:30:00 PM,Mid-Block (not related to intersection),18,"MOTOR VEHICLE STRUCK PEDALCYCLIST, FRONT END AT ANGLE",,N,Clear or Partly Cloudy,Dry,Dark - Street Lights On,,,,45.0,Vehicle - Pedalcyclist,11559,0,N,POINT (1271544.965810865 229839.8600634038),23057.0,2.653881742675452e-05,Clear or Partly Cloudy,2015-07-09,20:30:00,20.0,3,1,0.0,Clear or Partly Cloudy
160750,196402,196499,3576799,Matched,Intersection,27419.0,42ND AVE NE AND NE 41ST ST,,,2,Injury Collision,Cycles,2,0,1,1,1,0,0,2015-06-30T00:00:00.000Z,6/30/2015 9:00:00 AM,At Intersection (intersection related),18,"MOTOR VEHICLE STRUCK PEDALCYCLIST, FRONT END AT ANGLE",Y,N,Clear or Partly Cloudy,Dry,Daylight,,,,45.0,Vehicle - Pedalcyclist,32189,0,N,POINT (1283244.795710847 243533.6733894348),4150.0,0.0,Clear or Partly Cloudy,2015-06-30,09:00:00,9.0,1,1,1.0,Clear or Partly Cloudy
160777,198867,199007,3736690,Matched,Block,,MERIDIAN AVE N BETWEEN N 34TH ST AND N 35TH ST,,,2,Injury Collision,Cycles,2,0,1,1,1,0,0,2015-07-28T00:00:00.000Z,7/28/2015 9:05:00 AM,Mid-Block (not related to intersection),18,"MOTOR VEHICLE STRUCK PEDALCYCLIST, FRONT END AT ANGLE",Y,N,Clear or Partly Cloudy,Dry,Daylight,,,,45.0,Vehicle - Pedalcyclist,0,0,N,POINT (1270570.693041861 240198.0228260159),848.0,0.0,Clear or Partly Cloudy,2015-07-28,09:05:00,9.0,1,1,1.0,Clear or Partly Cloudy
160788,199102,199242,3739315,Matched,Block,,3RD AVE BETWEEN UNIVERSITY ST AND UNION ST,,,2,Injury Collision,Cycles,2,0,1,1,1,0,0,2015-07-31T00:00:00.000Z,7/31/2015 10:07:00 AM,Mid-Block (but intersection related),11,"MOTOR VEHICLE STRUCK MOTOR VEHICLE, FRONT END AT ANGLE",Y,N,Clear or Partly Cloudy,Dry,Daylight,,,,45.0,Vehicle - Pedalcyclist,35825,0,N,POINT (1269661.493680924 225495.4872589558),2713.0,6.410780211733589e-09,Clear or Partly Cloudy,2015-07-31,10:07:00,10.0,4,1,0.0,Clear or Partly Cloudy
160790,199318,199458,3733578,Matched,Block,,NE 125TH ST BETWEEN 42ND AVE NE AND RIVIERA PL NE,,,2,Injury Collision,Cycles,2,0,1,1,1,0,0,2015-08-04T00:00:00.000Z,8/4/2015 6:39:00 PM,Driveway Junction,51,PEDALCYCLIST STRUCK MOTOR VEHICLE FRONT END AT ANGLE,,N,Clear or Partly Cloudy,Dry,Dusk,,,,45.0,Vehicle - Pedalcyclist,0,36138,N,POINT (1284025.594495639 265685.4782761186),7194.0,2.663148891111879e-05,Clear or Partly Cloudy,2015-08-04,18:39:00,18.0,1,1,1.0,Clear or Partly Cloudy
160794,199312,199452,3732557,Matched,Block,,STEWART ST BETWEEN 7TH AVE AND 8TH AVE,,,2,Injury Collision,Cycles,2,0,1,1,1,0,0,2015-08-05T00:00:00.000Z,8/5/2015 11:34:00 AM,Mid-Block (but intersection related),54,PEDALCYCLIST STRUCK MOTOR VEHICLE REAR END,Y,N,Clear or Partly Cloudy,Dry,Daylight,,,,45.0,Vehicle - Pedalcyclist,13651,0,N,POINT (1269880.35307315 227811.3806373328),8918.0,1.3324707456569407e-05,Clear or Partly Cloudy,2015-08-05,11:34:00,11.0,2,1,0.0,Clear or Partly Cloudy
160824,200120,200260,3574819,Matched,Intersection,28783.0,DEXTER AVE N AND HARRISON ST,,,2b,Serious Injury Collision,Cycles,2,0,1,1,2,1,0,2015-08-14T00:00:00.000Z,8/14/2015 5:25:00 PM,At Intersection (intersection related),18,"MOTOR VEHICLE STRUCK PEDALCYCLIST, FRONT END AT ANGLE",,N,Raining,Wet,Daylight,Y,,,45.0,Vehicle - Pedalcyclist,42737,0,N,POINT (1268294.844463527 230555.517344147),6407.0,0.0,Raining,2015-08-14,17:25:00,17.0,4,1,1.0,Raining
160842,199877,200017,3703610,Matched,Block,,ALASKAN WAY BETWEEN XW BELL ST AND WALL ST,,,2,Injury Collision,Cycles,2,0,1,1,1,0,0,2015-08-12T00:00:00.000Z,8/12/2015 4:35:00 PM,Mid-Block (not related to intersection),51,PEDALCYCLIST STRUCK MOTOR VEHICLE FRONT END AT ANGLE,,N,Clear or Partly Cloudy,Dry,Daylight,,,,45.0,Vehicle - Pedalcyclist,20821,0,N,POINT (1266337.989357531 226993.4955164939),12522.0,3.878887756723577e-06,Clear or Partly Cloudy,2015-08-12,16:35:00,16.0,2,1,1.0,Clear or Partly Cloudy
160868,197301,197421,E431761,Matched,Intersection,29761.0,12TH AVE AND E MADISON ST,,,2,Injury Collision,Cycles,0,0,1,1,1,0,0,2015-05-31T00:00:00.000Z,5/31/2015 12:18:00 PM,At Intersection (intersection related),18,"MOTOR VEHICLE STRUCK PEDALCYCLIST, FRONT END AT ANGLE",,N,Clear or Partly Cloudy,Dry,Daylight,,,,45.0,Vehicle - Pedalcyclist,10773,0,N,POINT (1274551.867445946 227089.5945245922),39.0,0.0,Clear or Partly Cloudy,2015-05-31,12:18:00,12.0,6,0,0.0,Clear or Partly Cloudy
160932,198522,198662,3549711,Matched,Block,,ALASKAN WAY BETWEEN MARION ST AND MADISON ST,,,2,Injury Collision,Cycles,2,0,1,1,1,0,0,2015-07-24T00:00:00.000Z,7/24/2015 9:28:00 AM,Driveway Junction,18,"MOTOR VEHICLE STRUCK PEDALCYCLIST, FRONT END AT ANGLE",,N,Clear or Partly Cloudy,Dry,Daylight,Y,,,45.0,Vehicle - Pedalcyclist,38903,0,N,POINT (1269213.973744467 223738.4658811688),3315.0,3.089148886733772e-05,Clear or Partly Cloudy,2015-07-24,09:28:00,9.0,4,1,1.0,Clear or Partly Cloudy
160956,199669,199809,E438594,Matched,Block,,AURORA AVE N BETWEEN N 82ND ST AND GREEN LAKE DR N,,,2,Injury Collision,Cycles,2,0,1,1,1,0,0,2015-06-29T00:00:00.000Z,6/29/2015 8:55:00 PM,Mid-Block (not related to intersection),51,PEDALCYCLIST STRUCK MOTOR VEHICLE FRONT END AT ANGLE,,N,Clear or Partly Cloudy,Dry,Dusk,,,,45.0,Vehicle - Pedalcyclist,16459,0,N,POINT (1268244.650799483 254889.2978490591),16837.0,0.0,Clear or Partly Cloudy,2015-06-29,20:55:00,20.0,0,1,0.0,Clear or Partly Cloudy
160961,199890,200030,3732633,Matched,Intersection,26454.0,GILMAN AVE W AND W EMERSON ST,,,2,Injury Collision,Cycles,4,0,1,3,1,0,0,2015-08-12T00:00:00.000Z,8/12/2015 7:07:00 PM,At Intersection (intersection related),18,"MOTOR VEHICLE STRUCK PEDALCYCLIST, FRONT END AT ANGLE",Y,N,Clear or Partly Cloudy,Dry,Daylight,,,,45.0,Vehicle - Pedalcyclist,15423,0,N,POINT (1258113.653029099 242404.7763642818),180.0,0.0,Clear or Partly Cloudy,2015-08-12,19:07:00,19.0,2,1,1.0,Clear or Partly Cloudy