OBJECTID,INCKEY,COLDETKEY,REPORTNO,STATUS,ADDRTYPE,INTKEY,LOCATION,EXCEPTRSNC,EXCEPTRSND,SEVERITYCO,SEVERITYDE,COLLISIONT,PERSONCOUN,PEDCOUNT,PEDCYLCOUN,VEHCOUNT,INJURIES,SERIOUSINJ,FATALITIES,INCDATE,INCDTTM,JUNCTIONTY,SDOT_COLCO,SDOT_COLDE,INATTENTIO,UNDERINFL,WEATHER,ROADCOND,LIGHTCOND,PEDROWNOTG,SDOTCOLNUM,SPEEDING,ST_COLCODE,ST_COLDESC,SEGLANEKEY,CROSSWALKK,HITPARKEDC,geometry,near_str_index,min_length,weather_group,date,time,hour,dayofweek,weekday,rushhour,weather_group2
160988,197611,197731,E434964,Matched,Block,,NW MARKET ST BETWEEN 14TH AVE NW AND 15TH AVE NW,,,1,Property Damage Only Collision,Cycles,0,0,1,1,0,0,0,2015-06-12T00:00:00.000Z,6/12/2015 12:20:00 PM,Mid-Block (not related to intersection),18,"MOTOR VEHICLE STRUCK PEDALCYCLIST, FRONT END AT ANGLE",,N,Clear or Partly Cloudy,Dry,Daylight,,,,45.0,Vehicle - Pedalcyclist,0,0,N,POINT (1260615.234919667 247712.9567857087),11425.0,1.50548383851369e-06,Clear or Partly Cloudy,2015-06-12,12:20:00,12.0,4,1,0.0,Clear or Partly Cloudy
161034,199333,199473,3739088,Matched,Block,,NW 85TH ST BETWEEN 6TH AVE NW AND 8TH AVE NW,,,2,Injury Collision,Cycles,2,0,1,1,1,0,0,2015-08-02T00:00:00.000Z,8/2/2015 11:40:00 PM,Mid-Block (not related to intersection),18,"MOTOR VEHICLE STRUCK PEDALCYCLIST, FRONT END AT ANGLE",,N,Clear or Partly Cloudy,Dry,Dark - Street Lights On,,,,45.0,Vehicle - Pedalcyclist,21463,0,N,POINT (1263298.482602417 255679.1806018651),16722.0,1.3210475204874695e-06,Clear or Partly Cloudy,2015-08-02,23:40:00,23.0,6,0,0.0,Clear or Partly Cloudy
161049,199677,199817,E439080,Matched,Intersection,33676.0,57TH AVE S AND S DAWSON ST,,,2,Injury Collision,Cycles,0,0,1,1,1,0,0,2015-06-30T00:00:00.000Z,6/30/2015 9:49:00 AM,At Intersection (intersection related),18,"MOTOR VEHICLE STRUCK PEDALCYCLIST, FRONT END AT ANGLE",,N,Clear or Partly Cloudy,Dry,Daylight,,,,45.0,Vehicle - Pedalcyclist,0,0,N,POINT (1287530.782531232 205652.5001026392),3185.0,0.0,Clear or Partly Cloudy,2015-06-30,09:49:00,9.0,1,1,1.0,Clear or Partly Cloudy
161052,198526,198666,3574925,Matched,Block,,PINE ST BETWEEN 8TH AVE AND 9TH AVE,,,2,Injury Collision,Cycles,3,0,1,1,1,0,0,2015-07-24T00:00:00.000Z,7/24/2015 7:10:00 PM,Driveway Junction,18,"MOTOR VEHICLE STRUCK PEDALCYCLIST, FRONT END AT ANGLE",,Y,Clear or Partly Cloudy,Dry,Daylight,,,,45.0,Vehicle - Pedalcyclist,21814,0,N,POINT (1270642.167409942 227313.4848288298),15448.0,1.7049027689493624e-05,Clear or Partly Cloudy,2015-07-24,19:10:00,19.0,4,1,1.0,Clear or Partly Cloudy
161065,198186,198326,3736650,Matched,Block,,SHILSHOLE AVE NW BETWEEN 17TH AVE NW AND NW DOCK PL,,,2,Injury Collision,Cycles,3,0,1,1,1,0,0,2015-07-11T00:00:00.000Z,7/11/2015 5:23:00 PM,Mid-Block (not related to intersection),18,"MOTOR VEHICLE STRUCK PEDALCYCLIST, FRONT END AT ANGLE",,N,Overcast,Dry,Daylight,Y,,,45.0,Vehicle - Pedalcyclist,17205,0,N,POINT (1259180.115622193 245673.6704476178),22395.0,3.157726261510814e-05,Overcast,2015-07-11,17:23:00,17.0,5,0,1.0,Clear or Partly Cloudy
161083,196204,196304,3707632,Matched,Intersection,37087.0,26TH AVE NW AND NW 85TH W ST,,,2,Injury Collision,Cycles,2,0,1,1,1,0,0,2015-06-20T00:00:00.000Z,6/20/2015 6:08:00 PM,At Intersection (intersection related),18,"MOTOR VEHICLE STRUCK PEDALCYCLIST, FRONT END AT ANGLE",Y,N,Clear or Partly Cloudy,Dry,Daylight,Y,,,45.0,Vehicle - Pedalcyclist,0,37087,N,POINT (1256976.114723936 255779.0104899704),1640.0,0.0,Clear or Partly Cloudy,2015-06-20,18:08:00,18.0,5,0,1.0,Clear or Partly Cloudy
161085,199904,200044,E441754,Matched,Intersection,27041.0,ALBION PL N AND N 34TH ST,,,2,Injury Collision,Cycles,0,0,1,1,1,0,0,2015-07-08T00:00:00.000Z,7/8/2015 7:07:00 PM,At Intersection (intersection related),18,"MOTOR VEHICLE STRUCK PEDALCYCLIST, FRONT END AT ANGLE",,N,Clear or Partly Cloudy,Dry,Dusk,,,,45.0,Vehicle - Pedalcyclist,8829,0,N,POINT (1267896.383023128 240335.8440101594),7015.0,0.0,Clear or Partly Cloudy,2015-07-08,19:07:00,19.0,2,1,1.0,Clear or Partly Cloudy
161176,199143,199283,3549267,Matched,Intersection,29176.0,BELLEVUE AVE AND E HOWELL ST,,,2,Injury Collision,Cycles,2,0,1,1,1,0,0,2015-08-02T00:00:00.000Z,8/2/2015 2:09:00 AM,At Intersection (intersection related),11,"MOTOR VEHICLE STRUCK MOTOR VEHICLE, FRONT END AT ANGLE",,Y,Clear or Partly Cloudy,Dry,Dark - Street Lights On,,,,45.0,Vehicle - Pedalcyclist,0,29176,N,POINT (1272111.875123441 228906.4889904559),11050.0,0.0,Clear or Partly Cloudy,2015-08-02,02:09:00,2.0,6,0,0.0,Clear or Partly Cloudy
161187,199357,199497,3549735,Matched,Block,,VALLEY ST BETWEEN BOREN AVE N AND FAIRVIEW AVE N,,,2,Injury Collision,Cycles,2,0,1,1,1,0,0,2015-06-29T00:00:00.000Z,6/29/2015 12:45:00 PM,Mid-Block (not related to intersection),51,PEDALCYCLIST STRUCK MOTOR VEHICLE FRONT END AT ANGLE,,N,Clear or Partly Cloudy,Dry,Daylight,,,,45.0,Vehicle - Pedalcyclist,25336,0,N,POINT (1270117.445617393 231877.4257614911),22957.0,1.5573605971811952e-05,Clear or Partly Cloudy,2015-06-29,12:45:00,12.0,0,1,0.0,Clear or Partly Cloudy
161236,196227,196327,3588162,Matched,Intersection,32863.0,ERSKINE WAY SW AND SW DAWSON N ST,,,2,Injury Collision,Cycles,2,0,1,1,1,0,0,2015-06-24T00:00:00.000Z,6/24/2015 7:32:00 PM,At Intersection (intersection related),51,PEDALCYCLIST STRUCK MOTOR VEHICLE FRONT END AT ANGLE,,N,Clear or Partly Cloudy,Dry,Daylight,,,,45.0,Vehicle - Pedalcyclist,32358,0,N,POINT (1256060.506146997 206951.1297359765),16649.0,0.0,Clear or Partly Cloudy,2015-06-24,19:32:00,19.0,2,1,1.0,Clear or Partly Cloudy
161248,199920,200060,E442178,Matched,Block,,VALLEY ST BETWEEN LAKE UNION PARK ACCESS RD AND BOREN AVE N,,,2,Injury Collision,Cycles,0,0,1,1,1,0,0,2015-07-10T00:00:00.000Z,7/10/2015 5:54:00 AM,Mid-Block (not related to intersection),18,"MOTOR VEHICLE STRUCK PEDALCYCLIST, FRONT END AT ANGLE",,N,Clear or Partly Cloudy,Dry,Dawn,,,,45.0,Vehicle - Pedalcyclist,0,577500,N,POINT (1269890.12484917 231885.0244175047),8335.0,0.0,Clear or Partly Cloudy,2015-07-10,05:54:00,5.0,4,1,0.0,Clear or Partly Cloudy
161250,196859,196979,3571214,Matched,Intersection,32953.0,DELRIDGE WAY SW AND SW BRANDON ST,,,2,Injury Collision,Cycles,2,0,1,1,1,0,0,2015-07-02T00:00:00.000Z,7/2/2015 5:33:00 PM,At Intersection (intersection related),18,"MOTOR VEHICLE STRUCK PEDALCYCLIST, FRONT END AT ANGLE",,N,Clear or Partly Cloudy,Dry,Daylight,,,Y,45.0,Vehicle - Pedalcyclist,525241,0,N,POINT (1262722.318377823 205734.8401987255),6282.0,0.0,Clear or Partly Cloudy,2015-07-02,17:33:00,17.0,3,1,1.0,Clear or Partly Cloudy
161255,196846,196966,3559925,Matched,Intersection,29925.0,9TH AVE AND MADISON ST,,,2,Injury Collision,Cycles,2,0,1,1,1,0,0,2015-07-02T00:00:00.000Z,7/2/2015 9:57:00 AM,At Intersection (intersection related),18,"MOTOR VEHICLE STRUCK PEDALCYCLIST, FRONT END AT ANGLE",,N,Clear or Partly Cloudy,Dry,Daylight,,,,45.0,Vehicle - Pedalcyclist,11697,0,N,POINT (1271899.279667228 225506.2567949742),3646.0,0.0,Clear or Partly Cloudy,2015-07-02,09:57:00,9.0,3,1,1.0,Clear or Partly Cloudy
161278,197662,197782,3707139,Matched,Block,,E DENNY WAY BETWEEN MELROSE AVE AND BELLEVUE AVE,,,2,Injury Collision,Cycles,2,0,1,1,1,0,0,2015-05-11T00:00:00.000Z,5/11/2015 7:38:00 PM,Driveway Junction,18,"MOTOR VEHICLE STRUCK PEDALCYCLIST, FRONT END AT ANGLE",,N,Clear or Partly Cloudy,Dry,Daylight,,,,45.0,Vehicle - Pedalcyclist,23555,0,N,POINT (1271987.770547315 229184.2633907348),11213.0,2.364171684241842e-06,Clear or Partly Cloudy,2015-05-11,19:38:00,19.0,0,1,1.0,Clear or Partly Cloudy
161341,199942,200082,E442595,Matched,Intersection,167623.0,BEACON ER AVE S AND S MYRTLE ST,,,2,Injury Collision,Cycles,0,0,2,1,1,0,0,2015-07-12T00:00:00.000Z,7/12/2015 3:38:00 PM,At Intersection (intersection related),51,PEDALCYCLIST STRUCK MOTOR VEHICLE FRONT END AT ANGLE,,N,Clear or Partly Cloudy,Dry,Daylight,,,,45.0,Vehicle - Pedalcyclist,12757,0,N,POINT (1279132.267834634 200029.3597448915),8247.0,0.0,Clear or Partly Cloudy,2015-07-12,15:38:00,15.0,6,0,1.0,Clear or Partly Cloudy
161356,201559,201699,3591821,Matched,Intersection,26870.0,STONE WAY N AND N 38TH ST,,,2,Injury Collision,Cycles,2,0,1,1,1,0,0,2015-07-02T00:00:00.000Z,7/2/2015 5:35:00 PM,At Intersection (intersection related),18,"MOTOR VEHICLE STRUCK PEDALCYCLIST, FRONT END AT ANGLE",,N,Clear or Partly Cloudy,Dry,Daylight,Y,,,45.0,Vehicle - Pedalcyclist,6298,0,N,POINT (1268463.857455701 241734.6945715845),4009.0,0.0,Clear or Partly Cloudy,2015-07-02,17:35:00,17.0,3,1,1.0,Clear or Partly Cloudy
161357,201558,201698,3585069,Matched,Intersection,29603.0,2ND AVE AND UNIVERSITY ST,,,2,Injury Collision,Cycles,2,0,1,1,1,0,0,2015-09-05T00:00:00.000Z,9/5/2015 4:37:00 PM,At Intersection (intersection related),18,"MOTOR VEHICLE STRUCK PEDALCYCLIST, FRONT END AT ANGLE",Y,N,Raining,Wet,Daylight,,,,45.0,Vehicle - Pedalcyclist,42166,0,N,POINT (1269492.709168762 225148.3088906109),2490.0,0.0,Raining,2015-09-05,16:37:00,16.0,5,0,1.0,Raining
161361,201817,201957,3736800,Matched,Block,,UNIVERSITY WAY NE BETWEEN NE 45TH ST AND NE 47TH ST,,,2b,Serious Injury Collision,Cycles,2,1,1,0,2,2,0,2015-09-10T00:00:00.000Z,9/10/2015 4:36:00 PM,Mid-Block (but intersection related),64,PEDALCYCLIST STRUCK PEDESTRIAN,,N,Clear or Partly Cloudy,Dry,Daylight,Y,,,45.0,Vehicle - Pedalcyclist,0,522430,N,POINT (1275789.728567213 245048.8713429868),13344.0,7.227023133070065e-09,Clear or Partly Cloudy,2015-09-10,16:36:00,16.0,3,1,1.0,Clear or Partly Cloudy
161367,201304,201444,3703501,Matched,Intersection,29580.0,3RD AVE AND PINE ST,,,2,Injury Collision,Cycles,2,0,1,1,1,0,0,2015-08-31T00:00:00.000Z,8/31/2015 4:46:00 PM,At Intersection (intersection related),51,PEDALCYCLIST STRUCK MOTOR VEHICLE FRONT END AT ANGLE,,N,Overcast,Dry,Daylight,,,,45.0,Vehicle - Pedalcyclist,35766,0,N,POINT (1269119.038256377 226412.0677399039),6590.0,0.0,Overcast,2015-08-31,16:46:00,16.0,0,1,1.0,Clear or Partly Cloudy
161385,201563,201703,3588268,Matched,Block,,ALKI AVE SW BETWEEN 60TH AVE SW AND 61ST AVE SW,,,2,Injury Collision,Cycles,2,1,1,0,1,0,0,2015-09-06T00:00:00.000Z,9/6/2015 2:15:00 PM,Mid-Block (not related to intersection),64,PEDALCYCLIST STRUCK PEDESTRIAN,,N,Overcast,Dry,Daylight,,,,45.0,Vehicle - Pedalcyclist,3641,0,N,POINT (1251303.470494136 215303.5538725257),20865.0,1.3756730147818371e-05,Overcast,2015-09-06,14:15:00,14.0,6,0,0.0,Clear or Partly Cloudy
161389,201562,201702,3588267,Matched,Block,,HARBOR AVE SW BETWEEN SW FLORIDA ST AND SW HARBOR LN,,,2b,Serious Injury Collision,Cycles,2,0,1,1,1,1,0,2015-09-04T00:00:00.000Z,9/4/2015 7:08:00 PM,Mid-Block (not related to intersection),54,PEDALCYCLIST STRUCK MOTOR VEHICLE REAR END,,N,Clear or Partly Cloudy,Dry,Dusk,,,,45.0,Vehicle - Pedalcyclist,4221,0,N,POINT (1260525.77405557 215001.6667042226),3570.0,1.5080957636685633e-05,Clear or Partly Cloudy,2015-09-04,19:08:00,19.0,4,1,1.0,Clear or Partly Cloudy
161409,203434,203574,E466525,Matched,Intersection,29165.0,MELROSE AVE AND E DENNY WAY,,,2,Injury Collision,Cycles,1,0,1,1,1,0,0,2015-09-13T00:00:00.000Z,9/13/2015 2:22:00 PM,At Intersection (intersection related),18,"MOTOR VEHICLE STRUCK PEDALCYCLIST, FRONT END AT ANGLE",,N,Clear or Partly Cloudy,Dry,Daylight,,,,45.0,Vehicle - Pedalcyclist,11534,0,N,POINT (1271849.269043177 229187.6967987418),3661.0,0.0,Clear or Partly Cloudy,2015-09-13,14:22:00,14.0,6,0,0.0,Clear or Partly Cloudy
161497,201310,201450,3707603,Matched,Intersection,29839.0,12TH AVE AND E SPRUCE ST,,,2,Injury Collision,Cycles,2,0,1,1,1,0,0,2015-09-01T00:00:00.000Z,9/1/2015 10:45:00 AM,At Intersection (intersection related),51,PEDALCYCLIST STRUCK MOTOR VEHICLE FRONT END AT ANGLE,,N,Raining,Wet,Daylight,,,,45.0,Vehicle - Pedalcyclist,10560,0,N,POINT (1274474.081845865 223670.7575290948),1167.0,0.0,Raining,2015-09-01,10:45:00,10.0,1,1,0.0,Raining
161504,200658,200798,E453137,Matched,Block,,RAINIER AVE S BETWEEN SEWARD PARK AVE S AND 57TH AVE S,,,2,Injury Collision,Cycles,1,0,1,1,1,0,0,2015-08-18T00:00:00.000Z,8/18/2015 4:10:00 PM,Mid-Block (but intersection related),18,"MOTOR VEHICLE STRUCK PEDALCYCLIST, FRONT END AT ANGLE",,N,Clear or Partly Cloudy,Dry,Daylight,,,,45.0,Vehicle - Pedalcyclist,0,523422,N,POINT (1287377.076483071 193027.5759937167),3726.0,1.219158628713026e-05,Clear or Partly Cloudy,2015-08-18,16:10:00,16.0,1,1,1.0,Clear or Partly Cloudy
161541,202443,202583,3733842,Matched,Intersection,27035.0,FREMONT AVE N AND FREMONT PL N,NEI,"Not Enough Information, or Insufficient Location Information",1,Property Damage Only Collision,Cycles,2,0,1,1,0,0,0,2015-09-16T00:00:00.000Z,9/16/2015 9:14:00 AM,At Intersection (intersection related),0,NOT ENOUGH INFORMATION / NOT APPLICABLE,,N,Clear or Partly Cloudy,Dry,Daylight,,,,45.0,Vehicle - Pedalcyclist,8349,0,N,POINT (1266658.612013862 240940.0040107816),6356.0,0.0,Clear or Partly Cloudy,2015-09-16,09:14:00,9.0,2,1,1.0,Clear or Partly Cloudy
161563,203278,203418,3733820,Matched,Block,,GREEN LAKE WAY N BETWEEN N 48TH ST AND STONE AVE N,,,2,Injury Collision,Cycles,2,0,1,1,1,0,0,2015-09-22T00:00:00.000Z,9/22/2015 8:03:00 AM,Mid-Block (not related to intersection),23,"MOTOR VEHICLE STRUCK PEDALCYCLIST, LEFT SIDE SIDESWIPE",,N,,Dry,Daylight,,,,45.0,Vehicle - Pedalcyclist,22163,0,N,POINT (1268525.720751762 245799.7121117562),14320.0,1.8474704375632104e-05,,2015-09-22,08:03:00,8.0,1,1,1.0,
161579,203444,203584,3587909,Matched,Intersection,34885.0,20TH AVE SW AND DELRIDGE WAY SW,,,2,Injury Collision,Cycles,2,0,1,1,1,0,0,2015-09-28T00:00:00.000Z,9/28/2015 7:22:00 PM,At Intersection (intersection related),18,"MOTOR VEHICLE STRUCK PEDALCYCLIST, FRONT END AT ANGLE",Y,N,Clear or Partly Cloudy,Dry,Dark - Street Lights On,Y,,,45.0,Vehicle - Pedalcyclist,40062,0,N,POINT (1263431.985194549 194077.1098827869),3477.0,0.0,Clear or Partly Cloudy,2015-09-28,19:22:00,19.0,0,1,1.0,Clear or Partly Cloudy
161684,202452,202592,3573642,Matched,Block,,NE NORTHGATE WAY BETWEEN 3RD AVE NE AND 5TH AVE NE,,,2,Injury Collision,Cycles,2,0,1,1,1,0,0,2015-09-16T00:00:00.000Z,9/16/2015 1:42:00 PM,Driveway Junction,18,"MOTOR VEHICLE STRUCK PEDALCYCLIST, FRONT END AT ANGLE",,N,Clear or Partly Cloudy,Dry,Daylight,,,,45.0,Vehicle - Pedalcyclist,0,0,N,POINT (1273284.667188644 262033.6431363821),4279.0,1.3412443984640593e-05,Clear or Partly Cloudy,2015-09-16,13:42:00,13.0,2,1,0.0,Clear or Partly Cloudy
161758,200520,200660,E453876,Matched,Intersection,28048.0,2ND AVE N AND FLORENTIA ST,,,2,Injury Collision,Cycles,0,0,1,1,1,0,0,2015-08-20T00:00:00.000Z,8/20/2015 6:30:00 PM,At Intersection (intersection related),18,"MOTOR VEHICLE STRUCK PEDALCYCLIST, FRONT END AT ANGLE",,N,Clear or Partly Cloudy,Dry,Daylight,,,,45.0,Vehicle - Pedalcyclist,34776,0,N,POINT (1265747.818540916 239664.8142494708),10316.0,0.0,Clear or Partly Cloudy,2015-08-20,18:30:00,18.0,3,1,1.0,Clear or Partly Cloudy
161794,201852,201992,E446888,Matched,Intersection,31341.0,4TH AVE S AND S MASSACHUSETTS ST,,,2,Injury Collision,Cycles,3,0,1,1,1,0,0,2015-07-22T00:00:00.000Z,7/22/2015 10:04:00 AM,At Intersection (intersection related),14,"MOTOR VEHICLE STRUCK MOTOR VEHICLE, REAR END",Y,N,Clear or Partly Cloudy,Dry,Daylight,,,,45.0,Vehicle - Pedalcyclist,0,31341,N,POINT (1271339.313458651 218154.1776834428),7798.0,0.0,Clear or Partly Cloudy,2015-07-22,10:04:00,10.0,2,1,0.0,Clear or Partly Cloudy
161806,202257,202397,E451819,Matched,Block,,BROADWAY BETWEEN E PIKE ST AND E PINE ST,,,2b,Serious Injury Collision,Cycles,1,0,1,0,1,1,0,2015-08-12T00:00:00.000Z,8/12/2015 8:31:00 AM,Mid-Block (not related to intersection),69,PEDALCYCLIST OVERTURNED IN ROAD,,N,Clear or Partly Cloudy,Dry,Daylight,,,Y,45.0,Vehicle - Pedalcyclist,6859,0,N,POINT (1273564.040884927 227752.5528612733),15815.0,2.877603720450791e-05,Clear or Partly Cloudy,2015-08-12,08:31:00,8.0,2,1,1.0,Clear or Partly Cloudy
161812,202254,202394,E451552,Matched,Block,,S SPOKANE NR ST BETWEEN COLORADO AVE S AND 1ST AVE S,,,2,Injury Collision,Cycles,1,0,1,1,1,0,0,2015-08-13T00:00:00.000Z,8/13/2015 7:56:00 AM,Mid-Block (not related to intersection),18,"MOTOR VEHICLE STRUCK PEDALCYCLIST, FRONT END AT ANGLE",,N,Clear or Partly Cloudy,Dry,Daylight,,,,45.0,Vehicle - Pedalcyclist,0,0,N,POINT (1269632.826928899 212163.7036293149),14491.0,2.338469019026918e-05,Clear or Partly Cloudy,2015-08-13,07:56:00,7.0,3,1,1.0,Clear or Partly Cloudy
161836,203110,203250,3327825,Matched,Intersection,25143.0,24TH AVE NW AND NW MARKET ST,,,2,Injury Collision,Cycles,2,0,1,1,1,0,0,2015-09-26T00:00:00.000Z,9/26/2015 1:40:00 PM,At Intersection (intersection related),18,"MOTOR VEHICLE STRUCK PEDALCYCLIST, FRONT END AT ANGLE",Y,N,Clear or Partly Cloudy,Dry,Daylight,,,,45.0,Vehicle - Pedalcyclist,0,520922,N,POINT (1257492.464420468 247780.3547377884),2605.0,0.0,Clear or Partly Cloudy,2015-09-26,13:40:00,13.0,5,0,0.0,Clear or Partly Cloudy
161850,202874,203014,3789354,Matched,Intersection,29681.0,CLAY ST AND ELLIOTT AVE,,,2,Injury Collision,Cycles,2,0,1,1,1,0,0,2015-09-20T00:00:00.000Z,9/20/2015 9:15:00 AM,At Intersection (intersection related),51,PEDALCYCLIST STRUCK MOTOR VEHICLE FRONT END AT ANGLE,,N,Clear or Partly Cloudy,Dry,Daylight,,,,45.0,Vehicle - Pedalcyclist,0,0,N,POINT (1265557.378092721 228044.242589578),3437.0,0.0,Clear or Partly Cloudy,2015-09-20,09:15:00,9.0,6,0,1.0,Clear or Partly Cloudy
161900,203465,203605,E463046,Matched,Block,,JEFFERSON ST BETWEEN 5TH AVE AND 6TH AVE,,,2,Injury Collision,Cycles,1,0,1,1,1,0,0,2015-09-15T00:00:00.000Z,9/15/2015 6:32:00 AM,Mid-Block (not related to intersection),18,"MOTOR VEHICLE STRUCK PEDALCYCLIST, FRONT END AT ANGLE",,N,Clear or Partly Cloudy,Dry,Dawn,,,,45.0,Vehicle - Pedalcyclist,0,30477,N,POINT (1271709.773363024 223615.5899770409),15947.0,1.5158350779068424e-06,Clear or Partly Cloudy,2015-09-15,06:32:00,6.0,1,1,0.0,Clear or Partly Cloudy
161904,201388,201528,3736381,Matched,Intersection,28633.0,1ST AVE W AND W MERCER ST,,,2,Injury Collision,Cycles,2,1,1,0,1,0,0,2015-08-28T00:00:00.000Z,8/28/2015 7:55:00 AM,At Intersection (intersection related),64,PEDALCYCLIST STRUCK PEDESTRIAN,,N,,,,,,,45.0,Vehicle - Pedalcyclist,0,0,N,POINT (1264455.874347597 231554.9042251706),10092.0,0.0,,2015-08-28,07:55:00,7.0,4,1,1.0,
161947,202467,202607,3734623,Matched,Block,,THOMAS ST BETWEEN PONTIUS AVE N AND YALE AVE N,NEI,"Not Enough Information, or Insufficient Location Information",1,Property Damage Only Collision,Cycles,2,0,1,1,0,0,0,2015-09-11T00:00:00.000Z,9/11/2015 10:45:00 AM,Mid-Block (not related to intersection),0,NOT ENOUGH INFORMATION / NOT APPLICABLE,,N,Unknown,Unknown,Unknown,,,,45.0,Vehicle - Pedalcyclist,0,0,N,POINT (1271074.204850376 230049.8943036199),17168.0,7.4496401102449685e-09,,2015-09-11,10:45:00,10.0,4,1,0.0,
162006,203475,203615,E463173,Matched,Intersection,35451.0,RAINIER AVE S AND SEWARD PARK AVE S,,,2,Injury Collision,Cycles,1,0,1,1,1,0,0,2015-09-19T00:00:00.000Z,9/19/2015 4:26:00 PM,At Intersection (intersection related),18,"MOTOR VEHICLE STRUCK PEDALCYCLIST, FRONT END AT ANGLE",,N,Clear or Partly Cloudy,Dry,Daylight,,,,45.0,Vehicle - Pedalcyclist,36987,0,N,POINT (1287229.446466923 193003.5219136924),3726.0,0.0,Clear or Partly Cloudy,2015-09-19,16:26:00,16.0,5,0,1.0,Clear or Partly Cloudy
162007,203474,203614,E463166,Matched,Block,,M L KING JR WAY S BETWEEN S PLUM ST AND S HILL ST,,,2,Injury Collision,Cycles,1,0,1,1,1,0,0,2015-09-19T00:00:00.000Z,9/19/2015 5:00:00 PM,Mid-Block (not related to intersection),18,"MOTOR VEHICLE STRUCK PEDALCYCLIST, FRONT END AT ANGLE",,N,Overcast,Dry,Daylight,,,,45.0,Vehicle - Pedalcyclist,37783,0,N,POINT (1278944.870138437 216826.1721780896),17965.0,1.9882391508993855e-05,Overcast,2015-09-19,17:00:00,17.0,5,0,1.0,Clear or Partly Cloudy
162133,203311,203451,E464801,Matched,Intersection,29238.0,LAKE WASHINGTON BLVD E AND E MADISON ST,,,2,Injury Collision,Left Turn,1,0,1,1,1,0,0,2015-09-16T00:00:00.000Z,9/16/2015 7:10:00 PM,At Intersection (intersection related),18,"MOTOR VEHICLE STRUCK PEDALCYCLIST, FRONT END AT ANGLE",,N,Clear or Partly Cloudy,Dry,Daylight,,,,28.0,From opposite direction - one left turn - one straight,8965,0,N,POINT (1280633.632572159 231763.0291533768),10179.0,0.0,Clear or Partly Cloudy,2015-09-16,19:10:00,19.0,2,1,1.0,Clear or Partly Cloudy
162162,203654,203794,E458083,Matched,Block,,4TH AVE BETWEEN OLIVE WAY AND STEWART ST,,,2,Injury Collision,Cycles,0,0,1,1,1,0,0,2015-08-18T00:00:00.000Z,8/18/2015 7:55:00 AM,Mid-Block (not related to intersection),18,"MOTOR VEHICLE STRUCK PEDALCYCLIST, FRONT END AT ANGLE",,N,Clear or Partly Cloudy,Dry,Daylight,,,,45.0,Vehicle - Pedalcyclist,12774,0,N,POINT (1269145.8436324 226956.557340458),14218.0,2.255616234844817e-05,Clear or Partly Cloudy,2015-08-18,07:55:00,7.0,1,1,1.0,Clear or Partly Cloudy
162165,203482,203622,3737845,Matched,Intersection,29920.0,BOREN AVE AND MADISON ST,,,2,Injury Collision,Cycles,2,0,1,1,1,0,0,2015-09-29T00:00:00.000Z,9/29/2015 5:49:00 PM,At Intersection (intersection related),18,"MOTOR VEHICLE STRUCK PEDALCYCLIST, FRONT END AT ANGLE",,N,Clear or Partly Cloudy,Dry,Daylight,,,,45.0,Vehicle - Pedalcyclist,25200,0,N,POINT (1272453.844275787 225834.5358353108),3391.0,0.0,Clear or Partly Cloudy,2015-09-29,17:49:00,17.0,1,1,1.0,Clear or Partly Cloudy
162170,200348,200488,3732642,Matched,Block,,6TH AVE BETWEEN PINE ST AND OLIVE WAY,,,2,Injury Collision,Cycles,2,0,1,1,1,0,0,2015-08-18T00:00:00.000Z,8/18/2015 9:37:00 AM,Mid-Block (but intersection related),18,"MOTOR VEHICLE STRUCK PEDALCYCLIST, FRONT END AT ANGLE",Y,N,Clear or Partly Cloudy,Dry,Daylight,,,,45.0,Vehicle - Pedalcyclist,25426,0,N,POINT (1269841.285361111 227087.6141725928),3200.0,2.4618179339475416e-05,Clear or Partly Cloudy,2015-08-18,09:37:00,9.0,1,1,1.0,Clear or Partly Cloudy
162172,200347,200487,3732571,Matched,Block,,9TH AVE N BETWEEN BROAD E ST AND WESTLAKE AVE N,,,2,Injury Collision,Sideswipe,2,0,1,1,1,0,0,2015-08-18T00:00:00.000Z,8/18/2015 4:53:00 PM,Mid-Block (but intersection related),18,"MOTOR VEHICLE STRUCK PEDALCYCLIST, FRONT END AT ANGLE",,N,Clear or Partly Cloudy,Dry,Daylight,,,,11.0,From same direction - both going straight - both moving - sideswipe,39896,0,N,POINT (1268988.948336244 232083.3193297088),21770.0,2.579465298905197e-05,Clear or Partly Cloudy,2015-08-18,16:53:00,16.0,1,1,1.0,Clear or Partly Cloudy