OBJECTID,INCKEY,COLDETKEY,REPORTNO,STATUS,ADDRTYPE,INTKEY,LOCATION,EXCEPTRSNC,EXCEPTRSND,SEVERITYCO,SEVERITYDE,COLLISIONT,PERSONCOUN,PEDCOUNT,PEDCYLCOUN,VEHCOUNT,INJURIES,SERIOUSINJ,FATALITIES,INCDATE,INCDTTM,JUNCTIONTY,SDOT_COLCO,SDOT_COLDE,INATTENTIO,UNDERINFL,WEATHER,ROADCOND,LIGHTCOND,PEDROWNOTG,SDOTCOLNUM,SPEEDING,ST_COLCODE,ST_COLDESC,SEGLANEKEY,CROSSWALKK,HITPARKEDC,geometry,near_str_index,min_length,weather_group,date,time,hour,dayofweek,weekday,rushhour,weather_group2
162206,201664,201804,E459217,Matched,Intersection,29599.0,1ST AVE AND UNION ST,,,2,Injury Collision,Cycles,0,0,1,1,1,0,0,2015-09-04T00:00:00.000Z,9/4/2015 9:42:00 PM,At Intersection (intersection related),18,"MOTOR VEHICLE STRUCK PEDALCYCLIST, FRONT END AT ANGLE",,N,Clear or Partly Cloudy,Dry,Dark - Street Lights On,,,,45.0,Vehicle - Pedalcyclist,36675,0,N,POINT (1268998.645552248 225351.0061068088),3796.0,0.0,Clear or Partly Cloudy,2015-09-04,21:42:00,21.0,4,1,0.0,Clear or Partly Cloudy
162280,203322,203462,E460992,Matched,Intersection,33917.0,47TH AVE SW AND FAUNTLEROY WAY SW,,,2,Injury Collision,Cycles,0,0,1,1,1,0,0,2015-09-07T00:00:00.000Z,9/7/2015 2:45:00 PM,At Intersection (intersection related),18,"MOTOR VEHICLE STRUCK PEDALCYCLIST, FRONT END AT ANGLE",,N,Clear or Partly Cloudy,Dry,Daylight,,,,45.0,Vehicle - Pedalcyclist,2967,0,N,POINT (1255278.353954196 199346.9986561835),16847.0,0.0,Clear or Partly Cloudy,2015-09-07,14:45:00,14.0,0,1,0.0,Clear or Partly Cloudy
162299,201058,201198,E456228,Matched,Block,,FREMONT AVE N BETWEEN N 34TH ST AND FREMONT PL N,,,2,Injury Collision,Cycles,0,0,1,1,1,0,0,2015-08-26T00:00:00.000Z,8/26/2015 7:02:00 PM,Mid-Block (not related to intersection),18,"MOTOR VEHICLE STRUCK PEDALCYCLIST, FRONT END AT ANGLE",,N,Clear or Partly Cloudy,Dry,Daylight,,,,45.0,Vehicle - Pedalcyclist,8235,0,N,POINT (1266666.364461869 240786.3849386275),6356.0,3.755198193088441e-10,Clear or Partly Cloudy,2015-08-26,19:02:00,19.0,2,1,1.0,Clear or Partly Cloudy
162313,200817,200957,3738883,Matched,Block,,RUSSELL AVE NW BETWEEN NW IONE PL AND NW CENTRAL PL,,,2,Injury Collision,Cycles,2,0,1,1,1,0,0,2015-08-25T00:00:00.000Z,8/25/2015 12:15:00 PM,Mid-Block (not related to intersection),18,"MOTOR VEHICLE STRUCK PEDALCYCLIST, FRONT END AT ANGLE",Y,N,Clear or Partly Cloudy,Dry,Daylight,Y,,,45.0,Vehicle - Pedalcyclist,0,0,N,POINT (1259225.073702246 246929.1538409144),945.0,4.522919016811399e-09,Clear or Partly Cloudy,2015-08-25,12:15:00,12.0,1,1,0.0,Clear or Partly Cloudy
162335,201441,201581,3730398,Matched,Block,,SEWARD PARK AVE S BETWEEN S OTHELLO ST AND S FONTANELLE PL,,,2,Injury Collision,Cycles,2,0,1,1,1,0,0,2015-08-03T00:00:00.000Z,8/3/2015 5:53:00 PM,Mid-Block (not related to intersection),18,"MOTOR VEHICLE STRUCK PEDALCYCLIST, FRONT END AT ANGLE",Y,N,Clear or Partly Cloudy,Dry,Daylight,Y,,,45.0,Vehicle - Pedalcyclist,37658,0,N,POINT (1286227.1203219 198899.0607997328),955.0,2.9582227159422497e-05,Clear or Partly Cloudy,2015-08-03,17:53:00,17.0,0,1,1.0,Clear or Partly Cloudy
162336,201440,201580,3726002,Matched,Block,,BEACON AVE S BETWEEN S STEVENS ST AND S HANFORD ST,,,2,Injury Collision,Cycles,2,0,1,1,1,0,0,2015-08-06T00:00:00.000Z,8/6/2015 5:58:00 PM,Mid-Block (not related to intersection),51,PEDALCYCLIST STRUCK MOTOR VEHICLE FRONT END AT ANGLE,,N,Clear or Partly Cloudy,Dry,Daylight,Y,,,45.0,Vehicle - Pedalcyclist,13384,0,N,POINT (1276073.880119503 213628.7618708163),6164.0,3.0301576491192494e-05,Clear or Partly Cloudy,2015-08-06,17:58:00,17.0,3,1,1.0,Clear or Partly Cloudy
162364,202526,202666,E460968,Matched,Block,,ALASKAN WAY BETWEEN YESLER WAY AND COLUMBIA ST,,,1,Property Damage Only Collision,Cycles,1,0,1,0,0,0,0,2015-09-11T00:00:00.000Z,9/11/2015 6:25:00 PM,Mid-Block (not related to intersection),18,"MOTOR VEHICLE STRUCK PEDALCYCLIST, FRONT END AT ANGLE",,N,Clear or Partly Cloudy,Dry,Daylight,,,,45.0,Vehicle - Pedalcyclist,38499,0,N,POINT (1269509.915312782 223226.5723126382),21772.0,6.443312782465438e-09,Clear or Partly Cloudy,2015-09-11,18:25:00,18.0,4,1,1.0,Clear or Partly Cloudy
162372,202522,202662,3695505,Matched,Block,,AURORA AVE N BETWEEN N 96TH N ST AND N 97TH ST,,,2,Injury Collision,Cycles,2,0,1,1,1,0,0,2015-09-16T00:00:00.000Z,9/16/2015 9:29:00 PM,Mid-Block (not related to intersection),18,"MOTOR VEHICLE STRUCK PEDALCYCLIST, FRONT END AT ANGLE",,N,Clear or Partly Cloudy,Dry,Dark - Street Lights On,,,,45.0,Vehicle - Pedalcyclist,16300,0,N,POINT (1268291.769583523 258687.8825569451),21775.0,2.954873387620935e-05,Clear or Partly Cloudy,2015-09-16,21:29:00,21.0,2,1,0.0,Clear or Partly Cloudy
162409,203342,203482,E464879,Matched,Intersection,28788.0,DEXTER AVE N AND THOMAS ST,,,2,Injury Collision,Cycles,1,0,1,1,1,0,0,2015-09-23T00:00:00.000Z,9/23/2015 6:03:00 PM,At Intersection (intersection related),18,"MOTOR VEHICLE STRUCK PEDALCYCLIST, FRONT END AT ANGLE",,N,Clear or Partly Cloudy,Dry,Daylight,,,,45.0,Vehicle - Pedalcyclist,42777,0,N,POINT (1268283.993903518 230129.8392637074),3489.0,0.0,Clear or Partly Cloudy,2015-09-23,18:03:00,18.0,2,1,1.0,Clear or Partly Cloudy
162415,203667,203807,E463509,Matched,Intersection,29690.0,2ND AVE AND BATTERY ST,,,2,Injury Collision,Cycles,2,0,1,1,1,0,0,2015-09-20T00:00:00.000Z,9/20/2015 10:06:00 PM,At Intersection (intersection related),18,"MOTOR VEHICLE STRUCK PEDALCYCLIST, FRONT END AT ANGLE",,Y,Raining,Wet,Dark - Street Lights On,,,,45.0,Vehicle - Pedalcyclist,0,522626,N,POINT (1267113.103662327 227934.797725454),623.0,0.0,Raining,2015-09-20,22:06:00,22.0,6,0,0.0,Raining
162419,203329,203469,E463489,Matched,Intersection,29826.0,12TH AVE AND E ALDER ST,,,1,Property Damage Only Collision,Cycles,1,0,1,1,0,0,0,2015-09-15T00:00:00.000Z,9/15/2015 6:04:00 PM,At Intersection (intersection related),18,"MOTOR VEHICLE STRUCK PEDALCYCLIST, FRONT END AT ANGLE",,N,Clear or Partly Cloudy,Dry,Daylight,,,,45.0,Vehicle - Pedalcyclist,10590,0,N,POINT (1274480.128053859 223979.3716734052),2319.0,0.0,Clear or Partly Cloudy,2015-09-15,18:04:00,18.0,1,1,1.0,Clear or Partly Cloudy
162436,200877,201017,3501589,Matched,Intersection,25385.0,15TH AVE NW AND NW 64TH ST,,,2,Injury Collision,Cycles,1,0,1,0,1,0,0,2015-08-26T00:00:00.000Z,8/26/2015 9:07:00 PM,At Intersection (but not related to intersection),69,PEDALCYCLIST OVERTURNED IN ROAD,,N,Clear or Partly Cloudy,Dry,Dark - Street Lights On,,,,45.0,Vehicle - Pedalcyclist,0,25385,N,POINT (1260340.575783387 250131.2680201828),4334.0,0.0,Clear or Partly Cloudy,2015-08-26,21:07:00,21.0,2,1,0.0,Clear or Partly Cloudy
162484,201934,202074,E447509,Matched,Intersection,27039.0,FREMONT AVE N AND N 34TH ST,,,2,Injury Collision,Cycles,1,0,1,1,1,0,0,2015-07-28T00:00:00.000Z,7/28/2015 9:25:00 AM,At Intersection (intersection related),18,"MOTOR VEHICLE STRUCK PEDALCYCLIST, FRONT END AT ANGLE",,N,Clear or Partly Cloudy,Dry,Daylight,,,,45.0,Vehicle - Pedalcyclist,42700,0,N,POINT (1266674.116909876 240632.7658664584),1223.0,0.0,Clear or Partly Cloudy,2015-07-28,09:25:00,9.0,1,1,1.0,Clear or Partly Cloudy
162501,201928,202068,E447423,Matched,Block,,AIRPORT WAY S BETWEEN S LUCILE ST AND CORSON AVE S,,,2,Injury Collision,Cycles,1,0,1,1,2,0,0,2015-07-24T00:00:00.000Z,7/24/2015 11:15:00 PM,Mid-Block (not related to intersection),14,"MOTOR VEHICLE STRUCK MOTOR VEHICLE, REAR END",,Y,Clear or Partly Cloudy,Dry,Dark - Street Lights On,,,,45.0,Vehicle - Pedalcyclist,5630,0,N,POINT (1273230.08338058 205163.6025021374),19725.0,2.6828118488094395e-05,Clear or Partly Cloudy,2015-07-24,23:15:00,23.0,4,1,0.0,Clear or Partly Cloudy
162503,201445,201585,3732561,Matched,Block,,DEXTER AVE N BETWEEN LEE ST AND GALER ST,,,2,Injury Collision,Cycles,2,0,1,1,1,0,0,2015-08-06T00:00:00.000Z,8/6/2015 4:14:00 PM,Driveway Junction,18,"MOTOR VEHICLE STRUCK PEDALCYCLIST, FRONT END AT ANGLE",,N,Clear or Partly Cloudy,Dry,Daylight,Y,,,45.0,Vehicle - Pedalcyclist,12941,0,N,POINT (1268386.228399619 234128.5003238022),6299.0,3.257173808247047e-05,Clear or Partly Cloudy,2015-08-06,16:14:00,16.0,3,1,1.0,Clear or Partly Cloudy
162551,203674,203814,E458752,Matched,Intersection,29508.0,DENNY WAY AND TERRY AVE,,,2,Injury Collision,Cycles,0,0,1,1,1,0,0,2015-09-01T00:00:00.000Z,9/1/2015 9:49:00 AM,At Intersection (intersection related),18,"MOTOR VEHICLE STRUCK PEDALCYCLIST, FRONT END AT ANGLE",,N,Raining,Wet,Daylight,,,,45.0,Vehicle - Pedalcyclist,23507,0,N,POINT (1269556.96734482 229243.3586228043),11074.0,0.0,Raining,2015-09-01,09:49:00,9.0,1,1,1.0,Raining
162590,201702,201842,E444860,Matched,Intersection,30501.0,5TH AVE S AND S MAIN ST,,,2,Injury Collision,Cycles,1,0,1,1,1,0,0,2015-07-16T00:00:00.000Z,7/16/2015 8:06:00 AM,At Intersection (intersection related),18,"MOTOR VEHICLE STRUCK PEDALCYCLIST, FRONT END AT ANGLE",,N,Clear or Partly Cloudy,Dry,Daylight,,,,45.0,Vehicle - Pedalcyclist,0,524799,N,POINT (1271765.404467091 222453.5182318538),5902.0,0.0,Clear or Partly Cloudy,2015-07-16,08:06:00,8.0,3,1,1.0,Clear or Partly Cloudy
162633,202325,202465,E452268,Matched,Block,,MERIDIAN AVE N BETWEEN N 54TH ST AND N 55TH ST,,,2,Injury Collision,Cycles,1,0,1,1,1,0,0,2015-08-14T00:00:00.000Z,8/14/2015 6:55:00 PM,Mid-Block (not related to intersection),18,"MOTOR VEHICLE STRUCK PEDALCYCLIST, FRONT END AT ANGLE",,N,Raining,Wet,Daylight,,,,45.0,Vehicle - Pedalcyclist,31696,0,N,POINT (1270769.784242064 247382.9127533734),9789.0,2.0450611670397664e-05,Raining,2015-08-14,18:55:00,18.0,4,1,1.0,Raining
162692,203203,203343,3708421,Matched,Block,,12TH AVE S BETWEEN S CHARLES S ST AND S JUDKINS ST,,,2,Injury Collision,Cycles,2,0,1,1,1,0,0,2015-09-25T00:00:00.000Z,9/25/2015 7:18:00 PM,Mid-Block (not related to intersection),18,"MOTOR VEHICLE STRUCK PEDALCYCLIST, FRONT END AT ANGLE",,N,Unknown,Unknown,Unknown,,,,45.0,Vehicle - Pedalcyclist,13820,0,N,POINT (1274274.789109647 219724.3620690554),22465.0,1.2872541065237252e-05,,2015-09-25,19:18:00,19.0,4,1,1.0,
162700,203520,203660,E458086,Matched,Intersection,28885.0,3RD AVE N AND ROY ST,,,2,Injury Collision,Cycles,0,0,1,1,1,0,0,2015-08-22T00:00:00.000Z,8/22/2015 2:00:00 AM,At Intersection (intersection related),18,"MOTOR VEHICLE STRUCK PEDALCYCLIST, FRONT END AT ANGLE",,N,Clear or Partly Cloudy,Dry,Dark - Street Lights On,,,,45.0,Vehicle - Pedalcyclist,0,0,N,POINT (1266073.315117255 231833.0710094571),5453.0,0.0,Clear or Partly Cloudy,2015-08-22,02:00:00,2.0,5,0,0.0,Clear or Partly Cloudy
162755,202343,202483,E453109,Matched,Intersection,28913.0,MERCER ST AND TAYLOR AVE N,,,2b,Serious Injury Collision,Cycles,1,0,1,0,1,1,0,2015-08-15T00:00:00.000Z,8/15/2015 4:00:00 PM,At Intersection (intersection related),18,"MOTOR VEHICLE STRUCK PEDALCYCLIST, FRONT END AT ANGLE",,N,Clear or Partly Cloudy,Dry,Daylight,,,,45.0,Vehicle - Pedalcyclist,43201,0,N,POINT (1267352.501806572 231486.9510730952),6529.0,0.0,Clear or Partly Cloudy,2015-08-15,16:00:00,16.0,5,0,1.0,Clear or Partly Cloudy
162769,202162,202302,3733680,Matched,Intersection,27079.0,ROOSEVELT WAY NE AND NE 43RD S ST,,,2,Injury Collision,Cycles,2,0,1,1,1,0,0,2015-09-11T00:00:00.000Z,9/11/2015 7:45:00 AM,At Intersection (intersection related),18,"MOTOR VEHICLE STRUCK PEDALCYCLIST, FRONT END AT ANGLE",Y,N,Clear or Partly Cloudy,Dry,Daylight,,,,45.0,Vehicle - Pedalcyclist,8995,0,N,POINT (1274628.363574013 244077.2041419894),1396.0,0.0,Clear or Partly Cloudy,2015-09-11,07:45:00,7.0,4,1,1.0,Clear or Partly Cloudy
162781,202157,202297,3733610,Matched,Intersection,25947.0,27TH AVE NE AND NE BLAKELEY ST,,,2,Injury Collision,Cycles,2,0,1,1,1,0,0,2015-09-12T00:00:00.000Z,9/12/2015 2:59:00 PM,At Intersection (intersection related),51,PEDALCYCLIST STRUCK MOTOR VEHICLE FRONT END AT ANGLE,,N,Clear or Partly Cloudy,Dry,Daylight,,,,45.0,Vehicle - Pedalcyclist,0,25947,N,POINT (1279420.679994926 246508.9087204784),9190.0,0.0,Clear or Partly Cloudy,2015-09-12,14:59:00,14.0,5,0,0.0,Clear or Partly Cloudy
162793,202980,203120,3734846,Matched,Intersection,25789.0,ROOSEVELT WAY NE AND NE 50TH ST,NEI,"Not Enough Information, or Insufficient Location Information",1,Property Damage Only Collision,Cycles,2,0,1,1,0,0,0,2015-09-23T00:00:00.000Z,9/23/2015 9:45:00 AM,At Intersection (intersection related),0,NOT ENOUGH INFORMATION / NOT APPLICABLE,,N,Clear or Partly Cloudy,Unknown,Daylight,,,,45.0,Vehicle - Pedalcyclist,9123,0,N,POINT (1274752.641334146 246074.6052320302),7253.0,0.0,Clear or Partly Cloudy,2015-09-23,09:45:00,9.0,2,1,1.0,Clear or Partly Cloudy
162859,200920,201060,3739259,Matched,Intersection,28725.0,HIGHLAND DR AND WESTLAKE AVE N,,,2,Injury Collision,Cycles,2,0,1,1,1,0,0,2015-08-23T00:00:00.000Z,8/23/2015 12:33:00 PM,At Intersection (intersection related),18,"MOTOR VEHICLE STRUCK PEDALCYCLIST, FRONT END AT ANGLE",,N,Clear or Partly Cloudy,Dry,Daylight,Y,,,45.0,Vehicle - Pedalcyclist,19937,0,N,POINT (1268685.901615933 233340.9993309975),2204.0,0.0,Clear or Partly Cloudy,2015-08-23,12:33:00,12.0,6,0,0.0,Clear or Partly Cloudy
162886,202179,202319,3733827,Matched,Block,,WEST GREEN LAKE WAY N BETWEEN N 63RD ST AND AURORA AVE N,,,2,Injury Collision,Cycles,2,0,1,1,1,0,0,2015-09-05T00:00:00.000Z,9/5/2015 4:52:00 PM,Driveway Junction,51,PEDALCYCLIST STRUCK MOTOR VEHICLE FRONT END AT ANGLE,,N,Raining,Wet,Daylight,,,,45.0,Vehicle - Pedalcyclist,0,0,N,POINT (1267664.244654879 249880.6051719338),10743.0,1.1056800394150933e-05,Raining,2015-09-05,16:52:00,16.0,5,0,1.0,Raining
162894,201722,201862,E445413,Matched,Block,,29TH AVE E BETWEEN E MADISON E ST AND E ROY W ST,,,2,Injury Collision,Cycles,1,0,1,1,1,0,0,2015-07-20T00:00:00.000Z,7/20/2015 1:30:00 PM,Mid-Block (not related to intersection),56,PEDALCYCLIST STRUCK MOTOR VEHICLE LEFT SIDE SIDESWIPE,,N,Clear or Partly Cloudy,Dry,Daylight,,,,45.0,Vehicle - Pedalcyclist,0,0,Y,POINT (1279862.37042737 231266.6590408683),5437.0,1.3850253492587699e-05,Clear or Partly Cloudy,2015-07-20,13:30:00,13.0,0,1,0.0,Clear or Partly Cloudy
162932,202354,202494,3737827,Matched,Block,,E ROANOKE ST BETWEEN DELMAR DR E AND 11TH AVE E,,,1,Property Damage Only Collision,Cycles,2,0,1,1,0,0,0,2015-09-09T00:00:00.000Z,9/9/2015 8:15:00 AM,Mid-Block (not related to intersection),18,"MOTOR VEHICLE STRUCK PEDALCYCLIST, FRONT END AT ANGLE",,N,Clear or Partly Cloudy,Dry,Daylight,Y,,,45.0,Vehicle - Pedalcyclist,8328,0,N,POINT (1274287.547829673 238151.6568719149),19096.0,7.3198388825629015e-09,Clear or Partly Cloudy,2015-09-09,08:15:00,8.0,2,1,1.0,Clear or Partly Cloudy
162986,201727,201867,E445421,Matched,Block,,QUEEN ANNE AVE N BETWEEN BOSTON ST AND MCGRAW ST,NEI,"Not Enough Information, or Insufficient Location Information",2,Injury Collision,Cycles,1,0,1,1,1,0,0,2015-07-13T00:00:00.000Z,7/13/2015 3:13:00 PM,,0,NOT ENOUGH INFORMATION / NOT APPLICABLE,,N,Clear or Partly Cloudy,Dry,Daylight,,,,45.0,Vehicle - Pedalcyclist,10906,0,N,POINT (1264830.190507978 236801.7209985405),23118.0,7.4476757707986806e-09,Clear or Partly Cloudy,2015-07-13,15:13:00,15.0,0,1,1.0,Clear or Partly Cloudy
162989,201188,201328,3588122,Matched,Intersection,27153.0,EASTLAKE AVE E AND FUHRMAN AVE E,,,2,Injury Collision,Cycles,2,0,1,1,1,0,0,2015-08-30T00:00:00.000Z,8/30/2015 4:36:00 PM,At Intersection (intersection related),18,"MOTOR VEHICLE STRUCK PEDALCYCLIST, FRONT END AT ANGLE",,N,Clear or Partly Cloudy,Dry,Daylight,Y,,,45.0,Vehicle - Pedalcyclist,6078,0,N,POINT (1273704.647989064 241221.0042030662),995.0,0.0,Clear or Partly Cloudy,2015-08-30,16:36:00,16.0,6,0,1.0,Clear or Partly Cloudy
163027,202186,202326,E450748,Matched,Block,,ALASKAN WAY BETWEEN SENECA ST AND UNIVERSITY ST,,,2,Injury Collision,Cycles,1,0,1,1,1,0,0,2015-08-10T00:00:00.000Z,8/10/2015 7:41:00 PM,Mid-Block (not related to intersection),55,PEDALCYCLIST STRUCK MOTOR VEHICLE RIGHT SIDE SIDESWIPE,,N,Clear or Partly Cloudy,Dry,Daylight,,,,45.0,Vehicle - Pedalcyclist,38886,0,N,POINT (1268738.830383986 224523.0864899606),3316.0,3.6632624318571337e-09,Clear or Partly Cloudy,2015-08-10,19:41:00,19.0,0,1,1.0,Clear or Partly Cloudy
163105,203021,203161,3734866,Matched,Block,,14TH AVE NW BETWEEN NW LEARY WAY AND NW 49TH ST,NEI,"Not Enough Information, or Insufficient Location Information",1,Property Damage Only Collision,Cycles,2,0,1,1,0,0,0,2015-09-22T00:00:00.000Z,9/22/2015 10:00:00 AM,,0,NOT ENOUGH INFORMATION / NOT APPLICABLE,,N,Unknown,Unknown,Daylight,,,,45.0,Vehicle - Pedalcyclist,0,0,Y,POINT (1260903.071463957 246013.9404639751),17651.0,2.8509719181201202e-05,,2015-09-22,10:00:00,10.0,1,1,0.0,
163119,201204,201344,3707245,Matched,Intersection,29748.0,12TH AVE AND E PIKE ST,,,2b,Serious Injury Collision,Cycles,3,0,1,1,1,1,0,2015-08-29T00:00:00.000Z,8/29/2015 10:18:00 PM,At Intersection (intersection related),18,"MOTOR VEHICLE STRUCK PEDALCYCLIST, FRONT END AT ANGLE",,N,Raining,Wet,Dark - Street Lights On,,,,45.0,Vehicle - Pedalcyclist,10802,0,N,POINT (1274535.139893919 227533.018781051),39.0,0.0,Raining,2015-08-29,22:18:00,22.0,5,0,0.0,Raining
163189,202194,202334,E450951,Matched,Intersection,24358.0,LINDEN AVE N AND WOODLAND N PL N,,,2,Injury Collision,Cycles,1,0,1,1,1,0,0,2015-08-06T00:00:00.000Z,8/6/2015 4:45:00 PM,At Intersection (intersection related),18,"MOTOR VEHICLE STRUCK PEDALCYCLIST, FRONT END AT ANGLE",,N,Clear or Partly Cloudy,Dry,Daylight,,,,45.0,Vehicle - Pedalcyclist,10114,0,N,POINT (1267480.718638703 250573.1944206357),6480.0,0.0,Clear or Partly Cloudy,2015-08-06,16:45:00,16.0,3,1,1.0,Clear or Partly Cloudy
163194,201737,201877,E458751,Matched,Intersection,30506.0,2ND AVE S AND S JACKSON ST,,,2,Injury Collision,Cycles,0,0,1,1,1,0,0,2015-09-04T00:00:00.000Z,9/4/2015 3:00:00 PM,At Intersection (intersection related),18,"MOTOR VEHICLE STRUCK PEDALCYCLIST, FRONT END AT ANGLE",,N,Clear or Partly Cloudy,Dry,Daylight,,,,45.0,Vehicle - Pedalcyclist,0,524965,N,POINT (1270793.938226089 222168.3961835504),5222.0,0.0,Clear or Partly Cloudy,2015-09-04,15:00:00,15.0,4,1,1.0,Clear or Partly Cloudy
163197,200456,200596,3703756,Matched,Block,,WESTLAKE AVE N BETWEEN NEWTON ST AND CROCKETT ST,,,1,Property Damage Only Collision,Cycles,2,0,1,1,0,0,0,2015-08-15T00:00:00.000Z,8/15/2015 2:40:00 AM,Mid-Block (not related to intersection),18,"MOTOR VEHICLE STRUCK PEDALCYCLIST, FRONT END AT ANGLE",,N,Raining,Wet,Dark - Street Lights On,,,,45.0,Vehicle - Pedalcyclist,20035,0,N,POINT (1268860.207152113 236095.9119738191),19955.0,2.217160235590968e-05,Raining,2015-08-15,02:40:00,2.0,5,0,0.0,Raining
163269,201543,201683,3503100,Matched,Block,,UNIVERSITY WAY NE BETWEEN NE 45TH ST AND NE 47TH ST,,,2,Injury Collision,Cycles,2,0,1,1,1,0,0,2015-09-03T00:00:00.000Z,9/3/2015 9:50:00 AM,Mid-Block (not related to intersection),11,"MOTOR VEHICLE STRUCK MOTOR VEHICLE, FRONT END AT ANGLE",,N,Clear or Partly Cloudy,Dry,Daylight,,,,45.0,Vehicle - Pedalcyclist,5645,0,N,POINT (1275789.728567213 245048.8713429868),13344.0,7.227023133070065e-09,Clear or Partly Cloudy,2015-09-03,09:50:00,9.0,3,1,1.0,Clear or Partly Cloudy
163294,202821,202961,3739355,Matched,Intersection,30482.0,2ND AVE AND JAMES ST,,,2,Injury Collision,Cycles,2,0,1,1,1,0,0,2015-09-12T00:00:00.000Z,9/12/2015 7:03:00 PM,At Intersection (intersection related),18,"MOTOR VEHICLE STRUCK PEDALCYCLIST, FRONT END AT ANGLE",Y,N,Clear or Partly Cloudy,Dry,Dusk,,,,45.0,Vehicle - Pedalcyclist,42256,0,N,POINT (1270583.694641873 223305.2345847189),134.0,0.0,Clear or Partly Cloudy,2015-09-12,19:03:00,19.0,5,0,1.0,Clear or Partly Cloudy
163308,202380,202520,3739220,Matched,Intersection,26447.0,GILMAN AVE W AND W EMERSON PL,,,2,Injury Collision,Cycles,2,0,1,1,1,0,0,2015-09-11T00:00:00.000Z,9/11/2015 4:53:00 PM,At Intersection (intersection related),18,"MOTOR VEHICLE STRUCK PEDALCYCLIST, FRONT END AT ANGLE",,N,Clear or Partly Cloudy,Dry,Daylight,Y,,,45.0,Vehicle - Pedalcyclist,15430,0,N,POINT (1257668.481060654 243104.1906369925),8210.0,0.0,Clear or Partly Cloudy,2015-09-11,16:53:00,16.0,4,1,1.0,Clear or Partly Cloudy
163347,203565,203705,E461321,Matched,Intersection,29604.0,1ST AVE AND UNIVERSITY ST,,,2,Injury Collision,Cycles,0,2,1,0,1,0,0,2015-09-11T00:00:00.000Z,9/11/2015 12:54:00 PM,At Intersection (intersection related),64,PEDALCYCLIST STRUCK PEDESTRIAN,,N,Clear or Partly Cloudy,Dry,Daylight,,,,45.0,Vehicle - Pedalcyclist,0,521104,N,POINT (1269215.582000479 224984.4235784411),0.0,0.0,Clear or Partly Cloudy,2015-09-11,12:54:00,12.0,4,1,0.0,Clear or Partly Cloudy
163361,203740,203880,E466816,Matched,Block,,DEXTER AVE N BETWEEN WARD ST AND PROSPECT ST,,,2,Injury Collision,Cycles,1,0,1,1,1,0,0,2015-08-06T00:00:00.000Z,8/6/2015 6:00:00 PM,Mid-Block (not related to intersection),56,PEDALCYCLIST STRUCK MOTOR VEHICLE LEFT SIDE SIDESWIPE,,N,Clear or Partly Cloudy,Dry,Daylight,,,,45.0,Vehicle - Pedalcyclist,12783,0,N,,,,Clear or Partly Cloudy,2015-08-06,18:00:00,18.0,3,1,1.0,Clear or Partly Cloudy
163403,200470,200610,3734572,Matched,Block,,NE 125TH ST BETWEEN 15TH AVE NE AND 16TH AVE NE,,,1,Property Damage Only Collision,Cycles,3,0,1,1,0,0,0,2015-08-19T00:00:00.000Z,8/19/2015 11:00:00 PM,Mid-Block (not related to intersection),51,PEDALCYCLIST STRUCK MOTOR VEHICLE FRONT END AT ANGLE,,N,Clear or Partly Cloudy,Unknown,Dark - Street Lights On,,,,45.0,Vehicle - Pedalcyclist,9938,0,N,POINT (1276464.966071904 265914.3646763563),11315.0,5.568213820819373e-06,Clear or Partly Cloudy,2015-08-19,23:00:00,23.0,2,1,0.0,Clear or Partly Cloudy
163435,202025,202165,E449561,Matched,Intersection,34815.0,45TH AVE SW AND SW WILDWOOD PL,,,2,Injury Collision,Cycles,1,0,1,1,1,0,0,2015-08-02T00:00:00.000Z,8/2/2015 9:47:00 AM,At Intersection (intersection related),51,PEDALCYCLIST STRUCK MOTOR VEHICLE FRONT END AT ANGLE,,N,Clear or Partly Cloudy,Dry,Daylight,,,,45.0,Vehicle - Pedalcyclist,31734,0,N,POINT (1255749.588770688 193858.8381385654),10049.0,0.0,Clear or Partly Cloudy,2015-08-02,09:47:00,9.0,6,0,1.0,Clear or Partly Cloudy
163455,201807,201947,3732647,Matched,Block,,2ND AVE S BETWEEN S JACKSON ST AND S KING ST,,,2,Injury Collision,Cycles,2,0,1,1,1,0,0,2015-09-03T00:00:00.000Z,9/3/2015 9:42:00 PM,Mid-Block (not related to intersection),18,"MOTOR VEHICLE STRUCK PEDALCYCLIST, FRONT END AT ANGLE",,N,Clear or Partly Cloudy,Dry,Dark - Street Lights On,,,,45.0,Vehicle - Pedalcyclist,0,0,N,POINT (1270790.320306093 222002.3945833892),5222.0,2.455253036891035e-06,Clear or Partly Cloudy,2015-09-03,21:42:00,21.0,3,1,0.0,Clear or Partly Cloudy
163474,203422,203562,E466410,Matched,Block,,UNIVERSITY WAY NE BETWEEN NE 52ND ST AND NE 55TH ST,,,2,Injury Collision,Cycles,1,0,1,1,1,0,0,2015-09-29T00:00:00.000Z,9/29/2015 6:17:00 PM,Mid-Block (not related to intersection),18,"MOTOR VEHICLE STRUCK PEDALCYCLIST, FRONT END AT ANGLE",,N,Clear or Partly Cloudy,Dry,Daylight,,,,45.0,Vehicle - Pedalcyclist,5597,0,N,POINT (1275847.037559271 246984.8828009665),23173.0,1.2508808248239295e-05,Clear or Partly Cloudy,2015-09-29,18:17:00,18.0,1,1,1.0,Clear or Partly Cloudy