OBJECTID,INCKEY,COLDETKEY,REPORTNO,STATUS,ADDRTYPE,INTKEY,LOCATION,EXCEPTRSNC,EXCEPTRSND,SEVERITYCO,SEVERITYDE,COLLISIONT,PERSONCOUN,PEDCOUNT,PEDCYLCOUN,VEHCOUNT,INJURIES,SERIOUSINJ,FATALITIES,INCDATE,INCDTTM,JUNCTIONTY,SDOT_COLCO,SDOT_COLDE,INATTENTIO,UNDERINFL,WEATHER,ROADCOND,LIGHTCOND,PEDROWNOTG,SDOTCOLNUM,SPEEDING,ST_COLCODE,ST_COLDESC,SEGLANEKEY,CROSSWALKK,HITPARKEDC,geometry,near_str_index,min_length,weather_group,date,time,hour,dayofweek,weekday,rushhour,weather_group2
163576,204977,205117,3644754,Matched,Block,,12TH AVE S BETWEEN XW S LANE ST AND GOLF DR S,,,2,Injury Collision,Cycles,2,0,1,1,1,0,0,2015-10-16T00:00:00.000Z,10/16/2015 5:07:00 PM,Mid-Block (not related to intersection),51,PEDALCYCLIST STRUCK MOTOR VEHICLE FRONT END AT ANGLE,,Y,Clear or Partly Cloudy,Dry,Daylight,,,,45.0,Vehicle - Pedalcyclist,16238,0,N,POINT (1274298.561781675 220716.5272540748),5033.0,1.7253502180752293e-05,Clear or Partly Cloudy,2015-10-16,17:07:00,17.0,4,1,1.0,Clear or Partly Cloudy
163623,206071,206251,3775625,Matched,Block,,S JACKSON ST BETWEEN 2ND AVE S AND 3RD AVE S,NEI,"Not Enough Information, or Insufficient Location Information",1,Property Damage Only Collision,Cycles,2,0,1,1,0,0,0,2015-11-02T00:00:00.000Z,11/2/2015 8:45:00 AM,,0,NOT ENOUGH INFORMATION / NOT APPLICABLE,Y,N,Unknown,Unknown,Unknown,,,,45.0,Vehicle - Pedalcyclist,0,0,N,POINT (1270954.001266256 222164.9003115445),18368.0,1.3477456637490964e-06,,2015-11-02,08:45:00,8.0,0,1,1.0,
163704,205239,205399,E470829,Matched,Block,,ROOSEVELT WAY NE BETWEEN NE 43RD N ST AND NE 45TH ST,,,2,Injury Collision,Cycles,1,0,1,1,1,0,0,2015-10-08T00:00:00.000Z,10/8/2015 10:10:00 AM,Mid-Block (not related to intersection),18,"MOTOR VEHICLE STRUCK PEDALCYCLIST, FRONT END AT ANGLE",,N,Clear or Partly Cloudy,Dry,Daylight,,,,45.0,Vehicle - Pedalcyclist,9002,0,N,POINT (1274643.41477403 244486.5489104092),22683.0,1.6744602144952038e-05,Clear or Partly Cloudy,2015-10-08,10:10:00,10.0,3,1,0.0,Clear or Partly Cloudy
163714,205221,205381,3737406,Matched,Block,,ROOSEVELT WAY NE BETWEEN NE 42ND S ST AND NE 42ND N ST,,,2,Injury Collision,Cycles,2,0,1,1,1,0,0,2015-10-19T00:00:00.000Z,10/19/2015 7:16:00 AM,Driveway Junction,51,PEDALCYCLIST STRUCK MOTOR VEHICLE FRONT END AT ANGLE,Y,N,Overcast,Wet,Dark - Street Lights On,Y,,,45.0,Vehicle - Pedalcyclist,8985,0,N,POINT (1274608.015925989 243525.6699334234),15971.0,2.6929028394455945e-05,Overcast,2015-10-19,07:16:00,7.0,0,1,1.0,Clear or Partly Cloudy
163729,204464,204604,3733980,Matched,Block,,STONE WAY N BETWEEN N NORTHLAKE WAY AND N 34TH ST,,,2,Injury Collision,Cycles,2,0,1,1,1,0,0,2015-10-07T00:00:00.000Z,10/7/2015 4:39:00 PM,Mid-Block (but intersection related),18,"MOTOR VEHICLE STRUCK PEDALCYCLIST, FRONT END AT ANGLE",Y,N,Clear or Partly Cloudy,Wet,Daylight,,,,45.0,Vehicle - Pedalcyclist,28913,0,N,POINT (1268381.065711617 240147.3082659692),16670.0,3.822856063701236e-06,Clear or Partly Cloudy,2015-10-07,16:39:00,16.0,2,1,1.0,Clear or Partly Cloudy
163736,206395,206595,E478240,Matched,Block,,DEXTER AVE N BETWEEN LEE ST AND GALER ST,,,2,Injury Collision,Cycles,1,0,1,1,1,0,0,2015-09-16T00:00:00.000Z,9/16/2015 6:19:00 AM,Mid-Block (not related to intersection),18,"MOTOR VEHICLE STRUCK PEDALCYCLIST, FRONT END AT ANGLE",Y,N,Clear or Partly Cloudy,Dry,Dawn,,,,45.0,Vehicle - Pedalcyclist,12941,0,N,POINT (1268386.228399619 234128.5003238022),6299.0,3.257173808247047e-05,Clear or Partly Cloudy,2015-09-16,06:19:00,6.0,2,1,0.0,Clear or Partly Cloudy
163800,207117,207317,3788879,Matched,Block,,8TH AVE BETWEEN SENECA ST AND CONVENTION CTR DR,,,2,Injury Collision,Cycles,3,0,1,1,1,0,0,2015-11-07T00:00:00.000Z,11/7/2015 7:30:00 PM,Mid-Block (not related to intersection),18,"MOTOR VEHICLE STRUCK PEDALCYCLIST, FRONT END AT ANGLE",Y,N,Raining,Wet,Dark - Street Lights On,,,,45.0,Vehicle - Pedalcyclist,35523,0,N,POINT (1271081.253490388 226256.1600277424),12506.0,2.0624452457299787e-05,Raining,2015-11-07,19:30:00,19.0,5,0,1.0,Raining
163844,205036,205176,3282473,Matched,Intersection,28287.0,EASTLAKE AVE E AND E HAMLIN ST,,,2,Injury Collision,Cycles,2,0,1,1,1,0,0,2015-10-15T00:00:00.000Z,10/15/2015 10:36:00 AM,At Intersection (intersection related),51,PEDALCYCLIST STRUCK MOTOR VEHICLE FRONT END AT ANGLE,Y,N,Clear or Partly Cloudy,Dry,Daylight,,,,45.0,Vehicle - Pedalcyclist,0,524212,N,POINT (1272528.017459869 239071.3901208639),6841.0,0.0,Clear or Partly Cloudy,2015-10-15,10:36:00,10.0,3,1,0.0,Clear or Partly Cloudy
163916,206719,206919,3706765,Matched,Intersection,23934.0,23RD AVE NW AND NW 67TH ST,,,2,Injury Collision,Cycles,2,0,1,1,1,0,0,2015-11-08T00:00:00.000Z,11/8/2015 10:57:00 AM,At Intersection (intersection related),18,"MOTOR VEHICLE STRUCK PEDALCYCLIST, FRONT END AT ANGLE",Y,N,Raining,Wet,Daylight,,,,45.0,Vehicle - Pedalcyclist,0,0,N,POINT (1258104.609061092 251060.1873171479),2584.0,0.0,Raining,2015-11-08,10:57:00,10.0,6,0,0.0,Raining
163956,205037,205177,3571450,Matched,Intersection,27162.0,HARVARD AVE E AND E ALLISON ST,,,2,Injury Collision,Cycles,3,0,1,1,1,0,0,2015-10-14T00:00:00.000Z,10/14/2015 9:47:00 AM,At Intersection (intersection related),51,PEDALCYCLIST STRUCK MOTOR VEHICLE FRONT END AT ANGLE,,N,Overcast,Dry,Daylight,Y,,,45.0,Vehicle - Pedalcyclist,6051,0,N,POINT (1273481.408564836 240179.1131300032),762.0,0.0,Overcast,2015-10-14,09:47:00,9.0,2,1,1.0,Clear or Partly Cloudy
163959,204298,204438,3738810,Matched,Block,,N 100TH ST BETWEEN LINDEN AVE N AND AURORA AVE N,,,2,Injury Collision,Cycles,2,0,1,1,1,0,0,2015-10-01T00:00:00.000Z,10/1/2015 6:15:00 PM,Driveway Junction,18,"MOTOR VEHICLE STRUCK PEDALCYCLIST, FRONT END AT ANGLE",,N,Unknown,Unknown,Unknown,,,,45.0,Vehicle - Pedalcyclist,0,0,N,POINT (1267969.373423204 259521.935741812),14887.0,1.0733221227684206e-05,,2015-10-01,18:15:00,18.0,3,1,1.0,
163987,206105,206285,E477668,Matched,Intersection,37442.0,FREMONT AVE N AND N 90TH ST,,,2,Injury Collision,Cycles,1,0,1,1,1,0,0,2015-10-27T00:00:00.000Z,10/27/2015 7:05:00 PM,At Intersection (intersection related),51,PEDALCYCLIST STRUCK MOTOR VEHICLE FRONT END AT ANGLE,Y,N,Overcast,Dry,Dark - Street Lights On,,,,45.0,Vehicle - Pedalcyclist,0,0,N,POINT (1266943.661358148 256903.4305871278),735.0,0.0,Overcast,2015-10-27,19:05:00,19.0,1,1,1.0,Clear or Partly Cloudy
163992,206111,206291,3737377,Matched,Block,,AURORA AVE N BETWEEN N 100TH ST AND N 101ST ST,,,2,Injury Collision,Cycles,2,0,1,1,1,0,0,2015-10-19T00:00:00.000Z,10/19/2015 12:37:00 PM,Driveway Junction,18,"MOTOR VEHICLE STRUCK PEDALCYCLIST, FRONT END AT ANGLE",,N,Clear or Partly Cloudy,Dry,Daylight,,,,45.0,Vehicle - Pedalcyclist,0,0,N,POINT (1268302.892335534 259645.5570539385),19741.0,2.894440245362095e-05,Clear or Partly Cloudy,2015-10-19,12:37:00,12.0,0,1,0.0,Clear or Partly Cloudy
164038,207377,207577,E481791,Matched,Intersection,36359.0,AURORA AVE N AND N 107TH S ST,,,2,Injury Collision,Cycles,2,0,1,1,1,0,0,2015-11-05T00:00:00.000Z,11/5/2015 4:36:00 PM,At Intersection (intersection related),18,"MOTOR VEHICLE STRUCK PEDALCYCLIST, FRONT END AT ANGLE",,N,Overcast,Wet,Dark - Street Lights On,,,,45.0,Vehicle - Pedalcyclist,15166,0,N,POINT (1268321.360687554 261380.0608637035),1193.0,0.0,Overcast,2015-11-05,16:36:00,16.0,3,1,1.0,Clear or Partly Cloudy
164042,207365,207565,E481789,Matched,Intersection,25786.0,7TH AVE NE AND NE 50TH ST,,,2,Injury Collision,Cycles,2,0,1,1,2,0,0,2015-11-04T00:00:00.000Z,11/4/2015 12:06:00 PM,At Intersection (intersection related),18,"MOTOR VEHICLE STRUCK PEDALCYCLIST, FRONT END AT ANGLE",,N,Clear or Partly Cloudy,Dry,Daylight,,,,45.0,Vehicle - Pedalcyclist,0,522071,N,POINT (1273940.00901331 246097.7338080555),1409.0,0.0,Clear or Partly Cloudy,2015-11-04,12:06:00,12.0,2,1,0.0,Clear or Partly Cloudy
164086,205057,205197,3703559,Matched,Intersection,29551.0,6TH AVE AND STEWART ST,,,1,Property Damage Only Collision,Cycles,2,0,1,1,0,0,0,2015-10-17T00:00:00.000Z,10/17/2015 8:30:00 PM,At Intersection (intersection related),51,PEDALCYCLIST STRUCK MOTOR VEHICLE FRONT END AT ANGLE,,N,Overcast,Wet,Dark - Street Lights On,,,,45.0,Vehicle - Pedalcyclist,13630,0,N,POINT (1269555.576624826 227454.0310049653),965.0,0.0,Overcast,2015-10-17,20:30:00,20.0,5,0,0.0,Clear or Partly Cloudy
164097,204484,204624,3789253,Matched,Intersection,29710.0,BLANCHARD ST AND WESTERN AVE,,,1,Property Damage Only Collision,Cycles,2,0,1,1,0,0,0,2015-10-08T00:00:00.000Z,10/8/2015 7:56:00 AM,At Intersection (intersection related),18,"MOTOR VEHICLE STRUCK PEDALCYCLIST, FRONT END AT ANGLE",,N,Overcast,Dry,Daylight,Y,,,45.0,Vehicle - Pedalcyclist,13068,0,N,POINT (1267309.850670516 226884.8610843867),639.0,0.0,Overcast,2015-10-08,07:56:00,7.0,3,1,1.0,Clear or Partly Cloudy
164127,206114,206294,3775690,Matched,Block,,NE 50TH ST BETWEEN 9TH AVE NE AND ROOSEVELT WAY NE,,,2,Injury Collision,Cycles,2,0,1,1,1,0,0,2015-10-26T00:00:00.000Z,10/26/2015 7:30:00 AM,Mid-Block (but intersection related),51,PEDALCYCLIST STRUCK MOTOR VEHICLE FRONT END AT ANGLE,Y,N,Unknown,Unknown,Dawn,,,,45.0,Vehicle - Pedalcyclist,21441,0,N,POINT (1274625.278518006 246078.297200039),15245.0,2.252704357335449e-05,,2015-10-26,07:30:00,7.0,0,1,1.0,
164136,205925,206085,3737079,Matched,Block,,NE CAMPUS EB PY BETWEEN 12TH AVE NE AND BROOKLYN AVE NE,,,2,Injury Collision,Cycles,2,0,1,1,1,0,0,2015-11-02T00:00:00.000Z,11/2/2015 10:18:00 AM,Mid-Block (not related to intersection),18,"MOTOR VEHICLE STRUCK PEDALCYCLIST, FRONT END AT ANGLE",Y,N,Overcast,Wet,Daylight,,,,45.0,Vehicle - Pedalcyclist,0,27138,N,POINT (1275282.531766683 242805.9772606939),19181.0,7.185222480124844e-09,Overcast,2015-11-02,10:18:00,10.0,0,1,0.0,Clear or Partly Cloudy
164160,206931,207131,3737208,Matched,Block,,AURORA AVE N BETWEEN N 94TH ST AND N 95TH ST,,,2,Injury Collision,Cycles,2,0,1,1,1,0,0,2015-11-12T00:00:00.000Z,11/12/2015 10:34:00 PM,Mid-Block (not related to intersection),51,PEDALCYCLIST STRUCK MOTOR VEHICLE FRONT END AT ANGLE,Y,Y,Raining,Wet,Dark - Street Lights On,,,,45.0,Vehicle - Pedalcyclist,0,0,N,POINT (1268284.482479528 258060.4554843158),6146.0,3.108256918114291e-05,Raining,2015-11-12,22:34:00,22.0,3,1,0.0,Raining
164220,204797,204937,3737277,Matched,Block,,ROOSEVELT WAY NE BETWEEN NE 75TH ST AND NE 78TH ST,,,2,Injury Collision,Cycles,2,0,1,1,1,0,0,2015-10-15T00:00:00.000Z,10/15/2015 8:10:00 AM,Mid-Block (not related to intersection),18,"MOTOR VEHICLE STRUCK PEDALCYCLIST, FRONT END AT ANGLE",,N,Clear or Partly Cloudy,Dry,Daylight,Y,,,45.0,Vehicle - Pedalcyclist,16666,0,N,POINT (1274862.30399026 253100.8001192361),19915.0,7.152347514938731e-06,Clear or Partly Cloudy,2015-10-15,08:10:00,8.0,3,1,1.0,Clear or Partly Cloudy
164242,204065,204205,E458503,Matched,Block,,HARVARD AVE E BETWEEN HAMLIN ST ON RP AND E SHELBY ST,,,2,Injury Collision,Cycles,2,0,1,1,1,0,0,2015-09-02T00:00:00.000Z,9/2/2015 2:00:00 PM,Mid-Block (not related to intersection),18,"MOTOR VEHICLE STRUCK PEDALCYCLIST, FRONT END AT ANGLE",,N,Clear or Partly Cloudy,Dry,Daylight,,,,45.0,Vehicle - Pedalcyclist,37474,0,N,POINT (1273462.913588822 239289.3800090849),17937.0,3.133472313199543e-05,Clear or Partly Cloudy,2015-09-02,14:00:00,14.0,2,1,0.0,Clear or Partly Cloudy
164276,205275,205435,3571447,Matched,Block,,BROADWAY BETWEEN E HOWELL ST AND E DENNY WAY,,,2,Injury Collision,Cycles,2,0,1,1,1,0,0,2015-09-30T00:00:00.000Z,9/30/2015 10:53:00 AM,Mid-Block (not related to intersection),51,PEDALCYCLIST STRUCK MOTOR VEHICLE FRONT END AT ANGLE,,N,Overcast,Dry,Daylight,,,,45.0,Vehicle - Pedalcyclist,6843,0,N,POINT (1273574.993460938 229029.2310705781),14763.0,1.6301366547239527e-05,Overcast,2015-09-30,10:53:00,10.0,2,1,0.0,Clear or Partly Cloudy
164290,205930,206090,3737335,Matched,Intersection,27079.0,ROOSEVELT WAY NE AND NE 43RD S ST,,,2,Injury Collision,Cycles,2,0,1,1,1,0,0,2015-10-30T00:00:00.000Z,10/30/2015 6:30:00 PM,At Intersection (intersection related),18,"MOTOR VEHICLE STRUCK PEDALCYCLIST, FRONT END AT ANGLE",,N,Overcast,Dry,Dark - Street Lights On,Y,,,45.0,Vehicle - Pedalcyclist,8995,0,N,POINT (1274628.363574013 244077.2041419894),1396.0,0.0,Overcast,2015-10-30,18:30:00,18.0,4,1,1.0,Clear or Partly Cloudy
164292,205456,205616,3731573,Matched,Block,,CALIFORNIA AVE SW BETWEEN SW ALASKA ST AND ERSKINE WAY SW,,,2,Injury Collision,Cycles,2,0,1,1,1,0,0,2015-10-23T00:00:00.000Z,10/23/2015 7:30:00 PM,Mid-Block (not related to intersection),56,PEDALCYCLIST STRUCK MOTOR VEHICLE LEFT SIDE SIDESWIPE,Y,N,Clear or Partly Cloudy,Dry,Dusk,,,,45.0,Vehicle - Pedalcyclist,2693,0,N,POINT (1256884.192483842 208221.5058652759),19767.0,1.4190188201732505e-05,Clear or Partly Cloudy,2015-10-23,19:30:00,19.0,4,1,1.0,Clear or Partly Cloudy
164318,206780,206980,3587853,Matched,Intersection,34870.0,20TH AVE SW AND SW HENDERSON ST,,,2,Injury Collision,Cycles,2,0,1,1,1,0,0,2015-11-11T00:00:00.000Z,11/11/2015 12:37:00 PM,At Intersection (intersection related),18,"MOTOR VEHICLE STRUCK PEDALCYCLIST, FRONT END AT ANGLE",,N,Clear or Partly Cloudy,Dry,Daylight,Y,,,45.0,Vehicle - Pedalcyclist,29670,0,N,POINT (1263442.498858556 194462.1359311789),2536.0,0.0,Clear or Partly Cloudy,2015-11-11,12:37:00,12.0,2,1,0.0,Clear or Partly Cloudy
164386,204506,204646,3738856,Matched,Intersection,24245.0,STROUD AVE N AND EAST GREEN LAKE DR N,,,2,Injury Collision,Cycles,2,0,1,1,1,0,0,2015-10-12T00:00:00.000Z,10/12/2015 4:41:00 PM,At Intersection (intersection related),18,"MOTOR VEHICLE STRUCK PEDALCYCLIST, FRONT END AT ANGLE",,N,Clear or Partly Cloudy,Dry,Daylight,Y,,,45.0,Vehicle - Pedalcyclist,7361,0,N,POINT (1270260.463409543 253635.7472557724),11177.0,0.0,Clear or Partly Cloudy,2015-10-12,16:41:00,16.0,0,1,1.0,Clear or Partly Cloudy
164415,206219,206399,3736385,Matched,Block,,EASTLAKE AVE E BETWEEN ALOHA ST AND WARD ST,,,2,Injury Collision,Cycles,2,0,1,1,1,0,0,2015-11-04T00:00:00.000Z,11/4/2015 7:24:00 AM,Mid-Block (not related to intersection),18,"MOTOR VEHICLE STRUCK PEDALCYCLIST, FRONT END AT ANGLE",,N,Clear or Partly Cloudy,Dry,Daylight,Y,,,45.0,Vehicle - Pedalcyclist,11602,0,N,POINT (1271572.966642886 232424.0113620609),3501.0,1.3230649406309273e-05,Clear or Partly Cloudy,2015-11-04,07:24:00,7.0,2,1,1.0,Clear or Partly Cloudy
164444,206786,206986,3587831,Matched,Block,,S LANDER ST BETWEEN 3RD AVE S AND 4TH AVE S,,,2,Injury Collision,Cycles,2,0,1,1,1,0,0,2015-11-10T00:00:00.000Z,11/10/2015 12:01:00 PM,Mid-Block (not related to intersection),18,"MOTOR VEHICLE STRUCK PEDALCYCLIST, FRONT END AT ANGLE",Y,N,Clear or Partly Cloudy,Dry,Daylight,Y,,,45.0,Vehicle - Pedalcyclist,5481,0,N,POINT (1271163.414962471 215086.6402723044),20245.0,0.0,Clear or Partly Cloudy,2015-11-10,12:01:00,12.0,1,1,0.0,Clear or Partly Cloudy
164465,204092,204232,3734030,Matched,Intersection,26711.0,11TH AVE NW AND NW 45TH ST,,,2,Injury Collision,Cycles,2,0,1,1,1,0,0,2015-10-02T00:00:00.000Z,10/2/2015 12:12:00 PM,At Intersection (intersection related),18,"MOTOR VEHICLE STRUCK PEDALCYCLIST, FRONT END AT ANGLE",,N,Overcast,Dry,Daylight,,,,45.0,Vehicle - Pedalcyclist,0,26711,N,POINT (1261580.185640648 245068.0060629994),31.0,0.0,Overcast,2015-10-02,12:12:00,12.0,4,1,0.0,Clear or Partly Cloudy
164475,204357,204497,3695514,Matched,Intersection,24506.0,15TH AVE NE AND NE 65TH ST,,,2,Injury Collision,Cycles,2,0,1,1,1,0,0,2015-10-09T00:00:00.000Z,10/9/2015 12:20:00 PM,At Intersection (intersection related),18,"MOTOR VEHICLE STRUCK PEDALCYCLIST, FRONT END AT ANGLE",Y,N,Overcast,Wet,Dawn,,,,45.0,Vehicle - Pedalcyclist,29280,0,N,POINT (1276177.254199609 250004.1983240545),2391.0,0.0,Overcast,2015-10-09,12:20:00,12.0,4,1,0.0,Clear or Partly Cloudy
164477,204355,204495,3613447,Matched,Intersection,29168.0,DENNY WAY AND STEWART ST,,,2,Injury Collision,Cycles,2,0,1,1,1,0,0,2015-10-09T00:00:00.000Z,10/9/2015 5:02:00 AM,At Intersection (intersection related),51,PEDALCYCLIST STRUCK MOTOR VEHICLE FRONT END AT ANGLE,,N,Clear or Partly Cloudy,Dry,Dawn,,,,45.0,Vehicle - Pedalcyclist,23551,0,N,POINT (1271141.683762446 229199.6351027489),14776.0,0.0,Clear or Partly Cloudy,2015-10-09,05:02:00,5.0,4,1,0.0,Clear or Partly Cloudy
164483,204098,204238,3737251,Matched,Intersection,37461.0,DAYTON AVE N AND N 85TH ST,,,2,Injury Collision,Cycles,2,0,1,1,1,0,0,2015-10-04T00:00:00.000Z,10/4/2015 12:51:00 PM,At Intersection (intersection related),18,"MOTOR VEHICLE STRUCK PEDALCYCLIST, FRONT END AT ANGLE",Y,N,Clear or Partly Cloudy,Dry,Daylight,,,,45.0,Vehicle - Pedalcyclist,0,524415,N,POINT (1266265.938477457 255598.1587777883),3466.0,0.0,Clear or Partly Cloudy,2015-10-04,12:51:00,12.0,6,0,0.0,Clear or Partly Cloudy
164486,203848,203988,E467248,Matched,Block,,14TH AVE S BETWEEN S MAIN ST AND S JACKSON ST,,,2,Injury Collision,Cycles,1,0,1,1,1,0,0,2015-09-19T00:00:00.000Z,9/19/2015 2:32:00 PM,Mid-Block (not related to intersection),18,"MOTOR VEHICLE STRUCK PEDALCYCLIST, FRONT END AT ANGLE",,N,Clear or Partly Cloudy,Dry,Daylight,,,,45.0,Vehicle - Pedalcyclist,10972,0,N,POINT (1275099.736950502 222235.0185196251),2375.0,2.9986533300954413e-05,Clear or Partly Cloudy,2015-09-19,14:32:00,14.0,5,0,0.0,Clear or Partly Cloudy
164521,205302,205462,3789154,Matched,Block,,DEXTER AVE N BETWEEN GARFIELD S ST AND GARFIELD N ST,,,2,Injury Collision,Cycles,2,0,1,1,1,0,0,2015-10-13T00:00:00.000Z,10/13/2015 8:24:00 AM,Mid-Block (not related to intersection),18,"MOTOR VEHICLE STRUCK PEDALCYCLIST, FRONT END AT ANGLE",,N,Clear or Partly Cloudy,Wet,Daylight,,,,45.0,Vehicle - Pedalcyclist,12962,0,N,POINT (1268396.538671643 234622.8654443026),3491.0,7.588287508342004e-09,Clear or Partly Cloudy,2015-10-13,08:24:00,8.0,1,1,1.0,Clear or Partly Cloudy
164620,204122,204262,3737252,Matched,Block,,GREENWOOD AVE N BETWEEN N 67TH ST AND PHINNEY AVE N,,,1,Property Damage Only Collision,Cycles,2,0,1,1,0,0,0,2015-10-04T00:00:00.000Z,10/4/2015 4:23:00 PM,Mid-Block (not related to intersection),18,"MOTOR VEHICLE STRUCK PEDALCYCLIST, FRONT END AT ANGLE",Y,N,Clear or Partly Cloudy,Dry,Daylight,,,,45.0,Vehicle - Pedalcyclist,0,0,N,POINT (1265522.725292698 250961.6740370393),10075.0,0.0,Clear or Partly Cloudy,2015-10-04,16:23:00,16.0,6,0,1.0,Clear or Partly Cloudy
164640,204534,204674,3775545,Matched,Block,,UNIVERSITY WAY NE BETWEEN NE 47TH ST AND NE 50TH ST,,,1,Property Damage Only Collision,Cycles,2,0,1,1,0,0,0,2015-09-28T00:00:00.000Z,9/28/2015 5:30:00 PM,Mid-Block (not related to intersection),54,PEDALCYCLIST STRUCK MOTOR VEHICLE REAR END,,N,Unknown,Unknown,Daylight,,,,45.0,Vehicle - Pedalcyclist,0,0,Y,POINT (1275809.299383223 245710.9149916619),999.0,0.0,,2015-09-28,17:30:00,17.0,0,1,1.0,
164668,205753,205913,E475213,Matched,Block,,PIKE ST BETWEEN TERRY AVE AND BOREN AVE,,,2,Injury Collision,Cycles,1,0,1,1,1,0,0,2015-10-26T00:00:00.000Z,10/26/2015 8:59:00 AM,Mid-Block (not related to intersection),18,"MOTOR VEHICLE STRUCK PEDALCYCLIST, FRONT END AT ANGLE",,N,Raining,Wet,Daylight,,,,45.0,Vehicle - Pedalcyclist,24900,0,N,POINT (1271413.154802725 227275.7423647791),17999.0,2.047669775357961e-05,Raining,2015-10-26,08:59:00,8.0,0,1,1.0,Raining
164759,207423,207623,E481785,Matched,Block,,FREMONT AVE N BETWEEN XW N40 AND N 41ST ST,,,2,Injury Collision,Cycles,1,0,1,1,1,0,0,2015-11-13T00:00:00.000Z,11/13/2015 8:45:00 AM,Mid-Block (not related to intersection),18,"MOTOR VEHICLE STRUCK PEDALCYCLIST, FRONT END AT ANGLE",,N,Raining,Wet,Daylight,,,,45.0,Vehicle - Pedalcyclist,8390,0,N,POINT (1266673.555501878 242983.9267008752),11089.0,7.38948133517978e-09,Raining,2015-11-13,08:45:00,8.0,4,1,1.0,Raining
164833,206259,206439,E462618,Matched,Block,,15TH AVE S BETWEEN S MASSACHUSETTS ST AND S STATE ST,,,2,Injury Collision,Cycles,1,0,1,1,1,0,0,2015-07-18T00:00:00.000Z,7/18/2015 1:30:00 PM,Mid-Block (not related to intersection),56,PEDALCYCLIST STRUCK MOTOR VEHICLE LEFT SIDE SIDESWIPE,,N,Clear or Partly Cloudy,Dry,Daylight,,,,45.0,Vehicle - Pedalcyclist,14085,0,N,POINT (1275105.921334505 218042.8981953263),17658.0,7.286660784954949e-09,Clear or Partly Cloudy,2015-07-18,13:30:00,13.0,5,0,0.0,Clear or Partly Cloudy
164861,207260,207460,3732878,Matched,Block,,W GOVERNMENT WAY BETWEEN 32ND N AVE W AND 32ND S AVE W,,,2,Injury Collision,Cycles,2,0,1,1,1,0,0,2015-11-18T00:00:00.000Z,11/18/2015 9:38:00 AM,Mid-Block (not related to intersection),51,PEDALCYCLIST STRUCK MOTOR VEHICLE FRONT END AT ANGLE,,N,Clear or Partly Cloudy,Dry,Daylight,Y,,,45.0,Vehicle - Pedalcyclist,15352,0,N,POINT (1254804.038497716 244803.9403987378),8157.0,1.252075745341906e-05,Clear or Partly Cloudy,2015-11-18,09:38:00,9.0,2,1,1.0,Clear or Partly Cloudy
164880,204878,205018,E472020,Matched,Block,,EASTLAKE AVE E BETWEEN E BLAINE ST AND E HOWE ST,,,2,Injury Collision,Cycles,1,0,1,1,1,0,0,2015-10-15T00:00:00.000Z,10/15/2015 9:14:00 AM,Mid-Block (not related to intersection),14,"MOTOR VEHICLE STRUCK MOTOR VEHICLE, REAR END",,N,Clear or Partly Cloudy,Dry,Daylight,,,Y,45.0,Vehicle - Pedalcyclist,24781,0,N,POINT (1272573.382131919 235329.4137970358),6315.0,1.826381830891898e-05,Clear or Partly Cloudy,2015-10-15,09:14:00,9.0,3,1,1.0,Clear or Partly Cloudy
164903,204877,205017,E472016,Matched,Block,,E PINE ST BETWEEN 11TH AVE AND 12TH AVE,,,2,Injury Collision,Cycles,1,0,1,1,1,0,0,2015-10-14T00:00:00.000Z,10/14/2015 1:25:00 PM,Mid-Block (not related to intersection),11,"MOTOR VEHICLE STRUCK MOTOR VEHICLE, FRONT END AT ANGLE",,N,Clear or Partly Cloudy,Dry,Daylight,,,,45.0,Vehicle - Pedalcyclist,10417,0,N,POINT (1274377.808565766 227957.5790374875),16047.0,6.314708627297818e-11,Clear or Partly Cloudy,2015-10-14,13:25:00,13.0,2,1,0.0,Clear or Partly Cloudy
164932,205142,205282,3737769,Matched,Intersection,30748.0,16TH AVE S AND S JACKSON ST,,,2,Injury Collision,Cycles,2,0,1,1,1,0,0,2015-10-20T00:00:00.000Z,10/20/2015 1:44:00 PM,At Intersection (intersection related),11,"MOTOR VEHICLE STRUCK MOTOR VEHICLE, FRONT END AT ANGLE",,N,Clear or Partly Cloudy,Dry,Daylight,,,,45.0,Vehicle - Pedalcyclist,11016,0,N,POINT (1275727.637047142 222081.6597994715),1804.0,0.0,Clear or Partly Cloudy,2015-10-20,13:44:00,13.0,1,1,0.0,Clear or Partly Cloudy
164950,206831,207031,3672496,Matched,Block,,S JACKSON ST BETWEEN 12TH AVE S AND 14TH AVE S,,,2,Injury Collision,Cycles,2,0,1,1,1,0,0,2015-11-14T00:00:00.000Z,11/14/2015 11:51:00 AM,Driveway Junction,18,"MOTOR VEHICLE STRUCK PEDALCYCLIST, FRONT END AT ANGLE",,N,Raining,Wet,Daylight,Y,,,45.0,Vehicle - Pedalcyclist,0,0,N,POINT (1274714.950966105 222091.9929194748),12155.0,2.01258740024902e-05,Raining,2015-11-14,11:51:00,11.0,5,0,0.0,Raining