OBJECTID,INCKEY,COLDETKEY,REPORTNO,STATUS,ADDRTYPE,INTKEY,LOCATION,EXCEPTRSNC,EXCEPTRSND,SEVERITYCO,SEVERITYDE,COLLISIONT,PERSONCOUN,PEDCOUNT,PEDCYLCOUN,VEHCOUNT,INJURIES,SERIOUSINJ,FATALITIES,INCDATE,INCDTTM,JUNCTIONTY,SDOT_COLCO,SDOT_COLDE,INATTENTIO,UNDERINFL,WEATHER,ROADCOND,LIGHTCOND,PEDROWNOTG,SDOTCOLNUM,SPEEDING,ST_COLCODE,ST_COLDESC,SEGLANEKEY,CROSSWALKK,HITPARKEDC,geometry,near_str_index,min_length,weather_group,date,time,hour,dayofweek,weekday,rushhour,weather_group2
164983,207438,207638,E481798,Matched,Block,,LINDEN AVE N BETWEEN N 135TH ST AND N 137TH S ST,,,1,Property Damage Only Collision,Cycles,1,0,1,1,0,0,0,2015-11-08T00:00:00.000Z,11/8/2015 5:26:00 PM,Mid-Block (not related to intersection),18,"MOTOR VEHICLE STRUCK PEDALCYCLIST, FRONT END AT ANGLE",Y,N,Overcast,Dry,Dark - Street Lights On,,,,45.0,Vehicle - Pedalcyclist,7611,0,N,POINT (1267731.87371096 268969.2433354855),6486.0,1.8742007911155544e-05,Overcast,2015-11-08,17:26:00,17.0,6,0,1.0,Clear or Partly Cloudy
165075,205347,205507,E473348,Matched,Block,,FREMONT AVE N BETWEEN XW N40 AND N 41ST ST,,,2,Injury Collision,Cycles,1,0,1,1,1,0,0,2015-10-16T00:00:00.000Z,10/16/2015 1:06:00 PM,Mid-Block (not related to intersection),51,PEDALCYCLIST STRUCK MOTOR VEHICLE FRONT END AT ANGLE,Y,N,Clear or Partly Cloudy,Dry,Daylight,,,,45.0,Vehicle - Pedalcyclist,8390,0,N,POINT (1266673.555501878 242983.9267008752),11089.0,7.38948133517978e-09,Clear or Partly Cloudy,2015-10-16,13:06:00,13.0,4,1,0.0,Clear or Partly Cloudy
165131,203923,204063,E454488,Matched,Intersection,30174.0,22ND AVE AND E CHERRY ST,,,2,Injury Collision,Cycles,0,0,1,1,1,0,0,2015-08-10T00:00:00.000Z,8/10/2015 4:45:00 PM,At Intersection (intersection related),18,"MOTOR VEHICLE STRUCK PEDALCYCLIST, FRONT END AT ANGLE",,N,Clear or Partly Cloudy,Dry,Daylight,,,,45.0,Vehicle - Pedalcyclist,9559,0,N,POINT (1277726.718265191 225248.9476107061),3864.0,0.0,Clear or Partly Cloudy,2015-08-10,16:45:00,16.0,0,1,1.0,Clear or Partly Cloudy
165155,205153,205293,E467827,Matched,Block,,SW AVALON WAY BETWEEN 30TH AVE SW AND SW GENESEE ST,,,2,Injury Collision,Cycles,1,0,1,1,1,0,0,2015-10-01T00:00:00.000Z,10/1/2015 5:50:00 AM,Mid-Block (not related to intersection),18,"MOTOR VEHICLE STRUCK PEDALCYCLIST, FRONT END AT ANGLE",,N,Clear or Partly Cloudy,Dry,Dark - Street Lights On,,,,45.0,Vehicle - Pedalcyclist,3468,0,N,POINT (1260663.074983716 210305.9865074009),20296.0,2.7690022586267913e-05,Clear or Partly Cloudy,2015-10-01,05:50:00,5.0,3,1,0.0,Clear or Partly Cloudy
165159,204920,205060,E472175,Matched,Block,,E UNION ST BETWEEN 21ST AVE AND 22ND AVE,,,2,Injury Collision,Cycles,2,0,1,1,1,0,0,2015-10-06T00:00:00.000Z,10/6/2015 5:52:00 PM,Mid-Block (not related to intersection),18,"MOTOR VEHICLE STRUCK PEDALCYCLIST, FRONT END AT ANGLE",Y,N,Clear or Partly Cloudy,Dry,Dusk,Y,,,45.0,Vehicle - Pedalcyclist,9353,0,N,POINT (1277619.68812108 227044.5442205518),12034.0,2.24668526266005e-05,Clear or Partly Cloudy,2015-10-06,17:52:00,17.0,1,1,1.0,Clear or Partly Cloudy
165192,206299,206479,3788953,Matched,Block,,1ST AVE BETWEEN UNIVERSITY ST AND UNION ST,,,2,Injury Collision,Cycles,2,0,1,1,1,0,0,2015-11-02T00:00:00.000Z,11/2/2015 4:00:00 PM,Mid-Block (not related to intersection),18,"MOTOR VEHICLE STRUCK PEDALCYCLIST, FRONT END AT ANGLE",,N,Clear or Partly Cloudy,Wet,Daylight,,,,45.0,Vehicle - Pedalcyclist,36717,0,N,POINT (1269107.113776356 225167.7148426324),14103.0,2.6174734732139507e-09,Clear or Partly Cloudy,2015-11-02,16:00:00,16.0,0,1,1.0,Clear or Partly Cloudy
165227,206587,206787,E479019,Matched,Intersection,26231.0,35TH AVE NE AND NE 50TH ST,NEI,"Not Enough Information, or Insufficient Location Information",2,Injury Collision,Cycles,1,0,1,1,1,0,0,2015-11-05T00:00:00.000Z,11/5/2015 6:10:00 AM,At Intersection (but not related to intersection),0,NOT ENOUGH INFORMATION / NOT APPLICABLE,,N,Overcast,Dry,Dark - No Street Lights,,,,45.0,Vehicle - Pedalcyclist,0,26231,N,POINT (1281462.909757018 245923.5570398867),4172.0,0.0,Overcast,2015-11-05,06:10:00,6.0,3,1,0.0,Clear or Partly Cloudy
165245,207288,207488,3703740,Matched,Block,,4TH AVE BETWEEN LENORA ST AND BLANCHARD ST,,,2,Injury Collision,Cycles,2,0,1,1,1,0,0,2015-11-21T00:00:00.000Z,11/21/2015 4:10:00 PM,Mid-Block (not related to intersection),18,"MOTOR VEHICLE STRUCK PEDALCYCLIST, FRONT END AT ANGLE",,N,Clear or Partly Cloudy,Dry,Daylight,Y,,,45.0,Vehicle - Pedalcyclist,12814,0,N,POINT (1268334.815471575 227694.1134372205),2956.0,1.6949357724880093e-05,Clear or Partly Cloudy,2015-11-21,16:10:00,16.0,5,0,1.0,Clear or Partly Cloudy
165295,204657,204797,E469692,Matched,Block,,BOREN AVE BETWEEN MADISON ST AND SPRING ST,,,2,Injury Collision,Cycles,1,0,1,1,1,0,0,2015-10-08T00:00:00.000Z,10/8/2015 8:15:00 AM,Mid-Block (not related to intersection),14,"MOTOR VEHICLE STRUCK MOTOR VEHICLE, REAR END",,N,Clear or Partly Cloudy,Wet,Daylight,,,,45.0,Vehicle - Pedalcyclist,25193,0,N,POINT (1272376.152947709 225965.8342674375),3391.0,7.614450965764195e-06,Clear or Partly Cloudy,2015-10-08,08:15:00,8.0,3,1,1.0,Clear or Partly Cloudy
165332,205837,205997,E476027,Matched,Block,,RAINIER AVE S BETWEEN S BAYVIEW ST AND S MCCLELLAN ST,,,2,Injury Collision,Cycles,1,0,1,1,1,0,0,2015-10-28T00:00:00.000Z,10/28/2015 3:45:00 PM,Mid-Block (not related to intersection),18,"MOTOR VEHICLE STRUCK PEDALCYCLIST, FRONT END AT ANGLE",,N,Overcast,Wet,Daylight,,,,45.0,Vehicle - Pedalcyclist,20038,0,N,POINT (1278654.949498147 214892.784080103),18006.0,3.117599138004668e-06,Overcast,2015-10-28,15:45:00,15.0,2,1,1.0,Clear or Partly Cloudy
165333,205618,205778,3385864,Matched,Intersection,34011.0,SYLVAN WAY SW AND SW MORGAN W ST,,,1,Property Damage Only Collision,Cycles,2,0,1,1,0,0,0,2015-10-27T00:00:00.000Z,10/27/2015 8:00:00 AM,At Intersection (intersection related),18,"MOTOR VEHICLE STRUCK PEDALCYCLIST, FRONT END AT ANGLE",,N,Clear or Partly Cloudy,Dry,Daylight,Y,,,45.0,Vehicle - Pedalcyclist,0,34011,N,POINT (1260293.220903337 202474.6860833913),2787.0,0.0,Clear or Partly Cloudy,2015-10-27,08:00:00,8.0,1,1,1.0,Clear or Partly Cloudy
165354,206304,206484,E479083,Matched,Block,,S FIDALGO ST BETWEEN 1ST AVE S AND 2ND AVE S,,,1,Property Damage Only Collision,Cycles,1,0,1,1,0,0,0,2015-11-06T00:00:00.000Z,11/6/2015 6:58:00 AM,Mid-Block (not related to intersection),18,"MOTOR VEHICLE STRUCK PEDALCYCLIST, FRONT END AT ANGLE",,N,Raining,Wet,Dawn,,,,45.0,Vehicle - Pedalcyclist,0,33041,N,POINT (1270018.409649298 204409.175557375),15271.0,7.659486174211801e-09,Raining,2015-11-06,06:58:00,6.0,4,1,0.0,Raining
165388,203958,204098,E455238,Matched,Block,,16TH AVE NE BETWEEN LAKE CITY WAY NE AND NE 82ND ST,,,2,Injury Collision,Cycles,0,0,1,1,1,0,0,2015-07-14T00:00:00.000Z,7/14/2015 1:45:00 PM,Mid-Block (not related to intersection),11,"MOTOR VEHICLE STRUCK MOTOR VEHICLE, FRONT END AT ANGLE",,N,Clear or Partly Cloudy,Dry,Daylight,,,,45.0,Vehicle - Pedalcyclist,0,0,N,POINT (1276466.292855904 254594.0885687619),21701.0,1.2120398802371805e-05,Clear or Partly Cloudy,2015-07-14,13:45:00,13.0,1,1,0.0,Clear or Partly Cloudy
165447,205626,205786,3732841,Matched,Intersection,29120.0,EASTLAKE AVE E AND LAKEVIEW BLVD E,,,2,Injury Collision,Cycles,2,0,1,1,1,0,0,2015-10-25T00:00:00.000Z,10/25/2015 3:56:00 PM,At Intersection (intersection related),51,PEDALCYCLIST STRUCK MOTOR VEHICLE FRONT END AT ANGLE,,N,Raining,Wet,Daylight,,,,45.0,Vehicle - Pedalcyclist,44559,0,N,POINT (1271572.429362893 231609.6564812213),13739.0,0.0,Raining,2015-10-25,15:56:00,15.0,6,0,1.0,Raining
165449,205631,205791,3739044,Matched,Intersection,24229.0,GREEN LAKE DR N AND N 80TH ST,,,2,Injury Collision,Cycles,2,0,1,1,1,0,0,2015-10-27T00:00:00.000Z,10/27/2015 4:04:00 PM,At Intersection (intersection related),51,PEDALCYCLIST STRUCK MOTOR VEHICLE FRONT END AT ANGLE,,N,Unknown,,,,,,45.0,Vehicle - Pedalcyclist,0,0,N,POINT (1269230.605360493 254205.4545203596),747.0,0.0,,2015-10-27,16:04:00,16.0,1,1,1.0,
165582,205637,205797,3587915,Matched,Block,,16TH AVE SW BETWEEN SW BARTON ST AND SW CAMBRIDGE ST,,,2b,Serious Injury Collision,Cycles,3,0,2,1,2,2,0,2015-10-26T00:00:00.000Z,10/26/2015 5:18:00 PM,Mid-Block (not related to intersection),56,PEDALCYCLIST STRUCK MOTOR VEHICLE LEFT SIDE SIDESWIPE,,N,Raining,Wet,Daylight,,,,45.0,Vehicle - Pedalcyclist,1832,0,Y,POINT (1264412.686379552 193440.557882145),5139.0,5.627700263313572e-06,Raining,2015-10-26,17:18:00,17.0,0,1,1.0,Raining
165596,205390,205550,3706816,Matched,Intersection,25117.0,20TH AVE NW AND NW 62ND ST,,,2,Injury Collision,Cycles,2,0,1,1,2,0,0,2015-10-22T00:00:00.000Z,10/22/2015 8:04:00 PM,At Intersection (intersection related),18,"MOTOR VEHICLE STRUCK PEDALCYCLIST, FRONT END AT ANGLE",,N,Clear or Partly Cloudy,Dry,Dark - Street Lights On,,,,45.0,Vehicle - Pedalcyclist,11447,0,N,POINT (1258872.60880588 249630.9416196793),7486.0,0.0,Clear or Partly Cloudy,2015-10-22,20:04:00,20.0,3,1,0.0,Clear or Partly Cloudy
165604,205643,205803,2616664,Matched,Intersection,29812.0,BROADWAY AND JEFFERSON ST,,,2,Injury Collision,Cycles,1,0,1,0,1,0,0,2015-10-14T00:00:00.000Z,10/14/2015 8:00:00 AM,At Intersection (intersection related),11,"MOTOR VEHICLE STRUCK MOTOR VEHICLE, FRONT END AT ANGLE",,N,Clear or Partly Cloudy,Dry,Daylight,,,,45.0,Vehicle - Pedalcyclist,10441,0,N,POINT (1273514.358580872 224673.7478661239),3409.0,0.0,Clear or Partly Cloudy,2015-10-14,08:00:00,8.0,2,1,1.0,Clear or Partly Cloudy
165617,206624,206824,E480656,Matched,Intersection,29859.0,BELMONT AVE AND E PINE ST,,,2,Injury Collision,Cycles,1,0,1,1,1,0,0,2015-10-19T00:00:00.000Z,10/19/2015 1:59:00 PM,At Intersection (intersection related),18,"MOTOR VEHICLE STRUCK PEDALCYCLIST, FRONT END AT ANGLE",,N,Clear or Partly Cloudy,Dry,Daylight,,,,45.0,Vehicle - Pedalcyclist,10368,0,N,POINT (1272659.811123997 227978.3315495104),6178.0,0.0,Clear or Partly Cloudy,2015-10-19,13:59:00,13.0,0,1,0.0,Clear or Partly Cloudy
165671,207334,207534,3737030,Matched,Block,,NE NORTHGATE WAY BETWEEN ROOSEVELT WAY NE AND 11TH AVE NE,,,2,Injury Collision,Cycles,2,0,1,1,1,0,0,2015-11-21T00:00:00.000Z,11/21/2015 2:18:00 PM,Driveway Junction,18,"MOTOR VEHICLE STRUCK PEDALCYCLIST, FRONT END AT ANGLE",,N,Clear or Partly Cloudy,Dry,Daylight,,,,45.0,Vehicle - Pedalcyclist,0,0,N,POINT (1275188.563638598 261979.3405443281),1532.0,1.4441467942172256e-05,Clear or Partly Cloudy,2015-11-21,14:18:00,14.0,5,0,0.0,Clear or Partly Cloudy
165703,204726,204866,E470484,Matched,Intersection,30488.0,2ND AVE AND YESLER WAY,,,2,Injury Collision,Cycles,1,0,1,1,1,0,0,2015-10-09T00:00:00.000Z,10/9/2015 4:04:00 PM,At Intersection (intersection related),18,"MOTOR VEHICLE STRUCK PEDALCYCLIST, FRONT END AT ANGLE",,N,Clear or Partly Cloudy,Dry,Daylight,,,,45.0,Vehicle - Pedalcyclist,42268,0,N,POINT (1270711.71845001 223088.620440498),134.0,0.0,Clear or Partly Cloudy,2015-10-09,16:04:00,16.0,4,1,1.0,Clear or Partly Cloudy
165710,208649,208849,3737082,Matched,Intersection,25520.0,GREEN LAKE WAY N AND N 52ND ST,,,2,Injury Collision,Cycles,2,0,1,1,1,0,0,2015-11-03T00:00:00.000Z,11/3/2015 5:22:00 PM,At Intersection (intersection related),18,"MOTOR VEHICLE STRUCK PEDALCYCLIST, FRONT END AT ANGLE",,N,Clear or Partly Cloudy,Dry,Dark - Street Lights On,,,,45.0,Vehicle - Pedalcyclist,40752,0,N,POINT (1269174.002736434 246719.2675046921),10323.0,0.0,Clear or Partly Cloudy,2015-11-03,17:22:00,17.0,1,1,1.0,Clear or Partly Cloudy
165724,210239,210477,E498153,Matched,Intersection,34521.0,M L KING JR WR WAY S AND S MORGAN ST,,,1,Property Damage Only Collision,Cycles,1,0,1,1,0,0,0,2015-12-23T00:00:00.000Z,12/23/2015 3:32:00 PM,At Intersection (intersection related),51,PEDALCYCLIST STRUCK MOTOR VEHICLE FRONT END AT ANGLE,,N,Raining,Wet,Daylight,,,,45.0,Vehicle - Pedalcyclist,0,525171,N,POINT (1281963.785277531 201913.2245788127),6500.0,0.0,Raining,2015-12-23,15:32:00,15.0,2,1,1.0,Raining
165831,208659,208859,3738187,Matched,Block,,E PINE ST BETWEEN BELMONT AVE AND BOYLSTON AVE,,,2,Injury Collision,Cycles,2,0,1,1,1,0,0,2015-12-01T00:00:00.000Z,12/1/2015 11:40:00 AM,Mid-Block (not related to intersection),18,"MOTOR VEHICLE STRUCK PEDALCYCLIST, FRONT END AT ANGLE",,N,Clear or Partly Cloudy,Wet,Dawn,,,,45.0,Vehicle - Pedalcyclist,10368,0,N,POINT (1272790.179892138 227976.9255975038),12705.0,8.034556990665497e-11,Clear or Partly Cloudy,2015-12-01,11:40:00,11.0,1,1,0.0,Clear or Partly Cloudy
165907,211306,211546,3737676,Matched,Block,,NE 50TH ST BETWEEN THACKERAY PL NE AND LATONA W AVE NE,,,2,Injury Collision,Cycles,2,0,1,1,1,0,0,2016-01-13T00:00:00.000Z,1/13/2016 5:37:00 PM,Mid-Block (but intersection related),21,"MOTOR VEHICLE STRUCK PEDALCYCLIST, REAR END",,N,Raining,Wet,Dark - Street Lights On,,,Y,45.0,Vehicle - Pedalcyclist,5213,0,N,POINT (1272668.015156016 246133.8249440938),7251.0,7.234394566109499e-09,Raining,2016-01-13,17:37:00,17.0,2,1,1.0,Raining
165930,210662,210902,3685372,Matched,Block,,PEND OREILLE RD NE BETWEEN BURKE GILMAN TRL AND 25TH AVE NE,,,2,Injury Collision,Cycles,3,0,1,1,1,0,0,2015-11-12T00:00:00.000Z,11/12/2015 9:55:00 AM,Mid-Block (not related to intersection),14,"MOTOR VEHICLE STRUCK MOTOR VEHICLE, REAR END",,N,Overcast,Dry,Daylight,,,,45.0,Vehicle - Pedalcyclist,0,0,N,POINT (1278660.251834139 244341.0189262629),9546.0,1.9963212470470585e-05,Overcast,2015-11-12,09:55:00,9.0,3,1,1.0,Clear or Partly Cloudy
165969,209183,209403,3738199,Matched,Intersection,30146.0,20TH AVE AND E UNION ST,,,2,Injury Collision,Cycles,2,0,1,1,1,0,0,2015-12-11T00:00:00.000Z,12/11/2015 8:10:00 PM,At Intersection (intersection related),18,"MOTOR VEHICLE STRUCK PEDALCYCLIST, FRONT END AT ANGLE",,N,Clear or Partly Cloudy,Dry,Dark - Street Lights On,Y,,,45.0,Vehicle - Pedalcyclist,9349,0,N,POINT (1277138.407224581 227047.3442845494),12713.0,0.0,Clear or Partly Cloudy,2015-12-11,20:10:00,20.0,4,1,0.0,Clear or Partly Cloudy
166042,207559,207759,3737994,Matched,Block,,BROADWAY BETWEEN XW E OLIVE ST AND E HOWELL ST,,,2b,Serious Injury Collision,Cycles,2,0,1,1,1,1,0,2015-11-24T00:00:00.000Z,11/24/2015 10:20:00 AM,Mid-Block (not related to intersection),66,PEDALCYCLIST STRUCK OBJECT IN ROAD,,N,Overcast,Dry,Daylight,,,,45.0,Vehicle - Pedalcyclist,41420,0,Y,POINT (1273571.364660934 228603.1351981461),11910.0,1.6769900998205147e-05,Overcast,2015-11-24,10:20:00,10.0,1,1,0.0,Clear or Partly Cloudy
166050,211083,211323,E503430,Matched,Intersection,36585.0,CORLISS AVE N AND N NORTHGATE WAY,NEI,"Not Enough Information, or Insufficient Location Information",2,Injury Collision,Cycles,2,0,1,1,1,0,0,2016-01-08T00:00:00.000Z,1/8/2016 1:51:00 PM,At Intersection (intersection related),0,NOT ENOUGH INFORMATION / NOT APPLICABLE,,N,Clear or Partly Cloudy,Dry,Daylight,,,,45.0,Vehicle - Pedalcyclist,0,525659,N,POINT (1271636.107314959 262081.3979524225),14407.0,0.0,Clear or Partly Cloudy,2016-01-08,13:51:00,13.0,4,1,0.0,Clear or Partly Cloudy
166095,209192,209412,3789157,Matched,Intersection,29563.0,3RD AVE AND VIRGINIA ST,,,2,Injury Collision,Cycles,2,0,1,1,1,0,0,2015-12-11T00:00:00.000Z,12/11/2015 2:35:00 PM,At Intersection (intersection related),51,PEDALCYCLIST STRUCK MOTOR VEHICLE FRONT END AT ANGLE,Y,N,Clear or Partly Cloudy,Dry,Daylight,,,,45.0,Vehicle - Pedalcyclist,14264,0,N,POINT (1268590.538287833 227026.2439965308),262.0,0.0,Clear or Partly Cloudy,2015-12-11,14:35:00,14.0,4,1,0.0,Clear or Partly Cloudy
166119,209194,209414,3789256,Matched,Block,,DEXTER AVE N BETWEEN WARD ST AND PROSPECT ST,,,2,Injury Collision,Cycles,2,0,1,1,1,0,0,2015-12-11T00:00:00.000Z,12/11/2015 5:37:00 PM,Mid-Block (not related to intersection),18,"MOTOR VEHICLE STRUCK PEDALCYCLIST, FRONT END AT ANGLE",,N,Overcast,Dry,Dark - Street Lights Off,,,,45.0,Vehicle - Pedalcyclist,12788,0,N,,,,Overcast,2015-12-11,17:37:00,17.0,4,1,1.0,Clear or Partly Cloudy
166160,210280,210520,E500374,Matched,Intersection,28634.0,2ND AVE W AND W MERCER ST,,,2b,Serious Injury Collision,Cycles,1,0,1,1,1,1,0,2015-12-18T00:00:00.000Z,12/18/2015 6:24:00 PM,At Intersection (intersection related),18,"MOTOR VEHICLE STRUCK PEDALCYCLIST, FRONT END AT ANGLE",,N,Raining,Wet,Dark - Street Lights On,,,,45.0,Vehicle - Pedalcyclist,21749,0,N,POINT (1264133.973803267 231562.9638731778),8183.0,0.0,Raining,2015-12-18,18:24:00,18.0,4,1,1.0,Raining
166266,209204,209424,3789287,Matched,Block,,MINOR AVE BETWEEN OLIVE WAY AND HOWELL ST,,,1,Property Damage Only Collision,Cycles,3,0,1,2,0,0,0,2015-12-10T00:00:00.000Z,12/10/2015 5:21:00 PM,Driveway Junction,18,"MOTOR VEHICLE STRUCK PEDALCYCLIST, FRONT END AT ANGLE",,N,Raining,Wet,Dark - Street Lights On,Y,,,45.0,Vehicle - Pedalcyclist,44997,0,N,POINT (1271290.441394597 228431.0838699639),21596.0,1.7215087543682387e-05,Raining,2015-12-10,17:21:00,17.0,3,1,1.0,Raining
166306,209936,210156,E495627,Matched,Intersection,24578.0,EAST GREEN LAKE DR N AND NE MAPLE LEAF PL,,,2,Injury Collision,Cycles,1,0,1,1,1,0,0,2015-12-18T00:00:00.000Z,12/18/2015 5:40:00 PM,At Intersection (intersection related),18,"MOTOR VEHICLE STRUCK PEDALCYCLIST, FRONT END AT ANGLE",,N,Raining,Wet,Dark - Street Lights On,,,,45.0,Vehicle - Pedalcyclist,7286,0,N,POINT (1272714.38494806 251868.6532379687),6838.0,0.0,Raining,2015-12-18,17:40:00,17.0,4,1,1.0,Raining
166324,210702,210942,E502011,Matched,Intersection,36586.0,1ST AVE NE AND NE NORTHGATE WAY,,,2,Injury Collision,Cycles,3,0,1,1,1,0,0,2015-12-30T00:00:00.000Z,12/30/2015 3:07:00 PM,At Intersection (intersection related),18,"MOTOR VEHICLE STRUCK PEDALCYCLIST, FRONT END AT ANGLE",,N,Clear or Partly Cloudy,Dry,Daylight,,,,45.0,Vehicle - Pedalcyclist,0,521147,N,POINT (1272295.527987629 262062.2952324003),2277.0,0.0,Clear or Partly Cloudy,2015-12-30,15:07:00,15.0,2,1,1.0,Clear or Partly Cloudy
166336,207580,207780,3789060,Matched,Block,,MARION ST BETWEEN 2ND AVE AND 3RD AVE,,,2,Injury Collision,Cycles,2,0,1,1,1,0,0,2015-11-16T00:00:00.000Z,11/16/2015 6:56:00 PM,Driveway Junction,18,"MOTOR VEHICLE STRUCK PEDALCYCLIST, FRONT END AT ANGLE",,N,Raining,Wet,Dark - Street Lights On,,,,45.0,Vehicle - Pedalcyclist,24992,0,N,POINT (1270254.233137533 224177.1076736152),11966.0,9.839336913852787e-06,Raining,2015-11-16,18:56:00,18.0,0,1,1.0,Raining
166341,207583,207783,3789062,Matched,Intersection,30357.0,1ST AVE AND YESLER WAY,,,2,Injury Collision,Cycles,2,0,1,1,1,0,0,2015-11-18T00:00:00.000Z,11/18/2015 12:46:00 PM,At Intersection (intersection related),51,PEDALCYCLIST STRUCK MOTOR VEHICLE FRONT END AT ANGLE,,N,Overcast,Dry,Daylight,,,,45.0,Vehicle - Pedalcyclist,0,521019,N,POINT (1270170.302001446 223100.4990965128),1054.0,0.0,Overcast,2015-11-18,12:46:00,12.0,2,1,0.0,Clear or Partly Cloudy
166392,209208,209428,3789291,Matched,Intersection,28744.0,WESTLAKE AVE N AND VALLEY ST,,,2,Injury Collision,Cycles,2,0,1,1,1,0,0,2015-12-12T00:00:00.000Z,12/12/2015 5:10:00 PM,At Intersection (intersection related),18,"MOTOR VEHICLE STRUCK PEDALCYCLIST, FRONT END AT ANGLE",Y,N,Raining,Wet,Dark - Street Lights On,Y,,,45.0,Vehicle - Pedalcyclist,0,0,N,POINT (1269242.945584506 231901.4393935204),3828.0,0.0,Raining,2015-12-12,17:10:00,17.0,5,0,1.0,Raining
166393,207797,207997,3725988,Matched,Intersection,32699.0,38TH AVE S AND S DAKOTA ST,,,2,Injury Collision,Cycles,2,0,1,1,2,0,0,2015-11-24T00:00:00.000Z,11/24/2015 10:30:00 PM,At Intersection (intersection related),18,"MOTOR VEHICLE STRUCK PEDALCYCLIST, FRONT END AT ANGLE",,N,Clear or Partly Cloudy,Dry,Dark - Street Lights On,,,,45.0,Vehicle - Pedalcyclist,13759,0,N,POINT (1282056.947261617 209904.4514669925),4448.0,0.0,Clear or Partly Cloudy,2015-11-24,22:30:00,22.0,1,1,0.0,Clear or Partly Cloudy
166531,209023,209243,3736739,Matched,Intersection,27244.0,LATONA AVE NE AND NE PACIFIC ST,,,2,Injury Collision,Cycles,5,0,1,1,1,0,0,2015-12-10T00:00:00.000Z,12/10/2015 4:38:00 PM,At Intersection (intersection related),51,PEDALCYCLIST STRUCK MOTOR VEHICLE FRONT END AT ANGLE,Y,N,Raining,Wet,Dark - Street Lights On,,,,45.0,Vehicle - Pedalcyclist,0,576113,N,POINT (1272637.023795977 242449.5139003247),7415.0,0.0,Raining,2015-12-10,16:38:00,16.0,3,1,1.0,Raining
166589,210511,210751,E501614,Matched,Intersection,31259.0,AIRPORT WAY S AND S WALKER N ST,,,2,Injury Collision,Cycles,1,0,1,1,1,0,0,2016-01-04T00:00:00.000Z,1/4/2016 5:05:00 PM,At Intersection (intersection related),51,PEDALCYCLIST STRUCK MOTOR VEHICLE FRONT END AT ANGLE,Y,N,Clear or Partly Cloudy,Dry,Dark - Street Lights On,,,,45.0,Vehicle - Pedalcyclist,0,31259,N,POINT (1273198.433076546 216566.8819378167),6099.0,0.0,Clear or Partly Cloudy,2016-01-04,17:05:00,17.0,0,1,1.0,Clear or Partly Cloudy
166643,208123,208323,E486312,Matched,Block,,N 45TH ST BETWEEN DENSMORE W AVE N AND DENSMORE E AVE N,NEI,"Not Enough Information, or Insufficient Location Information",2,Injury Collision,Cycles,0,0,1,1,1,0,0,2015-11-19T00:00:00.000Z,11/19/2015 4:03:00 PM,,0,NOT ENOUGH INFORMATION / NOT APPLICABLE,,N,Clear or Partly Cloudy,Dry,Dusk,,,,45.0,Vehicle - Pedalcyclist,6473,0,N,POINT (1269769.129521042 244876.1071828008),12733.0,7.4492002567818375e-09,Clear or Partly Cloudy,2015-11-19,16:03:00,16.0,3,1,1.0,Clear or Partly Cloudy
166671,209233,209453,3733670,Matched,Block,,GREENWOOD AVE N BETWEEN N 134TH ST AND N 136TH ST,,,2b,Serious Injury Collision,Cycles,3,0,1,1,1,1,0,2015-12-02T00:00:00.000Z,12/2/2015 4:38:00 PM,Driveway Junction,51,PEDALCYCLIST STRUCK MOTOR VEHICLE FRONT END AT ANGLE,,N,Clear or Partly Cloudy,Dry,Dusk,,,,45.0,Vehicle - Pedalcyclist,0,0,N,POINT (1265803.499436975 269008.0502475202),12590.0,0.0,Clear or Partly Cloudy,2015-12-02,16:38:00,16.0,2,1,1.0,Clear or Partly Cloudy
166737,207612,207812,E483750,Matched,Intersection,28237.0,10TH AVE E AND E LYNN ST,,,2,Injury Collision,Cycles,0,0,1,1,1,0,0,2015-11-06T00:00:00.000Z,11/6/2015 6:40:00 AM,At Intersection (intersection related),18,"MOTOR VEHICLE STRUCK PEDALCYCLIST, FRONT END AT ANGLE",,N,Raining,Wet,Dawn,,,,45.0,Vehicle - Pedalcyclist,6101,0,N,POINT (1273918.633013293 236827.4961025715),22.0,0.0,Raining,2015-11-06,06:40:00,6.0,4,1,0.0,Raining
166795,209036,209256,3789281,Matched,Intersection,26687.0,W BERTONA ST AND W EMERSON ST,,,2,Injury Collision,Cycles,2,1,1,0,2,0,0,2015-12-09T00:00:00.000Z,12/9/2015 9:36:00 AM,At Intersection (intersection related),24,MOTOR VEHCILE STRUCK PEDESTRIAN,Y,N,Overcast,Wet,Daylight,Y,,,45.0,Vehicle - Pedalcyclist,0,525457,N,POINT (1263279.685418397 241032.7292588651),8115.0,0.0,Overcast,2015-12-09,09:36:00,9.0,2,1,1.0,Clear or Partly Cloudy
166867,209585,209805,3775962,Matched,Intersection,287164.0,30TH AVE NE AND BURKE GILMAN TRL,,,1,Property Damage Only Collision,Cycles,2,0,1,1,0,0,0,2015-12-07T00:00:00.000Z,12/7/2015 6:00:00 PM,At Intersection (intersection related),18,"MOTOR VEHICLE STRUCK PEDALCYCLIST, FRONT END AT ANGLE",Y,N,Unknown,Wet,Dark - Street Lights On,,,,45.0,Vehicle - Pedalcyclist,0,525568,N,POINT (1280116.486459643 245793.1419357508),4875.0,0.0,,2015-12-07,18:00:00,18.0,0,1,1.0,