OBJECTID,INCKEY,COLDETKEY,REPORTNO,STATUS,ADDRTYPE,INTKEY,LOCATION,EXCEPTRSNC,EXCEPTRSND,SEVERITYCO,SEVERITYDE,COLLISIONT,PERSONCOUN,PEDCOUNT,PEDCYLCOUN,VEHCOUNT,INJURIES,SERIOUSINJ,FATALITIES,INCDATE,INCDTTM,JUNCTIONTY,SDOT_COLCO,SDOT_COLDE,INATTENTIO,UNDERINFL,WEATHER,ROADCOND,LIGHTCOND,PEDROWNOTG,SDOTCOLNUM,SPEEDING,ST_COLCODE,ST_COLDESC,SEGLANEKEY,CROSSWALKK,HITPARKEDC,geometry,near_str_index,min_length,weather_group,date,time,hour,dayofweek,weekday,rushhour,weather_group2
169132,215124,215384,E520460,Matched,Intersection,29809.0,12TH AVE AND E JEFFERSON ST,,,1,Property Damage Only Collision,Cycles,2,0,1,1,0,0,0,2016-02-26T00:00:00.000Z,2/26/2016 10:55:00 PM,At Intersection (intersection related),18,"MOTOR VEHICLE STRUCK PEDALCYCLIST, FRONT END AT ANGLE",,N,Raining,Wet,Dark - Street Lights On,,,,45.0,Vehicle - Pedalcyclist,0,521029,N,POINT (1274493.248053879 224651.3819140941),2320.0,0.0,Raining,2016-02-26,22:55:00,22.0,4,1,0.0,Raining
169168,211379,211619,3641094,Matched,Intersection,30425.0,8TH AVE S AND S JACKSON ST,,,2,Injury Collision,Cycles,2,1,1,0,1,0,0,2016-01-12T00:00:00.000Z,1/12/2016 6:55:00 AM,At Intersection (intersection related),64,PEDALCYCLIST STRUCK PEDESTRIAN,,N,Raining,Wet,Dark - Street Lights On,,,,45.0,Vehicle - Pedalcyclist,0,525067,N,POINT (1273046.698036402 222119.3194475025),11472.0,0.0,Raining,2016-01-12,06:55:00,6.0,1,1,0.0,Raining
169283,212111,212351,3786877,Matched,Intersection,25408.0,8TH AVE NW AND NW 58TH ST,,,1,Property Damage Only Collision,Cycles,2,0,1,1,0,0,0,2016-01-25T00:00:00.000Z,1/25/2016 8:04:00 AM,At Intersection (intersection related),18,"MOTOR VEHICLE STRUCK PEDALCYCLIST, FRONT END AT ANGLE",,N,Clear or Partly Cloudy,Dry,Daylight,Y,,,45.0,Vehicle - Pedalcyclist,2438,0,N,POINT (1262780.853545889 248481.0054904968),1583.0,0.0,Clear or Partly Cloudy,2016-01-25,08:04:00,8.0,0,1,1.0,Clear or Partly Cloudy
169290,212114,212354,E508907,Matched,Intersection,36054.0,30TH AVE NE AND NE 130TH ST,,,2,Injury Collision,Cycles,2,0,1,1,1,0,0,2016-01-22T00:00:00.000Z,1/22/2016 1:04:00 PM,At Intersection (intersection related),18,"MOTOR VEHICLE STRUCK PEDALCYCLIST, FRONT END AT ANGLE",,N,Clear or Partly Cloudy,Dry,Daylight,,,,45.0,Vehicle - Pedalcyclist,0,521376,N,POINT (1280339.335227862 267114.3351735771),282.0,0.0,Clear or Partly Cloudy,2016-01-22,13:04:00,13.0,4,1,0.0,Clear or Partly Cloudy
169322,211384,211624,3737628,Matched,Intersection,24205.0,8TH AVE NW AND NW 67TH ST,,,2,Injury Collision,Cycles,2,0,1,1,1,0,0,2016-01-13T00:00:00.000Z,1/13/2016 7:34:00 AM,At Intersection (intersection related),18,"MOTOR VEHICLE STRUCK PEDALCYCLIST, FRONT END AT ANGLE",,N,Raining,Wet,Dark - Street Lights On,Y,,,45.0,Vehicle - Pedalcyclist,2504,0,N,POINT (1262868.684585974 250989.5379730612),6060.0,0.0,Raining,2016-01-13,07:34:00,7.0,2,1,1.0,Raining
169346,212680,212960,2022885,Matched,Intersection,25539.0,STONE AVE N AND N 48TH ST,,,2,Injury Collision,Cycles,2,0,1,1,1,0,0,2015-12-29T00:00:00.000Z,12/29/2015 5:19:00 PM,At Intersection (intersection related),18,"MOTOR VEHICLE STRUCK PEDALCYCLIST, FRONT END AT ANGLE",,N,Clear or Partly Cloudy,Dry,Dark - Street Lights On,Y,,,45.0,Vehicle - Pedalcyclist,0,0,N,POINT (1268658.852911904 245697.2755676508),4034.0,0.0,Clear or Partly Cloudy,2015-12-29,17:19:00,17.0,1,1,1.0,Clear or Partly Cloudy
169407,214610,214870,3786824,Matched,Intersection,26034.0,RAVENNA PL NE AND NE 55TH ST,,,1,Property Damage Only Collision,Cycles,2,0,1,1,0,0,0,2016-02-29T00:00:00.000Z,2/29/2016 4:53:00 PM,At Intersection (intersection related),18,"MOTOR VEHICLE STRUCK PEDALCYCLIST, FRONT END AT ANGLE",Y,N,Clear or Partly Cloudy,Dry,Daylight,,,,45.0,Vehicle - Pedalcyclist,32879,0,N,POINT (1278343.996217817 247175.8829291612),13276.0,0.0,Clear or Partly Cloudy,2016-02-29,16:53:00,16.0,0,1,1.0,Clear or Partly Cloudy
169416,215161,215421,3777793,Matched,Intersection,30410.0,12TH AVE AND E YESLER WAY,,,1,Property Damage Only Collision,Cycles,2,0,1,1,0,0,0,2016-03-04T00:00:00.000Z,3/4/2016 7:18:00 PM,At Intersection (intersection related),51,PEDALCYCLIST STRUCK MOTOR VEHICLE FRONT END AT ANGLE,,N,Raining,Wet,Dark - Street Lights On,,,,45.0,Vehicle - Pedalcyclist,10532,0,N,POINT (1274461.188917845 223006.7211764157),8412.0,0.0,Raining,2016-03-04,19:18:00,19.0,4,1,1.0,Raining
169429,211626,211866,3738401,Matched,Block,,E MADISON ST BETWEEN 29TH E AVE E AND LAKE WASHINGTON BLVD E,,,2,Injury Collision,Cycles,2,0,1,1,1,0,0,2016-01-15T00:00:00.000Z,1/15/2016 5:32:00 PM,Mid-Block (not related to intersection),51,PEDALCYCLIST STRUCK MOTOR VEHICLE FRONT END AT ANGLE,,N,Clear or Partly Cloudy,Wet,Dark - Street Lights On,,,,45.0,Vehicle - Pedalcyclist,34631,0,N,POINT (1280297.665083826 231438.7772490531),14873.0,2.0743495050343788e-05,Clear or Partly Cloudy,2016-01-15,17:32:00,17.0,4,1,1.0,Clear or Partly Cloudy
169456,211398,211638,3791276,Matched,Intersection,29563.0,3RD AVE AND VIRGINIA ST,,,2,Injury Collision,Cycles,2,0,1,1,1,0,0,2016-01-13T00:00:00.000Z,1/13/2016 1:48:00 PM,At Intersection (intersection related),18,"MOTOR VEHICLE STRUCK PEDALCYCLIST, FRONT END AT ANGLE",,N,Overcast,Wet,Daylight,,,,45.0,Vehicle - Pedalcyclist,35725,0,N,POINT (1268590.538287833 227026.2439965308),262.0,0.0,Overcast,2016-01-13,13:48:00,13.0,2,1,0.0,Clear or Partly Cloudy
169482,213287,213547,3786784,Matched,Intersection,24214.0,8TH AVE NW AND NW 65TH ST,,,2,Injury Collision,Cycles,2,0,1,1,1,0,0,2016-02-09T00:00:00.000Z,2/9/2016 7:21:00 AM,At Intersection (intersection related),18,"MOTOR VEHICLE STRUCK PEDALCYCLIST, FRONT END AT ANGLE",,N,Clear or Partly Cloudy,Dry,Daylight,,,,45.0,Vehicle - Pedalcyclist,2484,0,N,POINT (1262854.94301796 250338.5430283993),6060.0,0.0,Clear or Partly Cloudy,2016-02-09,07:21:00,7.0,1,1,1.0,Clear or Partly Cloudy
169545,211402,211642,3791301,Matched,Intersection,29576.0,5TH AVE AND PIKE ST,,,2,Injury Collision,Cycles,2,0,1,1,1,0,0,2016-01-13T00:00:00.000Z,1/13/2016 2:39:00 PM,At Intersection (intersection related),51,PEDALCYCLIST STRUCK MOTOR VEHICLE FRONT END AT ANGLE,,N,Overcast,Wet,Daylight,,,,45.0,Vehicle - Pedalcyclist,0,522108,N,POINT (1269889.867825165 226373.2711958587),5878.0,0.0,Overcast,2016-01-13,14:39:00,14.0,2,1,0.0,Clear or Partly Cloudy
169617,212727,213007,3449022,Matched,Intersection,27293.0,MONTLAKE BLVD NE AND NE 44TH ST,,,2,Injury Collision,Cycles,2,0,1,1,1,0,0,2015-10-22T00:00:00.000Z,10/22/2015 10:30:00 AM,At Intersection (intersection related),11,"MOTOR VEHICLE STRUCK MOTOR VEHICLE, FRONT END AT ANGLE",,N,Clear or Partly Cloudy,Dry,Daylight,,,,45.0,Vehicle - Pedalcyclist,0,523133,N,POINT (1279006.039866492 244319.283630237),6548.0,0.0,Clear or Partly Cloudy,2015-10-22,10:30:00,10.0,3,1,0.0,Clear or Partly Cloudy
169627,213320,213580,E511049,Matched,Block,,12TH AVE E BETWEEN E DENNY WAY AND E JOHN ST,,,2,Injury Collision,Cycles,1,0,1,1,1,0,0,2016-01-28T00:00:00.000Z,1/28/2016 7:06:00 PM,Mid-Block (not related to intersection),51,PEDALCYCLIST STRUCK MOTOR VEHICLE FRONT END AT ANGLE,Y,N,Clear or Partly Cloudy,Dry,Dark - Street Lights On,,,,45.0,Vehicle - Pedalcyclist,10870,0,N,POINT (1274551.511669934 229447.1430070102),10813.0,2.5108651222868764e-06,Clear or Partly Cloudy,2016-01-28,19:06:00,19.0,3,1,1.0,Clear or Partly Cloudy
169636,212421,212701,E507595,Matched,Intersection,32395.0,AIRPORT WAY S AND S INDUSTRIAL EB WAY,NEI,"Not Enough Information, or Insufficient Location Information",2,Injury Collision,Cycles,1,0,1,1,1,0,0,2016-01-20T00:00:00.000Z,1/20/2016 6:45:00 AM,At Intersection (intersection related),0,NOT ENOUGH INFORMATION / NOT APPLICABLE,,N,Clear or Partly Cloudy,Dry,Dark - Street Lights On,,,,45.0,Vehicle - Pedalcyclist,17549,0,N,POINT (1272715.104820058 209477.9500905573),596.0,0.0,Clear or Partly Cloudy,2016-01-20,06:45:00,6.0,2,1,0.0,Clear or Partly Cloudy
169650,213771,214031,E511164,Matched,Intersection,36585.0,CORLISS AVE N AND N NORTHGATE WAY,NEI,"Not Enough Information, or Insufficient Location Information",2,Injury Collision,Cycles,2,0,1,1,1,0,0,2016-01-29T00:00:00.000Z,1/29/2016 10:45:00 AM,At Intersection (intersection related),0,NOT ENOUGH INFORMATION / NOT APPLICABLE,Y,N,Raining,Wet,Daylight,,,,45.0,Vehicle - Pedalcyclist,0,525659,N,POINT (1271636.107314959 262081.3979524225),14407.0,0.0,Raining,2016-01-29,10:45:00,10.0,4,1,0.0,Raining
169769,213586,213846,3644747,Matched,Block,,FAUNTLEROY WAY SW BETWEEN SW FINDLAY ST AND 39TH S AVE SW,,,1,Property Damage Only Collision,Cycles,2,0,1,1,0,0,0,2016-02-16T00:00:00.000Z,2/16/2016 8:00:00 AM,Mid-Block (not related to intersection),51,PEDALCYCLIST STRUCK MOTOR VEHICLE FRONT END AT ANGLE,,N,Overcast,Dry,Daylight,,,,45.0,Vehicle - Pedalcyclist,2052,0,N,POINT (1258088.566885084 204971.7696059495),15438.0,2.610671640713814e-07,Overcast,2016-02-16,08:00:00,8.0,1,1,1.0,Clear or Partly Cloudy
169789,213337,213597,E512530,Matched,Intersection,30136.0,15TH AVE AND E MADISON ST,NEI,"Not Enough Information, or Insufficient Location Information",2,Injury Collision,Cycles,1,0,1,1,2,0,0,2016-01-26T00:00:00.000Z,1/26/2016 5:06:00 PM,At Intersection (intersection related),0,NOT ENOUGH INFORMATION / NOT APPLICABLE,,N,Overcast,Wet,Dark - Street Lights On,,,,45.0,Vehicle - Pedalcyclist,22976,0,N,POINT (1275540.203574955 227657.8561571836),1117.0,0.0,Overcast,2016-01-26,17:06:00,17.0,1,1,1.0,Clear or Partly Cloudy
169794,213589,213849,3703646,Matched,Block,,6TH AVE BETWEEN UNION ST AND PIKE ST,,,2,Injury Collision,Cycles,2,0,1,1,2,0,0,2016-02-12T00:00:00.000Z,2/12/2016 1:54:00 PM,Mid-Block (but intersection related),14,"MOTOR VEHICLE STRUCK MOTOR VEHICLE, REAR END",,N,Clear or Partly Cloudy,Dry,Daylight,,,,45.0,Vehicle - Pedalcyclist,25506,0,N,POINT (1270275.26206556 226354.0820758343),16633.0,1.8375361273531057e-06,Clear or Partly Cloudy,2016-02-12,13:54:00,13.0,4,1,0.0,Clear or Partly Cloudy
169805,214457,214717,E515845,Matched,Intersection,29740.0,12TH AVE AND E PINE ST,NEI,"Not Enough Information, or Insufficient Location Information",2,Injury Collision,Cycles,1,0,1,1,1,0,0,2016-02-14T00:00:00.000Z,2/14/2016 3:50:00 PM,At Intersection (intersection related),0,NOT ENOUGH INFORMATION / NOT APPLICABLE,,N,Overcast,Dry,Daylight,,,,45.0,Vehicle - Pedalcyclist,10817,0,N,POINT (1274538.779701918 227956.2146854848),3935.0,0.0,Overcast,2016-02-14,15:50:00,15.0,6,0,1.0,Clear or Partly Cloudy
169825,214961,215221,E520203,Matched,Block,,14TH AVE BETWEEN E UNION ST AND E MADISON ST,,,1,Property Damage Only Collision,Cycles,1,0,1,1,0,0,0,2016-02-23T00:00:00.000Z,2/23/2016 9:27:00 AM,Mid-Block (not related to intersection),53,PEDALCYCLIST STRUCK MOTOR VEHICLE LEFT SIDE AT ANGLE,,N,Clear or Partly Cloudy,Dry,Daylight,,,,45.0,Vehicle - Pedalcyclist,11887,0,Y,POINT (1275181.753014579 227266.0528927743),18610.0,7.4494492500458675e-09,Clear or Partly Cloudy,2016-02-23,09:27:00,9.0,1,1,1.0,Clear or Partly Cloudy
169922,213595,213855,3704144,Matched,Intersection,30144.0,18TH AVE AND E UNION ST,,,2,Injury Collision,Cycles,2,0,1,1,1,0,0,2016-02-12T00:00:00.000Z,2/12/2016 8:00:00 AM,At Intersection (intersection related),18,"MOTOR VEHICLE STRUCK PEDALCYCLIST, FRONT END AT ANGLE",,N,Raining,Wet,Daylight,,,,45.0,Vehicle - Pedalcyclist,0,520794,N,POINT (1276493.390135929 227056.8316445649),3962.0,0.0,Raining,2016-02-12,08:00:00,8.0,4,1,1.0,Raining
169966,215524,215784,3732850,Matched,Intersection,29587.0,3RD AVE AND PIKE ST,,,2,Injury Collision,Cycles,2,0,1,1,1,0,0,2016-03-09T00:00:00.000Z,3/9/2016 1:08:00 PM,At Intersection (intersection related),18,"MOTOR VEHICLE STRUCK PEDALCYCLIST, FRONT END AT ANGLE",,N,Raining,Wet,Daylight,,,,45.0,Vehicle - Pedalcyclist,35807,0,N,POINT (1269336.03102459 226045.4631955326),10901.0,0.0,Raining,2016-03-09,13:08:00,13.0,2,1,0.0,Raining
170010,211928,212168,E504679,Matched,Intersection,287169.0,40TH AVE NE AND BURKE GILMAN TRL,NEI,"Not Enough Information, or Insufficient Location Information",2,Injury Collision,Cycles,1,0,1,1,1,0,0,2016-01-12T00:00:00.000Z,1/12/2016 8:20:00 AM,At Intersection (intersection related),0,NOT ENOUGH INFORMATION / NOT APPLICABLE,,N,Overcast,Wet,Daylight,,,,45.0,Vehicle - Pedalcyclist,0,521972,N,POINT (1282799.440702379 246786.1656807661),2983.0,0.0,Overcast,2016-01-12,08:20:00,8.0,1,1,1.0,Clear or Partly Cloudy
170032,212983,213263,3737311,Matched,Intersection,36051.0,33RD AVE NE AND NE 130TH ST,NEI,"Not Enough Information, or Insufficient Location Information",2,Injury Collision,Cycles,2,0,1,1,1,0,0,2016-02-01T00:00:00.000Z,2/1/2016 3:37:00 PM,At Intersection (intersection related),0,NOT ENOUGH INFORMATION / NOT APPLICABLE,,N,Clear or Partly Cloudy,Dry,Daylight,Y,,,45.0,Vehicle - Pedalcyclist,0,0,N,POINT (1281413.782844961 267032.6826934963),9113.0,0.0,Clear or Partly Cloudy,2016-02-01,15:37:00,15.0,0,1,1.0,Clear or Partly Cloudy
170081,213816,214076,3732070,Matched,Block,,S CLOVERDALE ST BETWEEN 38TH AVE S AND 39TH AVE S,NEI,"Not Enough Information, or Insufficient Location Information",2,Injury Collision,Cycles,2,0,1,1,1,0,0,2016-02-18T00:00:00.000Z,2/18/2016 8:30:00 AM,Mid-Block (not related to intersection),0,NOT ENOUGH INFORMATION / NOT APPLICABLE,,N,Overcast,Dry,Daylight,,,,45.0,Vehicle - Pedalcyclist,37015,0,N,POINT (1281972.808509544 195288.5666520298),20203.0,2.0837991474412506e-05,Overcast,2016-02-18,08:30:00,8.0,3,1,1.0,Clear or Partly Cloudy
170106,214992,215252,E520804,Matched,Intersection,29783.0,12TH AVE AND E MARION ST,,,2,Injury Collision,Cycles,1,0,1,1,1,0,0,2016-02-29T00:00:00.000Z,2/29/2016 9:27:00 AM,At Intersection (intersection related),18,"MOTOR VEHICLE STRUCK PEDALCYCLIST, FRONT END AT ANGLE",,N,Overcast,Dry,Daylight,,,,45.0,Vehicle - Pedalcyclist,10734,0,N,POINT (1274522.996277913 226180.1760276705),8407.0,0.0,Overcast,2016-02-29,09:27:00,9.0,0,1,1.0,Clear or Partly Cloudy
170120,214743,215003,E518320,Matched,Intersection,36647.0,30TH AVE NE AND LAKE CITY N WAY NE,,,2,Injury Collision,Cycles,2,0,1,1,1,0,0,2016-02-19T00:00:00.000Z,2/19/2016 1:04:00 PM,At Intersection (intersection related),18,"MOTOR VEHICLE STRUCK PEDALCYCLIST, FRONT END AT ANGLE",Y,N,Raining,Wet,Daylight,,,,45.0,Vehicle - Pedalcyclist,0,521370,N,POINT (1280341.552699864 265195.9113636166),6451.0,0.0,Raining,2016-02-19,13:04:00,13.0,4,1,0.0,Raining
170137,216601,216881,3767157,Matched,Intersection,24044.0,1ST AVE NW AND NW 84TH ST,,,1,Property Damage Only Collision,Cycles,2,0,1,1,0,0,0,2016-03-28T00:00:00.000Z,3/28/2016 5:35:00 PM,At Intersection (intersection related),51,PEDALCYCLIST STRUCK MOTOR VEHICLE FRONT END AT ANGLE,,N,Clear or Partly Cloudy,Dry,Daylight,,,,45.0,Vehicle - Pedalcyclist,0,0,N,POINT (1264936.869164094 255350.2988095284),1298.0,0.0,Clear or Partly Cloudy,2016-03-28,17:35:00,17.0,0,1,1.0,Clear or Partly Cloudy
170138,216815,217095,E530750,Matched,Intersection,25113.0,24TH AVE NW AND NW 63RD ST,NEI,"Not Enough Information, or Insufficient Location Information",2,Injury Collision,Cycles,1,0,1,1,1,0,0,2016-04-02T00:00:00.000Z,4/2/2016 5:51:00 PM,At Intersection (but not related to intersection),0,NOT ENOUGH INFORMATION / NOT APPLICABLE,Y,N,Clear or Partly Cloudy,Dry,Daylight,,,,45.0,Vehicle - Pedalcyclist,0,0,N,POINT (1257533.602084517 249925.2863239795),2606.0,0.0,Clear or Partly Cloudy,2016-04-02,17:51:00,17.0,5,0,1.0,Clear or Partly Cloudy
170139,216599,216879,3707389,Matched,Intersection,29165.0,MELROSE AVE AND E DENNY WAY,,,2,Injury Collision,Cycles,2,0,1,1,1,0,0,2016-03-28T00:00:00.000Z,3/28/2016 8:14:00 AM,At Intersection (intersection related),51,PEDALCYCLIST STRUCK MOTOR VEHICLE FRONT END AT ANGLE,,N,Overcast,Wet,Daylight,,,,45.0,Vehicle - Pedalcyclist,23554,0,N,POINT (1271849.269043177 229187.6967987418),3661.0,0.0,Overcast,2016-03-28,08:14:00,8.0,0,1,1.0,Clear or Partly Cloudy
170184,217927,218207,E533452,Matched,Block,,PINE ST BETWEEN 8TH AVE AND 9TH AVE,NEI,"Not Enough Information, or Insufficient Location Information",1,Property Damage Only Collision,Cycles,0,0,1,1,0,0,0,2016-04-08T00:00:00.000Z,4/8/2016 5:47:00 PM,,0,NOT ENOUGH INFORMATION / NOT APPLICABLE,,N,Clear or Partly Cloudy,Dry,Daylight,,,,45.0,Vehicle - Pedalcyclist,21814,0,N,POINT (1270642.167409942 227313.4848288298),15448.0,1.7049027689493624e-05,Clear or Partly Cloudy,2016-04-08,17:47:00,17.0,4,1,1.0,Clear or Partly Cloudy
170204,219232,219532,3767455,Matched,Intersection,24516.0,NE 65TH ST AND NE RAVENNA WB BV,,,2b,Serious Injury Collision,Cycles,2,0,1,1,1,1,0,2016-05-10T00:00:00.000Z,5/10/2016 6:58:00 AM,At Intersection (intersection related),51,PEDALCYCLIST STRUCK MOTOR VEHICLE FRONT END AT ANGLE,,N,Clear or Partly Cloudy,Dry,,,,,45.0,Vehicle - Pedalcyclist,0,524477,N,POINT (1273733.825333104 250081.8218761384),9934.0,0.0,Clear or Partly Cloudy,2016-05-10,06:58:00,6.0,1,1,0.0,Clear or Partly Cloudy
170210,219446,219726,3740059,Matched,Intersection,30501.0,5TH AVE S AND S MAIN ST,,,3,Fatality Collision,Cycles,3,0,1,1,1,1,1,2016-05-14T00:00:00.000Z,5/14/2016 10:41:00 PM,At Intersection (intersection related),51,PEDALCYCLIST STRUCK MOTOR VEHICLE FRONT END AT ANGLE,,N,Overcast,Dry,Dark - Street Lights On,,,Y,45.0,Vehicle - Pedalcyclist,0,0,N,POINT (1271765.404467091 222453.5182318538),5902.0,0.0,Overcast,2016-05-14,22:41:00,22.0,5,0,0.0,Clear or Partly Cloudy
170273,217148,217428,E532321,Matched,Intersection,29261.0,DEWEY PL E AND E HARRISON ST,,,2,Injury Collision,Cycles,1,0,1,1,1,0,0,2016-03-25T00:00:00.000Z,3/25/2016 11:19:00 AM,At Intersection (intersection related),18,"MOTOR VEHICLE STRUCK PEDALCYCLIST, FRONT END AT ANGLE",,N,Clear or Partly Cloudy,Dry,Daylight,,,Y,45.0,Vehicle - Pedalcyclist,0,0,N,POINT (1280285.654331803 230485.9352640659),6295.0,0.0,Clear or Partly Cloudy,2016-03-25,11:19:00,11.0,4,1,0.0,Clear or Partly Cloudy
170296,217389,217669,3736742,Matched,Intersection,25520.0,GREEN LAKE WAY N AND N 52ND ST,,,2b,Serious Injury Collision,Cycles,2,0,1,1,1,1,0,2016-04-07T00:00:00.000Z,4/7/2016 5:59:00 PM,At Intersection (intersection related),51,PEDALCYCLIST STRUCK MOTOR VEHICLE FRONT END AT ANGLE,,N,Clear or Partly Cloudy,Dry,Daylight,,,,45.0,Vehicle - Pedalcyclist,40752,0,N,POINT (1269174.002736434 246719.2675046921),10323.0,0.0,Clear or Partly Cloudy,2016-04-07,17:59:00,17.0,3,1,1.0,Clear or Partly Cloudy
170316,218221,218521,3587724,Matched,Intersection,32855.0,48TH AVE SW AND SW HUDSON ST,,,2,Injury Collision,Cycles,2,0,1,1,1,0,0,2016-04-26T00:00:00.000Z,4/26/2016 5:48:00 PM,At Intersection (intersection related),18,"MOTOR VEHICLE STRUCK PEDALCYCLIST, FRONT END AT ANGLE",,N,Overcast,Dry,Daylight,,,,45.0,Vehicle - Pedalcyclist,0,32855,N,POINT (1255186.197026104 207286.4641363174),2010.0,0.0,Overcast,2016-04-26,17:48:00,17.0,1,1,1.0,Clear or Partly Cloudy
170355,218904,219204,3704402,Matched,Intersection,30581.0,26TH AVE AND E YESLER WAY,,,2,Injury Collision,Cycles,2,0,1,1,1,0,0,2016-04-29T00:00:00.000Z,4/29/2016 6:31:00 PM,At Intersection (intersection related),18,"MOTOR VEHICLE STRUCK PEDALCYCLIST, FRONT END AT ANGLE",,N,Clear or Partly Cloudy,Dry,Daylight,Y,,,45.0,Vehicle - Pedalcyclist,10063,0,N,POINT (1278867.474490359 222910.3394803107),218.0,0.0,Clear or Partly Cloudy,2016-04-29,18:31:00,18.0,4,1,1.0,Clear or Partly Cloudy
170373,215958,216218,3737683,Matched,Intersection,26906.0,WALLINGFORD AVE N AND N 34TH ST,,,2,Injury Collision,Cycles,2,0,1,1,1,0,0,2016-03-08T00:00:00.000Z,3/8/2016 6:16:00 PM,At Intersection (intersection related),21,"MOTOR VEHICLE STRUCK PEDALCYCLIST, REAR END",Y,N,Clear or Partly Cloudy,Dry,Dusk,,,,45.0,Vehicle - Pedalcyclist,9687,0,N,POINT (1269964.464177236 240004.668585822),4002.0,0.0,Clear or Partly Cloudy,2016-03-08,18:16:00,18.0,1,1,1.0,Clear or Partly Cloudy
170385,215749,216009,E522191,Matched,Intersection,29589.0,4TH AVE AND PIKE ST,NEI,"Not Enough Information, or Insufficient Location Information",2,Injury Collision,Cycles,2,0,1,1,1,0,0,2016-03-07T00:00:00.000Z,3/7/2016 4:18:00 PM,At Intersection (but not related to intersection),0,NOT ENOUGH INFORMATION / NOT APPLICABLE,,N,Clear or Partly Cloudy,Dry,Daylight,,,,45.0,Vehicle - Pedalcyclist,43363,0,N,POINT (1269612.963888884 226209.446555689),6586.0,0.0,Clear or Partly Cloudy,2016-03-07,16:18:00,16.0,0,1,1.0,Clear or Partly Cloudy
170425,217167,217447,3791282,Matched,Block,,STEWART ST BETWEEN 8TH AVE AND 9TH AVE,,,2,Injury Collision,Cycles,2,0,1,1,1,0,0,2016-03-29T00:00:00.000Z,3/29/2016 12:16:00 PM,Mid-Block (not related to intersection),18,"MOTOR VEHICLE STRUCK PEDALCYCLIST, FRONT END AT ANGLE",,N,Clear or Partly Cloudy,Dry,Daylight,Y,,,45.0,Vehicle - Pedalcyclist,13649,0,N,POINT (1270097.299889371 228049.8687015772),19038.0,5.014234262537953e-09,Clear or Partly Cloudy,2016-03-29,12:16:00,12.0,1,1,0.0,Clear or Partly Cloudy
170477,219506,219786,3767503,Matched,Intersection,37713.0,LAKE CITY WAY NE AND NE 98TH ST,,,1,Property Damage Only Collision,Cycles,2,0,1,1,0,0,0,2016-05-11T00:00:00.000Z,5/11/2016 8:45:00 AM,At Intersection (intersection related),11,"MOTOR VEHICLE STRUCK MOTOR VEHICLE, FRONT END AT ANGLE",,N,Clear or Partly Cloudy,Dry,Daylight,Y,,,45.0,Vehicle - Pedalcyclist,17984,0,N,POINT (1278468.989241943 258894.3113571554),3608.0,0.0,Clear or Partly Cloudy,2016-05-11,08:45:00,8.0,2,1,1.0,Clear or Partly Cloudy
170487,219244,219544,E540566,Matched,Intersection,38474.0,TERRACE ST AND YESLER WAY,NEI,"Not Enough Information, or Insufficient Location Information",2,Injury Collision,Left Turn,5,0,1,1,1,0,0,2016-05-03T00:00:00.000Z,5/3/2016 6:01:00 PM,At Intersection (intersection related),0,NOT ENOUGH INFORMATION / NOT APPLICABLE,,N,Clear or Partly Cloudy,Dry,Daylight,,,,28.0,From opposite direction - one left turn - one straight,9972,0,N,POINT (1271442.458162755 223075.3440244794),985.0,0.0,Clear or Partly Cloudy,2016-05-03,18:01:00,18.0,1,1,1.0,Clear or Partly Cloudy
170495,215574,215834,3737589,Matched,Block,,NE 70TH ST BETWEEN 34TH E AVE NE AND 35TH AVE NE,,,2,Injury Collision,Cycles,2,1,1,0,1,0,0,2016-03-13T00:00:00.000Z,3/13/2016 11:25:00 AM,Mid-Block (not related to intersection),24,MOTOR VEHCILE STRUCK PEDESTRIAN,,N,Overcast,Wet,Daylight,,,,45.0,Vehicle - Pedalcyclist,0,0,N,POINT (1281378.657020926 251230.0606613159),13195.0,1.716125260344241e-05,Overcast,2016-03-13,11:25:00,11.0,6,0,0.0,Clear or Partly Cloudy