OBJECTID,INCKEY,COLDETKEY,REPORTNO,STATUS,ADDRTYPE,INTKEY,LOCATION,EXCEPTRSNC,EXCEPTRSND,SEVERITYCO,SEVERITYDE,COLLISIONT,PERSONCOUN,PEDCOUNT,PEDCYLCOUN,VEHCOUNT,INJURIES,SERIOUSINJ,FATALITIES,INCDATE,INCDTTM,JUNCTIONTY,SDOT_COLCO,SDOT_COLDE,INATTENTIO,UNDERINFL,WEATHER,ROADCOND,LIGHTCOND,PEDROWNOTG,SDOTCOLNUM,SPEEDING,ST_COLCODE,ST_COLDESC,SEGLANEKEY,CROSSWALKK,HITPARKEDC,geometry,near_str_index,min_length,weather_group,date,time,hour,dayofweek,weekday,rushhour,weather_group2
170556,217172,217452,E532427,Matched,Intersection,30368.0,1ST AVE S AND S KING ST,,,2,Injury Collision,Cycles,1,0,1,1,1,0,0,2016-03-31T00:00:00.000Z,3/31/2016 8:51:00 AM,At Intersection (intersection related),18,"MOTOR VEHICLE STRUCK PEDALCYCLIST, FRONT END AT ANGLE",Y,N,Clear or Partly Cloudy,Dry,Daylight,,,,45.0,Vehicle - Pedalcyclist,41786,0,N,POINT (1270142.79889743 221849.4258152246),1815.0,0.0,Clear or Partly Cloudy,2016-03-31,08:51:00,8.0,3,1,1.0,Clear or Partly Cloudy
170586,218236,218536,3740235,Matched,Intersection,26742.0,15TH AVE W AND NICKERSON 15TH RP,,,2,Injury Collision,Cycles,4,0,1,1,1,0,0,2016-04-25T00:00:00.000Z,4/25/2016 5:51:00 PM,At Intersection (intersection related),18,"MOTOR VEHICLE STRUCK PEDALCYCLIST, FRONT END AT ANGLE",,N,Clear or Partly Cloudy,Dry,Daylight,,,,45.0,Vehicle - Pedalcyclist,19330,0,N,POINT (1260173.798951209 241798.4326836616),11139.0,0.0,Clear or Partly Cloudy,2016-04-25,17:51:00,17.0,0,1,1.0,Clear or Partly Cloudy
170606,219284,219584,E540956,Matched,Block,,DEXTER AVE N BETWEEN PROSPECT ST AND HIGHLAND DR,,,2,Injury Collision,Cycles,0,0,1,2,1,0,0,2016-05-06T00:00:00.000Z,5/6/2016 8:12:00 AM,Mid-Block (not related to intersection),11,"MOTOR VEHICLE STRUCK MOTOR VEHICLE, FRONT END AT ANGLE",,N,Clear or Partly Cloudy,Dry,Daylight,,,,45.0,Vehicle - Pedalcyclist,43016,0,N,POINT (1268362.522095606 233198.6153948456),11638.0,3.3647344968827175e-06,Clear or Partly Cloudy,2016-05-06,08:12:00,8.0,4,1,1.0,Clear or Partly Cloudy
170614,218939,219239,3740181,Matched,Block,,5TH AVE BETWEEN STEWART ST AND VIRGINIA ST,,,2,Injury Collision,Cycles,3,0,1,1,1,0,0,2016-04-26T00:00:00.000Z,4/26/2016 7:50:00 AM,Mid-Block (not related to intersection),51,PEDALCYCLIST STRUCK MOTOR VEHICLE FRONT END AT ANGLE,,N,Clear or Partly Cloudy,Dry,Daylight,,,,45.0,Vehicle - Pedalcyclist,36185,0,N,POINT (1269181.479856446 227359.3147168756),5879.0,1.0524931659861929e-08,Clear or Partly Cloudy,2016-04-26,07:50:00,7.0,1,1,1.0,Clear or Partly Cloudy
170640,219523,219803,3767587,Matched,Intersection,287169.0,40TH AVE NE AND BURKE GILMAN TRL,,,1,Property Damage Only Collision,Cycles,2,0,1,1,0,0,0,2016-05-18T00:00:00.000Z,5/18/2016 12:41:00 PM,At Intersection (intersection related),51,PEDALCYCLIST STRUCK MOTOR VEHICLE FRONT END AT ANGLE,,N,Clear or Partly Cloudy,Dry,Daylight,,,,45.0,Vehicle - Pedalcyclist,0,521972,N,POINT (1282799.440702379 246786.1656807661),2983.0,0.0,Clear or Partly Cloudy,2016-05-18,12:41:00,12.0,2,1,0.0,Clear or Partly Cloudy
170672,216933,217213,E529935,Matched,Intersection,37485.0,5TH AVE NE AND NE 100TH ST,NEI,"Not Enough Information, or Insufficient Location Information",2,Injury Collision,Cycles,2,0,1,1,1,0,0,2016-03-30T00:00:00.000Z,3/30/2016 9:25:00 AM,At Intersection (intersection related),0,NOT ENOUGH INFORMATION / NOT APPLICABLE,,N,Clear or Partly Cloudy,Dry,Daylight,Y,,,45.0,Vehicle - Pedalcyclist,0,521910,N,POINT (1273599.538484961 259372.2707816511),4091.0,0.0,Clear or Partly Cloudy,2016-03-30,09:25:00,9.0,2,1,1.0,Clear or Partly Cloudy
170722,218018,218321,E535867,Matched,Block,,STEWART ST BETWEEN DENNY WAY AND YALE AVE N,,,1,Property Damage Only Collision,Cycles,1,0,1,1,0,0,0,2016-03-30T00:00:00.000Z,3/30/2016 5:55:00 PM,Mid-Block (but intersection related),18,"MOTOR VEHICLE STRUCK PEDALCYCLIST, FRONT END AT ANGLE",,N,Clear or Partly Cloudy,Dry,Daylight,,,,45.0,Vehicle - Pedalcyclist,23731,0,N,POINT (1271180.827314481 229241.1565108001),19928.0,1.9709339186136613e-05,Clear or Partly Cloudy,2016-03-30,17:55:00,17.0,2,1,1.0,Clear or Partly Cloudy
170779,219525,219805,3767755,Matched,Intersection,25545.0,STONE WAY N AND N 49TH ST,,,2,Injury Collision,Cycles,2,0,1,1,1,0,0,2016-05-14T00:00:00.000Z,5/14/2016 11:30:00 AM,At Intersection (intersection related),11,"MOTOR VEHICLE STRUCK MOTOR VEHICLE, FRONT END AT ANGLE",,N,Overcast,Wet,Daylight,Y,,,45.0,Vehicle - Pedalcyclist,40696,0,N,POINT (1269011.817264259 245949.9749599099),1263.0,0.0,Overcast,2016-05-14,11:30:00,11.0,5,0,0.0,Clear or Partly Cloudy
170783,216225,216505,3738325,Matched,Intersection,30074.0,26TH AVE AND E CHERRY ST,,,1,Property Damage Only Collision,Cycles,2,0,1,1,0,0,0,2016-03-04T00:00:00.000Z,3/4/2016 7:38:00 AM,At Intersection (intersection related),18,"MOTOR VEHICLE STRUCK PEDALCYCLIST, FRONT END AT ANGLE",,N,Clear or Partly Cloudy,Dry,Daylight,,,,45.0,Vehicle - Pedalcyclist,9589,0,N,POINT (1278923.765562415 225222.5744906813),219.0,0.0,Clear or Partly Cloudy,2016-03-04,07:38:00,7.0,4,1,1.0,Clear or Partly Cloudy
170794,216464,216744,3737135,Matched,Block,,FREMONT BR BETWEEN 4TH AVE N AND POINT A,,,2,Injury Collision,Cycles,6,0,1,1,1,0,0,2016-03-23T00:00:00.000Z,3/23/2016 6:00:00 PM,Mid-Block (not related to intersection),21,"MOTOR VEHICLE STRUCK PEDALCYCLIST, REAR END",Y,N,Overcast,Wet,Daylight,Y,,,45.0,Vehicle - Pedalcyclist,13891,0,N,POINT (1266655.000557855 239720.5469855219),10319.0,3.148926621466059e-05,Overcast,2016-03-23,18:00:00,18.0,2,1,1.0,Clear or Partly Cloudy
170802,215989,216249,3787000,Matched,Block,,GREEN LAKE WAY N BETWEEN N 54TH ST AND N CLOGSTON WAY,,,2b,Serious Injury Collision,Cycles,3,0,2,1,2,2,0,2016-03-18T00:00:00.000Z,3/18/2016 5:44:00 PM,Mid-Block (not related to intersection),51,PEDALCYCLIST STRUCK MOTOR VEHICLE FRONT END AT ANGLE,,N,Clear or Partly Cloudy,Dry,Daylight,,,,45.0,Vehicle - Pedalcyclist,8719,0,N,POINT (1269189.438128442 247338.8954093307),15821.0,7.655484522847424e-09,Clear or Partly Cloudy,2016-03-18,17:44:00,17.0,4,1,1.0,Clear or Partly Cloudy
170826,217460,217740,3767654,Matched,Intersection,27273.0,N 36TH ST AND N PACIFIC ST,,,2,Injury Collision,Cycles,3,0,1,1,1,0,0,2016-04-07T00:00:00.000Z,4/7/2016 5:26:00 PM,At Intersection (intersection related),18,"MOTOR VEHICLE STRUCK PEDALCYCLIST, FRONT END AT ANGLE",Y,N,Clear or Partly Cloudy,Dry,Daylight,Y,,,45.0,Vehicle - Pedalcyclist,27273,0,N,POINT (1271166.67909047 240877.5955627114),8275.0,0.0,Clear or Partly Cloudy,2016-04-07,17:26:00,17.0,3,1,1.0,Clear or Partly Cloudy
170884,218363,218663,E535082,Matched,Intersection,30479.0,4TH AVE AND JAMES ST,NEI,"Not Enough Information, or Insufficient Location Information",2,Injury Collision,Cycles,0,0,1,1,1,0,0,2016-04-11T00:00:00.000Z,4/11/2016 2:18:00 PM,At Intersection (but not related to intersection),0,NOT ENOUGH INFORMATION / NOT APPLICABLE,,N,Clear or Partly Cloudy,Dry,Daylight,,,,45.0,Vehicle - Pedalcyclist,0,523274,N,POINT (1271138.341426447 223632.6567930579),776.0,0.0,Clear or Partly Cloudy,2016-04-11,14:18:00,14.0,0,1,0.0,Clear or Partly Cloudy
170914,215784,216044,3707609,Matched,Intersection,30409.0,13TH AVE AND E YESLER WAY,,,2,Injury Collision,Cycles,3,0,1,1,1,0,0,2016-03-02T00:00:00.000Z,3/2/2016 8:50:00 AM,At Intersection (intersection related),18,"MOTOR VEHICLE STRUCK PEDALCYCLIST, FRONT END AT ANGLE",,N,Overcast,Dry,Daylight,Y,,,45.0,Vehicle - Pedalcyclist,10008,0,N,POINT (1274918.328118309 222996.7558643967),14566.0,0.0,Overcast,2016-03-02,08:50:00,8.0,2,1,1.0,Clear or Partly Cloudy
170921,215782,216042,3707387,Matched,Intersection,29884.0,PIKE ST AND TERRY AVE,,,2,Injury Collision,Cycles,2,0,1,1,1,0,0,2016-03-09T00:00:00.000Z,3/9/2016 5:03:00 AM,At Intersection (intersection related),18,"MOTOR VEHICLE STRUCK PEDALCYCLIST, FRONT END AT ANGLE",Y,N,Overcast,Dry,Dark - Street Lights On,,,,45.0,Vehicle - Pedalcyclist,24899,0,N,POINT (1271274.833458588 227193.9775007069),9798.0,0.0,Overcast,2016-03-09,05:03:00,5.0,2,1,0.0,Clear or Partly Cloudy
170944,217650,217930,3703747,Matched,Intersection,29542.0,7TH AVE AND WESTLAKE AVE,,,2,Injury Collision,Cycles,2,0,1,1,1,0,0,2016-04-19T00:00:00.000Z,4/19/2016 3:31:00 PM,At Intersection (intersection related),21,"MOTOR VEHICLE STRUCK PEDALCYCLIST, REAR END",,N,Clear or Partly Cloudy,Dry,Daylight,,,,45.0,Vehicle - Pedalcyclist,13937,0,N,POINT (1269364.609328628 228063.7656615973),554.0,0.0,Clear or Partly Cloudy,2016-04-19,15:31:00,15.0,1,1,1.0,Clear or Partly Cloudy
170949,217469,217749,3767666,Matched,Block,,25TH AVE NE BETWEEN NE 57TH ST AND NE 60TH ST,,,2,Injury Collision,Cycles,1,0,1,0,1,0,0,2016-04-13T00:00:00.000Z,4/13/2016 7:56:00 AM,Mid-Block (not related to intersection),18,"MOTOR VEHICLE STRUCK PEDALCYCLIST, FRONT END AT ANGLE",,N,Overcast,Dry,Daylight,,,,45.0,Vehicle - Pedalcyclist,18798,0,N,POINT (1278927.012410417 248231.502898246),8506.0,0.0,Overcast,2016-04-13,07:56:00,7.0,2,1,1.0,Clear or Partly Cloudy
170980,217652,217932,3704360,Matched,Block,,PIKE ST BETWEEN BOREN AVE AND MELROSE AVE,,,2b,Serious Injury Collision,Sideswipe,9,0,1,6,5,2,0,2016-04-19T00:00:00.000Z,4/19/2016 7:58:00 AM,Mid-Block (not related to intersection),16,"MOTOR VEHICLE STRUCK MOTOR VEHICLE, LEFT SIDE SIDESWIPE",,N,Clear or Partly Cloudy,Dry,Daylight,,,Y,11.0,From same direction - both going straight - both moving - sideswipe,10336,0,N,POINT (1271690.664371014 227440.0434209555),6588.0,3.800238744210384e-09,Clear or Partly Cloudy,2016-04-19,07:58:00,7.0,1,1,1.0,Clear or Partly Cloudy
170981,218046,218346,3740156,Matched,Intersection,28741.0,DEXTER AVE N AND ROY ST,,,2,Injury Collision,Cycles,2,0,1,1,1,0,0,2016-04-20T00:00:00.000Z,4/20/2016 5:14:00 PM,At Intersection (intersection related),18,"MOTOR VEHICLE STRUCK PEDALCYCLIST, FRONT END AT ANGLE",,N,Clear or Partly Cloudy,Dry,Daylight,,,,45.0,Vehicle - Pedalcyclist,44421,0,N,POINT (1268326.078767568 231776.213409394),6297.0,0.0,Clear or Partly Cloudy,2016-04-20,17:14:00,17.0,2,1,1.0,Clear or Partly Cloudy
171083,217493,217773,3787064,Matched,Intersection,27073.0,ROOSEVELT WAY NE AND NE 43RD N ST,,,2,Injury Collision,Cycles,1,0,1,0,1,0,0,2016-04-03T00:00:00.000Z,4/3/2016 5:35:00 PM,At Intersection (intersection related),26,MOTOR VEHICLE STRUCK OBJECT IN ROAD,,N,Clear or Partly Cloudy,Dry,Daylight,,,,45.0,Vehicle - Pedalcyclist,9002,0,N,POINT (1274633.649206027 244220.9297101349),17069.0,0.0,Clear or Partly Cloudy,2016-04-03,17:35:00,17.0,6,0,1.0,Clear or Partly Cloudy
171108,216705,216985,E528852,Matched,Block,,GREENWOOD AVE N BETWEEN HOLMAN RD N AND N 107TH ST,NEI,"Not Enough Information, or Insufficient Location Information",1,Property Damage Only Collision,Cycles,1,0,1,1,0,0,0,2016-03-28T00:00:00.000Z,3/28/2016 6:00:00 AM,,0,NOT ENOUGH INFORMATION / NOT APPLICABLE,,N,Clear or Partly Cloudy,Dry,Dawn,,,,45.0,Vehicle - Pedalcyclist,14827,0,N,POINT (1265673.321004853 261229.3646715581),13120.0,3.0373754739729222e-05,Clear or Partly Cloudy,2016-03-28,06:00:00,6.0,0,1,0.0,Clear or Partly Cloudy
171126,218377,218677,E535775,Matched,Intersection,33314.0,BEACON WR AVE S AND S COLUMBIAN WAY,NEI,"Not Enough Information, or Insufficient Location Information",2,Injury Collision,Cycles,0,0,1,1,1,0,0,2016-04-19T00:00:00.000Z,4/19/2016 6:01:00 PM,At Intersection (intersection related),0,NOT ENOUGH INFORMATION / NOT APPLICABLE,,N,Clear or Partly Cloudy,Dry,Daylight,,,,45.0,Vehicle - Pedalcyclist,13048,0,N,POINT (1277158.785336614 207600.804488644),10284.0,0.0,Clear or Partly Cloudy,2016-04-19,18:01:00,18.0,1,1,1.0,Clear or Partly Cloudy
171161,219337,219637,3780519,Matched,Block,,AIRPORT WAY S BETWEEN S HOMER ST AND S DORIS ST,,,2,Injury Collision,Cycles,2,0,1,1,1,0,0,2016-04-20T00:00:00.000Z,4/20/2016 10:30:00 AM,Driveway Junction,18,"MOTOR VEHICLE STRUCK PEDALCYCLIST, FRONT END AT ANGLE",,N,Clear or Partly Cloudy,Dry,Daylight,,,,45.0,Vehicle - Pedalcyclist,5706,0,N,POINT (1273779.052725151 204318.3888052702),14745.0,2.296789844209707e-05,Clear or Partly Cloudy,2016-04-20,10:30:00,10.0,2,1,0.0,Clear or Partly Cloudy
171164,215617,215877,3787086,Matched,Block,,ROOSEVELT WAY NE BETWEEN NE 43RD N ST AND NE 45TH ST,,,2,Injury Collision,Cycles,2,0,1,1,1,0,0,2016-03-11T00:00:00.000Z,3/11/2016 6:45:00 AM,Mid-Block (not related to intersection),18,"MOTOR VEHICLE STRUCK PEDALCYCLIST, FRONT END AT ANGLE",Y,N,Clear or Partly Cloudy,Unknown,Daylight,Y,,,45.0,Vehicle - Pedalcyclist,9002,0,N,POINT (1274643.41477403 244486.5489104092),22683.0,1.6744602144952038e-05,Clear or Partly Cloudy,2016-03-11,06:45:00,6.0,4,1,0.0,Clear or Partly Cloudy
171172,215614,215874,3740380,Matched,Intersection,26470.0,16TH AVE W AND W DRAVUS ST,,,2b,Serious Injury Collision,Cycles,2,0,1,1,1,1,0,2016-03-03T00:00:00.000Z,3/3/2016 1:44:00 PM,At Intersection (intersection related),11,"MOTOR VEHICLE STRUCK MOTOR VEHICLE, FRONT END AT ANGLE",,N,Raining,Wet,Daylight,,,,45.0,Vehicle - Pedalcyclist,0,26470,N,POINT (1259827.161382854 240359.3348261863),103.0,0.0,Raining,2016-03-03,13:44:00,13.0,3,1,0.0,Raining
171231,217260,217540,3703019,Matched,Intersection,29757.0,BROADWAY AND E UNION ST,,,2b,Serious Injury Collision,Cycles,2,0,1,1,1,1,0,2016-04-02T00:00:00.000Z,4/2/2016 5:42:00 AM,At Intersection (intersection related),18,"MOTOR VEHICLE STRUCK PEDALCYCLIST, FRONT END AT ANGLE",,N,Overcast,Dry,Dusk,,,,45.0,Vehicle - Pedalcyclist,41380,0,N,POINT (1273558.806836918 227135.8089246452),6210.0,0.0,Overcast,2016-04-02,05:42:00,5.0,5,0,0.0,Clear or Partly Cloudy
171267,218381,218681,3740487,Matched,Block,,EASTLAKE AVE E BETWEEN E HAMLIN ST AND E SHELBY ST,,,2,Injury Collision,Cycles,3,0,1,1,1,0,0,2016-04-21T00:00:00.000Z,4/21/2016 8:09:00 PM,Mid-Block (not related to intersection),11,"MOTOR VEHICLE STRUCK MOTOR VEHICLE, FRONT END AT ANGLE",,N,Clear or Partly Cloudy,Dry,Daylight,Y,,,45.0,Vehicle - Pedalcyclist,24679,0,N,POINT (1272702.002292037 239389.2466971874),17015.0,1.539284537724247e-05,Clear or Partly Cloudy,2016-04-21,20:09:00,20.0,3,1,0.0,Clear or Partly Cloudy
171282,218067,218367,E533604,Matched,Intersection,26797.0,MIDVALE AVE N AND N 45TH ST,NEI,"Not Enough Information, or Insufficient Location Information",2,Injury Collision,Cycles,1,0,1,1,1,0,0,2016-04-08T00:00:00.000Z,4/8/2016 9:11:00 AM,At Intersection (intersection related),0,NOT ENOUGH INFORMATION / NOT APPLICABLE,Y,N,Clear or Partly Cloudy,Dry,Daylight,,,,45.0,Vehicle - Pedalcyclist,28138,0,N,POINT (1268229.687599465 244905.4970068336),14397.0,0.0,Clear or Partly Cloudy,2016-04-08,09:11:00,9.0,4,1,1.0,Clear or Partly Cloudy
171307,216025,216285,E525968,Matched,Intersection,29839.0,12TH AVE AND E SPRUCE ST,NEI,"Not Enough Information, or Insufficient Location Information",2,Injury Collision,Cycles,1,0,1,1,1,0,0,2016-03-17T00:00:00.000Z,3/17/2016 5:08:00 PM,At Intersection (intersection related),0,NOT ENOUGH INFORMATION / NOT APPLICABLE,,N,Clear or Partly Cloudy,Dry,Daylight,,,,45.0,Vehicle - Pedalcyclist,10576,0,N,POINT (1274474.081845865 223670.7575290948),1167.0,0.0,Clear or Partly Cloudy,2016-03-17,17:08:00,17.0,3,1,1.0,Clear or Partly Cloudy
171336,216296,216576,3791232,Matched,Intersection,29553.0,7TH AVE AND OLIVE WAY,,,1,Property Damage Only Collision,Cycles,2,0,1,1,0,0,0,2016-03-02T00:00:00.000Z,3/2/2016 6:33:00 PM,At Intersection (intersection related),18,"MOTOR VEHICLE STRUCK PEDALCYCLIST, FRONT END AT ANGLE",,N,Raining,Wet,Dark - Street Lights On,,,,45.0,Vehicle - Pedalcyclist,0,522055,N,POINT (1270009.609265283 227435.3847329468),6565.0,0.0,Raining,2016-03-02,18:33:00,18.0,2,1,1.0,Raining
171401,218792,219092,3704539,Matched,Intersection,29758.0,BROADWAY CT AND E UNION ST,,,2,Injury Collision,Cycles,2,0,1,1,1,0,0,2016-05-05T00:00:00.000Z,5/5/2016 7:36:00 AM,At Intersection (intersection related),51,PEDALCYCLIST STRUCK MOTOR VEHICLE FRONT END AT ANGLE,,N,Clear or Partly Cloudy,Dry,Daylight,,,,45.0,Vehicle - Pedalcyclist,0,522254,N,POINT (1273781.940789148 227124.061596632),14387.0,0.0,Clear or Partly Cloudy,2016-05-05,07:36:00,7.0,3,1,1.0,Clear or Partly Cloudy
171459,215831,216091,E523538,Matched,Block,,6TH AVE BETWEEN PIKE ST AND PINE ST,NEI,"Not Enough Information, or Insufficient Location Information",2,Injury Collision,Cycles,2,0,1,2,1,0,0,2016-02-29T00:00:00.000Z,2/29/2016 11:23:00 AM,,0,NOT ENOUGH INFORMATION / NOT APPLICABLE,,N,Clear or Partly Cloudy,Dry,Daylight,,,,45.0,Vehicle - Pedalcyclist,25503,0,N,POINT (1270058.64222534 226720.3504282236),19694.0,1.570964774479554e-05,Clear or Partly Cloudy,2016-02-29,11:23:00,11.0,0,1,0.0,Clear or Partly Cloudy
171540,217540,217820,3704349,Matched,Intersection,30575.0,31ST AVE AND E YESLER WAY,,,2,Injury Collision,Cycles,2,0,1,1,1,0,0,2016-04-17T00:00:00.000Z,4/17/2016 1:20:00 PM,At Intersection (intersection related),18,"MOTOR VEHICLE STRUCK PEDALCYCLIST, FRONT END AT ANGLE",,N,Clear or Partly Cloudy,Dry,Daylight,,,,45.0,Vehicle - Pedalcyclist,10096,0,N,POINT (1280446.052411973 222875.5805682838),2781.0,0.0,Clear or Partly Cloudy,2016-04-17,13:20:00,13.0,6,0,0.0,Clear or Partly Cloudy
171554,217516,217796,3591511,Matched,Intersection,26710.0,9TH AVE NW AND NW 45TH ST,,,2,Injury Collision,Cycles,2,0,1,1,1,0,0,2016-04-14T00:00:00.000Z,4/14/2016 8:07:00 PM,At Intersection (intersection related),18,"MOTOR VEHICLE STRUCK PEDALCYCLIST, FRONT END AT ANGLE",,N,Overcast,Dry,Dusk,Y,,,45.0,Vehicle - Pedalcyclist,0,630875,N,POINT (1262110.833705202 245056.5021909922),1566.0,0.0,Overcast,2016-04-14,20:07:00,20.0,3,1,0.0,Clear or Partly Cloudy
171616,217072,217352,3737371,Matched,Intersection,25277.0,8TH AVE NW AND NW 60TH ST,,,1,Property Damage Only Collision,Cycles,3,0,1,1,0,0,0,2016-04-04T00:00:00.000Z,4/4/2016 2:30:00 PM,At Intersection (intersection related),51,PEDALCYCLIST STRUCK MOTOR VEHICLE FRONT END AT ANGLE,,N,Raining,Wet,Daylight,,,,45.0,Vehicle - Pedalcyclist,0,0,N,POINT (1262792.9997219 249013.1301630437),15809.0,0.0,Raining,2016-04-04,14:30:00,14.0,0,1,0.0,Raining
171622,217548,217828,3704466,Matched,Intersection,29734.0,BOYLSTON AVE AND E PINE ST,,,2,Injury Collision,Cycles,2,0,1,1,1,0,0,2016-04-16T00:00:00.000Z,4/16/2016 12:15:00 AM,At Intersection (intersection related),18,"MOTOR VEHICLE STRUCK PEDALCYCLIST, FRONT END AT ANGLE",Y,N,Clear or Partly Cloudy,Dry,Dark - Street Lights On,Y,,,45.0,Vehicle - Pedalcyclist,10374,0,N,POINT (1272920.548660263 227975.5196454972),6198.0,0.0,Clear or Partly Cloudy,2016-04-16,00:15:00,,5,0,,Clear or Partly Cloudy
171625,217547,217827,3704465,Matched,Block,,BROADWAY BETWEEN HARVARD AVE AND E UNION ST,,,2,Injury Collision,Cycles,4,0,1,1,1,0,0,2016-04-15T00:00:00.000Z,4/15/2016 8:47:00 PM,Mid-Block (not related to intersection),18,"MOTOR VEHICLE STRUCK PEDALCYCLIST, FRONT END AT ANGLE",Y,N,Clear or Partly Cloudy,Dry,Dark - Street Lights On,Y,,,45.0,Vehicle - Pedalcyclist,6877,0,N,POINT (1273553.086004913 226825.0795803219),6210.0,0.0,Clear or Partly Cloudy,2016-04-15,20:47:00,20.0,4,1,0.0,Clear or Partly Cloudy
171664,218806,219106,3735566,Matched,Block,,SEWARD PARK AVE S BETWEEN S HENDERSON ST AND S FISHER PL,,,2,Injury Collision,Cycles,2,0,1,1,1,0,0,2016-05-04T00:00:00.000Z,5/4/2016 6:09:00 PM,Mid-Block (not related to intersection),21,"MOTOR VEHICLE STRUCK PEDALCYCLIST, REAR END",,N,Clear or Partly Cloudy,Dry,Daylight,,,,45.0,Vehicle - Pedalcyclist,37765,0,N,POINT (1286820.295874506 193847.6806345582),3762.0,3.3133691889455005e-06,Clear or Partly Cloudy,2016-05-04,18:09:00,18.0,2,1,1.0,Clear or Partly Cloudy
171667,218094,218394,3579203,Matched,Intersection,24573.0,LATONA AVE NE AND EAST GREEN LAKE DR N,,,2,Injury Collision,Cycles,2,0,1,1,1,0,0,2016-04-22T00:00:00.000Z,4/22/2016 8:35:00 AM,At Intersection (intersection related),18,"MOTOR VEHICLE STRUCK PEDALCYCLIST, FRONT END AT ANGLE",,N,Clear or Partly Cloudy,Dry,Daylight,Y,,,45.0,Vehicle - Pedalcyclist,7307,0,N,POINT (1272386.552627727 252220.6916383356),17956.0,0.0,Clear or Partly Cloudy,2016-04-22,08:35:00,8.0,4,1,1.0,Clear or Partly Cloudy
171763,217079,217359,E530334,Matched,Block,,S ORCAS ST BETWEEN M L KING JR WR WAY S AND M L KING JR ER WAY S,NEI,"Not Enough Information, or Insufficient Location Information",2,Injury Collision,Cycles,3,0,1,1,1,0,0,2016-03-31T00:00:00.000Z,3/31/2016 7:00:00 PM,,0,NOT ENOUGH INFORMATION / NOT APPLICABLE,,N,Clear or Partly Cloudy,Dry,Daylight,,,,45.0,Vehicle - Pedalcyclist,0,524997,N,POINT (1281210.137916759 204469.7475254387),11627.0,6.810482685451022e-06,Clear or Partly Cloudy,2016-03-31,19:00:00,19.0,3,1,1.0,Clear or Partly Cloudy
171766,217078,217358,E530331,Matched,Intersection,37461.0,DAYTON AVE N AND N 85TH ST,NEI,"Not Enough Information, or Insufficient Location Information",2,Injury Collision,Cycles,1,0,1,1,1,0,0,2016-02-26T00:00:00.000Z,2/26/2016 12:07:00 PM,At Intersection (intersection related),0,NOT ENOUGH INFORMATION / NOT APPLICABLE,,N,Clear or Partly Cloudy,Dry,Daylight,,,,45.0,Vehicle - Pedalcyclist,0,0,N,POINT (1266265.938477457 255598.1587777883),3466.0,0.0,Clear or Partly Cloudy,2016-02-26,12:07:00,12.0,4,1,0.0,Clear or Partly Cloudy
171823,217342,217622,3704343,Matched,Block,,BELMONT AVE E BETWEEN BELLEVUE PL E AND BELLEVUE CT E,,,2b,Serious Injury Collision,Cycles,2,0,1,1,1,1,0,2016-04-12T00:00:00.000Z,4/12/2016 10:00:00 PM,Mid-Block (not related to intersection),21,"MOTOR VEHICLE STRUCK PEDALCYCLIST, REAR END",,N,Raining,Wet,Dark - Street Lights On,,,,45.0,Vehicle - Pedalcyclist,36177,0,N,POINT (1272298.413747624 232457.9114580899),11902.0,1.0266232789441442e-08,Raining,2016-04-12,22:00:00,22.0,1,1,0.0,Raining
171862,219406,219689,E536201,Matched,Intersection,36379.0,GREENWOOD AVE N AND N 117TH ST,,,2,Injury Collision,Cycles,0,0,1,1,1,0,0,2016-04-21T00:00:00.000Z,4/21/2016 12:45:00 PM,At Intersection (intersection related),18,"MOTOR VEHICLE STRUCK PEDALCYCLIST, FRONT END AT ANGLE",,N,Clear or Partly Cloudy,Dry,Daylight,,,,45.0,Vehicle - Pedalcyclist,0,0,N,POINT (1265718.412588894 264208.8263066113),1198.0,0.0,Clear or Partly Cloudy,2016-04-21,12:45:00,12.0,3,1,0.0,Clear or Partly Cloudy
171953,218855,219155,3704471,Matched,Block,,12TH AVE BETWEEN E CHERRY ST AND E COLUMBIA ST,,,2,Injury Collision,Cycles,2,0,1,1,1,0,0,2016-05-06T00:00:00.000Z,5/6/2016 3:59:00 PM,Mid-Block (not related to intersection),23,"MOTOR VEHICLE STRUCK PEDALCYCLIST, LEFT SIDE SIDESWIPE",,N,Clear or Partly Cloudy,Dry,Daylight,Y,,,45.0,Vehicle - Pedalcyclist,10685,0,N,POINT (1274510.530229896 225541.1101710051),5015.0,0.0,Clear or Partly Cloudy,2016-05-06,15:59:00,15.0,4,1,1.0,Clear or Partly Cloudy