OBJECTID,INCKEY,COLDETKEY,REPORTNO,STATUS,ADDRTYPE,INTKEY,LOCATION,EXCEPTRSNC,EXCEPTRSND,SEVERITYCO,SEVERITYDE,COLLISIONT,PERSONCOUN,PEDCOUNT,PEDCYLCOUN,VEHCOUNT,INJURIES,SERIOUSINJ,FATALITIES,INCDATE,INCDTTM,JUNCTIONTY,SDOT_COLCO,SDOT_COLDE,INATTENTIO,UNDERINFL,WEATHER,ROADCOND,LIGHTCOND,PEDROWNOTG,SDOTCOLNUM,SPEEDING,ST_COLCODE,ST_COLDESC,SEGLANEKEY,CROSSWALKK,HITPARKEDC,geometry,near_str_index,min_length,weather_group,date,time,hour,dayofweek,weekday,rushhour,weather_group2
171955,215690,215950,3791585,Matched,Intersection,29865.0,BOREN AVE AND OLIVE WAY,,,2,Injury Collision,Cycles,2,0,1,1,1,0,0,2016-03-08T00:00:00.000Z,3/8/2016 7:40:00 AM,At Intersection (intersection related),54,PEDALCYCLIST STRUCK MOTOR VEHICLE REAR END,,N,Clear or Partly Cloudy,Dry,Daylight,,,,45.0,Vehicle - Pedalcyclist,24933,0,N,POINT (1271118.433586419 228090.2473256141),640.0,0.0,Clear or Partly Cloudy,2016-03-08,07:40:00,7.0,1,1,1.0,Clear or Partly Cloudy
171974,218498,218798,3787409,Matched,Intersection,27042.0,BURKE GILMAN TRL AND N NORTHLAKE WAY,,,2b,Serious Injury Collision,Cycles,2,0,1,1,1,1,0,2016-03-30T00:00:00.000Z,3/30/2016 5:33:00 PM,At Intersection (intersection related),18,"MOTOR VEHICLE STRUCK PEDALCYCLIST, FRONT END AT ANGLE",,N,Clear or Partly Cloudy,Dry,Daylight,Y,,,45.0,Vehicle - Pedalcyclist,0,642417,N,POINT (1267304.513582513 240244.3539620638),15602.0,0.0,Clear or Partly Cloudy,2016-03-30,17:33:00,17.0,2,1,1.0,Clear or Partly Cloudy
171987,219171,219471,3767438,Matched,Intersection,37185.0,1ST AVE NW AND NW 85TH ST,,,1,Property Damage Only Collision,Cycles,3,0,1,1,0,0,0,2016-05-03T00:00:00.000Z,5/3/2016 8:50:00 PM,At Intersection (intersection related),11,"MOTOR VEHICLE STRUCK MOTOR VEHICLE, FRONT END AT ANGLE",Y,N,Clear or Partly Cloudy,Dry,Dark - Street Lights On,,,,45.0,Vehicle - Pedalcyclist,0,0,N,POINT (1264941.290540099 255632.8449858278),9078.0,0.0,Clear or Partly Cloudy,2016-05-03,20:50:00,20.0,1,1,0.0,Clear or Partly Cloudy
171995,218857,219157,3704472,Matched,Block,,12TH AVE BETWEEN E PINE ST AND E OLIVE ST,,,2,Injury Collision,Cycles,2,0,1,1,1,0,0,2016-05-07T00:00:00.000Z,5/7/2016 6:27:00 PM,Mid-Block (not related to intersection),18,"MOTOR VEHICLE STRUCK PEDALCYCLIST, FRONT END AT ANGLE",,N,Clear or Partly Cloudy,Dry,Daylight,Y,,,45.0,Vehicle - Pedalcyclist,10828,0,N,POINT (1274540.579381928 228168.7906216979),17640.0,4.098961907367108e-06,Clear or Partly Cloudy,2016-05-07,18:27:00,18.0,5,0,1.0,Clear or Partly Cloudy
172025,215883,216143,E523877,Matched,Intersection,28376.0,24TH AVE E AND E INTERLAKEN BLVD,NEI,"Not Enough Information, or Insufficient Location Information",2,Injury Collision,Cycles,2,0,1,1,1,0,0,2016-02-25T00:00:00.000Z,2/25/2016 5:45:00 PM,At Intersection (intersection related),0,NOT ENOUGH INFORMATION / NOT APPLICABLE,,N,Clear or Partly Cloudy,Dry,Dark - Street Lights On,,,,45.0,Vehicle - Pedalcyclist,0,0,N,POINT (1278440.671289921 234925.9705966264),8983.0,0.0,Clear or Partly Cloudy,2016-02-25,17:45:00,17.0,3,1,1.0,Clear or Partly Cloudy
172197,217922,218202,3704363,Matched,Block,,12TH AVE BETWEEN E COLUMBIA ST AND E MARION ST,,,2,Injury Collision,Cycles,2,0,1,1,1,0,0,2016-04-20T00:00:00.000Z,4/20/2016 8:24:00 AM,Mid-Block (not related to intersection),16,"MOTOR VEHICLE STRUCK MOTOR VEHICLE, LEFT SIDE SIDESWIPE",Y,N,Clear or Partly Cloudy,Dry,Daylight,,,,45.0,Vehicle - Pedalcyclist,10714,0,Y,POINT (1274518.8026779 225966.6191634387),8407.0,5.730560052789369e-06,Clear or Partly Cloudy,2016-04-20,08:24:00,8.0,2,1,1.0,Clear or Partly Cloudy
172305,220881,221161,E537581,Matched,Intersection,30495.0,5TH AVE S AND S WASHINGTON ST,,,2,Injury Collision,Cycles,0,0,1,1,1,0,0,2016-04-14T00:00:00.000Z,4/14/2016 6:46:00 AM,At Intersection (intersection related),11,"MOTOR VEHICLE STRUCK MOTOR VEHICLE, FRONT END AT ANGLE",,N,Clear or Partly Cloudy,Dry,Daylight,,,,45.0,Vehicle - Pedalcyclist,36013,0,N,POINT (1271772.240947098 222759.5736561567),5902.0,0.0,Clear or Partly Cloudy,2016-04-14,06:46:00,6.0,3,1,0.0,Clear or Partly Cloudy
172317,220882,221162,E537582,Matched,Intersection,36499.0,5TH AVE NE AND NE NORTHGATE WAY,,,2,Injury Collision,Cycles,0,0,1,1,1,0,0,2016-04-15T00:00:00.000Z,4/15/2016 12:50:00 PM,At Intersection (intersection related),18,"MOTOR VEHICLE STRUCK PEDALCYCLIST, FRONT END AT ANGLE",,N,Clear or Partly Cloudy,Dry,Daylight,,,,45.0,Vehicle - Pedalcyclist,0,522140,N,POINT (1273614.379572973 262024.0936323702),4279.0,0.0,Clear or Partly Cloudy,2016-04-15,12:50:00,12.0,4,1,0.0,Clear or Partly Cloudy
172324,221537,221817,E551696,Matched,Block,,GILMAN AVE W BETWEEN 26TH AVE W AND 27TH AVE W,NEI,"Not Enough Information, or Insufficient Location Information",2,Injury Collision,Cycles,1,0,1,1,1,0,0,2016-06-09T00:00:00.000Z,6/9/2016 11:05:00 AM,,0,NOT ENOUGH INFORMATION / NOT APPLICABLE,,N,Clear or Partly Cloudy,Dry,Daylight,,,,45.0,Vehicle - Pedalcyclist,15474,0,N,POINT (1256718.098467678 244273.0804301947),23077.0,5.3694881526646306e-06,Clear or Partly Cloudy,2016-06-09,11:05:00,11.0,3,1,0.0,Clear or Partly Cloudy
172344,221946,222226,E553451,Matched,Intersection,25588.0,PHINNEY AVE N AND N 63RD ST,,,2,Injury Collision,Cycles,1,0,1,1,1,0,0,2016-06-08T00:00:00.000Z,6/8/2016 5:17:00 PM,At Intersection (intersection related),18,"MOTOR VEHICLE STRUCK PEDALCYCLIST, FRONT END AT ANGLE",,N,Clear or Partly Cloudy,Dry,Daylight,,,,45.0,Vehicle - Pedalcyclist,3858,0,N,POINT (1265717.072684899 249765.4345478117),888.0,0.0,Clear or Partly Cloudy,2016-06-08,17:17:00,17.0,2,1,1.0,Clear or Partly Cloudy
172415,219876,220156,E543534,Matched,Intersection,24268.0,GREENWOOD AVE N AND N 83RD ST,,,2,Injury Collision,Cycles,0,0,1,1,2,0,0,2016-05-04T00:00:00.000Z,5/4/2016 8:25:00 AM,At Intersection (intersection related),18,"MOTOR VEHICLE STRUCK PEDALCYCLIST, FRONT END AT ANGLE",,N,Overcast,Wet,Daylight,,,,45.0,Vehicle - Pedalcyclist,0,0,N,POINT (1265590.642732769 255073.8628412485),752.0,0.0,Overcast,2016-05-04,08:25:00,8.0,2,1,1.0,Clear or Partly Cloudy
172452,221334,221614,3767398,Matched,Intersection,25183.0,17TH AVE NW AND SHILSHOLE AVE NW,,,2,Injury Collision,Cycles,2,0,1,1,1,0,0,2016-06-07T00:00:00.000Z,6/7/2016 5:10:00 PM,At Intersection (intersection related),18,"MOTOR VEHICLE STRUCK PEDALCYCLIST, FRONT END AT ANGLE",,N,Clear or Partly Cloudy,Dry,Daylight,,,,45.0,Vehicle - Pedalcyclist,0,0,N,POINT (1259585.191718608 245443.7103833854),16108.0,0.0,Clear or Partly Cloudy,2016-06-07,17:10:00,17.0,1,1,1.0,Clear or Partly Cloudy
172461,221328,221608,3789150,Matched,Intersection,30357.0,1ST AVE AND YESLER WAY,,,2,Injury Collision,Cycles,2,0,1,1,1,0,0,2016-05-20T00:00:00.000Z,5/20/2016 11:42:00 AM,At Intersection (intersection related),51,PEDALCYCLIST STRUCK MOTOR VEHICLE FRONT END AT ANGLE,Y,N,Clear or Partly Cloudy,Dry,Daylight,,,,45.0,Vehicle - Pedalcyclist,36174,0,N,POINT (1270170.302001446 223100.4990965128),1054.0,0.0,Clear or Partly Cloudy,2016-05-20,11:42:00,11.0,4,1,0.0,Clear or Partly Cloudy
172493,222385,222665,E556327,Matched,Intersection,28391.0,MONTLAKE BLVD E AND EAST MONTLAKE PL E,,,2,Injury Collision,Cycles,2,0,1,1,1,0,0,2016-06-11T00:00:00.000Z,6/11/2016 6:37:00 PM,At Intersection (intersection related),18,"MOTOR VEHICLE STRUCK PEDALCYCLIST, FRONT END AT ANGLE",,N,Clear or Partly Cloudy,Dry,Daylight,Y,,,45.0,Vehicle - Pedalcyclist,0,523787,N,POINT (1277884.579897344 238361.7099921405),12025.0,0.0,Clear or Partly Cloudy,2016-06-11,18:37:00,18.0,5,0,1.0,Clear or Partly Cloudy
172525,219906,220186,E543843,Matched,Intersection,30379.0,ALASKAN WAY AND MARION ST,,,2,Injury Collision,Cycles,2,0,1,1,1,0,0,2016-05-13T00:00:00.000Z,5/13/2016 3:06:00 PM,At Intersection (intersection related),18,"MOTOR VEHICLE STRUCK PEDALCYCLIST, FRONT END AT ANGLE",Y,N,Clear or Partly Cloudy,Dry,Daylight,,,,45.0,Vehicle - Pedalcyclist,38505,0,N,POINT (1269289.658672556 223605.9344890267),598.0,0.0,Clear or Partly Cloudy,2016-05-13,15:06:00,15.0,4,1,1.0,Clear or Partly Cloudy
172577,220630,220910,3740264,Matched,Intersection,29911.0,7TH AVE AND UNION ST,,,2,Injury Collision,Cycles,2,0,1,1,1,0,0,2016-05-25T00:00:00.000Z,5/25/2016 1:12:00 PM,At Intersection (intersection related),18,"MOTOR VEHICLE STRUCK PEDALCYCLIST, FRONT END AT ANGLE",Y,N,Clear or Partly Cloudy,Dry,Daylight,,,,45.0,Vehicle - Pedalcyclist,0,522050,N,POINT (1270660.664369956 226334.9807638228),4931.0,0.0,Clear or Partly Cloudy,2016-05-25,13:12:00,13.0,2,1,0.0,Clear or Partly Cloudy
172583,220120,220400,3593612,Matched,Block,,E DENNY WAY BETWEEN SUMMIT AVE AND BELMONT AVE E,,,2,Injury Collision,Cycles,2,0,1,1,1,0,0,2016-05-20T00:00:00.000Z,5/20/2016 2:42:00 PM,Mid-Block (not related to intersection),18,"MOTOR VEHICLE STRUCK PEDALCYCLIST, FRONT END AT ANGLE",,N,Clear or Partly Cloudy,Dry,Daylight,,,,45.0,Vehicle - Pedalcyclist,35189,0,N,POINT (1272640.278835982 229168.2552627176),1074.0,7.448381777579447e-09,Clear or Partly Cloudy,2016-05-20,14:42:00,14.0,4,1,0.0,Clear or Partly Cloudy
172586,220118,220398,E542392,Matched,Intersection,30374.0,ALASKAN E RDWY WAY S AND S WASHINGTON ST,NEI,"Not Enough Information, or Insufficient Location Information",2,Injury Collision,Cycles,3,0,1,1,1,0,0,2016-05-04T00:00:00.000Z,5/4/2016 8:30:00 AM,At Intersection (intersection related),18,"MOTOR VEHICLE STRUCK PEDALCYCLIST, FRONT END AT ANGLE",,N,Clear or Partly Cloudy,Dry,Daylight,,,,45.0,Vehicle - Pedalcyclist,0,522619,N,POINT (1269832.008497104 222801.9324402064),1910.0,0.0,Clear or Partly Cloudy,2016-05-04,08:30:00,8.0,2,1,1.0,Clear or Partly Cloudy
172600,222155,222435,3767458,Matched,Block,,LAKE CITY WAY NE BETWEEN NE 120TH ST AND 30TH S AVE NE,,,2,Injury Collision,Cycles,2,0,1,1,1,0,0,2016-06-20T00:00:00.000Z,6/20/2016 11:58:00 AM,Mid-Block (not related to intersection),18,"MOTOR VEHICLE STRUCK PEDALCYCLIST, FRONT END AT ANGLE",,N,Overcast,Dry,Daylight,Y,,,45.0,Vehicle - Pedalcyclist,0,0,N,POINT (1280128.439035654 264690.1599390954),3609.0,3.646036749538422e-05,Overcast,2016-06-20,11:58:00,11.0,0,1,0.0,Clear or Partly Cloudy
172640,222602,222882,3704639,Matched,Intersection,28869.0,3RD AVE N AND ALOHA ST,,,1,Property Damage Only Collision,Cycles,2,0,1,1,0,0,0,2016-06-29T00:00:00.000Z,6/29/2016 9:23:00 PM,At Intersection (intersection related),18,"MOTOR VEHICLE STRUCK PEDALCYCLIST, FRONT END AT ANGLE",,N,Clear or Partly Cloudy,Dry,Daylight,,,,45.0,Vehicle - Pedalcyclist,0,0,N,POINT (1266089.180717275 232466.141346097),2716.0,0.0,Clear or Partly Cloudy,2016-06-29,21:23:00,21.0,2,1,0.0,Clear or Partly Cloudy
172678,219679,219959,E542862,Matched,Block,,NE 50TH ST BETWEEN 7TH AVE NE AND 8TH AVE NE,,,2,Injury Collision,Cycles,1,0,1,1,1,0,0,2016-05-10T00:00:00.000Z,5/10/2016 11:42:00 PM,Mid-Block (not related to intersection),11,"MOTOR VEHICLE STRUCK MOTOR VEHICLE, FRONT END AT ANGLE",,N,Clear or Partly Cloudy,Dry,Dark - Street Lights On,,,,45.0,Vehicle - Pedalcyclist,0,0,N,POINT (1274082.502133459 246093.6582240611),7252.0,1.877971349884407e-05,Clear or Partly Cloudy,2016-05-10,23:42:00,23.0,1,1,0.0,Clear or Partly Cloudy
172697,220635,220915,E549630,Matched,Intersection,28695.0,ELLIOTT AVE W AND W PROSPECT ST,,,2,Injury Collision,Cycles,1,0,1,1,1,0,0,2016-05-31T00:00:00.000Z,5/31/2016 8:12:00 AM,At Intersection (intersection related),18,"MOTOR VEHICLE STRUCK PEDALCYCLIST, FRONT END AT ANGLE",,N,Clear or Partly Cloudy,Dry,Daylight,,,,45.0,Vehicle - Pedalcyclist,19263,0,N,POINT (1261283.026984349 233077.8771547228),709.0,0.0,Clear or Partly Cloudy,2016-05-31,08:12:00,8.0,1,1,1.0,Clear or Partly Cloudy
172699,221161,221441,3735153,Matched,Block,,S HOLGATE ST BETWEEN 5TH AVE S AND 6TH AVE S,,,2,Injury Collision,Cycles,2,0,1,1,1,0,0,2016-06-01T00:00:00.000Z,6/1/2016 8:08:00 AM,Mid-Block (not related to intersection),14,"MOTOR VEHICLE STRUCK MOTOR VEHICLE, REAR END",,N,Clear or Partly Cloudy,Dry,Daylight,,,,45.0,Vehicle - Pedalcyclist,20688,0,N,POINT (1271890.214387208 217394.8717626631),9989.0,2.8622270106462538e-05,Clear or Partly Cloudy,2016-06-01,08:08:00,8.0,2,1,1.0,Clear or Partly Cloudy
172777,222611,222891,3769861,Matched,Block,,ROOSEVELT WAY NE BETWEEN NE 86TH ST AND NE 88TH ST,,,2,Injury Collision,Cycles,2,0,1,1,2,0,0,2016-06-29T00:00:00.000Z,6/29/2016 4:38:00 PM,Driveway Junction,18,"MOTOR VEHICLE STRUCK PEDALCYCLIST, FRONT END AT ANGLE",,N,Clear or Partly Cloudy,Dry,Daylight,,,,45.0,Vehicle - Pedalcyclist,7507,0,N,POINT (1274890.431542292 255848.1359300464),21602.0,1.4515996637062769e-05,Clear or Partly Cloudy,2016-06-29,16:38:00,16.0,2,1,1.0,Clear or Partly Cloudy
172850,221169,221449,3737696,Matched,Block,,6TH AVE NE BETWEEN NE NORTHLAKE WAY AND NE 40TH ST,,,2b,Serious Injury Collision,Cycles,2,0,1,1,1,1,0,2016-06-02T00:00:00.000Z,6/2/2016 7:06:00 PM,Mid-Block (not related to intersection),18,"MOTOR VEHICLE STRUCK PEDALCYCLIST, FRONT END AT ANGLE",Y,N,Clear or Partly Cloudy,Dry,Daylight,,,,45.0,Vehicle - Pedalcyclist,20185,0,N,POINT (1273376.370420739 242474.3537723422),23410.0,2.8158766613250145e-05,Clear or Partly Cloudy,2016-06-02,19:06:00,19.0,3,1,1.0,Clear or Partly Cloudy
172930,223135,223415,3580894,Matched,Block,,ALASKAN WAY BETWEEN MADISON ST AND SPRING ST,,,2,Injury Collision,Cycles,3,0,1,1,1,0,0,2016-07-09T00:00:00.000Z,7/9/2016 1:58:00 PM,Mid-Block (not related to intersection),56,PEDALCYCLIST STRUCK MOTOR VEHICLE LEFT SIDE SIDESWIPE,,N,Clear or Partly Cloudy,Dry,Daylight,,,,45.0,Vehicle - Pedalcyclist,38883,0,N,POINT (1269058.072880313 224002.2717694342),23457.0,0.0,Clear or Partly Cloudy,2016-07-09,13:58:00,13.0,5,0,0.0,Clear or Partly Cloudy
172969,219955,220235,3780492,Matched,Intersection,35090.0,14TH AVE S AND DALLAS AVE S,,,2,Injury Collision,Cycles,2,0,1,1,1,0,0,2016-05-18T00:00:00.000Z,5/18/2016 5:06:00 PM,At Intersection (intersection related),51,PEDALCYCLIST STRUCK MOTOR VEHICLE FRONT END AT ANGLE,,N,Clear or Partly Cloudy,Dry,Daylight,,,,45.0,Vehicle - Pedalcyclist,24202,0,N,POINT (1274399.109685779 195892.3239646554),681.0,0.0,Clear or Partly Cloudy,2016-05-18,17:06:00,17.0,2,1,1.0,Clear or Partly Cloudy
172988,219720,220000,E538610,Matched,Block,,25TH AVE NE BETWEEN NE 120TH ST AND NE 123RD ST,,,2,Injury Collision,Cycles,0,0,1,1,1,0,0,2016-04-29T00:00:00.000Z,4/29/2016 11:25:00 AM,Mid-Block (not related to intersection),18,"MOTOR VEHICLE STRUCK PEDALCYCLIST, FRONT END AT ANGLE",,N,Overcast,Dry,Daylight,,,,45.0,Vehicle - Pedalcyclist,0,0,N,POINT (1278951.630970448 264840.976323247),11725.0,2.321115524947768e-05,Overcast,2016-04-29,11:25:00,11.0,4,1,0.0,Clear or Partly Cloudy
172990,221179,221459,3767394,Matched,Block,,UNIVERSITY WAY NE BETWEEN NE 47TH ST AND NE 50TH ST,,,2,Injury Collision,Cycles,2,0,1,1,1,0,0,2016-06-02T00:00:00.000Z,6/2/2016 9:00:00 AM,Mid-Block (not related to intersection),23,"MOTOR VEHICLE STRUCK PEDALCYCLIST, LEFT SIDE SIDESWIPE",,N,Overcast,Dry,Daylight,,,,45.0,Vehicle - Pedalcyclist,5632,0,N,POINT (1275809.299383223 245710.9149916619),999.0,0.0,Overcast,2016-06-02,09:00:00,9.0,3,1,1.0,Clear or Partly Cloudy
173029,222446,222726,3785079,Matched,Block,,STEWART ST BETWEEN 3RD AVE AND 4TH AVE,,,2,Injury Collision,Cycles,2,0,1,1,1,0,0,2016-06-08T00:00:00.000Z,6/8/2016 2:19:00 PM,Mid-Block (but intersection related),18,"MOTOR VEHICLE STRUCK PEDALCYCLIST, FRONT END AT ANGLE",,N,Clear or Partly Cloudy,Dry,Daylight,,,,45.0,Vehicle - Pedalcyclist,13616,0,N,POINT (1269013.793776274 226858.3207963556),6679.0,1.311544273109e-05,Clear or Partly Cloudy,2016-06-08,14:19:00,14.0,2,1,0.0,Clear or Partly Cloudy
173030,222445,222725,3782674,Matched,Block,,50TH AVE S BETWEEN S OREGON ST AND S SNOQUALMIE ST,,,2,Injury Collision,Cycles,3,1,1,1,2,0,0,2016-06-24T00:00:00.000Z,6/24/2016 12:54:00 PM,Mid-Block (not related to intersection),64,PEDALCYCLIST STRUCK PEDESTRIAN,,N,Clear or Partly Cloudy,Dry,Daylight,Y,,,45.0,Vehicle - Pedalcyclist,8150,0,N,POINT (1285556.035777211 208442.7383134961),3134.0,7.449808201317863e-09,Clear or Partly Cloudy,2016-06-24,12:54:00,12.0,4,1,0.0,Clear or Partly Cloudy
173055,222221,222501,3782782,Matched,Block,,S OTHELLO ST BETWEEN 38TH AVE S AND 39TH AVE S,,,2,Injury Collision,Cycles,2,0,1,1,1,0,0,2016-06-20T00:00:00.000Z,6/20/2016 9:02:00 PM,Mid-Block (not related to intersection),21,"MOTOR VEHICLE STRUCK PEDALCYCLIST, REAR END",,N,Clear or Partly Cloudy,Dry,Dusk,,,Y,45.0,Vehicle - Pedalcyclist,24182,0,N,POINT (1282089.962813661 199273.7552641183),16486.0,0.0,Clear or Partly Cloudy,2016-06-20,21:02:00,21.0,0,1,0.0,Clear or Partly Cloudy
173066,223157,223437,3585038,Matched,Block,,DENNY WAY BETWEEN DEXTER AVE AND 8TH AVE,,,1,Property Damage Only Collision,Cycles,3,0,1,1,0,0,0,2016-07-10T00:00:00.000Z,7/10/2016 6:04:00 PM,Mid-Block (but intersection related),54,PEDALCYCLIST STRUCK MOTOR VEHICLE REAR END,,N,Clear or Partly Cloudy,Dry,Daylight,,,,45.0,Vehicle - Pedalcyclist,23479,0,N,POINT (1268389.231343627 229274.0702388287),6287.0,1.5986075242278146e-05,Clear or Partly Cloudy,2016-07-10,18:04:00,18.0,6,0,1.0,Clear or Partly Cloudy
173112,220158,220438,3737117,Matched,Intersection,26944.0,WHITMAN AVE N AND N 43RD ST,,,2,Injury Collision,Cycles,2,0,1,1,1,0,0,2016-05-23T00:00:00.000Z,5/23/2016 5:43:00 PM,At Intersection (intersection related),18,"MOTOR VEHICLE STRUCK PEDALCYCLIST, FRONT END AT ANGLE",Y,Y,Clear or Partly Cloudy,Dry,Daylight,,,,45.0,Vehicle - Pedalcyclist,0,0,N,POINT (1267759.403566986 244255.7789901793),3833.0,0.0,Clear or Partly Cloudy,2016-05-23,17:43:00,17.0,0,1,1.0,Clear or Partly Cloudy
173148,222016,222296,3739182,Matched,Block,,5TH AVE BETWEEN MADISON ST AND SPRING ST,,,2,Injury Collision,Cycles,2,1,1,0,1,0,0,2016-06-16T00:00:00.000Z,6/16/2016 12:45:00 PM,Mid-Block (not related to intersection),24,MOTOR VEHCILE STRUCK PEDESTRIAN,,N,Clear or Partly Cloudy,Dry,Daylight,,,,45.0,Vehicle - Pedalcyclist,0,0,N,POINT (1270714.019122005 224981.9425544292),481.0,1.7547160775375882e-05,Clear or Partly Cloudy,2016-06-16,12:45:00,12.0,3,1,0.0,Clear or Partly Cloudy
173155,221196,221476,3785027,Matched,Block,,EASTLAKE AVE E BETWEEN E HAMLIN ST AND E SHELBY ST,,,2,Injury Collision,Cycles,2,0,1,1,1,0,0,2016-06-03T00:00:00.000Z,6/3/2016 6:24:00 AM,Mid-Block (not related to intersection),14,"MOTOR VEHICLE STRUCK MOTOR VEHICLE, REAR END",,N,Clear or Partly Cloudy,Dry,Dawn,,,,45.0,Vehicle - Pedalcyclist,24679,0,N,POINT (1272702.002292037 239389.2466971874),17015.0,1.539284537724247e-05,Clear or Partly Cloudy,2016-06-03,06:24:00,6.0,4,1,0.0,Clear or Partly Cloudy
173157,221195,221475,3785011,Matched,Block,,DEXTER AVE N BETWEEN WARD ST AND PROSPECT ST,,,2,Injury Collision,Cycles,2,0,1,1,1,0,0,2016-06-03T00:00:00.000Z,6/3/2016 7:28:00 AM,Mid-Block (not related to intersection),11,"MOTOR VEHICLE STRUCK MOTOR VEHICLE, FRONT END AT ANGLE",Y,N,Clear or Partly Cloudy,Dry,Daylight,,,,45.0,Vehicle - Pedalcyclist,12788,0,N,,,,Clear or Partly Cloudy,2016-06-03,07:28:00,7.0,4,1,1.0,Clear or Partly Cloudy
173158,222009,222289,3737698,Matched,Block,,NE 45TH ST BETWEEN 4TH AVE NE AND 5TH AVE NE,,,2,Injury Collision,Cycles,3,0,1,1,1,0,0,2016-06-17T00:00:00.000Z,6/17/2016 1:04:00 PM,Mid-Block (not related to intersection),14,"MOTOR VEHICLE STRUCK MOTOR VEHICLE, REAR END",,N,Overcast,Dry,Daylight,,,,45.0,Vehicle - Pedalcyclist,6560,0,N,POINT (1273225.731572583 244790.2364627272),1399.0,2.649719893853119e-05,Overcast,2016-06-17,13:04:00,13.0,4,1,0.0,Clear or Partly Cloudy
173184,223163,223443,3704816,Matched,Intersection,29600.0,2ND AVE AND UNION ST,,,2,Injury Collision,Cycles,2,1,1,0,2,0,0,2016-07-11T00:00:00.000Z,7/11/2016 5:16:00 PM,At Intersection (intersection related),64,PEDALCYCLIST STRUCK PEDESTRIAN,,N,Clear or Partly Cloudy,Dry,Daylight,Y,,,45.0,Vehicle - Pedalcyclist,42160,520997,N,POINT (1269275.709488541 225514.8709389865),135.0,0.0,Clear or Partly Cloudy,2016-07-11,17:16:00,17.0,0,1,1.0,Clear or Partly Cloudy
173191,223168,223448,3704817,Matched,Block,,12TH AVE BETWEEN E OLIVE ST AND E HOWELL ST,,,2b,Serious Injury Collision,Cycles,2,0,1,1,1,1,0,2016-07-11T00:00:00.000Z,7/11/2016 7:15:00 PM,Mid-Block (not related to intersection),18,"MOTOR VEHICLE STRUCK PEDALCYCLIST, FRONT END AT ANGLE",,N,Clear or Partly Cloudy,Dry,Daylight,,,,45.0,Vehicle - Pedalcyclist,10849,0,N,POINT (1274544.213621929 228594.9669421315),5017.0,1.3053257312982895e-06,Clear or Partly Cloudy,2016-07-11,19:15:00,19.0,0,1,1.0,Clear or Partly Cloudy
173207,222642,222922,3332598,Matched,Block,,E THOMAS ST BETWEEN 14TH W AVE E AND 14TH E AVE E,,,2,Injury Collision,Cycles,2,0,1,1,1,0,0,2016-05-13T00:00:00.000Z,5/13/2016 6:50:00 AM,Mid-Block (not related to intersection),18,"MOTOR VEHICLE STRUCK PEDALCYCLIST, FRONT END AT ANGLE",,N,Clear or Partly Cloudy,Dry,Daylight,,,,45.0,Vehicle - Pedalcyclist,0,0,N,POINT (1275157.225398555 230081.3190716654),13851.0,7.882557262542223e-06,Clear or Partly Cloudy,2016-05-13,06:50:00,6.0,4,1,0.0,Clear or Partly Cloudy
173208,222640,222920,3206249,Matched,Intersection,24669.0,25TH AVE NE AND NE 70TH ST,,,2,Injury Collision,Cycles,2,0,1,1,1,0,0,2016-05-11T00:00:00.000Z,5/11/2016 1:05:00 PM,At Intersection (intersection related),18,"MOTOR VEHICLE STRUCK PEDALCYCLIST, FRONT END AT ANGLE",,N,Clear or Partly Cloudy,Dry,Daylight,,,,45.0,Vehicle - Pedalcyclist,0,0,N,POINT (1278977.390650466 251273.3306133598),211.0,0.0,Clear or Partly Cloudy,2016-05-11,13:05:00,13.0,2,1,0.0,Clear or Partly Cloudy
173232,220165,220445,3737975,Matched,Intersection,35529.0,LAKE WASHINGTON BLVD S AND S DEARBORN ST,,,2,Injury Collision,Cycles,2,0,1,1,1,0,0,2016-05-21T00:00:00.000Z,5/21/2016 3:19:00 PM,At Intersection (intersection related),18,"MOTOR VEHICLE STRUCK PEDALCYCLIST, FRONT END AT ANGLE",,N,Clear or Partly Cloudy,Dry,Daylight,Y,,,45.0,Vehicle - Pedalcyclist,41004,0,N,POINT (1281263.886908814 220708.0626140535),6455.0,0.0,Clear or Partly Cloudy,2016-05-21,15:19:00,15.0,5,0,1.0,Clear or Partly Cloudy
173254,221435,221715,3737600,Matched,Intersection,26186.0,38TH AVE NE AND NE 62ND ST,,,2,Injury Collision,Cycles,2,0,1,1,1,0,0,2016-06-12T00:00:00.000Z,6/12/2016 11:26:00 AM,At Intersection (intersection related),51,PEDALCYCLIST STRUCK MOTOR VEHICLE FRONT END AT ANGLE,Y,N,Clear or Partly Cloudy,Dry,Daylight,,,,45.0,Vehicle - Pedalcyclist,0,0,N,POINT (1282325.657917902 249226.8563712686),5676.0,0.0,Clear or Partly Cloudy,2016-06-12,11:26:00,11.0,6,0,0.0,Clear or Partly Cloudy
173298,221702,221982,E552808,Matched,Intersection,29593.0,1ST AVE AND PIKE ST,,,2,Injury Collision,Cycles,1,0,1,1,1,0,0,2016-06-08T00:00:00.000Z,6/8/2016 7:22:00 AM,At Intersection (intersection related),18,"MOTOR VEHICLE STRUCK PEDALCYCLIST, FRONT END AT ANGLE",,N,Clear or Partly Cloudy,Dry,Daylight,,,,45.0,Vehicle - Pedalcyclist,36657,0,N,POINT (1268781.771056026 225717.4590991884),1.0,0.0,Clear or Partly Cloudy,2016-06-08,07:22:00,7.0,2,1,1.0,Clear or Partly Cloudy