OBJECTID,INCKEY,COLDETKEY,REPORTNO,STATUS,ADDRTYPE,INTKEY,LOCATION,EXCEPTRSNC,EXCEPTRSND,SEVERITYCO,SEVERITYDE,COLLISIONT,PERSONCOUN,PEDCOUNT,PEDCYLCOUN,VEHCOUNT,INJURIES,SERIOUSINJ,FATALITIES,INCDATE,INCDTTM,JUNCTIONTY,SDOT_COLCO,SDOT_COLDE,INATTENTIO,UNDERINFL,WEATHER,ROADCOND,LIGHTCOND,PEDROWNOTG,SDOTCOLNUM,SPEEDING,ST_COLCODE,ST_COLDESC,SEGLANEKEY,CROSSWALKK,HITPARKEDC,geometry,near_str_index,min_length,weather_group,date,time,hour,dayofweek,weekday,rushhour,weather_group2
173320,221438,221718,3740089,Matched,Intersection,29865.0,BOREN AVE AND OLIVE WAY,,,2,Injury Collision,Cycles,3,0,1,1,1,0,0,2016-06-10T00:00:00.000Z,6/10/2016 11:18:00 PM,At Intersection (intersection related),18,"MOTOR VEHICLE STRUCK PEDALCYCLIST, FRONT END AT ANGLE",,N,Clear or Partly Cloudy,Dry,Dark - Street Lights On,,,,45.0,Vehicle - Pedalcyclist,0,523742,N,POINT (1271118.433586419 228090.2473256141),640.0,0.0,Clear or Partly Cloudy,2016-06-10,23:18:00,23.0,4,1,0.0,Clear or Partly Cloudy
173349,219762,220042,E540028,Matched,Intersection,29761.0,12TH AVE AND E MADISON ST,,,2,Injury Collision,Cycles,0,0,1,1,1,0,0,2016-04-29T00:00:00.000Z,4/29/2016 3:12:00 PM,At Intersection (intersection related),18,"MOTOR VEHICLE STRUCK PEDALCYCLIST, FRONT END AT ANGLE",,N,Clear or Partly Cloudy,Dry,Daylight,,,,45.0,Vehicle - Pedalcyclist,10769,0,N,POINT (1274551.867445946 227089.5945245922),39.0,0.0,Clear or Partly Cloudy,2016-04-29,15:12:00,15.0,4,1,1.0,Clear or Partly Cloudy
173381,219767,220047,E540593,Matched,Block,,E YESLER WAY BETWEEN 21ST AVE AND 22ND AVE,,,2,Injury Collision,Cycles,0,0,1,1,1,0,0,2016-04-20T00:00:00.000Z,4/20/2016 5:23:00 PM,Mid-Block (not related to intersection),18,"MOTOR VEHICLE STRUCK PEDALCYCLIST, FRONT END AT ANGLE",,N,Clear or Partly Cloudy,Dry,Daylight,,,,45.0,Vehicle - Pedalcyclist,10042,0,N,POINT (1277517.273656979 222939.6774643511),10456.0,1.6168988640402826e-10,Clear or Partly Cloudy,2016-04-20,17:23:00,17.0,2,1,1.0,Clear or Partly Cloudy
173414,221710,221990,E552814,Matched,Block,,PHINNEY AVE N BETWEEN N 44TH ST AND N 45TH ST,,,2,Injury Collision,Cycles,2,0,1,1,1,0,0,2016-06-10T00:00:00.000Z,6/10/2016 10:45:00 AM,Mid-Block (not related to intersection),18,"MOTOR VEHICLE STRUCK PEDALCYCLIST, FRONT END AT ANGLE",,N,Clear or Partly Cloudy,Dry,Daylight,,,,45.0,Vehicle - Pedalcyclist,0,0,N,POINT (1265614.35390079 244747.2892626822),11146.0,1.6359865181739165e-05,Clear or Partly Cloudy,2016-06-10,10:45:00,10.0,4,1,0.0,Clear or Partly Cloudy
173437,221441,221721,3769802,Matched,Intersection,25708.0,NE RAVENNA BV OFF RP AND NE RAVENNA EB BV,,,2,Injury Collision,Cycles,2,0,1,1,1,0,0,2016-06-09T00:00:00.000Z,6/9/2016 8:41:00 AM,At Intersection (intersection related),18,"MOTOR VEHICLE STRUCK PEDALCYCLIST, FRONT END AT ANGLE",,N,Clear or Partly Cloudy,Dry,Daylight,,,,45.0,Vehicle - Pedalcyclist,42634,0,N,POINT (1274157.859893531 249160.3508991897),1536.0,0.0,Clear or Partly Cloudy,2016-06-09,08:41:00,8.0,3,1,1.0,Clear or Partly Cloudy
173447,221214,221494,3704585,Matched,Intersection,30781.0,RAINIER AVE S AND S DEARBORN ST,,,2,Injury Collision,Cycles,2,0,1,1,1,0,0,2016-06-03T00:00:00.000Z,6/3/2016 5:45:00 PM,At Intersection (intersection related),51,PEDALCYCLIST STRUCK MOTOR VEHICLE FRONT END AT ANGLE,Y,N,Clear or Partly Cloudy,Dry,Daylight,,,,45.0,Vehicle - Pedalcyclist,0,522981,N,POINT (1275715.957815126 220859.434902221),908.0,0.0,Clear or Partly Cloudy,2016-06-03,17:45:00,17.0,4,1,1.0,Clear or Partly Cloudy
173491,222662,222942,3572834,Matched,Intersection,26886.0,STONE WAY N AND N 36TH ST,,,2,Injury Collision,Cycles,2,0,1,1,1,0,0,2016-06-28T00:00:00.000Z,6/28/2016 5:45:00 PM,At Intersection (intersection related),51,PEDALCYCLIST STRUCK MOTOR VEHICLE FRONT END AT ANGLE,,N,Clear or Partly Cloudy,Dry,Daylight,,,,45.0,Vehicle - Pedalcyclist,6292,0,N,POINT (1268422.925103664 240942.7122347802),1227.0,0.0,Clear or Partly Cloudy,2016-06-28,17:45:00,17.0,1,1,1.0,Clear or Partly Cloudy
173539,221021,221301,E549696,Matched,Block,,N NORTHGATE WAY BETWEEN AURORA AVE N AND MIDVALE AVE N,,,2,Injury Collision,Cycles,4,0,1,2,1,0,0,2016-05-21T00:00:00.000Z,5/21/2016 7:16:00 PM,Mid-Block (but intersection related),51,PEDALCYCLIST STRUCK MOTOR VEHICLE FRONT END AT ANGLE,,N,Raining,Wet,Daylight,,,,45.0,Vehicle - Pedalcyclist,18899,0,N,POINT (1268484.202351719 260831.2072311491),19130.0,8.272757644620903e-06,Raining,2016-05-21,19:16:00,19.0,5,0,1.0,Raining
173540,221219,221499,3704592,Matched,Intersection,29165.0,MELROSE AVE AND E DENNY WAY,,,2,Injury Collision,Cycles,4,0,1,1,1,0,0,2016-06-05T00:00:00.000Z,6/5/2016 1:10:00 AM,At Intersection (intersection related),11,"MOTOR VEHICLE STRUCK MOTOR VEHICLE, FRONT END AT ANGLE",,N,Clear or Partly Cloudy,Dry,Dark - Street Lights On,,,,45.0,Vehicle - Pedalcyclist,23555,0,N,POINT (1271849.269043177 229187.6967987418),3661.0,0.0,Clear or Partly Cloudy,2016-06-05,01:10:00,1.0,6,0,0.0,Clear or Partly Cloudy
173574,221461,221741,3785014,Matched,Intersection,30575.0,31ST AVE AND E YESLER WAY,,,2,Injury Collision,Cycles,2,0,1,1,1,0,0,2016-06-03T00:00:00.000Z,6/3/2016 1:30:00 PM,At Intersection (intersection related),18,"MOTOR VEHICLE STRUCK PEDALCYCLIST, FRONT END AT ANGLE",,N,Clear or Partly Cloudy,Dry,Daylight,,,,45.0,Vehicle - Pedalcyclist,10096,0,N,POINT (1280446.052411973 222875.5805682838),2781.0,0.0,Clear or Partly Cloudy,2016-06-03,13:30:00,13.0,4,1,0.0,Clear or Partly Cloudy
173608,222302,222582,E552051,Matched,Block,,N 85TH ST BETWEEN STONE W AVE N AND STONE E AVE N,NEI,"Not Enough Information, or Insufficient Location Information",2,Injury Collision,Cycles,2,0,1,1,1,0,0,2016-06-08T00:00:00.000Z,6/8/2016 9:06:00 AM,,0,NOT ENOUGH INFORMATION / NOT APPLICABLE,,N,Clear or Partly Cloudy,Dry,Daylight,,,,45.0,Vehicle - Pedalcyclist,0,0,N,POINT (1268983.534320235 255527.5498817116),4072.0,1.9562093216457085e-05,Clear or Partly Cloudy,2016-06-08,09:06:00,9.0,2,1,1.0,Clear or Partly Cloudy
173611,221717,221997,E552902,Matched,Intersection,29739.0,11TH AVE AND E PINE ST,,,2,Injury Collision,Cycles,1,0,1,1,1,0,0,2016-06-07T00:00:00.000Z,6/7/2016 3:13:00 PM,At Intersection (intersection related),18,"MOTOR VEHICLE STRUCK PEDALCYCLIST, FRONT END AT ANGLE",,N,Clear or Partly Cloudy,Dry,Daylight,,,,45.0,Vehicle - Pedalcyclist,10420,0,N,POINT (1274216.837429598 227958.9433894902),28.0,0.0,Clear or Partly Cloudy,2016-06-07,15:13:00,15.0,1,1,1.0,Clear or Partly Cloudy
173712,221237,221517,3767339,Matched,Intersection,287172.0,BURKE GILMAN TRL AND NE 70TH ST,,,2,Injury Collision,Cycles,2,0,1,1,1,0,0,2016-06-04T00:00:00.000Z,6/4/2016 9:00:00 AM,At Intersection (intersection related),18,"MOTOR VEHICLE STRUCK PEDALCYCLIST, FRONT END AT ANGLE",,N,Clear or Partly Cloudy,Dry,Daylight,,,,45.0,Vehicle - Pedalcyclist,0,524581,N,POINT (1287683.49088338 251095.8747411817),9161.0,0.0,Clear or Partly Cloudy,2016-06-04,09:00:00,9.0,5,0,1.0,Clear or Partly Cloudy
173720,221232,221512,3740083,Matched,Intersection,28057.0,NICKERSON ST AND WESTLAKE AVE N,,,1,Property Damage Only Collision,Cycles,2,0,1,1,0,0,0,2016-06-03T00:00:00.000Z,6/3/2016 6:30:00 PM,At Intersection (intersection related),51,PEDALCYCLIST STRUCK MOTOR VEHICLE FRONT END AT ANGLE,,N,Clear or Partly Cloudy,Dry,Daylight,,,,45.0,Vehicle - Pedalcyclist,12473,0,N,POINT (1266650.960429847 239377.199529171),13817.0,0.0,Clear or Partly Cloudy,2016-06-03,18:30:00,18.0,4,1,1.0,Clear or Partly Cloudy
173782,220215,220495,3704611,Matched,Block,,BROADWAY BETWEEN E PINE ST AND XW E OLIVE ST,,,2,Injury Collision,Cycles,1,0,1,0,1,0,0,2016-05-25T00:00:00.000Z,5/25/2016 4:15:00 AM,Mid-Block (not related to intersection),69,PEDALCYCLIST OVERTURNED IN ROAD,,N,Clear or Partly Cloudy,Dry,Dark - Street Lights On,,,,45.0,Vehicle - Pedalcyclist,6847,0,N,POINT (1273567.713908926 228177.0842537135),8754.0,2.069417312261321e-05,Clear or Partly Cloudy,2016-05-25,04:15:00,4.0,2,1,0.0,Clear or Partly Cloudy
173786,220213,220493,3788848,Matched,Block,,DEXTER AVE N BETWEEN GALER ST AND GARFIELD S ST,,,2,Injury Collision,Cycles,2,0,1,1,1,0,0,2016-05-20T00:00:00.000Z,5/20/2016 5:29:00 PM,Mid-Block (not related to intersection),18,"MOTOR VEHICLE STRUCK PEDALCYCLIST, FRONT END AT ANGLE",,N,Clear or Partly Cloudy,Dry,Daylight,,,,45.0,Vehicle - Pedalcyclist,12954,0,N,POINT (1268392.727471635 234418.6114920974),697.0,0.0,Clear or Partly Cloudy,2016-05-20,17:29:00,17.0,4,1,1.0,Clear or Partly Cloudy
173796,221080,221360,E550682,Matched,Intersection,26897.0,STONE WAY N AND N 35TH ST,NEI,"Not Enough Information, or Insufficient Location Information",2,Injury Collision,Cycles,2,0,1,1,1,0,0,2016-05-19T00:00:00.000Z,5/19/2016 9:40:00 PM,At Intersection (intersection related),0,NOT ENOUGH INFORMATION / NOT APPLICABLE,,N,Raining,Wet,Dark - Street Lights On,,,,45.0,Vehicle - Pedalcyclist,6280,0,N,POINT (1268401.595439643 240536.8288423717),6689.0,0.0,Raining,2016-05-19,21:40:00,21.0,3,1,0.0,Raining
173797,220503,220783,E547586,Matched,Intersection,29088.0,ALOHA ST AND FAIRVIEW AVE N,,,2,Injury Collision,Cycles,1,0,1,1,1,0,0,2016-05-25T00:00:00.000Z,5/25/2016 1:04:00 PM,At Intersection (intersection related),18,"MOTOR VEHICLE STRUCK PEDALCYCLIST, FRONT END AT ANGLE",,N,Overcast,Dry,Daylight,,,,45.0,Vehicle - Pedalcyclist,0,522174,N,POINT (1270691.802929983 232393.2512340248),3326.0,0.0,Overcast,2016-05-25,13:04:00,13.0,2,1,0.0,Clear or Partly Cloudy
173803,220019,220299,E544729,Matched,Block,,10TH AVE E BETWEEN E PROSPECT ST AND E HIGHLAND DR,,,2,Injury Collision,Cycles,1,0,1,1,1,0,0,2016-05-18T00:00:00.000Z,5/18/2016 9:00:00 AM,Mid-Block (not related to intersection),15,"MOTOR VEHICLE STRUCK MOTOR VEHICLE, RIGHT SIDE SIDESWIPE",,N,Clear or Partly Cloudy,Dry,Daylight,,,,45.0,Vehicle - Pedalcyclist,6157,0,N,POINT (1273811.918773174 233193.2380508482),14555.0,7.601281374058246e-09,Clear or Partly Cloudy,2016-05-18,09:00:00,9.0,2,1,1.0,Clear or Partly Cloudy
173807,220497,220777,E547538,Matched,Intersection,30508.0,2ND AV ET S AND S JACKSON ST,,,2,Injury Collision,Cycles,1,0,1,1,1,0,0,2016-05-26T00:00:00.000Z,5/26/2016 2:28:00 PM,At Intersection (intersection related),18,"MOTOR VEHICLE STRUCK PEDALCYCLIST, FRONT END AT ANGLE",,N,Clear or Partly Cloudy,Dry,Daylight,,,,45.0,Vehicle - Pedalcyclist,35669,0,N,POINT (1271262.385202572 222158.2396395504),2510.0,0.0,Clear or Partly Cloudy,2016-05-26,14:28:00,14.0,3,1,0.0,Clear or Partly Cloudy
173856,221084,221364,3587861,Matched,Block,,FAUNTLEROY WAY SW BETWEEN SW MYRTLE ST AND SW OTHELLO ST,,,2,Injury Collision,Cycles,3,0,1,1,1,0,0,2016-05-29T00:00:00.000Z,5/29/2016 1:47:00 PM,Mid-Block (not related to intersection),56,PEDALCYCLIST STRUCK MOTOR VEHICLE LEFT SIDE SIDESWIPE,Y,N,Clear or Partly Cloudy,Dry,Daylight,,,,45.0,Vehicle - Pedalcyclist,2949,0,N,POINT (1255667.585762605 200439.8405133039),3525.0,5.419759273018035e-06,Clear or Partly Cloudy,2016-05-29,13:47:00,13.0,6,0,0.0,Clear or Partly Cloudy
173912,220524,220804,E547597,Matched,Block,,STONE WAY N BETWEEN N 36TH ST AND N 38TH ST,,,2,Injury Collision,Cycles,1,0,1,1,1,0,0,2016-05-05T00:00:00.000Z,5/5/2016 5:51:00 PM,Mid-Block (not related to intersection),18,"MOTOR VEHICLE STRUCK PEDALCYCLIST, FRONT END AT ANGLE",,N,Clear or Partly Cloudy,Dry,Daylight,,,,45.0,Vehicle - Pedalcyclist,6292,0,N,POINT (1268443.36548768 241338.2046511918),21604.0,1.4776690813661218e-05,Clear or Partly Cloudy,2016-05-05,17:51:00,17.0,3,1,1.0,Clear or Partly Cloudy
173956,221248,221528,3785077,Matched,Intersection,29697.0,ELLIOTT AVE AND WALL ST,,,2,Injury Collision,Cycles,3,0,1,1,1,0,0,2016-06-04T00:00:00.000Z,6/4/2016 5:54:00 PM,At Intersection (intersection related),51,PEDALCYCLIST STRUCK MOTOR VEHICLE FRONT END AT ANGLE,,N,Clear or Partly Cloudy,Dry,Daylight,,,,45.0,Vehicle - Pedalcyclist,37207,0,N,POINT (1266236.692013428 227426.0105249435),707.0,0.0,Clear or Partly Cloudy,2016-06-04,17:54:00,17.0,5,0,1.0,Clear or Partly Cloudy
173961,221094,221374,3704619,Matched,Intersection,28951.0,10TH AVE E AND E HIGHLAND DR,,,2,Injury Collision,Cycles,3,0,1,1,1,0,0,2016-05-31T00:00:00.000Z,5/31/2016 7:45:00 PM,At Intersection (intersection related),18,"MOTOR VEHICLE STRUCK PEDALCYCLIST, FRONT END AT ANGLE",,N,Clear or Partly Cloudy,Dry,Daylight,,,,45.0,Vehicle - Pedalcyclist,6154,0,N,POINT (1273818.700085193 233525.0057311803),1093.0,0.0,Clear or Partly Cloudy,2016-05-31,19:45:00,19.0,1,1,1.0,Clear or Partly Cloudy
173979,220776,221056,3786883,Matched,Intersection,24427.0,14TH AVE NE AND NE 75TH ST,,,1,Property Damage Only Collision,Cycles,2,0,1,1,0,0,0,2016-04-28T00:00:00.000Z,4/28/2016 5:18:00 PM,At Intersection (intersection related),11,"MOTOR VEHICLE STRUCK MOTOR VEHICLE, FRONT END AT ANGLE",,N,Clear or Partly Cloudy,Dry,Daylight,,,,45.0,Vehicle - Pedalcyclist,27032,0,N,POINT (1275922.449975342 252663.6138787866),2369.0,0.0,Clear or Partly Cloudy,2016-04-28,17:18:00,17.0,3,1,1.0,Clear or Partly Cloudy
174029,222077,222357,E546340,Matched,Block,,PHINNEY AVE N BETWEEN N 44TH ST AND N 45TH ST,,,2,Injury Collision,Cycles,1,0,1,1,1,0,0,2016-05-21T00:00:00.000Z,5/21/2016 7:41:00 PM,Mid-Block (not related to intersection),18,"MOTOR VEHICLE STRUCK PEDALCYCLIST, FRONT END AT ANGLE",,N,Unknown,Unknown,Unknown,,,,45.0,Vehicle - Pedalcyclist,0,0,N,POINT (1265614.35390079 244747.2892626822),11146.0,1.6359865181739165e-05,,2016-05-21,19:41:00,19.0,5,0,1.0,
174069,221105,221385,3767327,Matched,Intersection,27043.0,TROLL AVE N AND N 34TH ST,,,2,Injury Collision,Cycles,2,0,1,1,1,0,0,2016-05-27T00:00:00.000Z,5/27/2016 7:02:00 PM,At Intersection (intersection related),18,"MOTOR VEHICLE STRUCK PEDALCYCLIST, FRONT END AT ANGLE",,N,Clear or Partly Cloudy,Dry,Daylight,,,,45.0,Vehicle - Pedalcyclist,8816,0,N,POINT (1267245.477678463 240493.9652263224),1223.0,0.0,Clear or Partly Cloudy,2016-05-27,19:02:00,19.0,4,1,1.0,Clear or Partly Cloudy
174107,220261,220541,3704617,Matched,Intersection,29742.0,14TH AVE AND E PINE ST,,,2,Injury Collision,Cycles,3,0,1,1,1,0,0,2016-05-27T00:00:00.000Z,5/27/2016 10:09:00 PM,At Intersection (intersection related),51,PEDALCYCLIST STRUCK MOTOR VEHICLE FRONT END AT ANGLE,,N,Overcast,Dry,Dark - Street Lights On,,,,45.0,Vehicle - Pedalcyclist,10435,0,N,POINT (1275182.968630582 227950.3983654827),5069.0,0.0,Overcast,2016-05-27,22:09:00,22.0,4,1,0.0,Clear or Partly Cloudy
174143,222760,223040,3740101,Matched,Intersection,29515.0,DENNY WAY AND DEXTER AVE,,,2b,Serious Injury Collision,Cycles,1,0,1,0,1,1,0,2016-05-16T00:00:00.000Z,5/16/2016 9:31:00 PM,At Intersection (intersection related),26,MOTOR VEHICLE STRUCK OBJECT IN ROAD,Y,N,Clear or Partly Cloudy,Dry,Dark - Street Lights On,,,,45.0,Vehicle - Pedalcyclist,23472,0,N,POINT (1268262.3086555 229277.1954228282),6287.0,0.0,Clear or Partly Cloudy,2016-05-16,21:31:00,21.0,0,1,0.0,Clear or Partly Cloudy
174156,221498,221778,3731716,Matched,Block,,CALIFORNIA AVE SW BETWEEN SW LANDER ST AND SW STEVENS ST,,,2,Injury Collision,Cycles,2,0,1,1,1,0,0,2016-06-11T00:00:00.000Z,6/11/2016 2:19:00 PM,Mid-Block (not related to intersection),56,PEDALCYCLIST STRUCK MOTOR VEHICLE LEFT SIDE SIDESWIPE,Y,N,Overcast,Dry,Daylight,,,,45.0,Vehicle - Pedalcyclist,2594,0,N,POINT (1257050.191396013 214762.0561439693),3421.0,1.715274318624211e-05,Overcast,2016-06-11,14:19:00,14.0,5,0,0.0,Clear or Partly Cloudy
174188,220068,220348,3731923,Matched,Block,,16TH AVE SW BETWEEN SW CAMBRIDGE ST AND SW ROXBURY ST,,,2,Injury Collision,Cycles,2,0,1,1,1,0,0,2016-05-17T00:00:00.000Z,5/17/2016 5:00:00 PM,Mid-Block (not related to intersection),18,"MOTOR VEHICLE STRUCK PEDALCYCLIST, FRONT END AT ANGLE",,N,Clear or Partly Cloudy,Dry,Daylight,,,,45.0,Vehicle - Pedalcyclist,0,0,N,POINT (1264394.465899542 192771.0116414577),20461.0,2.1133123132692494e-05,Clear or Partly Cloudy,2016-05-17,17:00:00,17.0,1,1,1.0,Clear or Partly Cloudy
174236,220845,221125,E534567,Matched,Intersection,26896.0,STONE WAY N AND N 34TH ST,,,2,Injury Collision,Cycles,0,0,1,1,1,0,0,2016-04-10T00:00:00.000Z,4/10/2016 1:50:00 PM,At Intersection (intersection related),18,"MOTOR VEHICLE STRUCK PEDALCYCLIST, FRONT END AT ANGLE",,N,Clear or Partly Cloudy,Dry,Daylight,,,,45.0,Vehicle - Pedalcyclist,8843,0,N,POINT (1268384.754735619 240216.4179620296),4878.0,0.0,Clear or Partly Cloudy,2016-04-10,13:50:00,13.0,6,0,0.0,Clear or Partly Cloudy
174250,220305,220585,3740513,Matched,Block,,FAUNTLEROY WAY SW BETWEEN SW TRENTON ST AND SW BARTON ST,NEI,"Not Enough Information, or Insufficient Location Information",2,Injury Collision,Cycles,2,0,1,1,1,0,0,2016-05-18T00:00:00.000Z,5/18/2016 11:00:00 AM,Mid-Block (not related to intersection),0,NOT ENOUGH INFORMATION / NOT APPLICABLE,,N,Clear or Partly Cloudy,Dry,Daylight,,,,45.0,Vehicle - Pedalcyclist,3029,0,N,POINT (1255115.702818036 195052.1993557811),11936.0,2.7521246885532396e-05,Clear or Partly Cloudy,2016-05-18,11:00:00,11.0,2,1,0.0,Clear or Partly Cloudy
174280,221932,222212,3333387,Matched,Block,,8TH AVE NW BETWEEN NW 64TH ST AND NW 65TH ST,,,2,Injury Collision,Cycles,2,0,1,1,1,0,0,2016-06-13T00:00:00.000Z,6/13/2016 6:40:00 PM,Mid-Block (not related to intersection),18,"MOTOR VEHICLE STRUCK PEDALCYCLIST, FRONT END AT ANGLE",,N,Overcast,Dry,Daylight,Y,,,45.0,Vehicle - Pedalcyclist,2473,0,N,POINT (1262848.714537948 250207.34469226),8711.0,7.088890037813301e-09,Overcast,2016-06-13,18:40:00,18.0,0,1,1.0,Clear or Partly Cloudy
174316,220079,220359,3787213,Matched,Block,,ROOSEVELT WAY NE BETWEEN NE 69TH ST AND NE 70TH ST,,,2,Injury Collision,Cycles,2,0,1,1,1,0,0,2016-05-18T00:00:00.000Z,5/18/2016 4:23:00 PM,Mid-Block (not related to intersection),18,"MOTOR VEHICLE STRUCK PEDALCYCLIST, FRONT END AT ANGLE",Y,N,Overcast,Dry,Daylight,,,,45.0,Vehicle - Pedalcyclist,9417,0,N,POINT (1274851.167798251 251241.8200853318),937.0,2.362085618507617e-05,Overcast,2016-05-18,16:23:00,16.0,2,1,1.0,Clear or Partly Cloudy
174367,220549,220829,E547931,Matched,Block,,S JACKSON ST BETWEEN 14TH AVE S AND 16TH AVE S,,,2,Injury Collision,Cycles,1,0,1,1,1,0,0,2016-05-10T00:00:00.000Z,5/10/2016 7:01:00 AM,Mid-Block (not related to intersection),18,"MOTOR VEHICLE STRUCK PEDALCYCLIST, FRONT END AT ANGLE",,N,Clear or Partly Cloudy,Dry,Daylight,,,,45.0,Vehicle - Pedalcyclist,11019,0,N,POINT (1275411.86482282 222085.1415274739),1804.0,2.9791262764691712e-05,Clear or Partly Cloudy,2016-05-10,07:01:00,7.0,1,1,1.0,Clear or Partly Cloudy
174386,220879,221159,E537573,Matched,Intersection,26803.0,STONE WAY N AND N 44TH ST,,,2,Injury Collision,Cycles,0,0,1,1,1,0,0,2016-04-26T00:00:00.000Z,4/26/2016 9:08:00 AM,At Intersection (intersection related),18,"MOTOR VEHICLE STRUCK PEDALCYCLIST, FRONT END AT ANGLE",,N,Clear or Partly Cloudy,Dry,Daylight,,,,45.0,Vehicle - Pedalcyclist,6370,0,N,POINT (1268603.962415844 244378.0983503014),972.0,0.0,Clear or Partly Cloudy,2016-04-26,09:08:00,9.0,1,1,1.0,Clear or Partly Cloudy
174398,221282,221562,3704656,Matched,Intersection,29165.0,MELROSE AVE AND E DENNY WAY,,,2,Injury Collision,Cycles,2,0,1,1,1,0,0,2016-06-07T00:00:00.000Z,6/7/2016 11:41:00 PM,At Intersection (intersection related),11,"MOTOR VEHICLE STRUCK MOTOR VEHICLE, FRONT END AT ANGLE",Y,N,Clear or Partly Cloudy,Dry,Dark - Street Lights On,,,,45.0,Vehicle - Pedalcyclist,23555,0,N,POINT (1271849.269043177 229187.6967987418),3661.0,0.0,Clear or Partly Cloudy,2016-06-07,23:41:00,23.0,1,1,0.0,Clear or Partly Cloudy
174410,221941,222221,3386356,Matched,Intersection,29931.0,4TH AVE AND UNIVERSITY ST,,,2,Injury Collision,Cycles,5,0,1,1,1,0,0,2016-06-24T00:00:00.000Z,6/24/2016 9:15:00 AM,At Intersection (intersection related),18,"MOTOR VEHICLE STRUCK PEDALCYCLIST, FRONT END AT ANGLE",,N,Overcast,Dry,Daylight,,,,45.0,Vehicle - Pedalcyclist,42435,0,N,POINT (1270046.962993324 225476.3670029491),996.0,0.0,Overcast,2016-06-24,09:15:00,9.0,4,1,1.0,Clear or Partly Cloudy
174467,220102,220382,3505383,Matched,Block,,SW AVALON WAY BETWEEN 35TH AVE SW AND 36TH AVE SW,,,2,Injury Collision,Cycles,2,0,1,1,1,0,0,2016-05-26T00:00:00.000Z,5/26/2016 3:44:00 PM,Driveway Junction,18,"MOTOR VEHICLE STRUCK PEDALCYCLIST, FRONT END AT ANGLE",Y,N,Overcast,Dry,Daylight,,,,45.0,Vehicle - Pedalcyclist,3547,0,N,POINT (1259377.658598393 209579.5628906637),7944.0,1.5738082720259015e-05,Overcast,2016-05-26,15:44:00,15.0,3,1,1.0,Clear or Partly Cloudy
174477,220097,220377,3385835,Matched,Intersection,29613.0,2ND AVE AND SPRING ST,,,2,Injury Collision,Cycles,2,1,1,0,2,0,0,2016-05-25T00:00:00.000Z,5/25/2016 3:50:00 PM,At Intersection (intersection related),64,PEDALCYCLIST STRUCK PEDESTRIAN,,N,Clear or Partly Cloudy,Dry,Daylight,,,,45.0,Vehicle - Pedalcyclist,42219,520991,N,POINT (1269804.427313074 224621.804442063),3767.0,0.0,Clear or Partly Cloudy,2016-05-25,15:50:00,15.0,2,1,1.0,Clear or Partly Cloudy
174497,225436,225756,E573069,Matched,Intersection,29052.0,BROADWAY E AND E OLIVE WAY,,,2,Injury Collision,Cycles,2,0,1,1,1,0,0,2016-07-22T00:00:00.000Z,7/22/2016 6:53:00 PM,At Intersection (intersection related),18,"MOTOR VEHICLE STRUCK PEDALCYCLIST, FRONT END AT ANGLE",,N,Clear or Partly Cloudy,Dry,Daylight,,,,45.0,Vehicle - Pedalcyclist,35208,0,N,POINT (1273580.513332948 229668.9325112402),650.0,0.0,Clear or Partly Cloudy,2016-07-22,18:53:00,18.0,4,1,1.0,Clear or Partly Cloudy
174536,220557,220837,E548182,Matched,Intersection,24268.0,GREENWOOD AVE N AND N 83RD ST,,,2,Injury Collision,Cycles,1,0,1,1,1,0,0,2016-05-16T00:00:00.000Z,5/16/2016 8:10:00 AM,At Intersection (intersection related),18,"MOTOR VEHICLE STRUCK PEDALCYCLIST, FRONT END AT ANGLE",,N,Clear or Partly Cloudy,Dry,Daylight,Y,,,45.0,Vehicle - Pedalcyclist,0,0,N,POINT (1265590.642732769 255073.8628412485),752.0,0.0,Clear or Partly Cloudy,2016-05-16,08:10:00,8.0,0,1,1.0,Clear or Partly Cloudy
174593,224466,224766,3767821,Matched,Intersection,36052.0,LAKE CITY WAY NE AND NE 130TH ST,,,2,Injury Collision,Cycles,2,0,1,1,1,0,0,2016-07-06T00:00:00.000Z,7/6/2016 11:39:00 AM,At Intersection (intersection related),18,"MOTOR VEHICLE STRUCK PEDALCYCLIST, FRONT END AT ANGLE",,N,Clear or Partly Cloudy,Dry,Daylight,Y,,,45.0,Vehicle - Pedalcyclist,17769,0,N,POINT (1281118.143548667 267099.184069559),9113.0,0.0,Clear or Partly Cloudy,2016-07-06,11:39:00,11.0,2,1,0.0,Clear or Partly Cloudy
174611,224783,225083,3769502,Matched,Intersection,28391.0,MONTLAKE BLVD E AND EAST MONTLAKE PL E,,,2,Injury Collision,Cycles,2,0,1,1,1,0,0,2016-07-17T00:00:00.000Z,7/17/2016 9:45:00 AM,At Intersection (intersection related),18,"MOTOR VEHICLE STRUCK PEDALCYCLIST, FRONT END AT ANGLE",,N,Clear or Partly Cloudy,Dry,Daylight,Y,,,45.0,Vehicle - Pedalcyclist,0,523787,N,POINT (1277884.579897344 238361.7099921405),12025.0,0.0,Clear or Partly Cloudy,2016-07-17,09:45:00,9.0,6,0,1.0,Clear or Partly Cloudy