OBJECTID,INCKEY,COLDETKEY,REPORTNO,STATUS,ADDRTYPE,INTKEY,LOCATION,EXCEPTRSNC,EXCEPTRSND,SEVERITYCO,SEVERITYDE,COLLISIONT,PERSONCOUN,PEDCOUNT,PEDCYLCOUN,VEHCOUNT,INJURIES,SERIOUSINJ,FATALITIES,INCDATE,INCDTTM,JUNCTIONTY,SDOT_COLCO,SDOT_COLDE,INATTENTIO,UNDERINFL,WEATHER,ROADCOND,LIGHTCOND,PEDROWNOTG,SDOTCOLNUM,SPEEDING,ST_COLCODE,ST_COLDESC,SEGLANEKEY,CROSSWALKK,HITPARKEDC,geometry,near_str_index,min_length,weather_group,date,time,hour,dayofweek,weekday,rushhour,weather_group2
174634,224132,224412,3769666,Matched,Block,,ROOSEVELT WAY NE BETWEEN NE 42ND N ST AND NE 43RD S ST,,,2,Injury Collision,Sideswipe,2,0,1,1,1,0,0,2016-07-18T00:00:00.000Z,7/18/2016 8:18:00 AM,Mid-Block (not related to intersection),18,"MOTOR VEHICLE STRUCK PEDALCYCLIST, FRONT END AT ANGLE",,N,Clear or Partly Cloudy,Dry,Daylight,Y,,,11.0,From same direction - both going straight - both moving - sideswipe,8990,0,N,POINT (1274621.021750003 243878.6222537905),19030.0,1.4612336307282195e-05,Clear or Partly Cloudy,2016-07-18,08:18:00,8.0,0,1,1.0,Clear or Partly Cloudy
174657,225458,225778,E572086,Matched,Block,,ALASKAN WAY BETWEEN VINE ST AND CLAY ST,,,2,Injury Collision,Cycles,2,0,1,1,1,0,0,2016-07-27T00:00:00.000Z,7/27/2016 3:30:00 PM,Mid-Block (not related to intersection),21,"MOTOR VEHICLE STRUCK PEDALCYCLIST, REAR END",,N,Overcast,Dry,Daylight,,,,45.0,Vehicle - Pedalcyclist,20787,0,N,POINT (1265591.06423676 227627.3577251434),21288.0,5.0245207272725325e-09,Overcast,2016-07-27,15:30:00,15.0,2,1,1.0,Clear or Partly Cloudy
174685,225926,226266,E577101,Matched,Block,,3RD AVE BETWEEN COLUMBIA ST AND MARION ST,,,2,Injury Collision,Cycles,2,1,1,0,2,0,0,2016-08-23T00:00:00.000Z,8/23/2016 4:55:00 PM,Mid-Block (not related to intersection),64,PEDALCYCLIST STRUCK PEDESTRIAN,,N,Clear or Partly Cloudy,Dry,Daylight,,,,45.0,Vehicle - Pedalcyclist,0,0,N,POINT (1270471.178417757 224127.6555775553),16611.0,3.793173311333192e-09,Clear or Partly Cloudy,2016-08-23,16:55:00,16.0,1,1,1.0,Clear or Partly Cloudy
174691,225048,225348,3780848,Matched,Block,,HARBOR AVE SW BETWEEN FAIRMOUNT AVE SW AND SW BRONSON WAY,,,1,Property Damage Only Collision,Cycles,2,0,1,1,0,0,0,2016-07-23T00:00:00.000Z,7/23/2016 1:21:00 PM,Mid-Block (not related to intersection),18,"MOTOR VEHICLE STRUCK PEDALCYCLIST, FRONT END AT ANGLE",Y,N,Clear or Partly Cloudy,Dry,Daylight,,,,45.0,Vehicle - Pedalcyclist,0,0,N,POINT (1259473.453222498 217705.7627069801),6405.0,1.0078684760016538e-05,Clear or Partly Cloudy,2016-07-23,13:21:00,13.0,5,0,0.0,Clear or Partly Cloudy
174719,226779,227119,3762401,Matched,Intersection,27043.0,TROLL AVE N AND N 34TH ST,,,2,Injury Collision,Cycles,3,0,1,1,1,0,0,2016-08-26T00:00:00.000Z,8/26/2016 5:26:00 PM,At Intersection (intersection related),18,"MOTOR VEHICLE STRUCK PEDALCYCLIST, FRONT END AT ANGLE",Y,N,Clear or Partly Cloudy,Dry,Daylight,,,,45.0,Vehicle - Pedalcyclist,8816,0,N,POINT (1267245.477678463 240493.9652263224),1223.0,0.0,Clear or Partly Cloudy,2016-08-26,17:26:00,17.0,4,1,1.0,Clear or Partly Cloudy
174741,226345,226685,3767509,Matched,Intersection,37625.0,RAVENNA AVE NE AND NE 98TH ST,,,2b,Serious Injury Collision,Cycles,4,0,1,1,1,1,0,2016-08-23T00:00:00.000Z,8/23/2016 5:59:00 PM,At Intersection (intersection related),51,PEDALCYCLIST STRUCK MOTOR VEHICLE FRONT END AT ANGLE,,N,Clear or Partly Cloudy,Dry,Daylight,Y,,,45.0,Vehicle - Pedalcyclist,33401,0,N,POINT (1278961.278778449 258879.4236771464),923.0,0.0,Clear or Partly Cloudy,2016-08-23,17:59:00,17.0,1,1,1.0,Clear or Partly Cloudy
174746,224154,224434,3783091,Matched,Block,,S HANFORD ST BETWEEN 1ST AVE S AND OCCIDENTAL AVE S,,,2,Injury Collision,Cycles,2,0,1,1,1,0,0,2016-07-19T00:00:00.000Z,7/19/2016 7:14:00 AM,Mid-Block (not related to intersection),11,"MOTOR VEHICLE STRUCK MOTOR VEHICLE, FRONT END AT ANGLE",Y,N,Clear or Partly Cloudy,Dry,Daylight,,,,45.0,Vehicle - Pedalcyclist,24665,0,N,POINT (1270092.761073366 213562.7165587395),22901.0,6.818167176049926e-06,Clear or Partly Cloudy,2016-07-19,07:14:00,7.0,1,1,1.0,Clear or Partly Cloudy
174757,224786,225086,3769675,Matched,Intersection,25416.0,15TH AVE NW AND NW MARKET ST,,,2,Injury Collision,Cycles,2,0,1,1,1,0,0,2016-07-21T00:00:00.000Z,7/21/2016 1:32:00 PM,At Intersection (intersection related),51,PEDALCYCLIST STRUCK MOTOR VEHICLE FRONT END AT ANGLE,,N,Clear or Partly Cloudy,Dry,Daylight,Y,,,45.0,Vehicle - Pedalcyclist,0,521266,N,POINT (1260291.29962334 247719.7280497253),2397.0,0.0,Clear or Partly Cloudy,2016-07-21,13:32:00,13.0,3,1,0.0,Clear or Partly Cloudy
174806,225933,226273,3785257,Matched,Block,,5TH AVE BETWEEN TAYLOR AVE AND DENNY WAY,,,2,Injury Collision,Cycles,2,0,1,1,1,0,0,2016-08-28T00:00:00.000Z,8/28/2016 12:17:00 PM,Mid-Block (not related to intersection),18,"MOTOR VEHICLE STRUCK PEDALCYCLIST, FRONT END AT ANGLE",,N,Clear or Partly Cloudy,Dry,Daylight,,,,45.0,Vehicle - Pedalcyclist,0,525670,N,POINT (1267117.385198325 229221.8175027817),5881.0,3.777405120167648e-06,Clear or Partly Cloudy,2016-08-28,12:17:00,12.0,6,0,0.0,Clear or Partly Cloudy
174825,225756,226096,E574406,Matched,Block,,6TH AVE BETWEEN JAMES ST AND CHERRY ST,,,2,Injury Collision,Cycles,2,0,1,1,1,0,0,2016-08-11T00:00:00.000Z,8/11/2016 5:35:00 PM,Driveway Junction,18,"MOTOR VEHICLE STRUCK PEDALCYCLIST, FRONT END AT ANGLE",,N,Clear or Partly Cloudy,Dry,Daylight,Y,,,45.0,Vehicle - Pedalcyclist,0,0,N,POINT (1271613.980978936 224092.6397695243),8687.0,6.409061983493852e-09,Clear or Partly Cloudy,2016-08-11,17:35:00,17.0,3,1,1.0,Clear or Partly Cloudy
174849,223671,223951,E563973,Matched,Block,,12TH AVE BETWEEN E OLIVE ST AND E HOWELL ST,,,2,Injury Collision,Cycles,2,0,1,1,1,0,0,2016-07-15T00:00:00.000Z,7/15/2016 8:07:00 AM,Mid-Block (not related to intersection),51,PEDALCYCLIST STRUCK MOTOR VEHICLE FRONT END AT ANGLE,,N,Clear or Partly Cloudy,Dry,Daylight,,,,45.0,Vehicle - Pedalcyclist,10853,0,N,POINT (1274544.213621929 228594.9669421315),5017.0,1.3053257312982895e-06,Clear or Partly Cloudy,2016-07-15,08:07:00,8.0,4,1,1.0,Clear or Partly Cloudy
174858,226598,226938,3783205,Matched,Intersection,31296.0,15TH AVE S AND BEACON AVE S,,,1,Property Damage Only Collision,Cycles,2,0,1,1,0,0,0,2016-08-26T00:00:00.000Z,8/26/2016 7:56:00 AM,At Intersection (intersection related),51,PEDALCYCLIST STRUCK MOTOR VEHICLE FRONT END AT ANGLE,,N,Clear or Partly Cloudy,Dry,Daylight,Y,,,45.0,Vehicle - Pedalcyclist,15868,0,N,POINT (1275144.391478539 215295.5411365181),3360.0,0.0,Clear or Partly Cloudy,2016-08-26,07:56:00,7.0,4,1,1.0,Clear or Partly Cloudy
174874,227360,227700,3579106,Matched,Block,,4TH AVE S BETWEEN S MASSACHUSETTS ST AND S HOLGATE ST,,,2,Injury Collision,Cycles,3,0,1,1,1,0,0,2016-09-13T00:00:00.000Z,9/13/2016 1:53:00 PM,Driveway Junction,24,MOTOR VEHCILE STRUCK PEDESTRIAN,,N,Clear or Partly Cloudy,Dry,Daylight,Y,,,45.0,Vehicle - Pedalcyclist,0,0,N,POINT (1271330.692530647 217779.6332350671),16007.0,2.5407998230960896e-05,Clear or Partly Cloudy,2016-09-13,13:53:00,13.0,1,1,0.0,Clear or Partly Cloudy
174908,223937,224217,E564885,Matched,Intersection,35122.0,8TH AVE S AND S HENDERSON ST,,,2,Injury Collision,Cycles,2,0,1,1,1,0,0,2016-07-12T00:00:00.000Z,7/12/2016 4:52:00 PM,At Intersection (intersection related),18,"MOTOR VEHICLE STRUCK PEDALCYCLIST, FRONT END AT ANGLE",,N,Clear or Partly Cloudy,Dry,Daylight,,,,45.0,Vehicle - Pedalcyclist,0,521997,N,POINT (1272379.144755706 194361.1393230855),6070.0,0.0,Clear or Partly Cloudy,2016-07-12,16:52:00,16.0,1,1,1.0,Clear or Partly Cloudy
174969,225777,226117,E569189,Matched,Block,,1ST AVE BETWEEN SPRING ST AND SENECA ST,,,2,Injury Collision,Cycles,3,0,1,1,1,0,0,2016-08-02T00:00:00.000Z,8/2/2016 9:12:00 AM,Driveway Junction,18,"MOTOR VEHICLE STRUCK PEDALCYCLIST, FRONT END AT ANGLE",Y,N,Clear or Partly Cloudy,Dry,Daylight,,,,45.0,Vehicle - Pedalcyclist,0,0,N,POINT (1269449.773296714 224589.0553860366),8365.0,3.7123569208211534e-05,Clear or Partly Cloudy,2016-08-02,09:12:00,9.0,1,1,1.0,Clear or Partly Cloudy
174993,226607,226947,3785204,Matched,Intersection,28741.0,DEXTER AVE N AND ROY ST,,,2,Injury Collision,Cycles,2,0,1,1,1,0,0,2016-08-25T00:00:00.000Z,8/25/2016 4:45:00 PM,At Intersection (intersection related),18,"MOTOR VEHICLE STRUCK PEDALCYCLIST, FRONT END AT ANGLE",,N,Clear or Partly Cloudy,Dry,Daylight,,,,45.0,Vehicle - Pedalcyclist,0,523519,N,POINT (1268326.078767568 231776.213409394),6297.0,0.0,Clear or Partly Cloudy,2016-08-25,16:45:00,16.0,3,1,1.0,Clear or Partly Cloudy
174998,226605,226945,3785176,Matched,Intersection,30447.0,8TH AVE S AND S DEARBORN ST,,,2b,Serious Injury Collision,Cycles,2,0,1,1,2,1,0,2016-08-16T00:00:00.000Z,8/16/2016 5:13:00 PM,At Intersection (intersection related),51,PEDALCYCLIST STRUCK MOTOR VEHICLE FRONT END AT ANGLE,,N,Clear or Partly Cloudy,Dry,Daylight,,,,45.0,Vehicle - Pedalcyclist,0,0,N,POINT (1273019.573044375 220895.8416862488),3274.0,0.0,Clear or Partly Cloudy,2016-08-16,17:13:00,17.0,1,1,1.0,Clear or Partly Cloudy
175009,223945,224225,E565195,Matched,Intersection,28437.0,BOYER AVE E AND E LYNN ST,,,2,Injury Collision,Cycles,2,0,1,1,1,0,0,2016-07-15T00:00:00.000Z,7/15/2016 4:11:00 PM,At Intersection (intersection related),18,"MOTOR VEHICLE STRUCK PEDALCYCLIST, FRONT END AT ANGLE",Y,N,Clear or Partly Cloudy,Dry,Daylight,,,,45.0,Vehicle - Pedalcyclist,35881,0,N,POINT (1276208.922423631 236788.7410305291),3905.0,0.0,Clear or Partly Cloudy,2016-07-15,16:11:00,16.0,4,1,1.0,Clear or Partly Cloudy
175021,224197,224477,3740266,Matched,Block,,W NICKERSON ST BETWEEN QUEEN ANNE AVE N AND W BERTONA ST,,,2,Injury Collision,Cycles,2,0,1,1,1,0,0,2016-07-20T00:00:00.000Z,7/20/2016 6:11:00 PM,Mid-Block (not related to intersection),51,PEDALCYCLIST STRUCK MOTOR VEHICLE FRONT END AT ANGLE,,N,Clear or Partly Cloudy,Dry,Daylight,,,,45.0,Vehicle - Pedalcyclist,12479,0,N,POINT (1264549.237547696 240861.1549866945),4816.0,3.612505573042066e-05,Clear or Partly Cloudy,2016-07-20,18:11:00,18.0,2,1,1.0,Clear or Partly Cloudy
175023,223720,224000,E563990,Matched,Intersection,32329.0,4TH AVE S AND S HORTON ST,NEI,"Not Enough Information, or Insufficient Location Information",2,Injury Collision,Cycles,2,0,1,1,1,0,0,2016-07-15T00:00:00.000Z,7/15/2016 11:57:00 AM,At Intersection (intersection related),0,NOT ENOUGH INFORMATION / NOT APPLICABLE,Y,N,Clear or Partly Cloudy,Dry,Daylight,,,,45.0,Vehicle - Pedalcyclist,0,525177,N,POINT (1271239.263794541 213105.7409422696),2973.0,0.0,Clear or Partly Cloudy,2016-07-15,11:57:00,11.0,4,1,0.0,Clear or Partly Cloudy
175033,224182,224462,3735044,Matched,Block,,AIRPORT WAY S BETWEEN S INDUSTRIAL EB WAY AND S OREGON ST,,,1,Property Damage Only Collision,Cycles,2,0,1,1,0,0,0,2016-07-20T00:00:00.000Z,7/20/2016 4:35:00 PM,Mid-Block (not related to intersection),22,"MOTOR VEHICLE STRUCK PEDALCYCLIST, RIGHT SIDE SIDESWIPE",,N,Clear or Partly Cloudy,Dry,Daylight,,,,45.0,Vehicle - Pedalcyclist,0,17558,N,POINT (1272692.288948029 209213.2078822851),12520.0,1.7949372601835237e-05,Clear or Partly Cloudy,2016-07-20,16:35:00,16.0,2,1,1.0,Clear or Partly Cloudy
175073,225780,226120,E570698,Matched,Intersection,28027.0,DEXTER AVE N AND HAYES ST,,,2,Injury Collision,Cycles,2,0,1,1,1,0,0,2016-08-02T00:00:00.000Z,8/2/2016 5:13:00 PM,At Intersection (but not related to intersection),16,"MOTOR VEHICLE STRUCK MOTOR VEHICLE, LEFT SIDE SIDESWIPE",,N,Clear or Partly Cloudy,Dry,Daylight,,,,45.0,Vehicle - Pedalcyclist,12980,0,N,POINT (1268401.703215644 234899.7362285852),6300.0,0.0,Clear or Partly Cloudy,2016-08-02,17:13:00,17.0,1,1,1.0,Clear or Partly Cloudy
175075,225779,226119,E570321,Matched,Block,,GREEN LAKE DR N BETWEEN ASHWORTH AVE N AND N 80TH ST,,,2,Injury Collision,Cycles,2,0,1,1,1,0,0,2016-08-01T00:00:00.000Z,8/1/2016 6:39:00 PM,Mid-Block (not related to intersection),18,"MOTOR VEHICLE STRUCK PEDALCYCLIST, FRONT END AT ANGLE",Y,N,Clear or Partly Cloudy,Dry,Daylight,,,,45.0,Vehicle - Pedalcyclist,9803,0,N,POINT (1269395.007792652 254071.6269362271),13459.0,4.703586584097001e-09,Clear or Partly Cloudy,2016-08-01,18:39:00,18.0,0,1,1.0,Clear or Partly Cloudy
175078,225950,226290,E577486,Matched,Intersection,32589.0,50TH AVE S AND S GENESEE ST,,,2,Injury Collision,Cycles,2,0,1,1,1,0,0,2016-08-22T00:00:00.000Z,8/22/2016 6:19:00 PM,At Intersection (intersection related),18,"MOTOR VEHICLE STRUCK PEDALCYCLIST, FRONT END AT ANGLE",,N,Clear or Partly Cloudy,Dry,Daylight,,,,45.0,Vehicle - Pedalcyclist,38069,0,N,POINT (1285565.292097211 209085.4511461556),17821.0,0.0,Clear or Partly Cloudy,2016-08-22,18:19:00,18.0,0,1,1.0,Clear or Partly Cloudy
175087,225786,226126,E573550,Matched,Intersection,30403.0,12TH AVE AND E FIR ST,,,2,Injury Collision,Cycles,0,0,1,1,1,0,0,2016-08-12T00:00:00.000Z,8/12/2016 5:02:00 PM,At Intersection (intersection related),18,"MOTOR VEHICLE STRUCK PEDALCYCLIST, FRONT END AT ANGLE",,N,Clear or Partly Cloudy,Dry,Daylight,,,,45.0,Vehicle - Pedalcyclist,10566,0,N,POINT (1274468.18949385 223368.6972407848),1080.0,0.0,Clear or Partly Cloudy,2016-08-12,17:02:00,17.0,4,1,1.0,Clear or Partly Cloudy
175093,225948,226288,3785279,Matched,Intersection,29954.0,5TH AVE AND MARION ST,,,2,Injury Collision,Cycles,2,0,1,1,1,0,0,2016-08-26T00:00:00.000Z,8/26/2016 9:38:00 AM,At Intersection (intersection related),24,MOTOR VEHCILE STRUCK PEDESTRIAN,,N,Clear or Partly Cloudy,Dry,Daylight,Y,,,45.0,Vehicle - Pedalcyclist,0,523458,N,POINT (1270947.529266253 224587.3138180375),13129.0,0.0,Clear or Partly Cloudy,2016-08-26,09:38:00,9.0,4,1,1.0,Clear or Partly Cloudy
175104,226611,226951,3785281,Matched,Intersection,28741.0,DEXTER AVE N AND ROY ST,,,1,Property Damage Only Collision,Cycles,2,0,1,1,0,0,0,2016-08-29T00:00:00.000Z,8/29/2016 6:00:00 PM,At Intersection (intersection related),51,PEDALCYCLIST STRUCK MOTOR VEHICLE FRONT END AT ANGLE,,N,Clear or Partly Cloudy,Dry,Daylight,,,,45.0,Vehicle - Pedalcyclist,12677,0,N,POINT (1268326.078767568 231776.213409394),6297.0,0.0,Clear or Partly Cloudy,2016-08-29,18:00:00,18.0,0,1,1.0,Clear or Partly Cloudy
175106,226620,226960,E565360,Matched,Intersection,287171.0,BURKE GILMAN TRL AND NE 65TH ST,,,2,Injury Collision,Cycles,2,0,1,1,1,0,0,2016-07-19T00:00:00.000Z,7/19/2016 7:57:00 AM,At Intersection (intersection related),18,"MOTOR VEHICLE STRUCK PEDALCYCLIST, FRONT END AT ANGLE",,N,Clear or Partly Cloudy,Dry,Daylight,,,,45.0,Vehicle - Pedalcyclist,0,524265,N,POINT (1287350.799683049 249775.8573318273),11616.0,0.0,Clear or Partly Cloudy,2016-07-19,07:57:00,7.0,1,1,1.0,Clear or Partly Cloudy
175125,226392,226732,E578336,Matched,Intersection,36423.0,FREMONT AVE N AND N 105TH ST,,,2,Injury Collision,Cycles,2,0,1,1,1,0,0,2016-08-11T00:00:00.000Z,8/11/2016 6:09:00 PM,At Intersection (intersection related),18,"MOTOR VEHICLE STRUCK PEDALCYCLIST, FRONT END AT ANGLE",,N,Clear or Partly Cloudy,Dry,Daylight,,,,45.0,Vehicle - Pedalcyclist,0,0,N,POINT (1266992.597038195 260866.8243831843),10459.0,0.0,Clear or Partly Cloudy,2016-08-11,18:09:00,18.0,3,1,1.0,Clear or Partly Cloudy
175155,223761,224041,E563997,Matched,Intersection,36974.0,24TH AVE NW AND NW 85TH ST,NEI,"Not Enough Information, or Insufficient Location Information",2,Injury Collision,Cycles,1,1,1,0,1,0,0,2016-07-15T00:00:00.000Z,7/15/2016 11:20:00 AM,At Intersection (intersection related),0,NOT ENOUGH INFORMATION / NOT APPLICABLE,Y,N,Clear or Partly Cloudy,Ice,Daylight,,,,45.0,Vehicle - Pedalcyclist,0,520934,N,POINT (1257648.442148626 255766.0274499655),5335.0,0.0,Clear or Partly Cloudy,2016-07-15,11:20:00,11.0,4,1,0.0,Clear or Partly Cloudy
175185,224826,225126,E568004,Matched,Intersection,33362.0,15TH AVE S AND S LUCILE ST,,,2,Injury Collision,Cycles,2,0,1,1,1,0,0,2016-07-27T00:00:00.000Z,7/27/2016 7:48:00 AM,At Intersection (intersection related),18,"MOTOR VEHICLE STRUCK PEDALCYCLIST, FRONT END AT ANGLE",,N,Clear or Partly Cloudy,Dry,Daylight,,,,45.0,Vehicle - Pedalcyclist,11918,0,N,POINT (1274938.905398339 205394.0947263837),88.0,0.0,Clear or Partly Cloudy,2016-07-27,07:48:00,7.0,2,1,1.0,Clear or Partly Cloudy
175191,225524,225844,E575508,Matched,Intersection,30553.0,4TH AVE S AND S ROYAL BROUGHAM WAY,,,2,Injury Collision,Cycles,2,0,1,1,1,0,0,2016-08-18T00:00:00.000Z,8/18/2016 2:45:00 PM,At Intersection (intersection related),18,"MOTOR VEHICLE STRUCK PEDALCYCLIST, FRONT END AT ANGLE",,N,Clear or Partly Cloudy,Dry,Daylight,,,,45.0,Vehicle - Pedalcyclist,19845,0,N,POINT (1271369.508658677 219673.991061002),9363.0,0.0,Clear or Partly Cloudy,2016-08-18,14:45:00,14.0,3,1,0.0,Clear or Partly Cloudy
175201,225962,226302,3791246,Matched,Intersection,30486.0,6TH AVE AND YESLER WAY,,,2,Injury Collision,Cycles,2,0,1,1,1,0,0,2016-08-11T00:00:00.000Z,8/11/2016 6:40:00 PM,At Intersection (intersection related),11,"MOTOR VEHICLE STRUCK MOTOR VEHICLE, FRONT END AT ANGLE",,N,Clear or Partly Cloudy,Dry,Daylight,,,,45.0,Vehicle - Pedalcyclist,9977,0,N,POINT (1272101.018675432 223058.4262644649),540.0,0.0,Clear or Partly Cloudy,2016-08-11,18:40:00,18.0,3,1,1.0,Clear or Partly Cloudy
175219,225788,226128,E570576,Matched,Block,,DEXTER AVE N BETWEEN MERCER ST AND BROAD ST,,,2,Injury Collision,Cycles,2,0,1,1,1,0,0,2016-08-04T00:00:00.000Z,8/4/2016 10:08:00 AM,Driveway Junction,18,"MOTOR VEHICLE STRUCK PEDALCYCLIST, FRONT END AT ANGLE",Y,N,Clear or Partly Cloudy,Dry,Daylight,,,,45.0,Vehicle - Pedalcyclist,44420,0,N,POINT (1268320.611439556 231517.0711371303),696.0,2.5571529018935008e-05,Clear or Partly Cloudy,2016-08-04,10:08:00,10.0,3,1,0.0,Clear or Partly Cloudy
175259,226404,226744,E579447,Matched,Intersection,30142.0,16TH AVE AND E UNION ST,,,2,Injury Collision,Cycles,2,0,1,1,1,0,0,2016-08-31T00:00:00.000Z,8/31/2016 8:39:00 AM,At Intersection (intersection related),18,"MOTOR VEHICLE STRUCK PEDALCYCLIST, FRONT END AT ANGLE",Y,N,Overcast,Dry,Daylight,,,,45.0,Vehicle - Pedalcyclist,9315,0,N,POINT (1275848.927287266 227071.6351005733),1177.0,0.0,Overcast,2016-08-31,08:39:00,8.0,2,1,1.0,Clear or Partly Cloudy
175288,227387,227727,3692965,Matched,Block,,HARBOR AVE SW BETWEEN SW MARYLAND PL AND CALIFORNIA WAY SW,,,2b,Serious Injury Collision,Cycles,2,0,1,1,1,1,0,2016-09-14T00:00:00.000Z,9/14/2016 6:45:00 PM,Mid-Block (not related to intersection),51,PEDALCYCLIST STRUCK MOTOR VEHICLE FRONT END AT ANGLE,,N,Unknown,Unknown,Unknown,,,,45.0,Vehicle - Pedalcyclist,4105,0,N,POINT (1258205.826917201 219540.360020861),6404.0,2.0954053904114126e-05,,2016-09-14,18:45:00,18.0,2,1,1.0,
175362,225539,225859,E573222,Matched,Block,,FAUNTLEROY WAY SW BETWEEN CALIFORNIA AVE SW AND 44TH AVE SW,,,2,Injury Collision,Cycles,1,0,1,0,1,0,0,2016-07-31T00:00:00.000Z,7/31/2016 4:39:00 AM,Mid-Block (but intersection related),66,PEDALCYCLIST STRUCK OBJECT IN ROAD,,N,Clear or Partly Cloudy,Dry,Dark - Street Lights On,,,,45.0,Vehicle - Pedalcyclist,2892,0,N,POINT (1256485.670947433 202585.1607075036),20877.0,1.6658006897460487e-09,Clear or Partly Cloudy,2016-07-31,04:39:00,4.0,6,0,0.0,Clear or Partly Cloudy
175375,226858,227198,3769571,Matched,Block,,ROOSEVELT WAY NE BETWEEN NE 108TH ST AND NE NORTHGATE WAY,,,2,Injury Collision,Cycles,2,0,1,1,1,0,0,2016-08-16T00:00:00.000Z,8/16/2016 5:00:00 PM,Driveway Junction,18,"MOTOR VEHICLE STRUCK PEDALCYCLIST, FRONT END AT ANGLE",,N,Clear or Partly Cloudy,Dry,Daylight,Y,,,45.0,Vehicle - Pedalcyclist,7825,0,N,POINT (1274947.515318349 261819.6970241517),3745.0,1.1510157684864594e-05,Clear or Partly Cloudy,2016-08-16,17:00:00,17.0,1,1,1.0,Clear or Partly Cloudy
175403,227067,227407,3784751,Matched,Block,,1ST AVE BETWEEN PIKE ST AND PINE ST,,,1,Property Damage Only Collision,Cycles,2,0,1,1,0,0,0,2016-08-12T00:00:00.000Z,8/12/2016 1:24:00 PM,Mid-Block (not related to intersection),18,"MOTOR VEHICLE STRUCK PEDALCYCLIST, FRONT END AT ANGLE",Y,N,Clear or Partly Cloudy,Dry,Daylight,,,,45.0,Vehicle - Pedalcyclist,36658,0,N,POINT (1268673.529263914 225900.3447313756),1.0,9.009112979904896e-06,Clear or Partly Cloudy,2016-08-12,13:24:00,13.0,4,1,0.0,Clear or Partly Cloudy
175441,225563,225883,E573012,Matched,Intersection,30013.0,M L KING JR WAY AND E PIKE ST,NEI,"Not Enough Information, or Insufficient Location Information",2b,Serious Injury Collision,Cycles,2,0,1,1,1,1,0,2016-08-11T00:00:00.000Z,8/11/2016 10:24:00 AM,At Intersection (intersection related),0,NOT ENOUGH INFORMATION / NOT APPLICABLE,,N,Clear or Partly Cloudy,Dry,Daylight,,,,45.0,Vehicle - Pedalcyclist,0,0,N,POINT (1279628.54047513 227441.0791969597),3638.0,0.0,Clear or Partly Cloudy,2016-08-11,10:24:00,10.0,3,1,0.0,Clear or Partly Cloudy
175519,227082,227422,3785151,Matched,Block,,TAYLOR AVE N BETWEEN ALOHA ST AND WARD PL,,,2,Injury Collision,Cycles,2,0,1,1,1,0,0,2016-08-11T00:00:00.000Z,8/11/2016 9:07:00 PM,Mid-Block (not related to intersection),21,"MOTOR VEHICLE STRUCK PEDALCYCLIST, REAR END",,N,Clear or Partly Cloudy,Dry,Dark - Street Lights On,,,Y,45.0,Vehicle - Pedalcyclist,11245,0,N,POINT (1267377.540398598 232477.6397781074),8927.0,2.0729793600815093e-05,Clear or Partly Cloudy,2016-08-11,21:07:00,21.0,3,1,0.0,Clear or Partly Cloudy
175538,226862,227202,3769586,Matched,Block,,8TH AVE NW BETWEEN NW 87TH ST AND NW 88TH ST,,,2,Injury Collision,Cycles,2,0,1,1,1,0,0,2016-08-19T00:00:00.000Z,8/19/2016 1:00:00 PM,Mid-Block (not related to intersection),51,PEDALCYCLIST STRUCK MOTOR VEHICLE FRONT END AT ANGLE,,N,Unknown,Unknown,Daylight,,,,45.0,Vehicle - Pedalcyclist,3425,0,N,POINT (1262979.458730087 256341.8743625432),575.0,3.1085839115462856e-05,,2016-08-19,13:00:00,13.0,4,1,0.0,
175562,224884,225184,3769451,Matched,Intersection,287145.0,BURKE GILMAN TRL AND NW 41ST ST,,,2,Injury Collision,Cycles,3,0,1,1,1,0,0,2016-07-30T00:00:00.000Z,7/30/2016 9:47:00 AM,At Intersection (intersection related),14,"MOTOR VEHICLE STRUCK MOTOR VEHICLE, REAR END",,N,Clear or Partly Cloudy,Dry,Daylight,,,,45.0,Vehicle - Pedalcyclist,0,525277,N,POINT (1263230.42487435 243379.3082052767),11615.0,0.0,Clear or Partly Cloudy,2016-07-30,09:47:00,9.0,5,0,1.0,Clear or Partly Cloudy
175568,224039,224319,E561210,Matched,Block,,8TH AVE BETWEEN STEWART ST AND VIRGINIA ST,,,2,Injury Collision,Cycles,1,0,1,1,1,0,0,2016-07-06T00:00:00.000Z,7/6/2016 4:13:00 PM,Mid-Block (not related to intersection),18,"MOTOR VEHICLE STRUCK PEDALCYCLIST, FRONT END AT ANGLE",,N,Clear or Partly Cloudy,Dry,Daylight,,,,45.0,Vehicle - Pedalcyclist,14025,0,N,POINT (1269831.486257106 228074.1610535979),13704.0,4.97993660618851e-10,Clear or Partly Cloudy,2016-07-06,16:13:00,16.0,2,1,1.0,Clear or Partly Cloudy