OBJECTID,INCKEY,COLDETKEY,REPORTNO,STATUS,ADDRTYPE,INTKEY,LOCATION,EXCEPTRSNC,EXCEPTRSND,SEVERITYCO,SEVERITYDE,COLLISIONT,PERSONCOUN,PEDCOUNT,PEDCYLCOUN,VEHCOUNT,INJURIES,SERIOUSINJ,FATALITIES,INCDATE,INCDTTM,JUNCTIONTY,SDOT_COLCO,SDOT_COLDE,INATTENTIO,UNDERINFL,WEATHER,ROADCOND,LIGHTCOND,PEDROWNOTG,SDOTCOLNUM,SPEEDING,ST_COLCODE,ST_COLDESC,SEGLANEKEY,CROSSWALKK,HITPARKEDC,geometry,near_str_index,min_length,weather_group,date,time,hour,dayofweek,weekday,rushhour,weather_group2
176654,228452,228792,3785306,Matched,Intersection,26726.0,13TH AVE W AND W NICKERSON ST,,,1,Property Damage Only Collision,Cycles,2,0,1,1,0,0,0,2016-09-28T00:00:00.000Z,9/28/2016 6:55:00 AM,At Intersection (intersection related),11,"MOTOR VEHICLE STRUCK MOTOR VEHICLE, FRONT END AT ANGLE",,N,Clear or Partly Cloudy,Dry,Daylight,,,,45.0,Vehicle - Pedalcyclist,29940,0,N,POINT (1260836.659751892 242909.9862207919),2135.0,0.0,Clear or Partly Cloudy,2016-09-28,06:55:00,6.0,2,1,0.0,Clear or Partly Cloudy
176671,228750,229110,3771551,Matched,Intersection,29744.0,HARVARD AVE AND E PIKE ST,,,1,Property Damage Only Collision,Cycles,2,0,1,1,0,0,0,2016-09-21T00:00:00.000Z,9/21/2016 12:43:00 PM,At Intersection (intersection related),18,"MOTOR VEHICLE STRUCK PEDALCYCLIST, FRONT END AT ANGLE",Y,N,Clear or Partly Cloudy,Dry,Daylight,Y,,,45.0,Vehicle - Pedalcyclist,0,521655,N,POINT (1273234.02603659 227544.4404770583),1144.0,0.0,Clear or Partly Cloudy,2016-09-21,12:43:00,12.0,2,1,0.0,Clear or Partly Cloudy
176672,224747,225047,3704824,Matched,Block,,E MADISON ST BETWEEN 29TH W AVE E AND 29TH E AVE E,,,2,Injury Collision,Cycles,2,0,1,1,1,0,0,2016-07-28T00:00:00.000Z,7/28/2016 5:01:00 PM,Mid-Block (not related to intersection),21,"MOTOR VEHICLE STRUCK PEDALCYCLIST, REAR END",,N,Clear or Partly Cloudy,Dry,Daylight,,,,45.0,Vehicle - Pedalcyclist,0,34622,N,POINT (1279915.685755432 231070.2476486713),11229.0,3.35878401306119e-05,Clear or Partly Cloudy,2016-07-28,17:01:00,17.0,3,1,1.0,Clear or Partly Cloudy
176674,224746,225046,E567416,Matched,Block,,NW 36TH ST BETWEEN 1ST AVE NW AND LEARY WAY NW,,,2,Injury Collision,Cycles,4,0,1,2,1,0,0,2016-07-26T00:00:00.000Z,7/26/2016 6:52:00 PM,Mid-Block (not related to intersection),51,PEDALCYCLIST STRUCK MOTOR VEHICLE FRONT END AT ANGLE,,Y,Clear or Partly Cloudy,Dry,Dusk,,,,45.0,Vehicle - Pedalcyclist,17457,0,N,POINT (1264590.179179743 241958.2099638134),1560.0,5.5839429067657724e-06,Clear or Partly Cloudy,2016-07-26,18:52:00,18.0,1,1,1.0,Clear or Partly Cloudy
176691,230640,231040,3787172,Matched,Intersection,37162.0,3RD AVE NW AND NW 90TH ST,,,2,Injury Collision,Cycles,3,0,1,1,1,0,0,2016-10-04T00:00:00.000Z,10/4/2016 7:36:00 PM,At Intersection (intersection related),18,"MOTOR VEHICLE STRUCK PEDALCYCLIST, FRONT END AT ANGLE",,N,Raining,Wet,Dark - Street Lights On,Y,,,45.0,Vehicle - Pedalcyclist,0,0,N,POINT (1264304.012843445 256969.2213071883),1645.0,0.0,Raining,2016-10-04,19:36:00,19.0,1,1,1.0,Raining
176696,229629,229989,3754661,Matched,Block,,39TH AVE S BETWEEN S OTHELLO ST AND S HOLLY PARK DR,,,2,Injury Collision,Cycles,3,0,1,1,1,0,0,2016-09-16T00:00:00.000Z,9/16/2016 7:26:00 PM,Mid-Block (not related to intersection),51,PEDALCYCLIST STRUCK MOTOR VEHICLE FRONT END AT ANGLE,,N,Overcast,Dry,Dusk,,,,45.0,Vehicle - Pedalcyclist,0,0,N,POINT (1282251.98111783 199115.4154879451),391.0,5.1275851206650116e-06,Overcast,2016-09-16,19:26:00,19.0,4,1,1.0,Clear or Partly Cloudy
176709,230341,230741,3762315,Matched,Intersection,27273.0,N 36TH ST AND N PACIFIC ST,,,2,Injury Collision,Cycles,2,0,1,1,1,0,0,2016-10-05T00:00:00.000Z,10/5/2016 5:00:00 PM,At Intersection (intersection related),18,"MOTOR VEHICLE STRUCK PEDALCYCLIST, FRONT END AT ANGLE",,N,Clear or Partly Cloudy,Dry,Daylight,,,,45.0,Vehicle - Pedalcyclist,0,27273,N,POINT (1271166.67909047 240877.5955627114),8275.0,0.0,Clear or Partly Cloudy,2016-10-05,17:00:00,17.0,2,1,1.0,Clear or Partly Cloudy
176728,231265,231665,3791287,Matched,Block,,1ST AVE BETWEEN PINE ST AND STEWART ST,,,2,Injury Collision,Cycles,3,0,1,1,1,0,0,2016-11-12T00:00:00.000Z,11/12/2016 4:03:00 PM,Mid-Block (not related to intersection),55,PEDALCYCLIST STRUCK MOTOR VEHICLE RIGHT SIDE SIDESWIPE,,N,Blowing Sand or Dirt or Snow,Dry,Daylight,Y,,,45.0,Vehicle - Pedalcyclist,36651,0,N,POINT (1268514.463023752 226169.075227648),20436.0,0.0,Raining,2016-11-12,16:03:00,16.0,5,0,1.0,Raining
176755,227798,228138,3696258,Matched,Intersection,30363.0,ALASKAN WAY S AND S MAIN ST,,,2,Injury Collision,Cycles,2,0,1,1,1,0,0,2016-09-12T00:00:00.000Z,9/12/2016 5:29:00 PM,At Intersection (intersection related),18,"MOTOR VEHICLE STRUCK PEDALCYCLIST, FRONT END AT ANGLE",,N,Clear or Partly Cloudy,Dry,Daylight,Y,,,45.0,Vehicle - Pedalcyclist,0,0,N,POINT (1269731.106609002 222497.5246318877),8725.0,0.0,Clear or Partly Cloudy,2016-09-12,17:29:00,17.0,0,1,1.0,Clear or Partly Cloudy
176814,228471,228811,3784931,Matched,Intersection,28546.0,1ST AVE W AND W GALER E ST,,,2,Injury Collision,Cycles,2,0,1,1,1,0,0,2016-09-16T00:00:00.000Z,9/16/2016 12:08:00 PM,At Intersection (intersection related),11,"MOTOR VEHICLE STRUCK MOTOR VEHICLE, FRONT END AT ANGLE",,N,Clear or Partly Cloudy,Dry,Daylight,,,,45.0,Vehicle - Pedalcyclist,35149,0,N,POINT (1264543.669547692 234373.4291560501),4791.0,0.0,Clear or Partly Cloudy,2016-09-16,12:08:00,12.0,4,1,0.0,Clear or Partly Cloudy
176834,231090,231490,3771575,Matched,Intersection,29734.0,BOYLSTON AVE AND E PINE ST,,,2,Injury Collision,Cycles,2,0,1,1,1,0,0,2016-11-03T00:00:00.000Z,11/3/2016 3:00:00 PM,At Intersection (intersection related),18,"MOTOR VEHICLE STRUCK PEDALCYCLIST, FRONT END AT ANGLE",Y,N,Clear or Partly Cloudy,Dry,Daylight,Y,,Y,45.0,Vehicle - Pedalcyclist,10365,0,N,POINT (1272920.548660263 227975.5196454972),6198.0,0.0,Clear or Partly Cloudy,2016-11-03,15:00:00,15.0,3,1,1.0,Clear or Partly Cloudy
176921,229053,229413,E593248,Matched,Block,,LAKE WASHINGTON BLVD BETWEEN E TERRACE ST AND E JEFFERSON ST,,,2,Injury Collision,Cycles,0,0,1,0,1,0,0,2016-09-14T00:00:00.000Z,9/14/2016 12:50:00 PM,Mid-Block (but intersection related),66,PEDALCYCLIST STRUCK OBJECT IN ROAD,,N,Unknown,Unknown,Daylight,,,,45.0,Vehicle - Pedalcyclist,36203,0,N,POINT (1282694.302654281 224157.6704255939),789.0,1.0774933041099153e-05,,2016-09-14,12:50:00,12.0,2,1,0.0,
176931,228481,228821,3785294,Matched,Intersection,28930.0,1ST AVE N AND THOMAS ST,,,2,Injury Collision,Cycles,2,0,1,1,1,0,0,2016-09-18T00:00:00.000Z,9/18/2016 5:42:00 PM,At Intersection (intersection related),18,"MOTOR VEHICLE STRUCK PEDALCYCLIST, FRONT END AT ANGLE",,N,Clear or Partly Cloudy,Dry,Daylight,,,,45.0,Vehicle - Pedalcyclist,0,0,N,POINT (1265066.095148221 230210.4810557961),3790.0,0.0,Clear or Partly Cloudy,2016-09-18,17:42:00,17.0,6,0,1.0,Clear or Partly Cloudy
176949,229719,230079,E599431,Matched,Intersection,31986.0,47TH AVE SW AND SW GENESEE ST,,,2,Injury Collision,Cycles,3,0,1,1,1,0,0,2016-10-20T00:00:00.000Z,10/20/2016 7:40:00 AM,At Intersection (intersection related),18,"MOTOR VEHICLE STRUCK PEDALCYCLIST, FRONT END AT ANGLE",,N,Raining,Wet,Dawn,,,,45.0,Vehicle - Pedalcyclist,33523,0,N,POINT (1255598.614818528 209906.542731002),1987.0,0.0,Raining,2016-10-20,07:40:00,7.0,3,1,1.0,Raining
176950,230424,230824,3771561,Matched,Block,,E MADISON ST BETWEEN 39TH AVE E AND MCGILVRA S BV E,,,1,Property Damage Only Collision,Cycles,2,0,1,1,0,0,0,2016-10-07T00:00:00.000Z,10/7/2016 5:20:00 PM,Mid-Block (not related to intersection),18,"MOTOR VEHICLE STRUCK PEDALCYCLIST, FRONT END AT ANGLE",,N,Clear or Partly Cloudy,Dry,Daylight,,,,45.0,Vehicle - Pedalcyclist,34300,0,N,POINT (1283222.764670819 234259.9929319322),6882.0,2.5389954228446148e-05,Clear or Partly Cloudy,2016-10-07,17:20:00,17.0,4,1,1.0,Clear or Partly Cloudy
176976,230663,231063,E598985,Matched,Block,,AURORA AVE N BETWEEN N NORTHGATE WAY AND N 107TH S ST,,,2,Injury Collision,Cycles,2,0,1,1,1,0,0,2016-10-07T00:00:00.000Z,10/7/2016 1:41:00 PM,Driveway Junction,18,"MOTOR VEHICLE STRUCK PEDALCYCLIST, FRONT END AT ANGLE",,N,Clear or Partly Cloudy,Dry,Daylight,,,,45.0,Vehicle - Pedalcyclist,0,0,N,POINT (1268319.028207555 261106.944575429),10277.0,2.365440267403645e-05,Clear or Partly Cloudy,2016-10-07,13:41:00,13.0,4,1,0.0,Clear or Partly Cloudy
176986,231284,231684,E611260,Matched,Intersection,26897.0,STONE WAY N AND N 35TH ST,,,2,Injury Collision,Cycles,1,0,1,1,1,0,0,2016-11-18T00:00:00.000Z,11/18/2016 7:33:00 AM,At Intersection (intersection related),11,"MOTOR VEHICLE STRUCK MOTOR VEHICLE, FRONT END AT ANGLE",,N,Overcast,Dry,Daylight,,,,45.0,Vehicle - Pedalcyclist,6280,0,N,POINT (1268401.595439643 240536.8288423717),6689.0,0.0,Overcast,2016-11-18,07:33:00,7.0,4,1,1.0,Clear or Partly Cloudy
177007,231097,231497,3746451,Matched,Block,,2ND AVE BETWEEN MADISON ST AND SPRING ST,,,2,Injury Collision,Cycles,4,0,1,1,1,0,0,2016-11-18T00:00:00.000Z,11/18/2016 3:57:00 PM,Mid-Block (but intersection related),11,"MOTOR VEHICLE STRUCK MOTOR VEHICLE, FRONT END AT ANGLE",,N,Clear or Partly Cloudy,Dry,Daylight,,,,45.0,Vehicle - Pedalcyclist,42212,0,N,POINT (1269882.34923315 224490.1657859385),19471.0,2.616297260341015e-09,Clear or Partly Cloudy,2016-11-18,15:57:00,15.0,4,1,1.0,Clear or Partly Cloudy
177023,227641,227981,3771388,Matched,Block,,BROADWAY BETWEEN E PINE ST AND XW E OLIVE ST,,,2,Injury Collision,Cycles,1,0,1,0,1,0,0,2016-09-08T00:00:00.000Z,9/8/2016 7:45:00 AM,Mid-Block (not related to intersection),26,MOTOR VEHICLE STRUCK OBJECT IN ROAD,,N,Overcast,Wet,Daylight,,,,45.0,Vehicle - Pedalcyclist,6848,0,N,POINT (1273567.713908926 228177.0842537135),8754.0,2.069417312261321e-05,Overcast,2016-09-08,07:45:00,7.0,3,1,1.0,Clear or Partly Cloudy
177045,228491,228831,3785298,Matched,Block,,STEWART ST BETWEEN MINOR AVE AND YALE AVE,,,2,Injury Collision,Cycles,2,0,1,1,1,0,0,2016-09-19T00:00:00.000Z,9/19/2016 6:45:00 PM,Mid-Block (not related to intersection),18,"MOTOR VEHICLE STRUCK PEDALCYCLIST, FRONT END AT ANGLE",,N,Clear or Partly Cloudy,Dry,Dusk,Y,,,45.0,Vehicle - Pedalcyclist,0,0,N,POINT (1270963.685362265 229002.4007985592),9812.0,4.0721188011115294e-05,Clear or Partly Cloudy,2016-09-19,18:45:00,18.0,0,1,1.0,Clear or Partly Cloudy
177052,229077,229437,3574511,Matched,Block,,JAMES ST BETWEEN YESLER WAY AND 2ND AVE,,,2,Injury Collision,Cycles,3,0,1,1,1,0,0,2016-10-25T00:00:00.000Z,10/25/2016 5:23:00 PM,Mid-Block (but intersection related),11,"MOTOR VEHICLE STRUCK MOTOR VEHICLE, FRONT END AT ANGLE",Y,N,Clear or Partly Cloudy,Dry,Daylight,,,,45.0,Vehicle - Pedalcyclist,36188,0,N,POINT (1270410.557425693 223202.7094646096),19841.0,1.5748339583200395e-05,Clear or Partly Cloudy,2016-10-25,17:23:00,17.0,1,1,1.0,Clear or Partly Cloudy
177057,229056,229416,E593255,Matched,Block,,LAKE WASHINGTON BLVD BETWEEN MADRONA DR AND E OLIVE LN,,,2,Injury Collision,Cycles,1,0,1,1,1,0,0,2016-09-22T00:00:00.000Z,9/22/2016 12:50:00 PM,Mid-Block (not related to intersection),18,"MOTOR VEHICLE STRUCK PEDALCYCLIST, FRONT END AT ANGLE",,N,Clear or Partly Cloudy,Dry,Daylight,,,,45.0,Vehicle - Pedalcyclist,36255,0,N,POINT (1283213.027070805 227429.4319649488),19849.0,1.060968232804446e-05,Clear or Partly Cloudy,2016-09-22,12:50:00,12.0,3,1,0.0,Clear or Partly Cloudy
177065,228803,229163,3780710,Matched,Intersection,32118.0,ADMIRAL AVALON RP AND SW ADMIRAL WAY,,,2,Injury Collision,Cycles,2,0,1,1,1,0,0,2016-09-20T00:00:00.000Z,9/20/2016 2:55:00 PM,At Intersection (but not related to intersection),18,"MOTOR VEHICLE STRUCK PEDALCYCLIST, FRONT END AT ANGLE",Y,N,Clear or Partly Cloudy,Dry,Daylight,,,,45.0,Vehicle - Pedalcyclist,38727,0,N,POINT (1260788.571175843 212251.0217093974),4635.0,0.0,Clear or Partly Cloudy,2016-09-20,14:55:00,14.0,1,1,0.0,Clear or Partly Cloudy
177066,228802,229162,E592056,Matched,Intersection,29757.0,BROADWAY AND E UNION ST,,,2,Injury Collision,Cycles,1,0,1,1,1,0,0,2016-09-12T00:00:00.000Z,9/12/2016 12:45:00 PM,At Intersection (intersection related),18,"MOTOR VEHICLE STRUCK PEDALCYCLIST, FRONT END AT ANGLE",Y,N,Clear or Partly Cloudy,Dry,Daylight,,,,45.0,Vehicle - Pedalcyclist,41380,0,N,POINT (1273558.806836918 227135.8089246452),6210.0,0.0,Clear or Partly Cloudy,2016-09-12,12:45:00,12.0,0,1,0.0,Clear or Partly Cloudy
177138,231291,231691,3780737,Matched,Block,,SYLVAN WAY SW BETWEEN SW ORCHARD ST AND DELRIDGE WAY SW,,,2,Injury Collision,Cycles,2,0,1,1,1,0,0,2016-11-03T00:00:00.000Z,11/3/2016 9:25:00 PM,Mid-Block (but intersection related),18,"MOTOR VEHICLE STRUCK PEDALCYCLIST, FRONT END AT ANGLE",,N,Clear or Partly Cloudy,Dry,Dark - Street Lights On,,,,45.0,Vehicle - Pedalcyclist,24247,0,N,POINT (1262865.092073977 199634.5575684756),982.0,2.554564465667685e-05,Clear or Partly Cloudy,2016-11-03,21:25:00,21.0,3,1,0.0,Clear or Partly Cloudy
177152,227838,228178,3626298,Matched,Intersection,30114.0,20TH AVE AND E MADISON ST,,,2,Injury Collision,Cycles,2,0,1,1,1,0,0,2016-09-28T00:00:00.000Z,9/28/2016 10:55:00 AM,At Intersection (intersection related),11,"MOTOR VEHICLE STRUCK MOTOR VEHICLE, FRONT END AT ANGLE",,N,Clear or Partly Cloudy,Dry,Daylight,,,,45.0,Vehicle - Pedalcyclist,0,0,N,POINT (1277195.704888642 228634.6149421781),149.0,0.0,Clear or Partly Cloudy,2016-09-28,10:55:00,10.0,2,1,0.0,Clear or Partly Cloudy
177190,228497,228837,3767366,Matched,Intersection,23882.0,15TH AVE NW AND NW 80TH ST,,,2,Injury Collision,Cycles,2,0,1,1,1,0,0,2016-09-12T00:00:00.000Z,9/12/2016 4:37:00 PM,At Intersection (intersection related),18,"MOTOR VEHICLE STRUCK PEDALCYCLIST, FRONT END AT ANGLE",,N,Clear or Partly Cloudy,Dry,Daylight,,,,45.0,Vehicle - Pedalcyclist,18423,0,N,POINT (1260282.027047321 254364.0841525197),8432.0,0.0,Clear or Partly Cloudy,2016-09-12,16:37:00,16.0,0,1,1.0,Clear or Partly Cloudy
177202,229424,229784,E595302,Matched,Intersection,26897.0,STONE WAY N AND N 35TH ST,,,2,Injury Collision,Left Turn,1,0,1,1,1,0,0,2016-10-03T00:00:00.000Z,10/3/2016 6:07:00 PM,At Intersection (intersection related),18,"MOTOR VEHICLE STRUCK PEDALCYCLIST, FRONT END AT ANGLE",Y,N,Clear or Partly Cloudy,Dry,Daylight,,,,28.0,From opposite direction - one left turn - one straight,6280,0,N,POINT (1268401.595439643 240536.8288423717),6689.0,0.0,Clear or Partly Cloudy,2016-10-03,18:07:00,18.0,0,1,1.0,Clear or Partly Cloudy
177231,230681,231081,3771641,Matched,Block,,PINE ST BETWEEN MINOR AVE AND MELROSE AVE,,,2,Injury Collision,Cycles,3,0,1,1,1,0,0,2016-10-14T00:00:00.000Z,10/14/2016 9:11:00 AM,Driveway Junction,18,"MOTOR VEHICLE STRUCK PEDALCYCLIST, FRONT END AT ANGLE",,N,Raining,Wet,Daylight,,,,45.0,Vehicle - Pedalcyclist,10330,0,N,POINT (1271712.289267033 227944.0531494766),897.0,1.2157913311799526e-05,Raining,2016-10-14,09:11:00,9.0,4,1,1.0,Raining
177242,230678,231078,E604415,Matched,Intersection,30362.0,1ST AVE S AND S WASHINGTON ST,,,2,Injury Collision,Cycles,1,0,1,1,1,0,0,2016-11-04T00:00:00.000Z,11/4/2016 11:56:00 AM,At Intersection (intersection related),18,"MOTOR VEHICLE STRUCK PEDALCYCLIST, FRONT END AT ANGLE",,N,Clear or Partly Cloudy,Dry,Daylight,,,,45.0,Vehicle - Pedalcyclist,36160,0,N,POINT (1270163.60964945 222794.4769521952),1910.0,0.0,Clear or Partly Cloudy,2016-11-04,11:56:00,11.0,4,1,0.0,Clear or Partly Cloudy
177276,227653,227993,E587424,Matched,Intersection,26897.0,STONE WAY N AND N 35TH ST,,,2,Injury Collision,Cycles,1,0,1,1,1,0,0,2016-09-21T00:00:00.000Z,9/21/2016 9:07:00 AM,At Intersection (intersection related),18,"MOTOR VEHICLE STRUCK PEDALCYCLIST, FRONT END AT ANGLE",Y,N,Overcast,Dry,Daylight,,,,45.0,Vehicle - Pedalcyclist,6280,0,N,POINT (1268401.595439643 240536.8288423717),6689.0,0.0,Overcast,2016-09-21,09:07:00,9.0,2,1,1.0,Clear or Partly Cloudy
177284,231487,231887,E613368,Matched,Block,,12TH AVE BETWEEN E REMINGTON CT AND E JEFFERSON ST,,,2,Injury Collision,Cycles,1,0,1,1,1,0,0,2016-11-08T00:00:00.000Z,11/8/2016 5:34:00 PM,Driveway Junction,18,"MOTOR VEHICLE STRUCK PEDALCYCLIST, FRONT END AT ANGLE",Y,N,Clear or Partly Cloudy,Dry,Dusk,,,,45.0,Vehicle - Pedalcyclist,10614,0,N,POINT (1274490.98603788 224535.4521859735),2320.0,7.449163053530303e-09,Clear or Partly Cloudy,2016-11-08,17:34:00,17.0,1,1,1.0,Clear or Partly Cloudy
177287,227657,227997,E587426,Matched,Block,,PINE ST BETWEEN 4TH AVE AND 5TH AVE,,,1,Property Damage Only Collision,Cycles,1,0,1,1,0,0,0,2016-09-20T00:00:00.000Z,9/20/2016 9:10:00 AM,Mid-Block (but intersection related),21,"MOTOR VEHICLE STRUCK PEDALCYCLIST, REAR END",,N,Clear or Partly Cloudy,Dry,Daylight,,,,45.0,Vehicle - Pedalcyclist,21836,0,N,POINT (1269534.262896806 226658.1400601566),895.0,5.880079189608302e-06,Clear or Partly Cloudy,2016-09-20,09:10:00,9.0,1,1,1.0,Clear or Partly Cloudy
177304,231480,231880,3767288,Matched,Block,,N NORTHGATE WAY BETWEEN CORLISS AVE N AND 1ST AVE NE,,,2,Injury Collision,Cycles,2,0,1,1,1,0,0,2016-10-24T00:00:00.000Z,10/24/2016 10:53:00 AM,Mid-Block (not related to intersection),18,"MOTOR VEHICLE STRUCK PEDALCYCLIST, FRONT END AT ANGLE",,N,Clear or Partly Cloudy,Dry,Daylight,,,,45.0,Vehicle - Pedalcyclist,18972,0,N,POINT (1271965.818483293 262071.8831364214),21117.0,5.943810446749258e-06,Clear or Partly Cloudy,2016-10-24,10:53:00,10.0,0,1,0.0,Clear or Partly Cloudy
177326,228506,228846,3771398,Matched,Intersection,28765.0,9TH AVE N AND MERCER SR ST,,,2b,Serious Injury Collision,Cycles,2,0,1,1,1,1,0,2016-09-23T00:00:00.000Z,9/23/2016 8:20:00 AM,At Intersection (intersection related),18,"MOTOR VEHICLE STRUCK PEDALCYCLIST, FRONT END AT ANGLE",Y,N,Overcast,Dry,Daylight,,,,45.0,Vehicle - Pedalcyclist,0,523120,N,POINT (1268961.320496216 231450.3184970617),4920.0,0.0,Overcast,2016-09-23,08:20:00,8.0,4,1,1.0,Clear or Partly Cloudy
177349,229765,230145,E603235,Matched,Intersection,31242.0,S HOLGATE BR AND S HOLGATE ST,,,2,Injury Collision,Cycles,1,0,1,1,1,0,0,2016-10-18T00:00:00.000Z,10/18/2016 7:01:00 AM,At Intersection (intersection related),18,"MOTOR VEHICLE STRUCK PEDALCYCLIST, FRONT END AT ANGLE",,N,Raining,Wet,Dawn,,,,45.0,Vehicle - Pedalcyclist,30921,0,N,POINT (1272693.823028043 217352.3196346164),2206.0,0.0,Raining,2016-10-18,07:01:00,7.0,1,1,1.0,Raining
177370,230087,230487,E596919,Matched,Block,,BROADWAY BETWEEN E PIKE ST AND E PINE ST,,,2,Injury Collision,Cycles,1,0,1,1,1,0,0,2016-10-06T00:00:00.000Z,10/6/2016 4:18:00 PM,Driveway Junction,18,"MOTOR VEHICLE STRUCK PEDALCYCLIST, FRONT END AT ANGLE",,N,Overcast,Wet,Daylight,,,,45.0,Vehicle - Pedalcyclist,6855,0,N,POINT (1273564.040884927 227752.5528612733),15815.0,2.877603720450791e-05,Overcast,2016-10-06,16:18:00,16.0,3,1,1.0,Clear or Partly Cloudy
177433,228344,228684,3785291,Matched,Intersection,30543.0,MAYNARD AVE S AND S DEARBORN ST,,,2,Injury Collision,Cycles,2,0,1,1,1,0,0,2016-09-12T00:00:00.000Z,9/12/2016 5:19:00 PM,At Intersection (intersection related),51,PEDALCYCLIST STRUCK MOTOR VEHICLE FRONT END AT ANGLE,Y,N,Clear or Partly Cloudy,Dry,Daylight,,,,45.0,Vehicle - Pedalcyclist,0,524920,N,POINT (1272375.796019703 220909.8349022716),3657.0,0.0,Clear or Partly Cloudy,2016-09-12,17:19:00,17.0,0,1,1.0,Clear or Partly Cloudy
177610,229489,229849,3735523,Matched,Block,,RAINIER AVE S BETWEEN S HENDERSON ST AND S DIRECTOR N ST,,,2,Injury Collision,Cycles,2,0,1,1,1,0,0,2016-09-30T00:00:00.000Z,9/30/2016 4:33:00 PM,Mid-Block (not related to intersection),18,"MOTOR VEHICLE STRUCK PEDALCYCLIST, FRONT END AT ANGLE",,N,Clear or Partly Cloudy,Dry,Daylight,,,,45.0,Vehicle - Pedalcyclist,0,0,N,POINT (1285466.46284911 194020.8907467276),16666.0,1.5881773688968475e-05,Clear or Partly Cloudy,2016-09-30,16:33:00,16.0,4,1,1.0,Clear or Partly Cloudy
177621,229840,230220,E603830,Matched,Block,,22ND AVE NW BETWEEN NW MARKET ST AND NW 56TH ST,,,2,Injury Collision,Cycles,2,0,1,1,1,0,0,2016-10-30T00:00:00.000Z,10/30/2016 4:48:00 PM,Driveway Junction,18,"MOTOR VEHICLE STRUCK PEDALCYCLIST, FRONT END AT ANGLE",,N,Raining,Wet,Daylight,,,,45.0,Vehicle - Pedalcyclist,0,0,N,POINT (1258193.049253181 247907.6187379062),2567.0,7.279438813464114e-09,Raining,2016-10-30,16:48:00,16.0,6,0,1.0,Raining
177637,231137,231537,E611264,Matched,Intersection,32155.0,EAST MARGINAL WAY S AND S HORTON ST,,,2,Injury Collision,Cycles,1,0,1,1,1,0,0,2016-11-15T00:00:00.000Z,11/15/2016 10:28:00 AM,At Intersection (intersection related),51,PEDALCYCLIST STRUCK MOTOR VEHICLE FRONT END AT ANGLE,,N,Clear or Partly Cloudy,Wet,Daylight,,,,45.0,Vehicle - Pedalcyclist,4642,0,N,POINT (1268555.499823794 213159.701646328),6885.0,0.0,Clear or Partly Cloudy,2016-11-15,10:28:00,10.0,1,1,0.0,Clear or Partly Cloudy
177676,231334,231734,3479409,Matched,Block,,BROOKLYN AVE NE BETWEEN NE PACIFIC ST AND NE 40TH ST,,,2,Injury Collision,Cycles,2,0,1,1,1,0,0,2016-10-19T00:00:00.000Z,10/19/2016 6:07:00 PM,Mid-Block (not related to intersection),18,"MOTOR VEHICLE STRUCK PEDALCYCLIST, FRONT END AT ANGLE",Y,N,Overcast,Wet,Dusk,Y,,,45.0,Vehicle - Pedalcyclist,0,525567,N,POINT (1275403.365302816 242247.5613881201),21781.0,1.2572490569969435e-05,Overcast,2016-10-19,18:07:00,18.0,2,1,1.0,Clear or Partly Cloudy
177685,227876,228216,3735371,Matched,Block,,NE 55TH ST BETWEEN 45TH AVE NE AND NE TULANE PL,,,2b,Serious Injury Collision,Cycles,2,1,1,0,1,1,0,2016-09-16T00:00:00.000Z,9/16/2016 7:55:00 PM,Mid-Block (not related to intersection),64,PEDALCYCLIST STRUCK PEDESTRIAN,,N,Clear or Partly Cloudy,Dry,Dark - Street Lights On,,,,45.0,Vehicle - Pedalcyclist,0,0,N,POINT (1284338.324863955 247432.4079214185),20098.0,1.3554418974438498e-05,Clear or Partly Cloudy,2016-09-16,19:55:00,19.0,4,1,1.0,Clear or Partly Cloudy
177710,228086,228426,3739978,Matched,Block,,DEXTER AVE N BETWEEN 4TH S AVE N AND WESTLAKE AVE N,,,2,Injury Collision,Cycles,3,0,1,1,1,0,0,2016-09-27T00:00:00.000Z,9/27/2016 6:31:00 PM,Mid-Block (not related to intersection),18,"MOTOR VEHICLE STRUCK PEDALCYCLIST, FRONT END AT ANGLE",,N,Clear or Partly Cloudy,Dry,Dusk,,,,45.0,Vehicle - Pedalcyclist,13878,0,N,POINT (1266671.273261875 239292.6068250835),18940.0,6.826981298624172e-06,Clear or Partly Cloudy,2016-09-27,18:31:00,18.0,1,1,1.0,Clear or Partly Cloudy
177715,228383,228723,3787319,Matched,Intersection,33046.0,1ST AVE S AND EAST MARGINAL WAY S,,,2,Injury Collision,Cycles,2,0,1,1,1,0,0,2016-09-16T00:00:00.000Z,9/16/2016 1:30:00 AM,At Intersection (intersection related),14,"MOTOR VEHICLE STRUCK MOTOR VEHICLE, REAR END",Y,N,Raining,Dry,Dark - Street Lights On,,,,45.0,Vehicle - Pedalcyclist,1499,0,N,POINT (1269757.85400103 203607.7981485426),1122.0,0.0,Raining,2016-09-16,01:30:00,1.0,4,1,0.0,Raining
177747,229517,229877,3693092,Matched,Intersection,34741.0,35TH AVE SW AND SW BARTON ST,,,2,Injury Collision,Cycles,4,0,1,1,1,0,0,2016-10-29T00:00:00.000Z,10/29/2016 4:00:00 PM,At Intersection (intersection related),18,"MOTOR VEHICLE STRUCK PEDALCYCLIST, FRONT END AT ANGLE",Y,N,Clear or Partly Cloudy,Dry,Daylight,,,,45.0,Vehicle - Pedalcyclist,22851,0,N,POINT (1259076.849958092 193895.0501065999),347.0,0.0,Clear or Partly Cloudy,2016-10-29,16:00:00,16.0,5,0,1.0,Clear or Partly Cloudy