OBJECTID,INCKEY,COLDETKEY,REPORTNO,STATUS,ADDRTYPE,INTKEY,LOCATION,EXCEPTRSNC,EXCEPTRSND,SEVERITYCO,SEVERITYDE,COLLISIONT,PERSONCOUN,PEDCOUNT,PEDCYLCOUN,VEHCOUNT,INJURIES,SERIOUSINJ,FATALITIES,INCDATE,INCDTTM,JUNCTIONTY,SDOT_COLCO,SDOT_COLDE,INATTENTIO,UNDERINFL,WEATHER,ROADCOND,LIGHTCOND,PEDROWNOTG,SDOTCOLNUM,SPEEDING,ST_COLCODE,ST_COLDESC,SEGLANEKEY,CROSSWALKK,HITPARKEDC,geometry,near_str_index,min_length,weather_group,date,time,hour,dayofweek,weekday,rushhour,weather_group2
180966,236264,236704,3699575,Matched,Intersection,33100.0,AIRPORT WAY S AND S LUCILE ST,,,2,Injury Collision,Cycles,2,0,1,1,1,0,0,2017-03-02T00:00:00.000Z,3/2/2017 4:25:00 PM,At Intersection (intersection related),18,"MOTOR VEHICLE STRUCK PEDALCYCLIST, FRONT END AT ANGLE",,N,Raining,Wet,Daylight,Y,,,45.0,Vehicle - Pedalcyclist,0,522395,N,POINT (1273078.798132434 205396.5287743807),1827.0,0.0,Raining,2017-03-02,16:25:00,16.0,3,1,1.0,Raining
180997,236938,237378,3693507,Matched,Intersection,35427.0,RAINIER AVE S AND S CLOVERDALE ST,,,2,Injury Collision,Cycles,2,0,1,1,1,0,0,2017-03-16T00:00:00.000Z,3/16/2017 7:58:00 AM,At Intersection (intersection related),18,"MOTOR VEHICLE STRUCK PEDALCYCLIST, FRONT END AT ANGLE",,N,Clear or Partly Cloudy,Dry,Daylight,Y,,,45.0,Vehicle - Pedalcyclist,0,523391,N,POINT (1285490.46867314 195244.5082839876),6618.0,0.0,Clear or Partly Cloudy,2017-03-16,07:58:00,7.0,3,1,1.0,Clear or Partly Cloudy
179011,232845,233245,3771614,Matched,Block,,20TH AVE BETWEEN E YESLER WAY AND E FIR ST,,,1,Property Damage Only Collision,Cycles,2,0,1,1,0,0,0,2016-12-28T00:00:00.000Z,12/28/2016 2:34:00 PM,Driveway Junction,18,"MOTOR VEHICLE STRUCK PEDALCYCLIST, FRONT END AT ANGLE",,N,Overcast,Dry,Daylight,,,,45.0,Vehicle - Pedalcyclist,0,0,N,POINT (1277037.514168486 223132.4490485489),22036.0,1.5332340885944425e-10,Overcast,2016-12-28,14:34:00,14.0,2,1,0.0,Clear or Partly Cloudy
179020,232424,232824,3731663,Matched,Intersection,27039.0,FREMONT AVE N AND N 34TH ST,,,2,Injury Collision,Cycles,2,0,1,1,1,0,0,2016-12-04T00:00:00.000Z,12/4/2016 8:33:00 PM,At Intersection (intersection related),18,"MOTOR VEHICLE STRUCK PEDALCYCLIST, FRONT END AT ANGLE",,Y,Clear or Partly Cloudy,Dry,Dark - Street Lights On,Y,,,45.0,Vehicle - Pedalcyclist,0,522963,N,POINT (1266674.116909876 240632.7658664584),1223.0,0.0,Clear or Partly Cloudy,2016-12-04,20:33:00,20.0,6,0,0.0,Clear or Partly Cloudy
179049,232601,233001,3342444,Matched,Intersection,32969.0,21ST AVE SW AND SW GRAHAM ST,,,2,Injury Collision,Cycles,2,0,1,1,1,0,0,2016-12-26T00:00:00.000Z,12/26/2016 12:31:00 PM,At Intersection (intersection related),18,"MOTOR VEHICLE STRUCK PEDALCYCLIST, FRONT END AT ANGLE",,N,Clear or Partly Cloudy,Dry,Daylight,,,,45.0,Vehicle - Pedalcyclist,0,0,N,POINT (1263470.901546597 203095.9781160206),2160.0,0.0,Clear or Partly Cloudy,2016-12-26,12:31:00,12.0,0,1,0.0,Clear or Partly Cloudy
179068,233601,234001,E631988,Matched,Block,,SW AVALON WAY BETWEEN 35TH AVE SW AND 36TH AVE SW,,,2b,Serious Injury Collision,Cycles,2,0,1,1,1,1,0,2016-12-14T00:00:00.000Z,12/14/2016 7:45:00 PM,Mid-Block (not related to intersection),18,"MOTOR VEHICLE STRUCK PEDALCYCLIST, FRONT END AT ANGLE",,N,Clear or Partly Cloudy,Dry,Dark - Street Lights On,,,,45.0,Vehicle - Pedalcyclist,0,0,N,POINT (1259377.658598393 209579.5628906637),7944.0,1.5738082720259015e-05,Clear or Partly Cloudy,2016-12-14,19:45:00,19.0,2,1,1.0,Clear or Partly Cloudy
179083,233043,233443,E616424,Matched,Intersection,27228.0,4TH AVE NE AND NE 40TH ST,,,2,Injury Collision,Cycles,2,0,1,1,1,0,0,2016-12-01T00:00:00.000Z,12/1/2016 4:08:00 PM,At Intersection (intersection related),18,"MOTOR VEHICLE STRUCK PEDALCYCLIST, FRONT END AT ANGLE",,N,Clear or Partly Cloudy,Dry,Dusk,,,,45.0,Vehicle - Pedalcyclist,0,0,N,POINT (1272922.147892267 242677.3748925626),401.0,0.0,Clear or Partly Cloudy,2016-12-01,16:08:00,16.0,3,1,1.0,Clear or Partly Cloudy
179092,233040,233440,E616422,Matched,Block,,12TH AVE NE BETWEEN NE 50TH ST AND NE 52ND ST,,,2,Injury Collision,Cycles,2,0,1,1,1,0,0,2016-12-02T00:00:00.000Z,12/2/2016 3:00:00 PM,Mid-Block (but intersection related),18,"MOTOR VEHICLE STRUCK PEDALCYCLIST, FRONT END AT ANGLE",Y,N,Raining,Wet,Daylight,,,,45.0,Vehicle - Pedalcyclist,0,0,N,POINT (1275293.732662693 246335.1078242958),2326.0,4.313014869561843e-06,Raining,2016-12-02,15:00:00,15.0,4,1,1.0,Raining
179110,231629,232029,E614836,Matched,Block,,12TH AVE BETWEEN E CHERRY ST AND E COLUMBIA ST,,,2b,Serious Injury Collision,Cycles,2,0,1,1,1,1,0,2016-11-29T00:00:00.000Z,11/29/2016 5:17:00 PM,Mid-Block (not related to intersection),18,"MOTOR VEHICLE STRUCK PEDALCYCLIST, FRONT END AT ANGLE",Y,N,Clear or Partly Cloudy,Dry,Dark - Street Lights On,,,,45.0,Vehicle - Pedalcyclist,10685,0,N,POINT (1274510.530229896 225541.1101710051),5015.0,0.0,Clear or Partly Cloudy,2016-11-29,17:17:00,17.0,1,1,1.0,Clear or Partly Cloudy
179135,234198,234598,E629344,Matched,Block,,FREMONT AVE N BETWEEN XW N40 AND N 41ST ST,,,1,Property Damage Only Collision,Cycles,2,0,1,1,0,0,0,2017-01-04T00:00:00.000Z,1/4/2017 7:52:00 AM,Mid-Block (not related to intersection),18,"MOTOR VEHICLE STRUCK PEDALCYCLIST, FRONT END AT ANGLE",,N,Clear or Partly Cloudy,Dry,Daylight,Y,,,45.0,Vehicle - Pedalcyclist,10490,0,N,POINT (1266673.555501878 242983.9267008752),11089.0,7.38948133517978e-09,Clear or Partly Cloudy,2017-01-04,07:52:00,7.0,2,1,1.0,Clear or Partly Cloudy
179235,234774,235174,E636092,Matched,Block,,15TH AVE BETWEEN E HOWELL ST AND E DENNY WAY,,,2,Injury Collision,Cycles,0,0,1,1,1,0,0,2017-01-26T00:00:00.000Z,1/26/2017 4:09:00 PM,Mid-Block (not related to intersection),51,PEDALCYCLIST STRUCK MOTOR VEHICLE FRONT END AT ANGLE,,N,Clear or Partly Cloudy,Dry,Daylight,,,,45.0,Vehicle - Pedalcyclist,8595,0,N,POINT (1275570.714870974 228961.858398512),5092.0,1.7578388778115804e-05,Clear or Partly Cloudy,2017-01-26,16:09:00,16.0,3,1,1.0,Clear or Partly Cloudy
179299,231820,232220,3784756,Matched,Intersection,28287.0,EASTLAKE AVE E AND E HAMLIN ST,,,1,Property Damage Only Collision,Cycles,2,0,1,1,0,0,0,2016-11-28T00:00:00.000Z,11/28/2016 5:25:00 PM,At Intersection (intersection related),18,"MOTOR VEHICLE STRUCK PEDALCYCLIST, FRONT END AT ANGLE",,N,Clear or Partly Cloudy,Dry,Daylight,Y,,,45.0,Vehicle - Pedalcyclist,24699,0,N,POINT (1272528.017459869 239071.3901208639),6841.0,0.0,Clear or Partly Cloudy,2016-11-28,17:25:00,17.0,0,1,1.0,Clear or Partly Cloudy
179323,233628,234028,E628295,Matched,Intersection,29872.0,BOREN AVE AND PINE ST,,,2,Injury Collision,Cycles,1,0,1,1,1,0,0,2017-01-04T00:00:00.000Z,1/4/2017 10:00:00 AM,At Intersection (intersection related),18,"MOTOR VEHICLE STRUCK PEDALCYCLIST, FRONT END AT ANGLE",,N,Clear or Partly Cloudy,Dry,Daylight,,,,45.0,Vehicle - Pedalcyclist,12223,0,N,POINT (1271335.12145865 227723.9425572455),896.0,0.0,Clear or Partly Cloudy,2017-01-04,10:00:00,10.0,2,1,0.0,Clear or Partly Cloudy
179355,232869,233269,3708219,Matched,Intersection,25404.0,15TH AVE NW AND NW 57TH ST,,,1,Property Damage Only Collision,Cycles,2,0,1,1,0,0,0,2016-12-23T00:00:00.000Z,12/23/2016 1:07:00 PM,At Intersection (intersection related),51,PEDALCYCLIST STRUCK MOTOR VEHICLE FRONT END AT ANGLE,Y,N,Raining,Wet,Daylight,,,,45.0,Vehicle - Pedalcyclist,0,25404,N,POINT (1260302.637607351 248268.409778282),2398.0,0.0,Raining,2016-12-23,13:07:00,13.0,4,1,0.0,Raining
179379,231651,232051,3786771,Matched,Block,,MONTLAKE BLVD NE BETWEEN NE 44TH ST AND NE 45TH ST RP,,,1,Property Damage Only Collision,Cycles,2,0,1,1,0,0,0,2016-11-19T00:00:00.000Z,11/19/2016 5:06:00 PM,Mid-Block (not related to intersection),14,"MOTOR VEHICLE STRUCK MOTOR VEHICLE, REAR END",Y,N,Overcast,Wet,Dark - Street Lights On,,,,45.0,Vehicle - Pedalcyclist,26540,0,N,POINT (1279071.98553057 244381.0032463074),6548.0,3.3001917648503368e-06,Overcast,2016-11-19,17:06:00,17.0,5,0,1.0,Clear or Partly Cloudy
179435,232637,233037,E619042,Matched,Intersection,29812.0,BROADWAY AND JEFFERSON ST,,,2,Injury Collision,Cycles,2,0,1,1,1,0,0,2016-12-07T00:00:00.000Z,12/7/2016 6:25:00 PM,At Intersection (intersection related),18,"MOTOR VEHICLE STRUCK PEDALCYCLIST, FRONT END AT ANGLE",,N,Clear or Partly Cloudy,Dry,Dark - Street Lights On,,,,45.0,Vehicle - Pedalcyclist,11859,0,N,POINT (1273514.358580872 224673.7478661239),3409.0,0.0,Clear or Partly Cloudy,2016-12-07,18:25:00,18.0,2,1,1.0,Clear or Partly Cloudy
179526,234548,234948,3747539,Matched,Intersection,28391.0,MONTLAKE BLVD E AND EAST MONTLAKE PL E,NEI,"Not Enough Information, or Insufficient Location Information",1,Property Damage Only Collision,Cycles,2,0,1,1,0,0,0,2016-12-18T00:00:00.000Z,12/18/2016 4:00:00 PM,At Intersection (intersection related),0,NOT ENOUGH INFORMATION / NOT APPLICABLE,Y,N,Clear or Partly Cloudy,Dry,Daylight,,,,45.0,Vehicle - Pedalcyclist,0,523787,N,POINT (1277884.579897344 238361.7099921405),12025.0,0.0,Clear or Partly Cloudy,2016-12-18,16:00:00,16.0,6,0,1.0,Clear or Partly Cloudy
179608,233446,233846,3550006,Matched,Block,,E UNION ST BETWEEN 21ST AVE AND 22ND AVE,,,2,Injury Collision,Cycles,2,0,1,1,1,0,0,2017-01-02T00:00:00.000Z,1/2/2017 5:38:00 PM,Mid-Block (not related to intersection),18,"MOTOR VEHICLE STRUCK PEDALCYCLIST, FRONT END AT ANGLE",,N,Clear or Partly Cloudy,Dry,Dark - Street Lights On,Y,,,45.0,Vehicle - Pedalcyclist,14899,0,N,POINT (1277619.68812108 227044.5442205518),12034.0,2.24668526266005e-05,Clear or Partly Cloudy,2017-01-02,17:38:00,17.0,0,1,1.0,Clear or Partly Cloudy
179612,232893,233293,3769546,Matched,Intersection,37339.0,AURORA AVE N AND N 91ST ST,,,2,Injury Collision,Cycles,2,0,1,1,1,0,0,2016-11-23T00:00:00.000Z,11/23/2016 12:07:00 PM,At Intersection (intersection related),18,"MOTOR VEHICLE STRUCK PEDALCYCLIST, FRONT END AT ANGLE",,N,Overcast,Dry,Daylight,,,,45.0,Vehicle - Pedalcyclist,16376,0,N,POINT (1268273.743663505 257135.8775633574),3343.0,0.0,Overcast,2016-11-23,12:07:00,12.0,2,1,0.0,Clear or Partly Cloudy
179626,233668,234068,3550018,Matched,Intersection,29860.0,SUMMIT AVE AND E PINE ST,,,2,Injury Collision,Cycles,2,1,1,0,1,0,0,2017-01-22T00:00:00.000Z,1/22/2017 1:30:00 PM,At Intersection (intersection related),64,PEDALCYCLIST STRUCK PEDESTRIAN,,N,Overcast,Wet,Daylight,,,,45.0,Vehicle - Pedalcyclist,0,631183,N,POINT (1272399.309875742 227981.0989095122),1148.0,0.0,Overcast,2017-01-22,13:30:00,13.0,6,0,0.0,Clear or Partly Cloudy
179775,234070,234470,3771923,Matched,Intersection,29813.0,JAMES ST AND MINOR AVE,,,2,Injury Collision,Cycles,2,0,1,1,1,0,0,2017-01-25T00:00:00.000Z,1/25/2017 7:45:00 AM,At Intersection (intersection related),18,"MOTOR VEHICLE STRUCK PEDALCYCLIST, FRONT END AT ANGLE",,N,Clear or Partly Cloudy,Dry,Daylight,,,,45.0,Vehicle - Pedalcyclist,0,29813,N,POINT (1273354.014004707 224944.9222663939),11136.0,0.0,Clear or Partly Cloudy,2017-01-25,07:45:00,7.0,2,1,1.0,Clear or Partly Cloudy
179821,234905,235305,3692810,Matched,Block,,63RD AVE SW BETWEEN SW ADMIRAL WAY AND SW HINDS ST,,,2,Injury Collision,Cycles,2,0,1,1,1,0,0,2017-02-02T00:00:00.000Z,2/2/2017 8:33:00 AM,Mid-Block (not related to intersection),16,"MOTOR VEHICLE STRUCK MOTOR VEHICLE, LEFT SIDE SIDESWIPE",,N,Overcast,Dry,Dawn,Y,,,45.0,Vehicle - Pedalcyclist,27812,0,N,POINT (1250435.567965239 213761.1824149489),8698.0,9.880439345822954e-06,Overcast,2017-02-02,08:33:00,8.0,3,1,1.0,Clear or Partly Cloudy
179845,232717,233117,E619063,Matched,Block,,LAKE WASHINGTON BLVD E BETWEEN E ROANOKE ST AND E LAKE WASHINGTON BLVD,,,2,Injury Collision,Cycles,2,0,1,1,1,0,0,2016-12-06T00:00:00.000Z,12/6/2016 4:45:00 PM,Mid-Block (not related to intersection),18,"MOTOR VEHICLE STRUCK PEDALCYCLIST, FRONT END AT ANGLE",,N,Overcast,Wet,Dark - Street Lights On,,,,45.0,Vehicle - Pedalcyclist,0,28347,N,POINT (1279179.541626677 238230.9268240035),19850.0,3.856092785777655e-06,Overcast,2016-12-06,16:45:00,16.0,1,1,1.0,Clear or Partly Cloudy
178001,228902,229262,3590630,Matched,Block,,ELLIOTT AVE W BETWEEN W GALER ST FLYOVER AND W GALER ST,,,2b,Serious Injury Collision,Cycles,2,0,1,1,1,1,0,2016-10-17T00:00:00.000Z,10/17/2016 5:31:00 PM,Mid-Block (not related to intersection),11,"MOTOR VEHICLE STRUCK MOTOR VEHICLE, FRONT END AT ANGLE",Y,N,Clear or Partly Cloudy,Dry,Daylight,,,,45.0,Vehicle - Pedalcyclist,19273,0,N,POINT (1260282.714535326 234292.2795879692),17216.0,0.0,Clear or Partly Cloudy,2016-10-17,17:31:00,17.0,0,1,1.0,Clear or Partly Cloudy
178031,230577,230977,3736617,Matched,Intersection,29555.0,STEWART ST AND WESTLAKE AVE,,,2,Injury Collision,Cycles,2,0,1,1,1,0,0,2016-10-11T00:00:00.000Z,10/11/2016 3:00:00 PM,At Intersection (intersection related),18,"MOTOR VEHICLE STRUCK PEDALCYCLIST, FRONT END AT ANGLE",,N,Clear or Partly Cloudy,Dry,Daylight,,,,45.0,Vehicle - Pedalcyclist,13628,0,N,POINT (1269450.543408722 227338.7078688443),6680.0,0.0,Clear or Partly Cloudy,2016-10-11,15:00:00,15.0,1,1,1.0,Clear or Partly Cloudy
178067,227750,228090,E588018,Matched,Intersection,35421.0,54TH AVE S AND S GRATTAN W ST,,,2,Injury Collision,Cycles,1,0,1,1,1,0,0,2016-09-22T00:00:00.000Z,9/22/2016 5:42:00 PM,At Intersection (but not related to intersection),18,"MOTOR VEHICLE STRUCK PEDALCYCLIST, FRONT END AT ANGLE",,N,Clear or Partly Cloudy,Dry,Daylight,,,,45.0,Vehicle - Pedalcyclist,0,0,N,POINT (1286689.020482361 196076.562556833),7714.0,0.0,Clear or Partly Cloudy,2016-09-22,17:42:00,17.0,3,1,1.0,Clear or Partly Cloudy
178119,227922,228262,3739958,Matched,Alley,,,,,2,Injury Collision,Cycles,3,0,1,1,1,0,0,2016-09-29T00:00:00.000Z,9/29/2016 3:11:00 PM,,0,NOT ENOUGH INFORMATION / NOT APPLICABLE,,N,Clear or Partly Cloudy,Dry,Daylight,,,,45.0,Vehicle - Pedalcyclist,0,0,N,,,,Clear or Partly Cloudy,2016-09-29,15:11:00,15.0,3,1,1.0,Clear or Partly Cloudy
178131,228658,229018,3771485,Matched,Intersection,29064.0,12TH AVE AND E DENNY WAY,,,2,Injury Collision,Cycles,2,0,1,1,1,0,0,2016-09-17T00:00:00.000Z,9/17/2016 11:37:00 PM,At Intersection (intersection related),18,"MOTOR VEHICLE STRUCK PEDALCYCLIST, FRONT END AT ANGLE",,Y,Raining,Wet,Dark - Street Lights On,,,,45.0,Vehicle - Pedalcyclist,10872,0,N,POINT (1274549.686069936 229234.5675827861),1075.0,0.0,Raining,2016-09-17,23:37:00,23.0,5,0,0.0,Raining
178165,229280,229640,E593027,Matched,Block,,6TH AVE BETWEEN WESTLAKE AVE AND VIRGINIA ST,,,2,Injury Collision,Cycles,1,0,1,1,1,0,0,2016-09-22T00:00:00.000Z,9/22/2016 7:59:00 PM,Mid-Block (not related to intersection),51,PEDALCYCLIST STRUCK MOTOR VEHICLE FRONT END AT ANGLE,,N,Clear or Partly Cloudy,Dry,Dark - Street Lights On,,,,45.0,Vehicle - Pedalcyclist,25435,0,N,POINT (1269331.944560587 227657.5867811739),11861.0,2.4979600990032933e-05,Clear or Partly Cloudy,2016-09-22,19:59:00,19.0,3,1,1.0,Clear or Partly Cloudy
178186,231219,231619,3762656,Matched,Block,,ROOSEVELT WAY NE BETWEEN NE 43RD N ST AND NE 45TH ST,,,2,Injury Collision,Cycles,2,0,1,1,1,0,0,2016-11-11T00:00:00.000Z,11/11/2016 8:30:00 AM,Driveway Junction,51,PEDALCYCLIST STRUCK MOTOR VEHICLE FRONT END AT ANGLE,,N,Overcast,Wet,Daylight,Y,,,45.0,Vehicle - Pedalcyclist,45557,0,N,POINT (1274643.41477403 244486.5489104092),22683.0,1.6744602144952038e-05,Overcast,2016-11-11,08:30:00,8.0,4,1,1.0,Clear or Partly Cloudy
178212,227941,228281,3120418,Matched,Intersection,27149.0,15TH AVE NE AND NE PACIFIC ST,,,2,Injury Collision,Cycles,2,0,1,1,1,0,0,2016-08-16T00:00:00.000Z,8/16/2016 5:27:00 AM,At Intersection (intersection related),51,PEDALCYCLIST STRUCK MOTOR VEHICLE FRONT END AT ANGLE,Y,N,Clear or Partly Cloudy,Dry,Dark - Street Lights On,,,,45.0,Vehicle - Pedalcyclist,0,520838,N,POINT (1275885.728567302 241688.8779955506),1534.0,0.0,Clear or Partly Cloudy,2016-08-16,05:27:00,5.0,1,1,0.0,Clear or Partly Cloudy
178216,227939,228279,2880209,Matched,Block,,S ROYAL BROUGHAM WAY BETWEEN ALASKAN WAY S AND ALASKAN E RDWY WAY S,,,2,Injury Collision,Cycles,2,0,1,1,1,0,0,2016-08-15T00:00:00.000Z,8/15/2016 1:10:00 PM,Mid-Block (not related to intersection),51,PEDALCYCLIST STRUCK MOTOR VEHICLE FRONT END AT ANGLE,,N,Clear or Partly Cloudy,Dry,Daylight,,,,45.0,Vehicle - Pedalcyclist,0,0,N,,,,Clear or Partly Cloudy,2016-08-15,13:10:00,13.0,0,1,0.0,Clear or Partly Cloudy
178288,230594,230994,3737145,Matched,Intersection,26659.0,LEARY WAY NW AND NW BOWDOIN N PL,,,2b,Serious Injury Collision,Cycles,2,0,1,1,1,1,0,2016-10-13T00:00:00.000Z,10/13/2016 8:00:00 AM,At Intersection (intersection related),18,"MOTOR VEHICLE STRUCK PEDALCYCLIST, FRONT END AT ANGLE",,N,Raining,Wet,Daylight,Y,,,45.0,Vehicle - Pedalcyclist,17416,0,N,POINT (1263924.033067062 242729.7788606137),7576.0,0.0,Raining,2016-10-13,08:00:00,8.0,3,1,1.0,Raining
178355,230781,231181,E603988,Matched,Intersection,26949.0,FREMONT AVE N AND N 43RD S ST,,,2,Injury Collision,Cycles,0,0,1,0,1,0,0,2016-11-03T00:00:00.000Z,11/3/2016 10:27:00 AM,At Intersection (intersection related),18,"MOTOR VEHICLE STRUCK PEDALCYCLIST, FRONT END AT ANGLE",,N,Clear or Partly Cloudy,Wet,Daylight,,,,45.0,Vehicle - Pedalcyclist,8427,0,N,POINT (1266675.922989875 244049.2105419636),3534.0,0.0,Clear or Partly Cloudy,2016-11-03,10:27:00,10.0,3,1,0.0,Clear or Partly Cloudy
178366,228699,229059,3769259,Matched,Intersection,27281.0,MERIDIAN AVE N AND N NORTHLAKE WAY,,,2,Injury Collision,Cycles,2,0,1,1,1,0,0,2016-09-22T00:00:00.000Z,9/22/2016 7:45:00 AM,At Intersection (intersection related),18,"MOTOR VEHICLE STRUCK PEDALCYCLIST, FRONT END AT ANGLE",,N,Clear or Partly Cloudy,Dry,Daylight,,,,45.0,Vehicle - Pedalcyclist,0,630857,N,POINT (1270553.529905841 239563.4763933718),17978.0,0.0,Clear or Partly Cloudy,2016-09-22,07:45:00,7.0,3,1,1.0,Clear or Partly Cloudy
178377,228425,228765,3762482,Matched,Intersection,27184.0,EASTERN AVE N AND N 45TH ST,,,2,Injury Collision,Cycles,2,0,1,1,1,0,0,2016-09-20T00:00:00.000Z,9/20/2016 4:45:00 PM,At Intersection (intersection related),18,"MOTOR VEHICLE STRUCK PEDALCYCLIST, FRONT END AT ANGLE",,N,Clear or Partly Cloudy,Dry,Daylight,,,,45.0,Vehicle - Pedalcyclist,6523,0,N,POINT (1271878.001203194 244826.3482067585),9056.0,0.0,Clear or Partly Cloudy,2016-09-20,16:45:00,16.0,1,1,1.0,Clear or Partly Cloudy
178379,227947,228287,3754736,Matched,Intersection,32298.0,15TH AVE S AND S NEVADA ST,,,2,Injury Collision,Cycles,2,0,1,1,1,0,0,2016-09-30T00:00:00.000Z,9/30/2016 4:15:00 PM,At Intersection (intersection related),18,"MOTOR VEHICLE STRUCK PEDALCYCLIST, FRONT END AT ANGLE",Y,N,Clear or Partly Cloudy,Dry,Daylight,,,,45.0,Vehicle - Pedalcyclist,0,32298,N,POINT (1275017.876790419 209726.2401388139),2404.0,0.0,Clear or Partly Cloudy,2016-09-30,16:15:00,16.0,4,1,1.0,Clear or Partly Cloudy
178391,227769,228109,E588061,Matched,Intersection,29914.0,6TH AVE AND UNIVERSITY ST,,,2,Injury Collision,Cycles,4,0,1,1,1,0,0,2016-09-22T00:00:00.000Z,9/22/2016 1:43:00 PM,At Intersection (intersection related),18,"MOTOR VEHICLE STRUCK PEDALCYCLIST, FRONT END AT ANGLE",,N,Clear or Partly Cloudy,Dry,Daylight,,,,45.0,Vehicle - Pedalcyclist,36453,0,N,POINT (1270602.618929893 225805.6667152792),997.0,0.0,Clear or Partly Cloudy,2016-09-22,13:43:00,13.0,3,1,0.0,Clear or Partly Cloudy
178401,230293,230693,3771701,Matched,Intersection,30086.0,26TH AVE AND E JEFFERSON ST,,,2,Injury Collision,Cycles,2,0,1,1,1,0,0,2016-10-24T00:00:00.000Z,10/24/2016 5:48:00 PM,At Intersection (intersection related),18,"MOTOR VEHICLE STRUCK PEDALCYCLIST, FRONT END AT ANGLE",,N,Overcast,Wet,Dusk,,,,45.0,Vehicle - Pedalcyclist,0,0,N,POINT (1278903.961658388 224556.1852419972),219.0,0.0,Overcast,2016-10-24,17:48:00,17.0,0,1,1.0,Clear or Partly Cloudy
178442,231239,231639,3746587,Matched,Block,,SPRING ST BETWEEN 3RD AVE AND 4TH AVE,,,2,Injury Collision,Cycles,2,0,1,1,1,0,0,2016-11-07T00:00:00.000Z,11/7/2016 9:51:00 AM,Driveway Junction,18,"MOTOR VEHICLE STRUCK PEDALCYCLIST, FRONT END AT ANGLE",,N,Clear or Partly Cloudy,Dry,Daylight,,,,45.0,Vehicle - Pedalcyclist,13492,0,N,POINT (1270220.023729503 224867.8761223257),23172.0,6.412256910693588e-09,Clear or Partly Cloudy,2016-11-07,09:51:00,9.0,0,1,1.0,Clear or Partly Cloudy
178461,230782,231182,3737147,Matched,Intersection,26605.0,8TH AVE NW AND NW 45TH ST,,,2,Injury Collision,Cycles,2,0,1,1,1,0,0,2016-11-18T00:00:00.000Z,11/18/2016 11:49:00 PM,At Intersection (intersection related),51,PEDALCYCLIST STRUCK MOTOR VEHICLE FRONT END AT ANGLE,Y,N,Overcast,Dry,Dark - Street Lights On,,,,45.0,Vehicle - Pedalcyclist,2280,0,N,POINT (1262712.39504981 245042.3817429841),6057.0,0.0,Overcast,2016-11-18,23:49:00,23.0,4,1,0.0,Clear or Partly Cloudy
178468,230607,231007,3769629,Matched,Intersection,24363.0,PHINNEY AVE N AND N 65TH ST,,,2,Injury Collision,Cycles,2,0,1,1,1,0,0,2016-10-04T00:00:00.000Z,10/4/2016 6:55:00 PM,At Intersection (intersection related),51,PEDALCYCLIST STRUCK MOTOR VEHICLE FRONT END AT ANGLE,Y,N,Raining,Wet,Dark - Street Lights On,Y,,,45.0,Vehicle - Pedalcyclist,3869,0,N,POINT (1265729.658924907 250295.0803723633),3701.0,0.0,Raining,2016-10-04,18:55:00,18.0,1,1,1.0,Raining
178493,227784,228124,3693270,Matched,Block,,ALKI AVE SW BETWEEN 56TH AVE SW AND 57TH AVE SW,,,2,Injury Collision,Cycles,2,0,1,1,1,0,0,2016-09-10T00:00:00.000Z,9/10/2016 6:01:00 PM,Mid-Block (not related to intersection),51,PEDALCYCLIST STRUCK MOTOR VEHICLE FRONT END AT ANGLE,,N,Clear or Partly Cloudy,Dry,Daylight,Y,,,45.0,Vehicle - Pedalcyclist,3622,0,N,POINT (1252654.462879509 216088.7597613335),17563.0,7.011441087669059e-06,Clear or Partly Cloudy,2016-09-10,18:01:00,18.0,5,0,1.0,Clear or Partly Cloudy
178497,227961,228301,3707460,Matched,Block,,15TH AVE E BETWEEN E HARRISON S ST AND E HARRISON N ST,NEI,"Not Enough Information, or Insufficient Location Information",1,Property Damage Only Collision,Cycles,2,0,1,1,0,0,0,2016-08-18T00:00:00.000Z,8/18/2016 4:00:00 PM,Mid-Block (not related to intersection),0,NOT ENOUGH INFORMATION / NOT APPLICABLE,,N,Clear or Partly Cloudy,Dry,Daylight,,,,45.0,Vehicle - Pedalcyclist,8567,0,N,POINT (1275624.546487033 230399.2137279809),12284.0,0.0,Clear or Partly Cloudy,2016-08-18,16:00:00,16.0,3,1,1.0,Clear or Partly Cloudy
178559,230306,230706,3782769,Matched,Intersection,166842.0,BEACON ER AVE S AND CHEASTY BLVD S,,,2,Injury Collision,Cycles,2,0,1,1,1,0,0,2016-10-19T00:00:00.000Z,10/19/2016 8:28:00 AM,At Intersection (intersection related),18,"MOTOR VEHICLE STRUCK PEDALCYCLIST, FRONT END AT ANGLE",Y,N,Overcast,Wet,Daylight,Y,,,45.0,Vehicle - Pedalcyclist,13064,0,N,POINT (1277119.674936563 208185.4731612355),2175.0,0.0,Overcast,2016-10-19,08:28:00,8.0,2,1,1.0,Clear or Partly Cloudy