OBJECTID,INCKEY,COLDETKEY,REPORTNO,STATUS,ADDRTYPE,INTKEY,LOCATION,EXCEPTRSNC,EXCEPTRSND,SEVERITYCO,SEVERITYDE,COLLISIONT,PERSONCOUN,PEDCOUNT,PEDCYLCOUN,VEHCOUNT,INJURIES,SERIOUSINJ,FATALITIES,INCDATE,INCDTTM,JUNCTIONTY,SDOT_COLCO,SDOT_COLDE,INATTENTIO,UNDERINFL,WEATHER,ROADCOND,LIGHTCOND,PEDROWNOTG,SDOTCOLNUM,SPEEDING,ST_COLCODE,ST_COLDESC,SEGLANEKEY,CROSSWALKK,HITPARKEDC,geometry,near_str_index,min_length,weather_group,date,time,hour,dayofweek,weekday,rushhour,weather_group2
178564,229997,230397,E596914,Matched,Intersection,29751.0,14TH AVE AND E MADISON ST,,,2,Injury Collision,Cycles,1,0,1,1,1,0,0,2016-10-07T00:00:00.000Z,10/7/2016 2:35:00 PM,At Intersection (intersection related),18,"MOTOR VEHICLE STRUCK PEDALCYCLIST, FRONT END AT ANGLE",Y,N,Clear or Partly Cloudy,Dry,Daylight,,,,45.0,Vehicle - Pedalcyclist,22968,0,N,POINT (1275178.64351058 227444.4294689596),64.0,0.0,Clear or Partly Cloudy,2016-10-07,14:35:00,14.0,4,1,0.0,Clear or Partly Cloudy
178595,230798,231198,3787174,Matched,Block,,N 50TH ST BETWEEN PHINNEY E AVE N AND DAYTON AVE N,,,2,Injury Collision,Cycles,3,0,1,2,1,0,0,2016-10-10T00:00:00.000Z,10/10/2016 9:00:00 AM,Mid-Block (not related to intersection),14,"MOTOR VEHICLE STRUCK MOTOR VEHICLE, REAR END",Y,N,Clear or Partly Cloudy,Dry,Dawn,Y,,,45.0,Vehicle - Pedalcyclist,9723,0,N,POINT (1265901.097261086 246276.9990882427),21623.0,1.6275945683711372e-10,Clear or Partly Cloudy,2016-10-10,09:00:00,9.0,0,1,1.0,Clear or Partly Cloudy
178628,231048,231448,E600073,Matched,Block,,24TH AVE NW BETWEEN NW 57TH ST AND NW 58TH ST,,,2,Injury Collision,Cycles,1,0,1,1,1,0,0,2016-10-11T00:00:00.000Z,10/11/2016 8:22:00 AM,Mid-Block (not related to intersection),18,"MOTOR VEHICLE STRUCK PEDALCYCLIST, FRONT END AT ANGLE",Y,N,Clear or Partly Cloudy,Dry,Daylight,,,,45.0,Vehicle - Pedalcyclist,1893,0,N,POINT (1257503.587108478 248463.4783224761),18681.0,1.501246265567391e-10,Clear or Partly Cloudy,2016-10-11,08:22:00,8.0,1,1,1.0,Clear or Partly Cloudy
178677,229612,229972,3579469,Matched,Intersection,31563.0,RAINIER AVE S AND S WALKER ST,,,1,Property Damage Only Collision,Cycles,2,0,1,1,0,0,0,2016-10-26T00:00:00.000Z,10/26/2016 4:53:00 PM,At Intersection (intersection related),18,"MOTOR VEHICLE STRUCK PEDALCYCLIST, FRONT END AT ANGLE",,N,Raining,Wet,Daylight,Y,,,45.0,Vehicle - Pedalcyclist,0,31563,N,POINT (1277932.772665396 216359.6545456052),4613.0,0.0,Raining,2016-10-26,16:53:00,16.0,2,1,1.0,Raining
178705,229618,229978,3739990,Matched,Block,,BELL ST BETWEEN 6TH AVE AND 7TH AVE,NEI,"Not Enough Information, or Insufficient Location Information",1,Property Damage Only Collision,Cycles,2,0,1,1,0,0,0,2016-10-06T00:00:00.000Z,10/6/2016 5:20:00 PM,Mid-Block (not related to intersection),0,NOT ENOUGH INFORMATION / NOT APPLICABLE,,N,Overcast,Dry,Daylight,,,,45.0,Vehicle - Pedalcyclist,14244,0,Y,POINT (1268403.411759645 228719.6571822613),15181.0,3.8843988699148106e-05,Overcast,2016-10-06,17:20:00,17.0,3,1,1.0,Clear or Partly Cloudy
178732,231251,231651,3762265,Matched,Block,,MERIDIAN AVE N BETWEEN COLLEGE WAY N AND N 105TH ST,,,2,Injury Collision,Cycles,2,0,1,1,1,0,0,2016-11-08T00:00:00.000Z,11/8/2016 4:51:00 PM,Driveway Junction,51,PEDALCYCLIST STRUCK MOTOR VEHICLE FRONT END AT ANGLE,,N,Clear or Partly Cloudy,Dry,Dark - Street Lights On,Y,,,45.0,Vehicle - Pedalcyclist,0,0,N,POINT (1270963.312050268 260446.1893747449),15948.0,7.521674263131875e-09,Clear or Partly Cloudy,2016-11-08,16:51:00,16.0,1,1,1.0,Clear or Partly Cloudy
178735,230627,231027,3784932,Matched,Intersection,27606.0,THORNDYKE AVE W AND THORNDYKE PL W,,,2,Injury Collision,Cycles,2,0,1,1,1,0,0,2016-10-11T00:00:00.000Z,10/11/2016 11:27:00 AM,At Intersection (intersection related),51,PEDALCYCLIST STRUCK MOTOR VEHICLE FRONT END AT ANGLE,,N,Clear or Partly Cloudy,Dry,Daylight,,,,45.0,Vehicle - Pedalcyclist,16084,0,N,POINT (1257356.152100325 237083.1225988269),13145.0,0.0,Clear or Partly Cloudy,2016-10-11,11:27:00,11.0,1,1,0.0,Clear or Partly Cloudy
178748,231052,231452,E600071,Matched,Intersection,28287.0,EASTLAKE AVE E AND E HAMLIN ST,,,2,Injury Collision,Cycles,1,0,1,1,1,0,0,2016-10-24T00:00:00.000Z,10/24/2016 11:20:00 AM,At Intersection (intersection related),18,"MOTOR VEHICLE STRUCK PEDALCYCLIST, FRONT END AT ANGLE",,N,Clear or Partly Cloudy,Dry,Daylight,,,,45.0,Vehicle - Pedalcyclist,24681,0,N,POINT (1272528.017459869 239071.3901208639),6841.0,0.0,Clear or Partly Cloudy,2016-10-24,11:20:00,11.0,0,1,0.0,Clear or Partly Cloudy
178772,231439,231839,3693312,Matched,Block,,HARBOR AVE SW BETWEEN SW HARBOR LN AND SW SPOKANE NR ST,,,1,Property Damage Only Collision,Cycles,2,0,1,1,0,0,0,2016-11-22T00:00:00.000Z,11/22/2016 1:41:00 PM,Driveway Junction,18,"MOTOR VEHICLE STRUCK PEDALCYCLIST, FRONT END AT ANGLE",,N,Overcast,Dry,Daylight,Y,,,45.0,Vehicle - Pedalcyclist,0,0,N,POINT (1260904.91856797 213282.4192784578),17935.0,1.846088512135144e-05,Overcast,2016-11-22,13:41:00,13.0,1,1,0.0,Clear or Partly Cloudy
178784,232577,232977,3769402,Matched,Block,,ROOSEVELT WAY NE BETWEEN NE 42ND S ST AND NE 42ND N ST,,,2,Injury Collision,Cycles,2,0,1,1,1,0,0,2016-12-07T00:00:00.000Z,12/7/2016 8:12:00 AM,Mid-Block (not related to intersection),18,"MOTOR VEHICLE STRUCK PEDALCYCLIST, FRONT END AT ANGLE",,N,Clear or Partly Cloudy,Dry,Daylight,Y,,,45.0,Vehicle - Pedalcyclist,45514,0,N,POINT (1274608.015925989 243525.6699334234),15971.0,2.6929028394455945e-05,Clear or Partly Cloudy,2016-12-07,08:12:00,8.0,2,1,1.0,Clear or Partly Cloudy
178846,234752,235152,3771824,Matched,Block,,E HOWELL ST BETWEEN SUMMIT E AVE AND BELMONT AVE,,,2,Injury Collision,Cycles,2,0,1,1,1,0,0,2016-12-13T00:00:00.000Z,12/13/2016 7:51:00 PM,Mid-Block (not related to intersection),51,PEDALCYCLIST STRUCK MOTOR VEHICLE FRONT END AT ANGLE,,N,Clear or Partly Cloudy,Dry,Dark - Street Lights On,,,,45.0,Vehicle - Pedalcyclist,0,0,N,POINT (1272572.645299911 228898.9142064452),3891.0,1.6808711110964762e-05,Clear or Partly Cloudy,2016-12-13,19:51:00,19.0,1,1,1.0,Clear or Partly Cloudy
178891,233030,233430,E623261,Matched,Block,,JAMES ST BETWEEN YESLER WAY AND 2ND AVE,,,1,Property Damage Only Collision,Cycles,2,0,1,1,0,0,0,2016-12-20T00:00:00.000Z,12/20/2016 1:49:00 PM,Driveway Junction,18,"MOTOR VEHICLE STRUCK PEDALCYCLIST, FRONT END AT ANGLE",Y,N,Clear or Partly Cloudy,Dry,Daylight,,,,45.0,Vehicle - Pedalcyclist,36187,0,N,POINT (1270410.557425693 223202.7094646096),19841.0,1.5748339583200395e-05,Clear or Partly Cloudy,2016-12-20,13:49:00,13.0,1,1,0.0,Clear or Partly Cloudy
182076,236539,236979,E649151,Matched,Block,,UNIVERSITY WAY NE BETWEEN NE 47TH ST AND NE 50TH ST,,,2,Injury Collision,Cycles,0,0,1,1,1,0,0,2017-03-07T00:00:00.000Z,3/7/2017 7:03:00 PM,Mid-Block (not related to intersection),51,PEDALCYCLIST STRUCK MOTOR VEHICLE FRONT END AT ANGLE,,N,Unknown,Wet,Dark - Street Lights On,,,,45.0,Vehicle - Pedalcyclist,5622,0,N,POINT (1275809.299383223 245710.9149916619),999.0,0.0,,2017-03-07,19:03:00,19.0,1,1,1.0,
182233,236564,237004,E650285,Matched,Block,,24TH AVE E BETWEEN E INTERLAKEN BLVD AND BOYER AVE E,,,2,Injury Collision,Cycles,1,0,1,1,1,0,0,2017-03-09T00:00:00.000Z,3/9/2017 3:53:00 PM,Mid-Block (but intersection related),54,PEDALCYCLIST STRUCK MOTOR VEHICLE REAR END,,N,Raining,Wet,Daylight,,,,45.0,Vehicle - Pedalcyclist,22451,0,N,POINT (1278444.337977931 235048.3228527457),22077.0,7.447236746850994e-09,Raining,2017-03-09,15:53:00,15.0,3,1,1.0,Raining
182273,237313,237753,3748069,Matched,Intersection,24516.0,NE 65TH ST AND NE RAVENNA WB BV,,,2,Injury Collision,Cycles,2,0,1,1,1,0,0,2017-03-22T00:00:00.000Z,3/22/2017 4:24:00 PM,At Intersection (intersection related),18,"MOTOR VEHICLE STRUCK PEDALCYCLIST, FRONT END AT ANGLE",,N,Clear or Partly Cloudy,Dry,Daylight,Y,,,45.0,Vehicle - Pedalcyclist,29222,0,N,POINT (1273733.825333104 250081.8218761384),9934.0,0.0,Clear or Partly Cloudy,2017-03-22,16:24:00,16.0,2,1,1.0,Clear or Partly Cloudy
182304,235564,236004,3703879,Matched,Intersection,28788.0,DEXTER AVE N AND THOMAS ST,,,1,Property Damage Only Collision,Cycles,2,0,1,1,0,0,0,2017-02-22T00:00:00.000Z,2/22/2017 6:56:00 AM,At Intersection (intersection related),18,"MOTOR VEHICLE STRUCK PEDALCYCLIST, FRONT END AT ANGLE",,N,Overcast,Wet,Daylight,Y,,,45.0,Vehicle - Pedalcyclist,42726,0,N,POINT (1268283.993903518 230129.8392637074),3489.0,0.0,Overcast,2017-02-22,06:56:00,6.0,2,1,0.0,Clear or Partly Cloudy
182351,236376,236816,E646589,Matched,Block,,DEXTER AVE N BETWEEN ALOHA ST AND WARD ST,,,1,Property Damage Only Collision,Cycles,1,0,1,1,0,0,0,2016-12-14T00:00:00.000Z,12/14/2016 6:17:00 PM,Mid-Block (not related to intersection),18,"MOTOR VEHICLE STRUCK PEDALCYCLIST, FRONT END AT ANGLE",,N,Clear or Partly Cloudy,Dry,Dark - No Street Lights,,,,45.0,Vehicle - Pedalcyclist,43007,0,N,POINT (1268346.33867158 232567.0792662054),8358.0,1.5963086344222312e-05,Clear or Partly Cloudy,2016-12-14,18:17:00,18.0,2,1,1.0,Clear or Partly Cloudy
182432,235366,235806,3747589,Matched,Intersection,25064.0,32ND AVE NW AND NW MARKET ST,,,2b,Serious Injury Collision,Cycles,3,0,1,1,1,1,0,2017-02-12T00:00:00.000Z,2/12/2017 1:31:00 PM,At Intersection (intersection related),11,"MOTOR VEHICLE STRUCK MOTOR VEHICLE, FRONT END AT ANGLE",,N,Clear or Partly Cloudy,Dry,Daylight,,,,45.0,Vehicle - Pedalcyclist,1622,0,N,POINT (1254846.036257759 247814.1060338169),2800.0,0.0,Clear or Partly Cloudy,2017-02-12,13:31:00,13.0,6,0,0.0,Clear or Partly Cloudy
182571,235185,235601,3708220,Matched,Intersection,27182.0,2ND AVE NE AND NE 45TH ST,,,2,Injury Collision,Cycles,2,0,1,1,1,0,0,2017-01-31T00:00:00.000Z,1/31/2017 6:55:00 AM,At Intersection (intersection related),18,"MOTOR VEHICLE STRUCK PEDALCYCLIST, FRONT END AT ANGLE",,N,Clear or Partly Cloudy,Dry,Dark - Street Lights On,Y,,,45.0,Vehicle - Pedalcyclist,45800,0,N,POINT (1272301.489459634 244814.9838547409),5213.0,0.0,Clear or Partly Cloudy,2017-01-31,06:55:00,6.0,1,1,0.0,Clear or Partly Cloudy
182591,235186,235617,3730693,Matched,Block,,S DEARBORN ST BETWEEN 7TH AVE S AND 8TH AVE S,,,2,Injury Collision,Cycles,2,0,1,1,1,0,0,2017-01-26T00:00:00.000Z,1/26/2017 2:53:00 PM,Mid-Block (not related to intersection),18,"MOTOR VEHICLE STRUCK PEDALCYCLIST, FRONT END AT ANGLE",Y,N,Clear or Partly Cloudy,Dry,Daylight,,,,45.0,Vehicle - Pedalcyclist,5842,0,N,POINT (1272858.619828209 220899.3477982581),13978.0,1.948371687125159e-05,Clear or Partly Cloudy,2017-01-26,14:53:00,14.0,3,1,0.0,Clear or Partly Cloudy
182638,236219,236659,3762568,Matched,Intersection,287171.0,BURKE GILMAN TRL AND NE 65TH ST,,,2,Injury Collision,Cycles,2,0,1,1,1,0,0,2017-03-02T00:00:00.000Z,3/2/2017 2:15:00 PM,At Intersection (intersection related),18,"MOTOR VEHICLE STRUCK PEDALCYCLIST, FRONT END AT ANGLE",Y,N,Clear or Partly Cloudy,Dry,Daylight,,,,45.0,Vehicle - Pedalcyclist,0,524265,N,POINT (1287350.799683049 249775.8573318273),11616.0,0.0,Clear or Partly Cloudy,2017-03-02,14:15:00,14.0,3,1,0.0,Clear or Partly Cloudy
182684,236840,237280,3703803,Matched,Intersection,29969.0,2ND AVE AND COLUMBIA ST,,,2,Injury Collision,Cycles,2,0,1,1,1,0,0,2017-03-14T00:00:00.000Z,3/14/2017 8:46:00 AM,At Intersection (intersection related),18,"MOTOR VEHICLE STRUCK PEDALCYCLIST, FRONT END AT ANGLE",,N,Overcast,Wet,Daylight,,,,45.0,Vehicle - Pedalcyclist,42244,0,N,POINT (1270271.923249558 223832.0001532584),5206.0,0.0,Overcast,2017-03-14,08:46:00,8.0,1,1,1.0,Clear or Partly Cloudy
182788,236226,236666,3773493,Matched,Block,,E MADISON ST BETWEEN 29TH W AVE E AND 29TH E AVE E,,,2,Injury Collision,Cycles,2,0,1,1,1,0,0,2017-03-05T00:00:00.000Z,3/5/2017 11:45:00 AM,Driveway Junction,18,"MOTOR VEHICLE STRUCK PEDALCYCLIST, FRONT END AT ANGLE",,N,Clear or Partly Cloudy,Dry,Daylight,,,,45.0,Vehicle - Pedalcyclist,0,0,N,POINT (1279915.685755432 231070.2476486713),11229.0,3.35878401306119e-05,Clear or Partly Cloudy,2017-03-05,11:45:00,11.0,6,0,0.0,Clear or Partly Cloudy
182810,237862,238302,3740405,Matched,Block,,WESTLAKE AVE N BETWEEN REPUBLICAN ST AND MERCER SR ST,,,2,Injury Collision,Cycles,2,0,1,1,1,0,0,2017-03-30T00:00:00.000Z,3/30/2017 5:39:00 PM,Driveway Junction,18,"MOTOR VEHICLE STRUCK PEDALCYCLIST, FRONT END AT ANGLE",,N,Clear or Partly Cloudy,Dry,Daylight,Y,,,45.0,Vehicle - Pedalcyclist,0,0,N,POINT (1269277.042992532 231202.1090888083),6765.0,0.0,Clear or Partly Cloudy,2017-03-30,17:39:00,17.0,3,1,1.0,Clear or Partly Cloudy
182823,238072,238512,E637047,Matched,Intersection,27039.0,FREMONT AVE N AND N 34TH ST,,,2,Injury Collision,Cycles,0,0,1,1,1,0,0,2017-01-31T00:00:00.000Z,1/31/2017 8:37:00 AM,At Intersection (intersection related),18,"MOTOR VEHICLE STRUCK PEDALCYCLIST, FRONT END AT ANGLE",,N,Clear or Partly Cloudy,Dry,Daylight,,,,45.0,Vehicle - Pedalcyclist,8240,0,N,POINT (1266674.116909876 240632.7658664584),1223.0,0.0,Clear or Partly Cloudy,2017-01-31,08:37:00,8.0,1,1,1.0,Clear or Partly Cloudy
182851,237864,238304,E656713,Matched,Block,,ALASKAN WAY BETWEEN SPRING ST AND SENECA ST,,,2,Injury Collision,Cycles,3,0,1,1,1,0,0,2017-03-30T00:00:00.000Z,3/30/2017 12:16:00 PM,Driveway Junction,18,"MOTOR VEHICLE STRUCK PEDALCYCLIST, FRONT END AT ANGLE",Y,N,Clear or Partly Cloudy,Dry,Daylight,,,,45.0,Vehicle - Pedalcyclist,0,0,N,POINT (1268896.759216145 224260.2855937034),22949.0,4.0136467505055615e-09,Clear or Partly Cloudy,2017-03-30,12:16:00,12.0,3,1,0.0,Clear or Partly Cloudy
182955,238074,238514,E637054,Matched,Block,,24TH AVE NW BETWEEN NW 65TH ST AND NW 67TH ST,,,2,Injury Collision,Cycles,0,0,1,1,1,0,0,2017-01-25T00:00:00.000Z,1/25/2017 8:25:00 AM,Driveway Junction,18,"MOTOR VEHICLE STRUCK PEDALCYCLIST, FRONT END AT ANGLE",,N,Overcast,Dry,Daylight,,,,45.0,Vehicle - Pedalcyclist,3600,0,N,POINT (1257556.572836533 250750.0636048168),200.0,1.6475366481285298e-05,Overcast,2017-01-25,08:25:00,8.0,2,1,1.0,Clear or Partly Cloudy
182983,237365,237805,3701649,Matched,Intersection,26915.0,DENSMORE AVE N AND N NORTHLAKE WAY,,,2,Injury Collision,Cycles,2,0,1,1,1,0,0,2017-03-24T00:00:00.000Z,3/24/2017 5:17:00 PM,At Intersection (intersection related),18,"MOTOR VEHICLE STRUCK PEDALCYCLIST, FRONT END AT ANGLE",,N,Raining,Wet,Daylight,,,,45.0,Vehicle - Pedalcyclist,0,664365,N,POINT (1269659.243056923 239587.2022173852),4089.0,0.0,Raining,2017-03-24,17:17:00,17.0,4,1,1.0,Raining
184059,239922,240362,3747855,Matched,Intersection,27231.0,1ST AVE NE AND NE 40TH ST,,,2,Injury Collision,Cycles,2,0,1,1,1,0,0,2017-04-26T00:00:00.000Z,4/26/2017 7:19:00 AM,At Intersection (intersection related),51,PEDALCYCLIST STRUCK MOTOR VEHICLE FRONT END AT ANGLE,,N,Clear or Partly Cloudy,Dry,Daylight,,,,45.0,Vehicle - Pedalcyclist,26499,0,N,POINT (1272105.701939434 242701.012396574),4015.0,0.0,Clear or Partly Cloudy,2017-04-26,07:19:00,7.0,2,1,1.0,Clear or Partly Cloudy
184132,238571,239011,3753183,Matched,Block,,8TH AVE BETWEEN VIRGINIA ST AND WESTLAKE AVE,,,2,Injury Collision,Cycles,2,0,1,1,1,0,0,2017-04-10T00:00:00.000Z,4/10/2017 8:10:00 AM,Driveway Junction,18,"MOTOR VEHICLE STRUCK PEDALCYCLIST, FRONT END AT ANGLE",,N,Clear or Partly Cloudy,Dry,Daylight,,,,45.0,Vehicle - Pedalcyclist,14037,0,N,POINT (1269516.607152775 228360.8135979027),10261.0,5.507560872578343e-09,Clear or Partly Cloudy,2017-04-10,08:10:00,8.0,0,1,1.0,Clear or Partly Cloudy
184134,239117,239557,3746200,Matched,Block,,WESTERN AVE BETWEEN UNION ST AND PIKE ST,,,2,Injury Collision,Cycles,2,0,1,1,1,0,0,2017-04-13T00:00:00.000Z,4/13/2017 5:18:00 PM,Driveway Junction,18,"MOTOR VEHICLE STRUCK PEDALCYCLIST, FRONT END AT ANGLE",,N,Clear or Partly Cloudy,Dry,Daylight,Y,,,45.0,Vehicle - Pedalcyclist,13038,0,N,POINT (1268613.002415851 225370.2989068329),11196.0,1.0205433644179254e-08,Clear or Partly Cloudy,2017-04-13,17:18:00,17.0,3,1,1.0,Clear or Partly Cloudy
184138,242036,242496,E661649,Matched,Block,,BROOKLYN AVE NE BETWEEN NE PACIFIC ST AND NE 40TH ST,,,2,Injury Collision,Cycles,2,0,1,1,1,0,0,2017-04-04T00:00:00.000Z,4/4/2017 1:14:00 PM,Mid-Block (not related to intersection),18,"MOTOR VEHICLE STRUCK PEDALCYCLIST, FRONT END AT ANGLE",,N,Overcast,Dry,Daylight,Y,,,45.0,Vehicle - Pedalcyclist,0,525567,N,POINT (1275403.365302816 242247.5613881201),21781.0,1.2572490569969435e-05,Overcast,2017-04-04,13:14:00,13.0,1,1,0.0,Clear or Partly Cloudy
184200,240207,240647,E656173,Matched,Intersection,33029.0,1ST AVE S AND S BRANDON ST,,,2,Injury Collision,Cycles,0,0,1,1,1,0,0,2017-03-17T00:00:00.000Z,3/17/2017 4:50:00 AM,At Intersection (intersection related),18,"MOTOR VEHICLE STRUCK PEDALCYCLIST, FRONT END AT ANGLE",,N,Clear or Partly Cloudy,Dry,Dark - Street Lights On,,,,45.0,Vehicle - Pedalcyclist,1414,0,N,POINT (1269822.985777095 205757.1529027522),14463.0,0.0,Clear or Partly Cloudy,2017-03-17,04:50:00,4.0,4,1,0.0,Clear or Partly Cloudy
184238,241611,242051,3773653,Matched,Intersection,29018.0,10TH AVE E AND E REPUBLICAN ST,,,2,Injury Collision,Cycles,2,0,1,1,1,0,0,2017-05-23T00:00:00.000Z,5/23/2017 5:25:00 PM,At Intersection (intersection related),18,"MOTOR VEHICLE STRUCK PEDALCYCLIST, FRONT END AT ANGLE",,N,Clear or Partly Cloudy,Dry,Daylight,Y,,,45.0,Vehicle - Pedalcyclist,0,0,N,POINT (1273841.440309212 230837.8333764374),3941.0,0.0,Clear or Partly Cloudy,2017-05-23,17:25:00,17.0,1,1,1.0,Clear or Partly Cloudy
184291,242049,242509,E661668,Matched,Block,,ROOSEVELT WAY NE BETWEEN NE 42ND N ST AND NE 43RD S ST,,,2,Injury Collision,Cycles,2,0,1,1,1,0,0,2017-04-04T00:00:00.000Z,4/4/2017 8:54:00 AM,Mid-Block (not related to intersection),18,"MOTOR VEHICLE STRUCK PEDALCYCLIST, FRONT END AT ANGLE",,N,Clear or Partly Cloudy,Dry,Daylight,,,,45.0,Vehicle - Pedalcyclist,45532,0,N,POINT (1274621.021750003 243878.6222537905),19030.0,1.4612336307282195e-05,Clear or Partly Cloudy,2017-04-04,08:54:00,8.0,1,1,1.0,Clear or Partly Cloudy
184351,240658,241098,E655079,Matched,Intersection,32737.0,RAINIER AVE S AND S ALASKA ST,,,1,Property Damage Only Collision,Cycles,0,0,1,1,0,0,0,2017-03-05T00:00:00.000Z,3/5/2017 8:55:00 PM,At Intersection (intersection related),18,"MOTOR VEHICLE STRUCK PEDALCYCLIST, FRONT END AT ANGLE",,N,Clear or Partly Cloudy,Dry,Dark - Street Lights On,,,,45.0,Vehicle - Pedalcyclist,0,524851,N,POINT (1281518.559549078 207933.7529689819),1676.0,0.0,Clear or Partly Cloudy,2017-03-05,20:55:00,20.0,6,0,0.0,Clear or Partly Cloudy
184363,241067,241507,E668882,Matched,Intersection,25533.0,MIDVALE AVE N AND N 50TH ST,,,2,Injury Collision,Cycles,2,0,1,1,1,0,0,2017-05-05T00:00:00.000Z,5/5/2017 8:50:00 AM,At Intersection (intersection related),18,"MOTOR VEHICLE STRUCK PEDALCYCLIST, FRONT END AT ANGLE",,N,Clear or Partly Cloudy,Dry,Daylight,,,,45.0,Vehicle - Pedalcyclist,9757,0,N,POINT (1268265.885999501 246224.5536481887),14902.0,0.0,Clear or Partly Cloudy,2017-05-05,08:50:00,8.0,4,1,1.0,Clear or Partly Cloudy
184370,241844,242284,E659969,Matched,Intersection,29968.0,2ND AVE AND MARION ST,,,2,Injury Collision,Cycles,2,0,1,1,1,0,0,2017-04-06T00:00:00.000Z,4/6/2017 2:29:00 PM,At Intersection (intersection related),18,"MOTOR VEHICLE STRUCK PEDALCYCLIST, FRONT END AT ANGLE",,N,Clear or Partly Cloudy,Dry,Daylight,,,,45.0,Vehicle - Pedalcyclist,42238,0,N,POINT (1270116.020785391 224095.4131455272),2489.0,0.0,Clear or Partly Cloudy,2017-04-06,14:29:00,14.0,3,1,0.0,Clear or Partly Cloudy
184413,241845,242285,E660020,Matched,Block,,12TH AVE BETWEEN E PIKE ST AND E PINE ST,,,2,Injury Collision,Cycles,4,0,1,1,1,0,0,2017-04-04T00:00:00.000Z,4/4/2017 5:45:00 PM,Mid-Block (not related to intersection),14,"MOTOR VEHICLE STRUCK MOTOR VEHICLE, REAR END",,N,Clear or Partly Cloudy,Dry,Daylight,,,,45.0,Vehicle - Pedalcyclist,10802,0,N,POINT (1274536.955509916 227744.1176612675),15662.0,4.397364332129107e-06,Clear or Partly Cloudy,2017-04-04,17:45:00,17.0,1,1,1.0,Clear or Partly Cloudy
184453,239783,240223,3740347,Matched,Block,,BLANCHARD ST BETWEEN 6TH AVE AND 7TH AVE,,,1,Property Damage Only Collision,Cycles,2,0,1,1,0,0,0,2017-04-26T00:00:00.000Z,4/26/2017 12:45:00 PM,Driveway Junction,18,"MOTOR VEHICLE STRUCK PEDALCYCLIST, FRONT END AT ANGLE",,N,Raining,Wet,Daylight,,,,45.0,Vehicle - Pedalcyclist,0,0,N,POINT (1268718.287215963 228433.1391659677),6186.0,1.9636995262046767e-05,Raining,2017-04-26,12:45:00,12.0,2,1,0.0,Raining
184710,242070,242530,E663380,Matched,Block,,SEWARD PARK AVE S BETWEEN S BRIGHTON ST AND S WILLOW ST,,,2,Injury Collision,Cycles,2,0,1,1,1,0,0,2017-04-18T00:00:00.000Z,4/18/2017 5:23:00 PM,Mid-Block (not related to intersection),18,"MOTOR VEHICLE STRUCK PEDALCYCLIST, FRONT END AT ANGLE",,N,Clear or Partly Cloudy,Dry,Daylight,Y,,,45.0,Vehicle - Pedalcyclist,0,0,N,POINT (1286690.649410367 200679.0311695486),954.0,1.0157299268435064e-05,Clear or Partly Cloudy,2017-04-18,17:23:00,17.0,1,1,1.0,Clear or Partly Cloudy
184723,240015,240455,3730698,Matched,Block,,N 45TH ST BETWEEN EASTERN AVE N AND 1ST AVE NE,,,2,Injury Collision,Cycles,2,0,1,1,1,0,0,2017-04-27T00:00:00.000Z,4/27/2017 7:10:00 PM,Driveway Junction,18,"MOTOR VEHICLE STRUCK PEDALCYCLIST, FRONT END AT ANGLE",,N,Clear or Partly Cloudy,Dry,Daylight,,,,45.0,Vehicle - Pedalcyclist,0,0,N,POINT (1271965.276083291 244823.9774547517),10477.0,2.104616693182615e-05,Clear or Partly Cloudy,2017-04-27,19:10:00,19.0,3,1,1.0,Clear or Partly Cloudy
184786,241359,241799,3753505,Matched,Intersection,28762.0,BOREN AVE N AND MERCER SR ST,,,2,Injury Collision,Cycles,2,0,1,1,1,0,0,2017-05-18T00:00:00.000Z,5/18/2017 7:11:00 PM,At Intersection (intersection related),51,PEDALCYCLIST STRUCK MOTOR VEHICLE FRONT END AT ANGLE,,N,Clear or Partly Cloudy,Dry,Daylight,,,,45.0,Vehicle - Pedalcyclist,0,28762,N,POINT (1269926.182961196 231430.9392970353),3663.0,0.0,Clear or Partly Cloudy,2017-05-18,19:11:00,19.0,3,1,1.0,Clear or Partly Cloudy
184844,238622,239062,E659064,Matched,Intersection,287158.0,BROOKLYN AVE NE AND BURKE GILMAN TRL,,,2,Injury Collision,Cycles,2,0,1,1,1,0,0,2017-04-06T00:00:00.000Z,4/6/2017 10:17:00 AM,At Intersection (intersection related),18,"MOTOR VEHICLE STRUCK PEDALCYCLIST, FRONT END AT ANGLE",,N,Raining,Wet,Daylight,,,,45.0,Vehicle - Pedalcyclist,0,525567,N,POINT (1275399.661622807 242148.1143480092),2203.0,0.0,Raining,2017-04-06,10:17:00,10.0,3,1,0.0,Raining
184846,241878,242318,E661287,Matched,Block,,15TH AVE E BETWEEN E GARFIELD ST AND E OLIN S PL,,,2,Injury Collision,Cycles,2,0,1,1,1,0,0,2017-03-31T00:00:00.000Z,3/31/2017 1:00:00 PM,Mid-Block (not related to intersection),18,"MOTOR VEHICLE STRUCK PEDALCYCLIST, FRONT END AT ANGLE",,N,Clear or Partly Cloudy,Dry,Daylight,,,,45.0,Vehicle - Pedalcyclist,0,0,N,POINT (1275665.827063084 234895.8960365951),5094.0,2.162982212208945e-05,Clear or Partly Cloudy,2017-03-31,13:00:00,13.0,4,1,0.0,Clear or Partly Cloudy