OBJECTID,INCKEY,COLDETKEY,REPORTNO,STATUS,ADDRTYPE,INTKEY,LOCATION,EXCEPTRSNC,EXCEPTRSND,SEVERITYCO,SEVERITYDE,COLLISIONT,PERSONCOUN,PEDCOUNT,PEDCYLCOUN,VEHCOUNT,INJURIES,SERIOUSINJ,FATALITIES,INCDATE,INCDTTM,JUNCTIONTY,SDOT_COLCO,SDOT_COLDE,INATTENTIO,UNDERINFL,WEATHER,ROADCOND,LIGHTCOND,PEDROWNOTG,SDOTCOLNUM,SPEEDING,ST_COLCODE,ST_COLDESC,SEGLANEKEY,CROSSWALKK,HITPARKEDC,geometry,near_str_index,min_length,weather_group,date,time,hour,dayofweek,weekday,rushhour,weather_group2
184889,240727,241167,3734118,Matched,Intersection,25419.0,8TH AVE NW AND NW MARKET ST,,,2,Injury Collision,Cycles,2,0,1,1,1,0,0,2017-05-03T00:00:00.000Z,5/3/2017 4:34:00 PM,At Intersection (intersection related),18,"MOTOR VEHICLE STRUCK PEDALCYCLIST, FRONT END AT ANGLE",,N,Clear or Partly Cloudy,Dry,Daylight,,,,45.0,Vehicle - Pedalcyclist,2397,0,N,POINT (1262763.608617872 247665.3825776577),3263.0,0.0,Clear or Partly Cloudy,2017-05-03,16:34:00,16.0,2,1,1.0,Clear or Partly Cloudy
184899,240723,241163,3703954,Matched,Intersection,28329.0,EASTLAKE AVE E AND E BLAINE ST,,,2,Injury Collision,Cycles,2,0,1,1,1,0,0,2017-05-08T00:00:00.000Z,5/8/2017 1:45:00 PM,At Intersection (intersection related),18,"MOTOR VEHICLE STRUCK PEDALCYCLIST, FRONT END AT ANGLE",Y,N,Clear or Partly Cloudy,Dry,Daylight,Y,,,45.0,Vehicle - Pedalcyclist,24779,0,N,POINT (1272615.402035952 235144.8644208461),3856.0,0.0,Clear or Partly Cloudy,2017-05-08,13:45:00,13.0,0,1,0.0,Clear or Partly Cloudy
184916,241418,241858,E673288,Matched,Intersection,27149.0,15TH AVE NE AND NE PACIFIC ST,,,2,Injury Collision,Cycles,2,0,1,1,1,0,0,2017-05-19T00:00:00.000Z,5/19/2017 8:13:00 AM,At Intersection (intersection related),18,"MOTOR VEHICLE STRUCK PEDALCYCLIST, FRONT END AT ANGLE",Y,N,Clear or Partly Cloudy,Dry,Daylight,,,,45.0,Vehicle - Pedalcyclist,0,520838,N,POINT (1275885.728567302 241688.8779955506),1534.0,0.0,Clear or Partly Cloudy,2017-05-19,08:13:00,8.0,4,1,1.0,Clear or Partly Cloudy
184933,242094,242554,E672488,Matched,Intersection,29741.0,13TH AVE AND E PINE ST,,,2,Injury Collision,Cycles,2,0,1,1,1,0,0,2017-05-17T00:00:00.000Z,5/17/2017 8:10:00 AM,At Intersection (intersection related),18,"MOTOR VEHICLE STRUCK PEDALCYCLIST, FRONT END AT ANGLE",,N,Clear or Partly Cloudy,Dry,Daylight,,,,45.0,Vehicle - Pedalcyclist,10430,0,N,POINT (1274860.796214253 227953.2678694725),3935.0,0.0,Clear or Partly Cloudy,2017-05-17,08:10:00,8.0,2,1,1.0,Clear or Partly Cloudy
183061,236903,237343,E651608,Matched,Block,,EASTLAKE AVE E BETWEEN E EDGAR ST AND E HAMLIN ST,,,2,Injury Collision,Cycles,0,0,1,1,1,0,0,2017-03-13T00:00:00.000Z,3/13/2017 9:06:00 AM,Mid-Block (not related to intersection),18,"MOTOR VEHICLE STRUCK PEDALCYCLIST, FRONT END AT ANGLE",,N,Raining,Wet,Daylight,,,,45.0,Vehicle - Pedalcyclist,24701,0,N,POINT (1272523.567795858 238864.7439126521),17419.0,4.2389646752408244e-06,Raining,2017-03-13,09:06:00,9.0,0,1,1.0,Raining
183157,235836,236276,3769800,Matched,Intersection,25545.0,STONE WAY N AND N 49TH ST,,,2,Injury Collision,Cycles,2,0,1,1,1,0,0,2017-02-24T00:00:00.000Z,2/24/2017 7:20:00 AM,At Intersection (intersection related),18,"MOTOR VEHICLE STRUCK PEDALCYCLIST, FRONT END AT ANGLE",Y,N,Clear or Partly Cloudy,Dry,Daylight,,,,45.0,Vehicle - Pedalcyclist,40710,0,N,POINT (1269011.817264259 245949.9749599099),1263.0,0.0,Clear or Partly Cloudy,2017-02-24,07:20:00,7.0,4,1,1.0,Clear or Partly Cloudy
183187,239677,240117,3771515,Matched,Block,,E PIKE ST BETWEEN BROADWAY AND 10TH AVE,,,2,Injury Collision,Cycles,2,0,1,1,1,0,0,2017-04-25T00:00:00.000Z,4/25/2017 5:38:00 PM,Mid-Block (but intersection related),21,"MOTOR VEHICLE STRUCK PEDALCYCLIST, REAR END",,N,Clear or Partly Cloudy,Dry,Daylight,,,,45.0,Vehicle - Pedalcyclist,31215,0,N,POINT (1273726.678581089 227540.1029410511),6915.0,7.450292674380054e-09,Clear or Partly Cloudy,2017-04-25,17:38:00,17.0,1,1,1.0,Clear or Partly Cloudy
183200,235434,235874,3769621,Matched,Block,,LINDEN AVE N BETWEEN N 141ST ST AND N 143RD ST,,,2,Injury Collision,Cycles,2,0,1,1,1,0,0,2017-01-30T00:00:00.000Z,1/30/2017 4:12:00 PM,Driveway Junction,18,"MOTOR VEHICLE STRUCK PEDALCYCLIST, FRONT END AT ANGLE",,N,Overcast,Dry,Dusk,,,,45.0,Vehicle - Pedalcyclist,15292,0,N,POINT (1267750.181166977 270560.0302811116),817.0,6.126175691689143e-06,Overcast,2017-01-30,16:12:00,16.0,0,1,1.0,Clear or Partly Cloudy
183220,240094,240534,3762672,Matched,Intersection,287158.0,BROOKLYN AVE NE AND BURKE GILMAN TRL,,,2,Injury Collision,Cycles,2,0,1,1,1,0,0,2017-02-27T00:00:00.000Z,2/27/2017 4:14:00 PM,At Intersection (intersection related),18,"MOTOR VEHICLE STRUCK PEDALCYCLIST, FRONT END AT ANGLE",,N,Raining,Wet,Daylight,,,,45.0,Vehicle - Pedalcyclist,0,525567,N,POINT (1275399.661622807 242148.1143480092),2203.0,0.0,Raining,2017-02-27,16:14:00,16.0,0,1,1.0,Raining
183254,241159,241599,E667973,Matched,Intersection,29613.0,2ND AVE AND SPRING ST,,,1,Property Damage Only Collision,Cycles,2,0,1,1,0,0,0,2017-05-04T00:00:00.000Z,5/4/2017 5:19:00 PM,At Intersection (intersection related),18,"MOTOR VEHICLE STRUCK PEDALCYCLIST, FRONT END AT ANGLE",,N,Raining,Wet,Daylight,,,,45.0,Vehicle - Pedalcyclist,42214,0,N,POINT (1269804.427313074 224621.804442063),3767.0,0.0,Raining,2017-05-04,17:19:00,17.0,3,1,1.0,Raining
183270,241145,241585,3769624,Matched,Intersection,25442.0,8TH AVE NW AND NW 51ST ST,,,2,Injury Collision,Cycles,2,0,1,1,1,0,0,2017-05-15T00:00:00.000Z,5/15/2017 6:04:00 PM,At Intersection (intersection related),18,"MOTOR VEHICLE STRUCK PEDALCYCLIST, FRONT END AT ANGLE",,N,Raining,Wet,Daylight,Y,,,45.0,Vehicle - Pedalcyclist,2322,0,N,POINT (1262740.160297841 246585.2451045513),7465.0,0.0,Raining,2017-05-15,18:04:00,18.0,0,1,1.0,Raining
183296,241160,241600,3703985,Matched,Intersection,487375.0,M L KING JR ER WAY S AND S TRENTON ST,,,2,Injury Collision,Cycles,2,0,1,1,1,0,0,2017-05-17T00:00:00.000Z,5/17/2017 7:50:00 AM,At Intersection (intersection related),18,"MOTOR VEHICLE STRUCK PEDALCYCLIST, FRONT END AT ANGLE",,N,Clear or Partly Cloudy,Dry,Daylight,,,,45.0,Vehicle - Pedalcyclist,21124,0,N,POINT (1283323.687486917 194589.3466833085),8261.0,0.0,Clear or Partly Cloudy,2017-05-17,07:50:00,7.0,2,1,1.0,Clear or Partly Cloudy
183397,241737,242177,E676488,Matched,Intersection,27130.0,ROOSEVELT WAY NE AND NE 40TH ALLEY ST,,,2,Injury Collision,Cycles,2,0,1,1,1,0,0,2017-05-31T00:00:00.000Z,5/31/2017 9:13:00 AM,At Intersection (intersection related),18,"MOTOR VEHICLE STRUCK PEDALCYCLIST, FRONT END AT ANGLE",,N,Clear or Partly Cloudy,Dry,Daylight,,,,45.0,Vehicle - Pedalcyclist,45488,0,N,POINT (1274585.836853966 242927.3043648154),3740.0,0.0,Clear or Partly Cloudy,2017-05-31,09:13:00,9.0,2,1,1.0,Clear or Partly Cloudy
183422,241742,242182,E677152,Matched,Intersection,23882.0,15TH AVE NW AND NW 80TH ST,,,2,Injury Collision,Cycles,2,0,1,1,1,0,0,2017-05-31T00:00:00.000Z,5/31/2017 6:21:00 PM,At Intersection (intersection related),18,"MOTOR VEHICLE STRUCK PEDALCYCLIST, FRONT END AT ANGLE",,N,Clear or Partly Cloudy,Dry,Daylight,Y,,,45.0,Vehicle - Pedalcyclist,0,521279,N,POINT (1260282.027047321 254364.0841525197),8432.0,0.0,Clear or Partly Cloudy,2017-05-31,18:21:00,18.0,2,1,1.0,Clear or Partly Cloudy
183430,238681,239121,3732573,Matched,Intersection,29167.0,STEWART ST AND YALE AVE N,,,2,Injury Collision,Cycles,2,0,1,1,1,0,0,2017-04-12T00:00:00.000Z,4/12/2017 6:15:00 AM,At Intersection (intersection related),18,"MOTOR VEHICLE STRUCK PEDALCYCLIST, FRONT END AT ANGLE",Y,N,Raining,Wet,Dawn,,,,45.0,Vehicle - Pedalcyclist,23735,0,N,POINT (1271219.88459453 229284.1168948412),966.0,0.0,Raining,2017-04-12,06:15:00,6.0,2,1,0.0,Raining
183456,238682,239122,E660695,Matched,Block,,M L KING JR WAY BETWEEN E PINE ST AND E OLIVE ST,,,2,Injury Collision,Cycles,2,0,1,1,1,0,0,2017-04-11T00:00:00.000Z,4/11/2017 11:48:00 AM,Mid-Block (not related to intersection),18,"MOTOR VEHICLE STRUCK PEDALCYCLIST, FRONT END AT ANGLE",,N,Clear or Partly Cloudy,Dry,Daylight,,,,45.0,Vehicle - Pedalcyclist,35407,0,N,POINT (1279645.574587151 228079.3008936048),17163.0,2.5663481719215673e-05,Clear or Partly Cloudy,2017-04-11,11:48:00,11.0,1,1,0.0,Clear or Partly Cloudy
183506,240782,241222,3735417,Matched,Intersection,32737.0,RAINIER AVE S AND S ALASKA ST,,,1,Property Damage Only Collision,Cycles,2,0,1,1,0,0,0,2017-05-02T00:00:00.000Z,5/2/2017 6:38:00 PM,At Intersection (intersection related),18,"MOTOR VEHICLE STRUCK PEDALCYCLIST, FRONT END AT ANGLE",,N,Raining,Wet,Daylight,,,,45.0,Vehicle - Pedalcyclist,0,0,N,POINT (1281518.559549078 207933.7529689819),1676.0,0.0,Raining,2017-05-02,18:38:00,18.0,1,1,1.0,Raining
183534,241016,241456,3756576,Matched,Block,,EAST MARGINAL WAY S BETWEEN S SPOKANE NR ST AND S SPOKANE SR ST,,,2,Injury Collision,Cycles,2,0,1,1,1,0,0,2017-05-13T00:00:00.000Z,5/13/2017 6:58:00 AM,Mid-Block (not related to intersection),21,"MOTOR VEHICLE STRUCK PEDALCYCLIST, REAR END",,N,Clear or Partly Cloudy,Dry,Dawn,,,,45.0,Vehicle - Pedalcyclist,0,0,N,POINT (1268599.081903845 212110.2385412604),8992.0,9.885174311075644e-06,Clear or Partly Cloudy,2017-05-13,06:58:00,6.0,5,0,0.0,Clear or Partly Cloudy
183552,241548,241988,3732034,Matched,Block,,HARBOR AVE SW BETWEEN SW MARYLAND PL AND CALIFORNIA WAY SW,,,2,Injury Collision,Cycles,2,0,1,1,1,0,0,2017-05-20T00:00:00.000Z,5/20/2017 1:53:00 PM,Mid-Block (not related to intersection),18,"MOTOR VEHICLE STRUCK PEDALCYCLIST, FRONT END AT ANGLE",Y,N,Clear or Partly Cloudy,Dry,Daylight,,,,45.0,Vehicle - Pedalcyclist,4106,0,N,POINT (1258205.826917201 219540.360020861),6404.0,2.0954053904114126e-05,Clear or Partly Cloudy,2017-05-20,13:53:00,13.0,5,0,0.0,Clear or Partly Cloudy
183658,241578,242018,3753507,Matched,Intersection,28294.0,EASTLAKE AVE E AND E EDGAR ST,,,2,Injury Collision,Cycles,2,0,1,1,1,0,0,2017-05-20T00:00:00.000Z,5/20/2017 6:15:00 PM,At Intersection (but not related to intersection),18,"MOTOR VEHICLE STRUCK PEDALCYCLIST, FRONT END AT ANGLE",,N,Clear or Partly Cloudy,Dry,Daylight,Y,,,45.0,Vehicle - Pedalcyclist,24696,0,N,POINT (1272519.139635861 238659.0959764421),6828.0,0.0,Clear or Partly Cloudy,2017-05-20,18:15:00,18.0,5,0,1.0,Clear or Partly Cloudy
183672,241559,241999,3746486,Matched,Block,,ELLIOTT AVE W BETWEEN W HARRISON ST AND 6TH AVE W,,,2,Injury Collision,Cycles,2,0,1,1,1,0,0,2017-05-23T00:00:00.000Z,5/23/2017 4:21:00 PM,Mid-Block (not related to intersection),11,"MOTOR VEHICLE STRUCK MOTOR VEHICLE, FRONT END AT ANGLE",Y,N,Clear or Partly Cloudy,Dry,Daylight,,,,45.0,Vehicle - Pedalcyclist,19202,0,N,POINT (1263061.165610179 230971.8093125671),17911.0,1.0383138592361693e-05,Clear or Partly Cloudy,2017-05-23,16:21:00,16.0,1,1,1.0,Clear or Partly Cloudy
183680,241577,242017,3748222,Matched,Block,,ROOSEVELT WAY NE BETWEEN NE 42ND S ST AND NE 42ND N ST,,,2,Injury Collision,Cycles,2,0,1,1,1,0,0,2017-05-25T00:00:00.000Z,5/25/2017 10:00:00 AM,Mid-Block (not related to intersection),18,"MOTOR VEHICLE STRUCK PEDALCYCLIST, FRONT END AT ANGLE",,N,Clear or Partly Cloudy,Dry,Daylight,Y,,,45.0,Vehicle - Pedalcyclist,45514,0,N,POINT (1274608.015925989 243525.6699334234),15971.0,2.6929028394455945e-05,Clear or Partly Cloudy,2017-05-25,10:00:00,10.0,3,1,0.0,Clear or Partly Cloudy
183703,238541,238981,3694060,Matched,Intersection,25409.0,8TH AVE NW AND NW 57TH ST,,,2,Injury Collision,Cycles,2,0,1,1,1,0,0,2017-04-03T00:00:00.000Z,4/3/2017 8:47:00 AM,At Intersection (intersection related),18,"MOTOR VEHICLE STRUCK PEDALCYCLIST, FRONT END AT ANGLE",Y,N,Clear or Partly Cloudy,Dry,Daylight,,,,45.0,Vehicle - Pedalcyclist,2433,0,N,POINT (1262775.431721881 248214.9021942317),10265.0,0.0,Clear or Partly Cloudy,2017-04-03,08:47:00,8.0,0,1,1.0,Clear or Partly Cloudy
183717,241781,242221,E671115,Matched,Block,,SW BRADFORD ST BETWEEN 42ND AVE SW AND CALIFORNIA AVE SW,,,2,Injury Collision,Cycles,2,0,1,1,1,0,0,2017-05-14T00:00:00.000Z,5/14/2017 6:45:00 PM,Driveway Junction,18,"MOTOR VEHICLE STRUCK PEDALCYCLIST, FRONT END AT ANGLE",,N,Clear or Partly Cloudy,Dry,Daylight,,,,45.0,Vehicle - Pedalcyclist,0,0,N,POINT (1257123.19178009 211523.1322366595),1952.0,1.915534052142147e-05,Clear or Partly Cloudy,2017-05-14,18:45:00,18.0,6,0,1.0,Clear or Partly Cloudy
183812,241034,241474,3744723,Matched,Block,,DELRIDGE WAY SW BETWEEN CROFT PL SW AND SW MYRTLE ST,,,2,Injury Collision,Cycles,2,0,1,1,1,0,0,2017-05-15T00:00:00.000Z,5/15/2017 4:24:00 PM,Mid-Block (not related to intersection),18,"MOTOR VEHICLE STRUCK PEDALCYCLIST, FRONT END AT ANGLE",,N,Raining,Wet,Daylight,,,,45.0,Vehicle - Pedalcyclist,24227,0,N,POINT (1263144.44625026 200663.7828495353),6284.0,6.538642576640473e-06,Raining,2017-05-15,16:24:00,16.0,0,1,1.0,Raining
185033,240909,241349,3753476,Matched,Intersection,29583.0,VIRGINIA ST AND WESTERN AVE,,,2,Injury Collision,Cycles,2,0,1,1,1,0,0,2017-05-09T00:00:00.000Z,5/9/2017 5:34:00 PM,At Intersection (intersection related),18,"MOTOR VEHICLE STRUCK PEDALCYCLIST, FRONT END AT ANGLE",,N,Clear or Partly Cloudy,Dry,Daylight,,,,45.0,Vehicle - Pedalcyclist,0,523759,N,POINT (1267898.953775123 226281.8666517735),13478.0,0.0,Clear or Partly Cloudy,2017-05-09,17:34:00,17.0,1,1,1.0,Clear or Partly Cloudy
185081,241432,241872,E674144,Matched,Block,,S THISTLE ST BETWEEN 39TH AVE S AND 42ND AVE S,,,2,Injury Collision,Cycles,2,0,1,1,1,0,0,2017-05-21T00:00:00.000Z,5/21/2017 2:30:00 PM,Mid-Block (but intersection related),51,PEDALCYCLIST STRUCK MOTOR VEHICLE FRONT END AT ANGLE,,N,Clear or Partly Cloudy,Dry,Daylight,,,,45.0,Vehicle - Pedalcyclist,0,35245,N,POINT (1282467.739134043 195920.3207646757),9371.0,3.1413830254279687e-05,Clear or Partly Cloudy,2017-05-21,14:30:00,14.0,6,0,0.0,Clear or Partly Cloudy
185086,241924,242364,E671560,Matched,Intersection,28803.0,FAIRVIEW AVE N AND JOHN ST,,,2,Injury Collision,Cycles,2,0,1,1,1,0,0,2017-05-12T00:00:00.000Z,5/12/2017 1:11:00 PM,At Intersection (intersection related),18,"MOTOR VEHICLE STRUCK PEDALCYCLIST, FRONT END AT ANGLE",,N,Clear or Partly Cloudy,Dry,Daylight,,,,45.0,Vehicle - Pedalcyclist,0,522952,N,POINT (1270277.627953559 229644.4371512085),3519.0,0.0,Clear or Partly Cloudy,2017-05-12,13:11:00,13.0,4,1,0.0,Clear or Partly Cloudy
185200,241135,241575,3755223,Matched,Block,,LAKESIDE AVE S BETWEEN E YESLER WAY AND S LESCHI PL,,,2,Injury Collision,Cycles,3,0,1,1,1,0,0,2017-05-16T00:00:00.000Z,5/16/2017 11:10:00 AM,Mid-Block (not related to intersection),18,"MOTOR VEHICLE STRUCK PEDALCYCLIST, FRONT END AT ANGLE",,N,Clear or Partly Cloudy,Dry,Daylight,Y,,,45.0,Vehicle - Pedalcyclist,35089,0,N,POINT (1282117.275005683 222472.2930158675),11113.0,2.091763646502596e-05,Clear or Partly Cloudy,2017-05-16,11:10:00,11.0,1,1,0.0,Clear or Partly Cloudy
185223,240937,241377,3501763,Matched,Block,,NW 82ND ST BETWEEN 1ST AVE NW AND 3RD AVE NW,,,2,Injury Collision,Cycles,2,0,1,1,1,0,0,2017-05-09T00:00:00.000Z,5/9/2017 5:39:00 PM,Driveway Junction,18,"MOTOR VEHICLE STRUCK PEDALCYCLIST, FRONT END AT ANGLE",,N,Clear or Partly Cloudy,Dry,Daylight,,,,45.0,Vehicle - Pedalcyclist,0,0,N,POINT (1264597.686827749 254828.8405050039),10594.0,0.0,Clear or Partly Cloudy,2017-05-09,17:39:00,17.0,1,1,1.0,Clear or Partly Cloudy
185260,239637,240077,3773574,Matched,Intersection,30423.0,12TH AVE S AND S MAIN ST,,,2,Injury Collision,Cycles,2,0,1,1,1,0,0,2017-04-24T00:00:00.000Z,4/24/2017 8:26:00 AM,At Intersection (intersection related),18,"MOTOR VEHICLE STRUCK PEDALCYCLIST, FRONT END AT ANGLE",Y,N,Overcast,Wet,Daylight,,,,45.0,Vehicle - Pedalcyclist,34821,0,N,POINT (1274338.905909717 222396.5940717906),7794.0,0.0,Overcast,2017-04-24,08:26:00,8.0,0,1,1.0,Clear or Partly Cloudy
185286,240752,241192,3756503,Matched,Block,,3RD AVE S BETWEEN S ROYAL BROUGHAM WAY BR AND S HOLGATE ST,,,2,Injury Collision,Cycles,3,0,1,1,1,0,0,2017-05-08T00:00:00.000Z,5/8/2017 7:47:00 PM,Mid-Block (not related to intersection),51,PEDALCYCLIST STRUCK MOTOR VEHICLE FRONT END AT ANGLE,,N,Clear or Partly Cloudy,Dry,Daylight,,,,45.0,Vehicle - Pedalcyclist,0,0,N,POINT (1271113.070706412 218411.2692677081),9540.0,1.7179225530141393e-05,Clear or Partly Cloudy,2017-05-08,19:47:00,19.0,0,1,1.0,Clear or Partly Cloudy
185332,240940,241380,3591295,Matched,Intersection,35794.0,LINDEN AVE N AND N 141ST ST,,,1,Property Damage Only Collision,Cycles,2,0,1,1,0,0,0,2017-05-09T00:00:00.000Z,5/9/2017 4:32:00 PM,At Intersection (intersection related),18,"MOTOR VEHICLE STRUCK PEDALCYCLIST, FRONT END AT ANGLE",,N,Clear or Partly Cloudy,Dry,Daylight,Y,,,45.0,Vehicle - Pedalcyclist,15292,0,N,POINT (1267747.506222963 270327.6031448692),817.0,0.0,Clear or Partly Cloudy,2017-05-09,16:32:00,16.0,1,1,1.0,Clear or Partly Cloudy
185361,242157,242617,E681091,Matched,Intersection,24798.0,19TH AVE NE AND NE 65TH ST,,,2b,Serious Injury Collision,Cycles,2,0,1,1,1,1,0,2017-06-11T00:00:00.000Z,6/11/2017 4:25:00 PM,At Intersection (intersection related),18,"MOTOR VEHICLE STRUCK PEDALCYCLIST, FRONT END AT ANGLE",Y,N,Clear or Partly Cloudy,Dry,Daylight,,,,45.0,Vehicle - Pedalcyclist,29705,0,N,POINT (1277233.146680683 249982.5135880411),7304.0,0.0,Clear or Partly Cloudy,2017-06-11,16:25:00,16.0,6,0,1.0,Clear or Partly Cloudy
185418,243072,243552,3753279,Matched,Intersection,587907.0,15TH AVE W AND GILMAN DR W,,,2,Injury Collision,Cycles,2,0,1,1,1,0,0,2017-06-21T00:00:00.000Z,6/21/2017 7:00:00 PM,At Intersection (intersection related),18,"MOTOR VEHICLE STRUCK PEDALCYCLIST, FRONT END AT ANGLE",Y,N,Clear or Partly Cloudy,Dry,Daylight,Y,,,45.0,Vehicle - Pedalcyclist,16095,0,N,POINT (1260111.151143149 238157.912743926),12243.0,0.0,Clear or Partly Cloudy,2017-06-21,19:00:00,19.0,2,1,1.0,Clear or Partly Cloudy
185436,243885,244425,E680451,Matched,Intersection,30748.0,16TH AVE S AND S JACKSON ST,,,2,Injury Collision,Cycles,2,0,1,1,1,0,0,2017-06-06T00:00:00.000Z,6/6/2017 8:40:00 AM,At Intersection (intersection related),18,"MOTOR VEHICLE STRUCK PEDALCYCLIST, FRONT END AT ANGLE",,N,Clear or Partly Cloudy,Dry,Daylight,,,,45.0,Vehicle - Pedalcyclist,11025,0,N,POINT (1275727.637047142 222081.6597994715),1804.0,0.0,Clear or Partly Cloudy,2017-06-06,08:40:00,8.0,1,1,1.0,Clear or Partly Cloudy
185458,245606,246206,E688290,Matched,Intersection,27039.0,FREMONT AVE N AND N 34TH ST,,,2,Injury Collision,Cycles,2,0,1,1,1,0,0,2017-06-28T00:00:00.000Z,6/28/2017 7:50:00 AM,At Intersection (intersection related),18,"MOTOR VEHICLE STRUCK PEDALCYCLIST, FRONT END AT ANGLE",Y,N,Clear or Partly Cloudy,Dry,Daylight,,,,45.0,Vehicle - Pedalcyclist,0,522963,N,POINT (1266674.116909876 240632.7658664584),1223.0,0.0,Clear or Partly Cloudy,2017-06-28,07:50:00,7.0,2,1,1.0,Clear or Partly Cloudy
185468,244438,245020,E690956,Matched,Intersection,31579.0,23RD AVE S AND S COLLEGE ST,,,2,Injury Collision,Cycles,2,0,1,1,1,0,0,2017-07-13T00:00:00.000Z,7/13/2017 4:54:00 PM,At Intersection (intersection related),18,"MOTOR VEHICLE STRUCK PEDALCYCLIST, FRONT END AT ANGLE",,N,Clear or Partly Cloudy,Dry,Daylight,,,,45.0,Vehicle - Pedalcyclist,38205,0,N,POINT (1277741.39986521 216104.0170413405),2588.0,0.0,Clear or Partly Cloudy,2017-07-13,16:54:00,16.0,3,1,1.0,Clear or Partly Cloudy
185494,245855,246455,3704070,Matched,Intersection,29701.0,1ST AVE AND BELL ST,,,1,Property Damage Only Collision,Cycles,2,0,1,1,0,0,0,2017-07-19T00:00:00.000Z,7/19/2017 4:06:00 PM,At Intersection (intersection related),18,"MOTOR VEHICLE STRUCK PEDALCYCLIST, FRONT END AT ANGLE",,N,Clear or Partly Cloudy,Dry,Daylight,,,,45.0,Vehicle - Pedalcyclist,0,521118,N,POINT (1267211.477294415 227409.8093089163),632.0,0.0,Clear or Partly Cloudy,2017-07-19,16:06:00,16.0,2,1,1.0,Clear or Partly Cloudy
185505,242846,243326,E681094,Matched,Intersection,25439.0,14TH AVE NW AND NW 51ST ST,,,2,Injury Collision,Cycles,3,0,1,1,1,0,0,2017-06-11T00:00:00.000Z,6/11/2017 3:00:00 PM,At Intersection (intersection related),18,"MOTOR VEHICLE STRUCK PEDALCYCLIST, FRONT END AT ANGLE",,N,Clear or Partly Cloudy,Dry,Daylight,,,,45.0,Vehicle - Pedalcyclist,26676,0,N,POINT (1260915.751975968 246625.2812006027),5076.0,0.0,Clear or Partly Cloudy,2017-06-11,15:00:00,15.0,6,0,1.0,Clear or Partly Cloudy
185524,245837,246437,3694339,Matched,Intersection,24229.0,GREEN LAKE DR N AND N 80TH ST,,,2,Injury Collision,Cycles,2,0,1,1,1,0,0,2017-07-11T00:00:00.000Z,7/11/2017 7:30:00 PM,At Intersection (intersection related),18,"MOTOR VEHICLE STRUCK PEDALCYCLIST, FRONT END AT ANGLE",,N,Clear or Partly Cloudy,Dry,Daylight,Y,,,45.0,Vehicle - Pedalcyclist,10150,0,N,POINT (1269230.605360493 254205.4545203596),747.0,0.0,Clear or Partly Cloudy,2017-07-11,19:30:00,19.0,1,1,1.0,Clear or Partly Cloudy
185535,245856,246456,3704099,Matched,Intersection,30374.0,ALASKAN E RDWY WAY S AND S WASHINGTON ST,,,2b,Serious Injury Collision,Cycles,2,0,1,1,1,1,0,2017-07-14T00:00:00.000Z,7/14/2017 9:49:00 AM,At Intersection (intersection related),18,"MOTOR VEHICLE STRUCK PEDALCYCLIST, FRONT END AT ANGLE",,N,Clear or Partly Cloudy,Dry,Daylight,,,,45.0,Vehicle - Pedalcyclist,0,522619,N,POINT (1269832.008497104 222801.9324402064),1910.0,0.0,Clear or Partly Cloudy,2017-07-14,09:49:00,9.0,4,1,1.0,Clear or Partly Cloudy
185536,245609,246209,E688292,Matched,Intersection,28049.0,FLORENTIA ST AND WARREN AVE N,,,2,Injury Collision,Cycles,2,0,1,1,1,0,0,2017-06-27T00:00:00.000Z,6/27/2017 3:50:00 PM,At Intersection (intersection related),18,"MOTOR VEHICLE STRUCK PEDALCYCLIST, FRONT END AT ANGLE",,N,Clear or Partly Cloudy,Dry,Daylight,,,,45.0,Vehicle - Pedalcyclist,34773,0,N,POINT (1265482.736172646 239670.6336414814),3530.0,0.0,Clear or Partly Cloudy,2017-06-27,15:50:00,15.0,1,1,1.0,Clear or Partly Cloudy
185566,244463,245043,E691201,Matched,Intersection,24388.0,ROOSEVELT WAY NE AND NE 82ND S ST,,,2,Injury Collision,Cycles,2,0,1,1,1,0,0,2017-07-13T00:00:00.000Z,7/13/2017 10:48:00 AM,At Intersection (intersection related),18,"MOTOR VEHICLE STRUCK PEDALCYCLIST, FRONT END AT ANGLE",,N,Clear or Partly Cloudy,Dry,Daylight,,,,45.0,Vehicle - Pedalcyclist,16603,0,N,POINT (1274873.225014269 254558.6208567172),938.0,0.0,Clear or Partly Cloudy,2017-07-13,10:48:00,10.0,3,1,0.0,Clear or Partly Cloudy
185596,245612,246212,E688295,Matched,Intersection,29058.0,E JOHN ST AND E JOHN SR ST,,,2,Injury Collision,Cycles,2,0,1,1,1,0,0,2017-06-30T00:00:00.000Z,6/30/2017 12:19:00 PM,At Intersection (intersection related),18,"MOTOR VEHICLE STRUCK PEDALCYCLIST, FRONT END AT ANGLE",,N,Clear or Partly Cloudy,Dry,Daylight,,,,45.0,Vehicle - Pedalcyclist,0,0,N,POINT (1275397.946166798 229653.8013752252),6864.0,0.0,Clear or Partly Cloudy,2017-06-30,12:19:00,12.0,4,1,0.0,Clear or Partly Cloudy