OBJECTID,INCKEY,COLDETKEY,REPORTNO,STATUS,ADDRTYPE,INTKEY,LOCATION,EXCEPTRSNC,EXCEPTRSND,SEVERITYCO,SEVERITYDE,COLLISIONT,PERSONCOUN,PEDCOUNT,PEDCYLCOUN,VEHCOUNT,INJURIES,SERIOUSINJ,FATALITIES,INCDATE,INCDTTM,JUNCTIONTY,SDOT_COLCO,SDOT_COLDE,INATTENTIO,UNDERINFL,WEATHER,ROADCOND,LIGHTCOND,PEDROWNOTG,SDOTCOLNUM,SPEEDING,ST_COLCODE,ST_COLDESC,SEGLANEKEY,CROSSWALKK,HITPARKEDC,geometry,near_str_index,min_length,weather_group,date,time,hour,dayofweek,weekday,rushhour,weather_group2
185598,245991,246591,3694577,Matched,Intersection,25669.0,EVANSTON AVE N AND N 48TH ST,,,2,Injury Collision,Cycles,0,0,1,1,1,0,0,2017-08-17T00:00:00.000Z,8/17/2017 9:13:00 AM,At Intersection (intersection related),18,"MOTOR VEHICLE STRUCK PEDALCYCLIST, FRONT END AT ANGLE",,N,Clear or Partly Cloudy,Dry,Daylight,,,,45.0,Vehicle - Pedalcyclist,0,0,N,POINT (1266349.621037543 245746.9380317032),3511.0,0.0,Clear or Partly Cloudy,2017-08-17,09:13:00,9.0,3,1,1.0,Clear or Partly Cloudy
185600,245866,246466,3740150,Matched,Intersection,28760.0,FAIRVIEW AVE N AND MERCER ST,,,2,Injury Collision,Cycles,2,0,1,1,1,0,0,2017-07-26T00:00:00.000Z,7/26/2017 7:46:00 AM,At Intersection (intersection related),51,PEDALCYCLIST STRUCK MOTOR VEHICLE FRONT END AT ANGLE,Y,N,Clear or Partly Cloudy,Dry,Daylight,,,,45.0,Vehicle - Pedalcyclist,0,523123,N,POINT (1270306.740145594 231478.6133450866),11084.0,0.0,Clear or Partly Cloudy,2017-07-26,07:46:00,7.0,2,1,1.0,Clear or Partly Cloudy
185603,245865,246465,3740149,Matched,Intersection,28731.0,DEXTER AVE N AND ALOHA ST,,,2,Injury Collision,Cycles,2,0,1,1,1,0,0,2017-07-24T00:00:00.000Z,7/24/2017 5:56:00 PM,At Intersection (intersection related),51,PEDALCYCLIST STRUCK MOTOR VEHICLE FRONT END AT ANGLE,,N,Clear or Partly Cloudy,Dry,Daylight,,,,45.0,Vehicle - Pedalcyclist,43005,0,N,POINT (1268342.286383584 232408.9135700464),604.0,0.0,Clear or Partly Cloudy,2017-07-24,17:56:00,17.0,0,1,1.0,Clear or Partly Cloudy
185605,245864,246464,3740148,Matched,Intersection,28681.0,ELLIOTT AVE W AND W GALER ST FLYOVER,,,2,Injury Collision,Cycles,3,0,1,1,1,0,0,2017-07-23T00:00:00.000Z,7/23/2017 5:46:00 PM,At Intersection (intersection related),51,PEDALCYCLIST STRUCK MOTOR VEHICLE FRONT END AT ANGLE,Y,N,Clear or Partly Cloudy,Dry,Daylight,Y,,,45.0,Vehicle - Pedalcyclist,19277,0,N,POINT (1260401.805607453 234147.7006438226),17216.0,0.0,Clear or Partly Cloudy,2017-07-23,17:46:00,17.0,6,0,1.0,Clear or Partly Cloudy
185652,242848,243328,E674651,Matched,Intersection,36602.0,30TH AVE NE AND NE 125TH ST,,,2,Injury Collision,Cycles,2,0,1,1,1,0,0,2017-05-23T00:00:00.000Z,5/23/2017 7:05:00 AM,At Intersection (intersection related),18,"MOTOR VEHICLE STRUCK PEDALCYCLIST, FRONT END AT ANGLE",,N,Clear or Partly Cloudy,Dry,Daylight,,,,45.0,Vehicle - Pedalcyclist,0,521371,N,POINT (1280325.224251851 265795.6750762314),7191.0,0.0,Clear or Partly Cloudy,2017-05-23,07:05:00,7.0,1,1,1.0,Clear or Partly Cloudy
185660,243126,243626,E676163,Matched,Block,,1ST AVE S BETWEEN S ATLANTIC ST AND S MASSACHUSETTS ST,,,2,Injury Collision,Cycles,2,0,1,1,1,0,0,2017-05-28T00:00:00.000Z,5/28/2017 9:38:00 AM,Mid-Block (not related to intersection),18,"MOTOR VEHICLE STRUCK PEDALCYCLIST, FRONT END AT ANGLE",,N,Clear or Partly Cloudy,Dry,Daylight,,,,45.0,Vehicle - Pedalcyclist,5253,0,N,POINT (1270077.430065364 218559.9049798548),20439.0,6.61431805886633e-06,Clear or Partly Cloudy,2017-05-28,09:38:00,9.0,6,0,1.0,Clear or Partly Cloudy
185825,244221,244781,3773600,Matched,Block,,S DEARBORN ST BETWEEN 13TH AVE S AND CORWIN PL S,,,2,Injury Collision,Cycles,2,0,1,1,1,0,0,2017-06-13T00:00:00.000Z,6/13/2017 12:33:00 PM,Mid-Block (not related to intersection),18,"MOTOR VEHICLE STRUCK PEDALCYCLIST, FRONT END AT ANGLE",Y,N,Clear or Partly Cloudy,Dry,Daylight,,,,45.0,Vehicle - Pedalcyclist,5918,0,N,POINT (1274858.676278248 220855.7010782063),22612.0,3.714322553072113e-06,Clear or Partly Cloudy,2017-06-13,12:33:00,12.0,1,1,0.0,Clear or Partly Cloudy
185836,243928,244468,E682803,Matched,Intersection,36555.0,MERIDIAN AVE N AND N 117TH ST,,,2,Injury Collision,Cycles,4,0,1,1,1,0,0,2017-05-07T00:00:00.000Z,5/7/2017 4:43:00 PM,At Intersection (intersection related),18,"MOTOR VEHICLE STRUCK PEDALCYCLIST, FRONT END AT ANGLE",,N,Clear or Partly Cloudy,Dry,Daylight,,,,45.0,Vehicle - Pedalcyclist,0,0,N,POINT (1270992.743730292 264085.5072664768),6985.0,0.0,Clear or Partly Cloudy,2017-05-07,16:43:00,16.0,6,0,1.0,Clear or Partly Cloudy
185864,244760,245340,3773908,Matched,Block,,12TH AVE BETWEEN E MADISON ST AND E PIKE ST,,,2b,Serious Injury Collision,Cycles,5,0,1,2,1,1,0,2017-07-31T00:00:00.000Z,7/31/2017 6:39:00 PM,Mid-Block (not related to intersection),51,PEDALCYCLIST STRUCK MOTOR VEHICLE FRONT END AT ANGLE,,N,Clear or Partly Cloudy,Dry,Daylight,,,,45.0,Vehicle - Pedalcyclist,10789,0,N,POINT (1274543.503669932 227311.3066528141),39.0,2.808636349384009e-10,Clear or Partly Cloudy,2017-07-31,18:39:00,18.0,0,1,1.0,Clear or Partly Cloudy
185877,242873,243353,3737483,Matched,Intersection,25569.0,INTERLAKE AVE N AND N 46TH ST,,,2,Injury Collision,Cycles,2,0,1,1,1,0,0,2017-06-07T00:00:00.000Z,6/7/2017 8:25:00 PM,At Intersection (intersection related),18,"MOTOR VEHICLE STRUCK PEDALCYCLIST, FRONT END AT ANGLE",,N,Clear or Partly Cloudy,Dry,Daylight,,,,45.0,Vehicle - Pedalcyclist,0,0,N,POINT (1269004.500784263 245160.5352150947),4030.0,0.0,Clear or Partly Cloudy,2017-06-07,20:25:00,20.0,2,1,0.0,Clear or Partly Cloudy
185919,245423,246023,E684591,Matched,Block,,WEST GREEN LAKE WAY N BETWEEN GREEN LAKE TURN RD AND N 63RD ST,,,2,Injury Collision,Cycles,3,0,1,1,1,0,0,2017-06-21T00:00:00.000Z,6/21/2017 6:02:00 PM,Mid-Block (not related to intersection),18,"MOTOR VEHICLE STRUCK PEDALCYCLIST, FRONT END AT ANGLE",,N,Clear or Partly Cloudy,Dry,Daylight,,,,45.0,Vehicle - Pedalcyclist,10109,0,N,POINT (1268324.786223561 248604.0256506205),4797.0,2.0525931683325152e-05,Clear or Partly Cloudy,2017-06-21,18:02:00,18.0,2,1,1.0,Clear or Partly Cloudy
185968,243442,243942,3695642,Matched,Intersection,36676.0,30TH AVE NE AND NE 107TH ST,,,2,Injury Collision,Cycles,2,0,1,1,1,0,0,2017-05-05T00:00:00.000Z,5/5/2017 8:42:00 AM,At Intersection (intersection related),18,"MOTOR VEHICLE STRUCK PEDALCYCLIST, FRONT END AT ANGLE",Y,N,Raining,Wet,Daylight,Y,,,45.0,Vehicle - Pedalcyclist,33479,0,N,POINT (1280257.714235783 261200.7279995233),1335.0,0.0,Raining,2017-05-05,08:42:00,8.0,4,1,1.0,Raining
185971,244499,245079,E689439,Matched,Intersection,30837.0,LAKE WASHINGTON BLVD S AND LAKESIDE AVE S,,,1,Property Damage Only Collision,Cycles,4,0,1,1,0,0,0,2017-07-08T00:00:00.000Z,7/8/2017 4:55:00 PM,At Intersection (intersection related),21,"MOTOR VEHICLE STRUCK PEDALCYCLIST, REAR END",Y,N,Clear or Partly Cloudy,Dry,Daylight,,,,45.0,Vehicle - Pedalcyclist,40983,0,N,POINT (1281569.060669124 216981.6964022368),17023.0,0.0,Clear or Partly Cloudy,2017-07-08,16:55:00,16.0,5,0,1.0,Clear or Partly Cloudy
185987,245434,246034,E685366,Matched,Intersection,30410.0,12TH AVE AND E YESLER WAY,,,2,Injury Collision,Cycles,2,0,1,1,1,0,0,2017-06-23T00:00:00.000Z,6/23/2017 4:35:00 PM,At Intersection (intersection related),18,"MOTOR VEHICLE STRUCK PEDALCYCLIST, FRONT END AT ANGLE",,N,Clear or Partly Cloudy,Dry,Daylight,,,,45.0,Vehicle - Pedalcyclist,42680,0,N,POINT (1274461.188917845 223006.7211764157),8412.0,0.0,Clear or Partly Cloudy,2017-06-23,16:35:00,16.0,4,1,1.0,Clear or Partly Cloudy
186006,245643,246243,E689021,Matched,Intersection,31452.0,25TH AVE S AND S WALKER ST,,,2,Injury Collision,Cycles,2,0,1,1,1,0,0,2017-07-06T00:00:00.000Z,7/6/2017 12:16:00 PM,At Intersection (intersection related),18,"MOTOR VEHICLE STRUCK PEDALCYCLIST, FRONT END AT ANGLE",,N,Clear or Partly Cloudy,Dry,Daylight,,,,45.0,Vehicle - Pedalcyclist,0,31452,N,POINT (1278392.850233868 216347.5370415896),2632.0,0.0,Clear or Partly Cloudy,2017-07-06,12:16:00,12.0,3,1,0.0,Clear or Partly Cloudy
186016,242722,243202,3773647,Matched,Intersection,29863.0,MELROSE AVE AND PINE ST,,,2,Injury Collision,Cycles,2,0,1,1,1,0,0,2017-06-02T00:00:00.000Z,6/2/2017 5:00:00 PM,At Intersection (but not related to intersection),18,"MOTOR VEHICLE STRUCK PEDALCYCLIST, FRONT END AT ANGLE",Y,N,Clear or Partly Cloudy,Dry,Daylight,Y,,,45.0,Vehicle - Pedalcyclist,10336,0,N,POINT (1271813.802035138 227999.6394535303),897.0,0.0,Clear or Partly Cloudy,2017-06-02,17:00:00,17.0,4,1,1.0,Clear or Partly Cloudy
186032,242407,242887,3753508,Matched,Block,,7TH AVE BETWEEN BLANCHARD ST AND BELL ST,,,1,Property Damage Only Collision,Cycles,2,0,1,1,0,0,0,2017-05-25T00:00:00.000Z,5/25/2017 7:07:00 PM,Mid-Block (not related to intersection),21,"MOTOR VEHICLE STRUCK PEDALCYCLIST, REAR END",,N,Clear or Partly Cloudy,Dry,Daylight,,,,45.0,Vehicle - Pedalcyclist,43451,0,N,POINT (1268669.620527908 228695.9162542373),6027.0,3.326320477277453e-05,Clear or Partly Cloudy,2017-05-25,19:07:00,19.0,3,1,1.0,Clear or Partly Cloudy
186035,242898,243378,E681232,Matched,Block,,30TH AVE BETWEEN E CHERRY ST AND E ARLINGTON PL,,,2,Injury Collision,Cycles,2,0,1,1,1,0,0,2017-06-09T00:00:00.000Z,6/9/2017 4:08:00 PM,Driveway Junction,18,"MOTOR VEHICLE STRUCK PEDALCYCLIST, FRONT END AT ANGLE",,N,Clear or Partly Cloudy,Dry,Daylight,,,,45.0,Vehicle - Pedalcyclist,0,0,N,POINT (1280211.514427736 225282.6989067495),14640.0,8.576346005846698e-06,Clear or Partly Cloudy,2017-06-09,16:08:00,16.0,4,1,1.0,Clear or Partly Cloudy
186038,242897,243377,E681103,Matched,Intersection,25451.0,8TH AVE NW AND NW 49TH ST,,,2,Injury Collision,Cycles,2,0,1,1,1,0,0,2017-06-11T00:00:00.000Z,6/11/2017 5:54:00 PM,At Intersection (intersection related),18,"MOTOR VEHICLE STRUCK PEDALCYCLIST, FRONT END AT ANGLE",Y,Y,Clear or Partly Cloudy,Dry,Daylight,,,,45.0,Vehicle - Pedalcyclist,2308,0,N,POINT (1262729.772585839 246107.2152800709),572.0,0.0,Clear or Partly Cloudy,2017-06-11,17:54:00,17.0,6,0,1.0,Clear or Partly Cloudy
186075,243960,244500,E685368,Matched,Intersection,30742.0,18TH AVE S AND S MAIN ST,,,2,Injury Collision,Cycles,2,0,1,1,1,0,0,2017-05-29T00:00:00.000Z,5/29/2017 9:22:00 PM,At Intersection (intersection related),18,"MOTOR VEHICLE STRUCK PEDALCYCLIST, FRONT END AT ANGLE",Y,N,Clear or Partly Cloudy,Dry,Dark - Street Lights On,,,,45.0,Vehicle - Pedalcyclist,0,0,N,POINT (1276377.237815812 222352.3856877387),121.0,0.0,Clear or Partly Cloudy,2017-05-29,21:22:00,21.0,0,1,0.0,Clear or Partly Cloudy
186103,244810,245397,3694329,Matched,Intersection,35763.0,ASHWORTH AVE N AND N 130TH ST,,,2,Injury Collision,Cycles,3,0,1,1,1,0,0,2017-07-02T00:00:00.000Z,7/2/2017 5:46:00 PM,At Intersection (but not related to intersection),18,"MOTOR VEHICLE STRUCK PEDALCYCLIST, FRONT END AT ANGLE",,N,Clear or Partly Cloudy,Dry,Daylight,,,,45.0,Vehicle - Pedalcyclist,0,35763,N,POINT (1269704.544560969 267432.5452219099),1208.0,0.0,Clear or Partly Cloudy,2017-07-02,17:46:00,17.0,6,0,1.0,Clear or Partly Cloudy
186109,244813,245400,3376165,Matched,Intersection,25661.0,PHINNEY AVE N AND N 50TH E ST,,,2,Injury Collision,Cycles,2,0,1,1,1,0,0,2017-07-14T00:00:00.000Z,7/14/2017 5:29:00 PM,At Intersection (intersection related),18,"MOTOR VEHICLE STRUCK PEDALCYCLIST, FRONT END AT ANGLE",,N,Clear or Partly Cloudy,Dry,Daylight,Y,,,45.0,Vehicle - Pedalcyclist,28288,0,N,POINT (1265747.218988925 246280.3613922447),20389.0,0.0,Clear or Partly Cloudy,2017-07-14,17:29:00,17.0,4,1,1.0,Clear or Partly Cloudy
186111,244808,245388,3295777,Matched,Block,,ALASKAN WAY BETWEEN SPRING ST AND SENECA ST,,,1,Property Damage Only Collision,Cycles,3,0,1,1,0,0,0,2017-07-07T00:00:00.000Z,7/7/2017 3:55:00 PM,Mid-Block (not related to intersection),18,"MOTOR VEHICLE STRUCK PEDALCYCLIST, FRONT END AT ANGLE",,N,Clear or Partly Cloudy,Dry,Daylight,,,,45.0,Vehicle - Pedalcyclist,20993,0,N,POINT (1268896.759216145 224260.2855937034),22949.0,4.0136467505055615e-09,Clear or Partly Cloudy,2017-07-07,15:55:00,15.0,4,1,1.0,Clear or Partly Cloudy
186122,244809,245389,E695941,Matched,Intersection,28799.0,9TH AVE N AND JOHN ST,,,2,Injury Collision,Cycles,2,0,1,1,1,0,0,2017-07-27T00:00:00.000Z,7/27/2017 9:03:00 AM,At Intersection (intersection related),18,"MOTOR VEHICLE STRUCK PEDALCYCLIST, FRONT END AT ANGLE",,N,Other,Wet,Daylight,,,,45.0,Vehicle - Pedalcyclist,15948,0,N,POINT (1268917.478192165 229687.6829752624),3289.0,0.0,,2017-07-27,09:03:00,9.0,3,1,1.0,
186133,245250,245850,E681552,Matched,Intersection,28974.0,12TH AVE E AND E ALOHA ST,,,2,Injury Collision,Cycles,2,0,1,1,1,0,0,2017-06-09T00:00:00.000Z,6/9/2017 2:04:00 PM,At Intersection (intersection related),18,"MOTOR VEHICLE STRUCK PEDALCYCLIST, FRONT END AT ANGLE",,N,Clear or Partly Cloudy,Dry,Daylight,,,,45.0,Vehicle - Pedalcyclist,0,521068,N,POINT (1274629.79896602 232062.9510736912),1059.0,0.0,Clear or Partly Cloudy,2017-06-09,14:04:00,14.0,4,1,0.0,Clear or Partly Cloudy
186142,245652,246252,E689438,Matched,Block,,RAINIER AVE S BETWEEN 25TH AVE S AND S BAYVIEW ST,,,2,Injury Collision,Cycles,2,0,1,1,1,0,0,2017-07-07T00:00:00.000Z,7/7/2017 4:38:00 PM,Mid-Block (not related to intersection),54,PEDALCYCLIST STRUCK MOTOR VEHICLE REAR END,,N,Clear or Partly Cloudy,Dry,Daylight,,,,45.0,Vehicle - Pedalcyclist,20013,0,N,POINT (1278393.102649868 215424.9173926562),14347.0,3.294750708313803e-09,Clear or Partly Cloudy,2017-07-07,16:38:00,16.0,4,1,1.0,Clear or Partly Cloudy
186147,245657,246257,E689466,Matched,Intersection,24611.0,WOODLAWN AVE NE AND NE RAVENNA WB BV,,,2,Injury Collision,Cycles,2,0,1,1,1,0,0,2017-06-26T00:00:00.000Z,6/26/2017 11:51:00 AM,At Intersection (intersection related),18,"MOTOR VEHICLE STRUCK PEDALCYCLIST, FRONT END AT ANGLE",,N,Clear or Partly Cloudy,Dry,Daylight,Y,,,45.0,Vehicle - Pedalcyclist,0,524023,N,POINT (1273023.108148366 251248.747701332),1459.0,0.0,Clear or Partly Cloudy,2017-06-26,11:51:00,11.0,0,1,0.0,Clear or Partly Cloudy
186151,244983,245583,3773767,Matched,Block,,10TH AVE E BETWEEN E HOWE ST AND E NEWTON ST,,,2,Injury Collision,Cycles,3,0,1,1,1,0,0,2017-07-02T00:00:00.000Z,7/2/2017 3:13:00 PM,Mid-Block (not related to intersection),18,"MOTOR VEHICLE STRUCK PEDALCYCLIST, FRONT END AT ANGLE",Y,N,Clear or Partly Cloudy,Dry,Daylight,,,,45.0,Vehicle - Pedalcyclist,6111,0,N,POINT (1273892.356405258 235745.843813464),10794.0,1.91049251547344e-05,Clear or Partly Cloudy,2017-07-02,15:13:00,15.0,6,0,1.0,Clear or Partly Cloudy
186187,243171,243671,3695644,Matched,Intersection,26673.0,LEARY WAY NW AND NW 39TH ST,,,2,Injury Collision,Cycles,2,0,1,1,1,0,0,2017-06-10T00:00:00.000Z,6/10/2017 7:41:00 PM,At Intersection (intersection related),18,"MOTOR VEHICLE STRUCK PEDALCYCLIST, FRONT END AT ANGLE",Y,N,Clear or Partly Cloudy,Dry,Daylight,,,,45.0,Vehicle - Pedalcyclist,0,523085,N,POINT (1264164.958763301 242344.6294202209),3623.0,0.0,Clear or Partly Cloudy,2017-06-10,19:41:00,19.0,5,0,1.0,Clear or Partly Cloudy
186246,244526,245106,3753519,Matched,Intersection,28294.0,EASTLAKE AVE E AND E EDGAR ST,,,2,Injury Collision,Cycles,2,0,1,1,1,0,0,2017-06-15T00:00:00.000Z,6/15/2017 5:02:00 PM,At Intersection (intersection related),18,"MOTOR VEHICLE STRUCK PEDALCYCLIST, FRONT END AT ANGLE",,N,Raining,Wet,Dusk,,,,45.0,Vehicle - Pedalcyclist,24696,0,N,POINT (1272519.139635861 238659.0959764421),6828.0,0.0,Raining,2017-06-15,17:02:00,17.0,3,1,1.0,Raining
186263,244992,245592,3773808,Matched,Intersection,29744.0,HARVARD AVE AND E PIKE ST,,,2,Injury Collision,Cycles,2,0,1,1,1,0,0,2017-07-02T00:00:00.000Z,7/2/2017 12:26:00 AM,At Intersection (intersection related),51,PEDALCYCLIST STRUCK MOTOR VEHICLE FRONT END AT ANGLE,,N,Clear or Partly Cloudy,Dry,Dark - Street Lights On,,,,45.0,Vehicle - Pedalcyclist,31201,0,N,POINT (1273234.02603659 227544.4404770583),1144.0,0.0,Clear or Partly Cloudy,2017-07-02,00:26:00,,6,0,,Clear or Partly Cloudy
186298,245952,246552,3753529,Matched,Intersection,29627.0,ALASKAN E RDWY WAY AND UNIVERSITY ST,,,2,Injury Collision,Cycles,2,0,1,1,2,0,0,2017-07-28T00:00:00.000Z,7/28/2017 5:18:00 PM,At Intersection (intersection related),51,PEDALCYCLIST STRUCK MOTOR VEHICLE FRONT END AT ANGLE,,N,Clear or Partly Cloudy,Dry,Daylight,,,,45.0,Vehicle - Pedalcyclist,0,0,N,POINT (1268756.248879999 224712.5090821534),6720.0,0.0,Clear or Partly Cloudy,2017-07-28,17:18:00,17.0,4,1,1.0,Clear or Partly Cloudy
186308,245668,246268,E690125,Matched,Intersection,37358.0,INTERLAKE AVE N AND N 88TH ST,,,2,Injury Collision,Cycles,3,0,1,2,1,0,0,2017-07-06T00:00:00.000Z,7/6/2017 6:41:00 PM,At Intersection (intersection related),18,"MOTOR VEHICLE STRUCK PEDALCYCLIST, FRONT END AT ANGLE",Y,N,Clear or Partly Cloudy,Dry,Daylight,,,,45.0,Vehicle - Pedalcyclist,0,0,N,POINT (1269322.585904583 256180.798394382),14405.0,0.0,Clear or Partly Cloudy,2017-07-06,18:41:00,18.0,3,1,1.0,Clear or Partly Cloudy
186329,243688,244208,E679471,Matched,Intersection,32333.0,1ST AVE S AND S HORTON ST,,,2,Injury Collision,Cycles,2,0,1,1,1,0,0,2017-05-24T00:00:00.000Z,5/24/2017 9:28:00 AM,At Intersection (intersection related),18,"MOTOR VEHICLE STRUCK PEDALCYCLIST, FRONT END AT ANGLE",,N,Clear or Partly Cloudy,Dry,Daylight,,,,45.0,Vehicle - Pedalcyclist,0,525175,N,POINT (1269969.659441248 213131.0214543045),4973.0,0.0,Clear or Partly Cloudy,2017-05-24,09:28:00,9.0,2,1,1.0,Clear or Partly Cloudy
186331,242957,243437,E681253,Matched,Intersection,29860.0,SUMMIT AVE AND E PINE ST,,,2,Injury Collision,Cycles,3,0,1,1,1,0,0,2017-05-24T00:00:00.000Z,5/24/2017 4:24:00 PM,At Intersection (intersection related),18,"MOTOR VEHICLE STRUCK PEDALCYCLIST, FRONT END AT ANGLE",,N,Overcast,Dry,Daylight,,,,45.0,Vehicle - Pedalcyclist,10354,0,N,POINT (1272399.309875742 227981.0989095122),1148.0,0.0,Overcast,2017-05-24,16:24:00,16.0,2,1,1.0,Clear or Partly Cloudy
186360,244538,245118,3769742,Matched,Intersection,24151.0,8TH AVE NW AND NW 75TH ST,,,2,Injury Collision,Cycles,2,0,1,1,1,0,0,2017-06-18T00:00:00.000Z,6/18/2017 12:56:00 PM,At Intersection (intersection related),18,"MOTOR VEHICLE STRUCK PEDALCYCLIST, FRONT END AT ANGLE",,N,Clear or Partly Cloudy,Wet,Daylight,Y,,,45.0,Vehicle - Pedalcyclist,0,521398,N,POINT (1262911.025194019 252992.5848871171),573.0,0.0,Clear or Partly Cloudy,2017-06-18,12:56:00,12.0,6,0,0.0,Clear or Partly Cloudy
186373,244040,244597,3739935,Matched,Block,,W EMERSON ST BETWEEN EMERSON TURN RD AND SHIP CANAL TRL,,,2b,Serious Injury Collision,Cycles,2,0,1,1,1,1,0,2017-07-11T00:00:00.000Z,7/11/2017 6:05:00 PM,Mid-Block (not related to intersection),18,"MOTOR VEHICLE STRUCK PEDALCYCLIST, FRONT END AT ANGLE",,N,Clear or Partly Cloudy,Dry,Daylight,,,,45.0,Vehicle - Pedalcyclist,29679,0,N,POINT (1259516.169702545 242379.9834682494),20364.0,2.611202676288744e-05,Clear or Partly Cloudy,2017-07-11,18:05:00,18.0,1,1,1.0,Clear or Partly Cloudy
186408,245507,246107,E685917,Matched,Intersection,24214.0,8TH AVE NW AND NW 65TH ST,,,2,Injury Collision,Cycles,2,0,1,1,1,0,0,2017-06-23T00:00:00.000Z,6/23/2017 11:05:00 AM,At Intersection (intersection related),18,"MOTOR VEHICLE STRUCK PEDALCYCLIST, FRONT END AT ANGLE",,N,Clear or Partly Cloudy,Dry,Daylight,,,,45.0,Vehicle - Pedalcyclist,2479,0,N,POINT (1262854.94301796 250338.5430283993),6060.0,0.0,Clear or Partly Cloudy,2017-06-23,11:05:00,11.0,4,1,0.0,Clear or Partly Cloudy
186420,245973,246573,3764554,Matched,Intersection,32337.0,4TH AVE S AND S HINDS ST,,,2,Injury Collision,Cycles,2,0,1,1,1,0,0,2017-07-21T00:00:00.000Z,7/21/2017 7:00:00 PM,At Intersection (intersection related),18,"MOTOR VEHICLE STRUCK PEDALCYCLIST, FRONT END AT ANGLE",Y,Y,Clear or Partly Cloudy,Dry,Daylight,,,,45.0,Vehicle - Pedalcyclist,0,32337,N,POINT (1271234.145842537 212855.7377420217),406.0,0.0,Clear or Partly Cloudy,2017-07-21,19:00:00,19.0,4,1,1.0,Clear or Partly Cloudy
186438,242752,243232,3755063,Matched,Block,,40TH AVE NE BETWEEN NE 52ND PL AND NE 55TH ST,,,2,Injury Collision,Cycles,2,0,1,1,1,0,0,2017-06-05T00:00:00.000Z,6/5/2017 1:33:00 PM,Mid-Block (not related to intersection),14,"MOTOR VEHICLE STRUCK MOTOR VEHICLE, REAR END",,N,Clear or Partly Cloudy,Dry,Daylight,,,,45.0,Vehicle - Pedalcyclist,0,521972,N,POINT (1282801.570750386 247034.7936490178),12437.0,0.0,Clear or Partly Cloudy,2017-06-05,13:33:00,13.0,0,1,0.0,Clear or Partly Cloudy
186453,243190,243690,E676563,Matched,Intersection,32204.0,11TH CR AVE SW AND SW SPOKANE ST,,,2,Injury Collision,Cycles,2,0,1,1,1,0,0,2017-05-25T00:00:00.000Z,5/25/2017 2:10:00 PM,At Intersection (intersection related),18,"MOTOR VEHICLE STRUCK PEDALCYCLIST, FRONT END AT ANGLE",,N,Clear or Partly Cloudy,Dry,Daylight,,,,45.0,Vehicle - Pedalcyclist,0,525438,N,POINT (1266345.98660554 212117.5517572612),2049.0,0.0,Clear or Partly Cloudy,2017-05-25,14:10:00,14.0,3,1,0.0,Clear or Partly Cloudy
186465,243698,244218,E679644,Matched,Intersection,287158.0,BROOKLYN AVE NE AND BURKE GILMAN TRL,,,2,Injury Collision,Cycles,2,0,1,1,1,0,0,2017-06-09T00:00:00.000Z,6/9/2017 3:45:00 PM,At Intersection (intersection related),18,"MOTOR VEHICLE STRUCK PEDALCYCLIST, FRONT END AT ANGLE",,N,Clear or Partly Cloudy,Dry,Daylight,,,,45.0,Vehicle - Pedalcyclist,0,525567,N,POINT (1275399.661622807 242148.1143480092),2203.0,0.0,Clear or Partly Cloudy,2017-06-09,15:45:00,15.0,4,1,1.0,Clear or Partly Cloudy
186517,245277,245877,3694188,Matched,Block,,N NORTHLAKE WAY BETWEEN DENSMORE AVE N AND BURKE AVE N,,,2,Injury Collision,Cycles,2,0,1,1,1,0,0,2017-08-05T00:00:00.000Z,8/5/2017 12:50:00 PM,Mid-Block (not related to intersection),51,PEDALCYCLIST STRUCK MOTOR VEHICLE FRONT END AT ANGLE,Y,N,Clear or Partly Cloudy,Dry,Daylight,,,,45.0,Vehicle - Pedalcyclist,0,0,N,POINT (1269952.849841222 239579.4049053788),7139.0,4.704239360237751e-06,Clear or Partly Cloudy,2017-08-05,12:50:00,12.0,5,0,0.0,Clear or Partly Cloudy
186548,245678,246278,E690568,Matched,Intersection,28403.0,24TH AVE E AND E MILLER ST,,,2b,Serious Injury Collision,Cycles,2,0,1,1,1,1,0,2017-07-07T00:00:00.000Z,7/7/2017 5:49:00 PM,At Intersection (intersection related),18,"MOTOR VEHICLE STRUCK PEDALCYCLIST, FRONT END AT ANGLE",,N,Clear or Partly Cloudy,Dry,Daylight,,,,45.0,Vehicle - Pedalcyclist,22302,0,N,POINT (1278371.477049842 237534.0033672899),2600.0,0.0,Clear or Partly Cloudy,2017-07-07,17:49:00,17.0,4,1,1.0,Clear or Partly Cloudy
186553,245990,246590,3694576,Matched,Intersection,27149.0,15TH AVE NE AND NE PACIFIC ST,,,1,Property Damage Only Collision,Cycles,0,0,1,1,0,0,0,2017-08-15T00:00:00.000Z,8/15/2017 8:19:00 PM,At Intersection (intersection related),18,"MOTOR VEHICLE STRUCK PEDALCYCLIST, FRONT END AT ANGLE",,N,Clear or Partly Cloudy,Dry,Dusk,,,,45.0,Vehicle - Pedalcyclist,0,520838,N,POINT (1275885.728567302 241688.8779955506),1534.0,0.0,Clear or Partly Cloudy,2017-08-15,20:19:00,20.0,1,1,0.0,Clear or Partly Cloudy