OBJECTID,INCKEY,COLDETKEY,REPORTNO,STATUS,ADDRTYPE,INTKEY,LOCATION,EXCEPTRSNC,EXCEPTRSND,SEVERITYCO,SEVERITYDE,COLLISIONT,PERSONCOUN,PEDCOUNT,PEDCYLCOUN,VEHCOUNT,INJURIES,SERIOUSINJ,FATALITIES,INCDATE,INCDTTM,JUNCTIONTY,SDOT_COLCO,SDOT_COLDE,INATTENTIO,UNDERINFL,WEATHER,ROADCOND,LIGHTCOND,PEDROWNOTG,SDOTCOLNUM,SPEEDING,ST_COLCODE,ST_COLDESC,SEGLANEKEY,CROSSWALKK,HITPARKEDC,geometry,near_str_index,min_length,weather_group,date,time,hour,dayofweek,weekday,rushhour,weather_group2
186623,244315,244875,E683910,Matched,Intersection,30726.0,16TH AVE AND E YESLER WAY,,,2,Injury Collision,Cycles,3,0,1,1,1,0,0,2017-06-22T00:00:00.000Z,6/22/2017 7:51:00 AM,At Intersection (intersection related),18,"MOTOR VEHICLE STRUCK PEDALCYCLIST, FRONT END AT ANGLE",,N,Clear or Partly Cloudy,Dry,Daylight,,,,45.0,Vehicle - Pedalcyclist,10019,0,N,POINT (1275746.921783164 222978.1083123833),3967.0,0.0,Clear or Partly Cloudy,2017-06-22,07:51:00,7.0,3,1,1.0,Clear or Partly Cloudy
186624,244851,245451,E693902,Matched,Block,,BALLARD AVE NW BETWEEN 22ND AVE NW AND NW MARKET ST,,,2,Injury Collision,Cycles,2,0,1,1,1,0,0,2017-07-21T00:00:00.000Z,7/21/2017 4:51:00 PM,Mid-Block (not related to intersection),54,PEDALCYCLIST STRUCK MOTOR VEHICLE REAR END,,N,Clear or Partly Cloudy,Dry,Daylight,,,,45.0,Vehicle - Pedalcyclist,26294,0,N,POINT (1257980.356452972 247574.2637935728),23024.0,8.146367729517067e-06,Clear or Partly Cloudy,2017-07-21,16:51:00,16.0,4,1,1.0,Clear or Partly Cloudy
186658,246033,246613,3746706,Matched,Intersection,29678.0,BROAD ST AND WESTERN AVE,,,2,Injury Collision,Cycles,3,0,1,1,1,0,0,2017-08-09T00:00:00.000Z,8/9/2017 5:35:00 PM,At Intersection (intersection related),18,"MOTOR VEHICLE STRUCK PEDALCYCLIST, FRONT END AT ANGLE",,N,Clear or Partly Cloudy,Dry,Daylight,Y,,,45.0,Vehicle - Pedalcyclist,15772,0,N,POINT (1265542.31786871 228492.6596140265),6764.0,0.0,Clear or Partly Cloudy,2017-08-09,17:35:00,17.0,2,1,1.0,Clear or Partly Cloudy
186684,245532,246132,E686745,Matched,Intersection,26937.0,DAYTON AVE N AND N 44TH ST,,,2,Injury Collision,Cycles,2,0,1,1,1,0,0,2017-04-27T00:00:00.000Z,4/27/2017 6:38:00 PM,At Intersection (intersection related),18,"MOTOR VEHICLE STRUCK PEDALCYCLIST, FRONT END AT ANGLE",,N,Overcast,Dry,Dusk,,,,45.0,Vehicle - Pedalcyclist,0,0,N,POINT (1266179.814445361 244520.3032784462),683.0,0.0,Overcast,2017-04-27,18:38:00,18.0,3,1,1.0,Clear or Partly Cloudy
186688,242995,243475,3704054,Matched,Intersection,29697.0,ELLIOTT AVE AND WALL ST,,,2,Injury Collision,Cycles,4,0,1,1,1,0,0,2017-06-25T00:00:00.000Z,6/25/2017 5:07:00 PM,At Intersection (intersection related),51,PEDALCYCLIST STRUCK MOTOR VEHICLE FRONT END AT ANGLE,,N,Clear or Partly Cloudy,Dry,Daylight,,,,45.0,Vehicle - Pedalcyclist,0,523791,N,POINT (1266236.692013428 227426.0105249435),707.0,0.0,Clear or Partly Cloudy,2017-06-25,17:07:00,17.0,6,0,1.0,Clear or Partly Cloudy
186701,242284,242764,E680412,Matched,Intersection,35274.0,RENTON AVE S AND S HENDERSON ST,,,1,Property Damage Only Collision,Cycles,2,0,1,1,0,0,0,2017-06-10T00:00:00.000Z,6/10/2017 7:07:00 PM,At Intersection (intersection related),18,"MOTOR VEHICLE STRUCK PEDALCYCLIST, FRONT END AT ANGLE",,N,Clear or Partly Cloudy,Dry,Daylight,,,,45.0,Vehicle - Pedalcyclist,0,523202,N,POINT (1283885.015359491 194231.6929229498),11160.0,0.0,Clear or Partly Cloudy,2017-06-10,19:07:00,19.0,5,0,1.0,Clear or Partly Cloudy
186717,246035,246615,3746753,Matched,Intersection,26472.0,20TH AVE W AND W DRAVUS ST,,,2,Injury Collision,Cycles,2,0,1,1,1,0,0,2017-08-01T00:00:00.000Z,8/1/2017 1:38:00 PM,At Intersection (intersection related),18,"MOTOR VEHICLE STRUCK PEDALCYCLIST, FRONT END AT ANGLE",,N,Clear or Partly Cloudy,Dry,Daylight,,,,45.0,Vehicle - Pedalcyclist,15613,0,N,POINT (1258722.299941733 240378.1946022063),2093.0,0.0,Clear or Partly Cloudy,2017-08-01,13:38:00,13.0,1,1,0.0,Clear or Partly Cloudy
186736,243222,243722,3694286,Matched,Intersection,36339.0,AURORA AVE N AND N 117TH PL,,,2,Injury Collision,Cycles,0,0,1,1,1,0,0,2017-06-27T00:00:00.000Z,6/27/2017 11:38:00 PM,At Intersection (intersection related),18,"MOTOR VEHICLE STRUCK PEDALCYCLIST, FRONT END AT ANGLE",,N,Clear or Partly Cloudy,Dry,Dark - Street Lights On,,,,45.0,Vehicle - Pedalcyclist,0,614262,N,POINT (1268347.37975958 264382.4603547752),18893.0,0.0,Clear or Partly Cloudy,2017-06-27,23:38:00,23.0,1,1,0.0,Clear or Partly Cloudy
186749,242998,243478,E676100,Matched,Block,,NW MARKET ST BETWEEN LEARY AVE NW AND BALLARD AVE NW,,,1,Property Damage Only Collision,Cycles,2,0,1,1,0,0,0,2017-05-25T00:00:00.000Z,5/25/2017 10:46:00 AM,Mid-Block (but intersection related),21,"MOTOR VEHICLE STRUCK PEDALCYCLIST, REAR END",Y,N,Clear or Partly Cloudy,Dry,Daylight,,,,45.0,Vehicle - Pedalcyclist,25818,0,N,POINT (1257990.006692976 247770.4896497726),20714.0,0.0,Clear or Partly Cloudy,2017-05-25,10:46:00,10.0,3,1,0.0,Clear or Partly Cloudy
186751,243498,244018,3773654,Matched,Intersection,30732.0,22ND AVE AND E YESLER WAY,,,1,Property Damage Only Collision,Cycles,2,0,1,1,0,0,0,2017-05-24T00:00:00.000Z,5/24/2017 5:13:00 PM,At Intersection (intersection related),11,"MOTOR VEHICLE STRUCK MOTOR VEHICLE, FRONT END AT ANGLE",,N,Clear or Partly Cloudy,Dry,Daylight,,,,45.0,Vehicle - Pedalcyclist,0,0,N,POINT (1277678.22623314 222936.1837043464),10456.0,0.0,Clear or Partly Cloudy,2017-05-24,17:13:00,17.0,2,1,1.0,Clear or Partly Cloudy
186769,244855,245455,E696032,Matched,Block,,10TH AVE E BETWEEN E MERCER ST AND E ROY E ST,,,2,Injury Collision,Cycles,2,0,1,1,1,0,0,2017-07-27T00:00:00.000Z,7/27/2017 11:29:00 AM,Driveway Junction,18,"MOTOR VEHICLE STRUCK PEDALCYCLIST, FRONT END AT ANGLE",,N,Overcast,Dry,Daylight,,,,45.0,Vehicle - Pedalcyclist,0,0,N,POINT (1273859.708021224 231454.5458890647),15519.0,6.239044659293649e-06,Overcast,2017-07-27,11:29:00,11.0,3,1,0.0,Clear or Partly Cloudy
186770,244854,245454,3694336,Matched,Intersection,25132.0,24TH AVE NW AND NW 58TH ST,,,1,Property Damage Only Collision,Cycles,4,0,1,1,0,0,0,2017-07-08T00:00:00.000Z,7/8/2017 10:17:00 AM,At Intersection (intersection related),18,"MOTOR VEHICLE STRUCK PEDALCYCLIST, FRONT END AT ANGLE",Y,N,Clear or Partly Cloudy,Dry,Daylight,,,,45.0,Vehicle - Pedalcyclist,2105,0,N,POINT (1257506.266148478 248596.4105466157),7478.0,0.0,Clear or Partly Cloudy,2017-07-08,10:17:00,10.0,5,0,0.0,Clear or Partly Cloudy
186794,245875,246475,3744379,Matched,Intersection,34153.0,HIGHLAND PARK WAY SW AND SW HOLDEN N ST,,,2,Injury Collision,Cycles,2,0,1,1,1,0,0,2017-07-13T00:00:00.000Z,7/13/2017 3:41:00 PM,At Intersection (intersection related),51,PEDALCYCLIST STRUCK MOTOR VEHICLE FRONT END AT ANGLE,Y,N,Clear or Partly Cloudy,Dry,Daylight,,,,45.0,Vehicle - Pedalcyclist,29882,0,N,POINT (1266505.160493702 198493.2194553167),15047.0,0.0,Clear or Partly Cloudy,2017-07-13,15:41:00,15.0,3,1,1.0,Clear or Partly Cloudy
186815,245054,245654,E696983,Matched,Block,,NW MARKET ST BETWEEN 28TH AVE NW AND NW 54TH ST,,,2,Injury Collision,Cycles,6,0,1,1,1,0,0,2017-07-31T00:00:00.000Z,7/31/2017 12:52:00 PM,Mid-Block (not related to intersection),18,"MOTOR VEHICLE STRUCK PEDALCYCLIST, FRONT END AT ANGLE",Y,N,Clear or Partly Cloudy,Dry,Daylight,,,,45.0,Vehicle - Pedalcyclist,25937,0,N,POINT (1255987.824546933 247800.8483058065),12849.0,7.554727456820502e-09,Clear or Partly Cloudy,2017-07-31,12:52:00,12.0,0,1,0.0,Clear or Partly Cloudy
186838,242774,243254,3769313,Matched,Block,,LINDEN AVE N BETWEEN N 130TH ST AND N 135TH ST,,,2,Injury Collision,Cycles,2,0,1,1,1,0,0,2017-06-06T00:00:00.000Z,6/6/2017 4:39:00 PM,Mid-Block (not related to intersection),14,"MOTOR VEHICLE STRUCK MOTOR VEHICLE, REAR END",,N,Clear or Partly Cloudy,Dry,Daylight,,,,45.0,Vehicle - Pedalcyclist,40833,0,N,POINT (1267662.791086882 268139.4151106328),20586.0,2.602739777230382e-06,Clear or Partly Cloudy,2017-06-06,16:39:00,16.0,1,1,1.0,Clear or Partly Cloudy
186841,245883,246483,3747967,Matched,Intersection,27284.0,CORLISS AVE N AND N NORTHLAKE WAY,,,2,Injury Collision,Cycles,2,0,1,1,1,0,0,2017-07-21T00:00:00.000Z,7/21/2017 4:05:00 PM,At Intersection (intersection related),51,PEDALCYCLIST STRUCK MOTOR VEHICLE FRONT END AT ANGLE,,N,Overcast,Dry,Daylight,,,,45.0,Vehicle - Pedalcyclist,28985,0,N,POINT (1271215.333682522 240658.9459624887),12061.0,0.0,Overcast,2017-07-21,16:05:00,16.0,4,1,1.0,Clear or Partly Cloudy
186843,245882,246482,3746751,Matched,Intersection,28913.0,MERCER ST AND TAYLOR AVE N,,,1,Property Damage Only Collision,Cycles,2,0,1,1,0,0,0,2017-07-28T00:00:00.000Z,7/28/2017 9:23:00 PM,At Intersection (intersection related),18,"MOTOR VEHICLE STRUCK PEDALCYCLIST, FRONT END AT ANGLE",,N,Clear or Partly Cloudy,Dry,Dark - Street Lights On,,,,45.0,Vehicle - Pedalcyclist,43201,0,N,POINT (1267352.501806572 231486.9510730952),6529.0,0.0,Clear or Partly Cloudy,2017-07-28,21:23:00,21.0,4,1,0.0,Clear or Partly Cloudy
186852,245878,246478,3746207,Matched,Intersection,29966.0,4TH AVE AND COLUMBIA ST,,,2,Injury Collision,Cycles,2,0,1,1,1,0,0,2017-07-11T00:00:00.000Z,7/11/2017 6:03:00 PM,At Intersection (intersection related),51,PEDALCYCLIST STRUCK MOTOR VEHICLE FRONT END AT ANGLE,,N,Clear or Partly Cloudy,Dry,Daylight,,,Y,45.0,Vehicle - Pedalcyclist,12651,0,N,POINT (1270826.14917013 224160.0462335944),11803.0,0.0,Clear or Partly Cloudy,2017-07-11,18:03:00,18.0,1,1,1.0,Clear or Partly Cloudy
186870,243239,243739,3773784,Matched,Block,,10TH AVE E BETWEEN E ROY W ST AND E ALOHA ST,,,2,Injury Collision,Cycles,2,0,1,1,1,0,0,2017-06-27T00:00:00.000Z,6/27/2017 6:40:00 AM,Mid-Block (not related to intersection),22,"MOTOR VEHICLE STRUCK PEDALCYCLIST, RIGHT SIDE SIDESWIPE",,N,Clear or Partly Cloudy,Dry,Daylight,Y,,,45.0,Vehicle - Pedalcyclist,6191,0,N,POINT (1273784.705397159 231940.3861455619),4984.0,1.3544046334140847e-05,Clear or Partly Cloudy,2017-06-27,06:40:00,6.0,1,1,0.0,Clear or Partly Cloudy
186880,243229,243729,3756585,Matched,Intersection,31581.0,RAINIER AVE S AND S COLLEGE N ST,,,2,Injury Collision,Cycles,3,0,1,1,1,0,0,2017-06-27T00:00:00.000Z,6/27/2017 9:24:00 PM,At Intersection (intersection related),18,"MOTOR VEHICLE STRUCK PEDALCYCLIST, FRONT END AT ANGLE",,N,Clear or Partly Cloudy,Dry,Dusk,Y,,,45.0,Vehicle - Pedalcyclist,19994,0,N,POINT (1278025.18226549 216171.4133934081),8892.0,0.0,Clear or Partly Cloudy,2017-06-27,21:24:00,21.0,1,1,0.0,Clear or Partly Cloudy
186885,243815,244353,E674445,Matched,Intersection,589793.0,9TH AVE N AND MERCER NR ST,,,2b,Serious Injury Collision,Cycles,2,0,2,0,1,1,0,2017-05-17T00:00:00.000Z,5/17/2017 1:53:00 PM,At Intersection (intersection related),18,"MOTOR VEHICLE STRUCK PEDALCYCLIST, FRONT END AT ANGLE",Y,N,Clear or Partly Cloudy,Dry,Daylight,,,,45.0,Vehicle - Pedalcyclist,44426,0,N,POINT (1268962.123568222 231502.3666251153),4920.0,0.0,Clear or Partly Cloudy,2017-05-17,13:53:00,13.0,2,1,0.0,Clear or Partly Cloudy
186888,243011,243491,3753281,Matched,Intersection,30542.0,6TH AVE S AND S DEARBORN ST,,,1,Property Damage Only Collision,Cycles,2,0,1,1,0,0,0,2017-06-21T00:00:00.000Z,6/21/2017 8:15:00 PM,At Intersection (intersection related),18,"MOTOR VEHICLE STRUCK PEDALCYCLIST, FRONT END AT ANGLE",Y,N,Overcast,Dry,Daylight,Y,,,45.0,Vehicle - Pedalcyclist,5806,0,N,POINT (1272053.794867381 220916.7845342755),4454.0,0.0,Overcast,2017-06-21,20:15:00,20.0,2,1,0.0,Clear or Partly Cloudy
186941,245893,246493,3773812,Matched,Intersection,35508.0,LAKE WASHINGTON BLVD S AND S JACKSON ST,,,1,Property Damage Only Collision,Cycles,2,0,1,1,0,0,0,2017-07-08T00:00:00.000Z,7/8/2017 5:33:00 PM,At Intersection (intersection related),51,PEDALCYCLIST STRUCK MOTOR VEHICLE FRONT END AT ANGLE,,N,Clear or Partly Cloudy,Dry,Daylight,,,,45.0,Vehicle - Pedalcyclist,35010,0,N,POINT (1281390.396732941 221947.8491113335),11957.0,0.0,Clear or Partly Cloudy,2017-07-08,17:33:00,17.0,5,0,1.0,Clear or Partly Cloudy
186969,245553,246153,E686939,Matched,Intersection,35910.0,MERIDIAN AVE N AND N 145TH ST,,,2,Injury Collision,Angles,5,0,1,3,1,0,0,2017-06-21T00:00:00.000Z,6/21/2017 5:21:00 PM,At Intersection (intersection related),11,"MOTOR VEHICLE STRUCK MOTOR VEHICLE, FRONT END AT ANGLE",,N,Clear or Partly Cloudy,Dry,Daylight,,,,10.0,Entering at angle,0,0,N,POINT (1271088.264498398 271391.9538659602),12725.0,0.0,Clear or Partly Cloudy,2017-06-21,17:21:00,17.0,2,1,1.0,Clear or Partly Cloudy
187010,243240,243740,3773785,Matched,Block,,EASTLAKE AVE E BETWEEN HARVARD AVE E AND FUHRMAN AVE E,,,2,Injury Collision,Cycles,3,0,1,1,1,0,0,2017-06-27T00:00:00.000Z,6/27/2017 8:37:00 AM,Mid-Block (not related to intersection),18,"MOTOR VEHICLE STRUCK PEDALCYCLIST, FRONT END AT ANGLE",Y,N,Clear or Partly Cloudy,Dry,Daylight,Y,,,45.0,Vehicle - Pedalcyclist,6064,0,N,POINT (1273599.974708959 241029.8313388675),6317.0,1.4142158170737939e-05,Clear or Partly Cloudy,2017-06-27,08:37:00,8.0,1,1,1.0,Clear or Partly Cloudy
187036,244873,245473,3704095,Matched,Block,,13TH AVE W BETWEEN W NICKERSON ST AND SHIP CANAL TRL,,,2,Injury Collision,Cycles,2,0,1,1,1,0,0,2017-07-06T00:00:00.000Z,7/6/2017 8:27:00 AM,Mid-Block (not related to intersection),18,"MOTOR VEHICLE STRUCK PEDALCYCLIST, FRONT END AT ANGLE",Y,N,Clear or Partly Cloudy,Dry,Daylight,,,,45.0,Vehicle - Pedalcyclist,0,642408,N,POINT (1260847.772199899 243022.197676912),12277.0,8.526425296049874e-06,Clear or Partly Cloudy,2017-07-06,08:27:00,8.0,3,1,1.0,Clear or Partly Cloudy
187074,245333,245933,E682399,Matched,Intersection,30509.0,4TH AVE S AND S JACKSON ST,,,2,Injury Collision,Cycles,2,0,1,1,1,0,0,2017-06-14T00:00:00.000Z,6/14/2017 10:48:00 AM,At Intersection (but not related to intersection),11,"MOTOR VEHICLE STRUCK MOTOR VEHICLE, FRONT END AT ANGLE",,N,Unknown,Unknown,Unknown,,,,45.0,Vehicle - Pedalcyclist,35682,0,N,POINT (1271437.769010752 222154.4498155415),4520.0,0.0,,2017-06-14,10:48:00,10.0,2,1,0.0,
187116,242645,243125,3704076,Matched,Intersection,28884.0,2ND AVE N AND ROY ST,,,2,Injury Collision,Cycles,3,0,1,1,1,0,0,2017-06-01T00:00:00.000Z,6/1/2017 5:49:00 PM,At Intersection (intersection related),18,"MOTOR VEHICLE STRUCK PEDALCYCLIST, FRONT END AT ANGLE",,N,Clear or Partly Cloudy,Dry,Daylight,Y,,,45.0,Vehicle - Pedalcyclist,12402,0,N,POINT (1265751.685676932 231841.1915854663),943.0,0.0,Clear or Partly Cloudy,2017-06-01,17:49:00,17.0,3,1,1.0,Clear or Partly Cloudy
187124,245946,246546,3789015,Matched,Intersection,29627.0,ALASKAN E RDWY WAY AND UNIVERSITY ST,,,2,Injury Collision,Cycles,2,0,1,1,1,0,0,2017-07-21T00:00:00.000Z,7/21/2017 12:13:00 PM,At Intersection (intersection related),18,"MOTOR VEHICLE STRUCK PEDALCYCLIST, FRONT END AT ANGLE",,N,Clear or Partly Cloudy,Dry,Daylight,,,,45.0,Vehicle - Pedalcyclist,0,0,N,POINT (1268756.248879999 224712.5090821534),6720.0,0.0,Clear or Partly Cloudy,2017-07-21,12:13:00,12.0,4,1,0.0,Clear or Partly Cloudy
187127,242642,243122,3694245,Matched,Block,,N 45TH ST BETWEEN WOODLAWN W AVE N AND WOODLAWN E AVE N,,,2,Injury Collision,Cycles,3,0,1,1,1,0,0,2017-05-31T00:00:00.000Z,5/31/2017 8:05:00 PM,Mid-Block (not related to intersection),18,"MOTOR VEHICLE STRUCK PEDALCYCLIST, FRONT END AT ANGLE",Y,N,Clear or Partly Cloudy,Dry,Daylight,Y,,,45.0,Vehicle - Pedalcyclist,6463,0,N,POINT (1269440.811760709 244882.1745748073),7052.0,1.914384914016944e-05,Clear or Partly Cloudy,2017-05-31,20:05:00,20.0,2,1,0.0,Clear or Partly Cloudy
187134,243038,243518,3764409,Matched,Intersection,33579.0,RAINIER AVE S AND S HUDSON ST,,,2,Injury Collision,Cycles,2,0,1,1,1,0,0,2017-06-24T00:00:00.000Z,6/24/2017 2:55:00 PM,At Intersection (intersection related),24,MOTOR VEHCILE STRUCK PEDESTRIAN,,N,Clear or Partly Cloudy,Dry,Daylight,Y,,,45.0,Vehicle - Pedalcyclist,0,524819,N,POINT (1282084.838717654 206570.8007755876),3722.0,0.0,Clear or Partly Cloudy,2017-06-24,14:55:00,14.0,5,0,0.0,Clear or Partly Cloudy
187182,244880,245480,3739933,Matched,Intersection,589793.0,9TH AVE N AND MERCER NR ST,,,2,Injury Collision,Cycles,2,0,1,1,1,0,0,2017-07-07T00:00:00.000Z,7/7/2017 3:49:00 PM,At Intersection (but not related to intersection),18,"MOTOR VEHICLE STRUCK PEDALCYCLIST, FRONT END AT ANGLE",,N,Clear or Partly Cloudy,Dry,Daylight,,,,45.0,Vehicle - Pedalcyclist,0,522444,N,POINT (1268962.123568222 231502.3666251153),4920.0,0.0,Clear or Partly Cloudy,2017-07-07,15:49:00,15.0,4,1,1.0,Clear or Partly Cloudy
187195,245569,246169,3552111,Matched,Intersection,29826.0,12TH AVE AND E ALDER ST,,,2,Injury Collision,Cycles,2,0,1,1,1,0,0,2017-08-14T00:00:00.000Z,8/14/2017 8:26:00 AM,At Intersection (intersection related),18,"MOTOR VEHICLE STRUCK PEDALCYCLIST, FRONT END AT ANGLE",Y,N,Clear or Partly Cloudy,Dry,Daylight,,,,45.0,Vehicle - Pedalcyclist,10590,0,N,POINT (1274480.128053859 223979.3716734052),2319.0,0.0,Clear or Partly Cloudy,2017-08-14,08:26:00,8.0,0,1,1.0,Clear or Partly Cloudy
187217,242648,243128,3735072,Matched,Intersection,32333.0,1ST AVE S AND S HORTON ST,,,2,Injury Collision,Cycles,2,0,1,1,1,0,0,2017-05-31T00:00:00.000Z,5/31/2017 11:34:00 PM,At Intersection (intersection related),11,"MOTOR VEHICLE STRUCK MOTOR VEHICLE, FRONT END AT ANGLE",,N,Raining,Wet,Dark - Street Lights On,,,,45.0,Vehicle - Pedalcyclist,0,525175,N,POINT (1269969.659441248 213131.0214543045),4973.0,0.0,Raining,2017-05-31,23:34:00,23.0,2,1,0.0,Raining
187287,244391,244951,E684322,Matched,Block,,STEWART ST BETWEEN 1ST AVE AND 2ND AVE,,,2,Injury Collision,Cycles,4,0,1,2,1,0,0,2017-06-22T00:00:00.000Z,6/22/2017 9:45:00 AM,Mid-Block (not related to intersection),51,PEDALCYCLIST STRUCK MOTOR VEHICLE FRONT END AT ANGLE,,N,Clear or Partly Cloudy,Dry,Daylight,,,,45.0,Vehicle - Pedalcyclist,13565,0,N,POINT (1268576.52094382 226377.5820438713),3770.0,1.908789332689597e-05,Clear or Partly Cloudy,2017-06-22,09:45:00,9.0,3,1,1.0,Clear or Partly Cloudy
187305,244890,245490,3744236,Matched,Block,,16TH AVE SW BETWEEN SW OTHELLO ST AND SW WEBSTER ST,,,2,Injury Collision,Cycles,2,0,1,1,1,0,0,2017-07-02T00:00:00.000Z,7/2/2017 10:21:00 AM,Mid-Block (not related to intersection),54,PEDALCYCLIST STRUCK MOTOR VEHICLE REAR END,Y,N,Clear or Partly Cloudy,Dry,Daylight,,,Y,45.0,Vehicle - Pedalcyclist,1627,0,N,POINT (1264560.582059711 199379.3133442253),8442.0,1.4289794547116787e-07,Clear or Partly Cloudy,2017-07-02,10:21:00,10.0,6,0,0.0,Clear or Partly Cloudy
187336,245384,245984,E684049,Matched,Block,,S HENDERSON ST BETWEEN RENTON AVE S AND 46TH AVE S,,,2,Injury Collision,Cycles,2,0,1,1,1,0,0,2017-06-17T00:00:00.000Z,6/17/2017 5:33:00 PM,Mid-Block (not related to intersection),18,"MOTOR VEHICLE STRUCK PEDALCYCLIST, FRONT END AT ANGLE",,N,Clear or Partly Cloudy,Dry,Daylight,,,,45.0,Vehicle - Pedalcyclist,0,0,N,POINT (1284151.934335768 194226.5154509395),18357.0,1.6235007999476274e-05,Clear or Partly Cloudy,2017-06-17,17:33:00,17.0,5,0,1.0,Clear or Partly Cloudy
187345,245978,246578,3787270,Matched,Intersection,25394.0,15TH AVE NW AND NW 60TH ST,,,2,Injury Collision,Cycles,0,0,1,1,1,0,0,2017-08-15T00:00:00.000Z,8/15/2017 2:25:00 PM,At Intersection (intersection related),18,"MOTOR VEHICLE STRUCK PEDALCYCLIST, FRONT END AT ANGLE",,N,Clear or Partly Cloudy,Dry,Daylight,,,,45.0,Vehicle - Pedalcyclist,0,524984,N,POINT (1260319.129639357 249066.4326910973),1586.0,0.0,Clear or Partly Cloudy,2017-08-15,14:25:00,14.0,1,1,0.0,Clear or Partly Cloudy
187416,243602,244122,E676643,Matched,Intersection,26628.0,8TH AVE NW AND NW 43RD S ST,,,2,Injury Collision,Cycles,2,0,1,1,1,0,0,2017-05-09T00:00:00.000Z,5/9/2017 8:05:00 AM,At Intersection (but not related to intersection),18,"MOTOR VEHICLE STRUCK PEDALCYCLIST, FRONT END AT ANGLE",Y,N,Clear or Partly Cloudy,Dry,Daylight,Y,,,45.0,Vehicle - Pedalcyclist,0,521319,N,POINT (1262709.284137815 244122.2870220393),8271.0,0.0,Clear or Partly Cloudy,2017-05-09,08:05:00,8.0,1,1,1.0,Clear or Partly Cloudy
187430,245395,245995,E684330,Matched,Block,,DEXTER AVE N BETWEEN HAYES ST AND HOWE ST,,,2,Injury Collision,Cycles,2,0,1,1,1,0,0,2017-06-21T00:00:00.000Z,6/21/2017 10:35:00 AM,Mid-Block (not related to intersection),18,"MOTOR VEHICLE STRUCK PEDALCYCLIST, FRONT END AT ANGLE",Y,N,Clear or Partly Cloudy,Dry,Daylight,,,,45.0,Vehicle - Pedalcyclist,12989,0,N,POINT (1268408.639919654 235271.560932979),15565.0,6.7242681277130444e-06,Clear or Partly Cloudy,2017-06-21,10:35:00,10.0,2,1,0.0,Clear or Partly Cloudy
187439,244420,244998,E690469,Matched,Intersection,35801.0,LINDEN AVE N AND N 137TH N ST,,,2,Injury Collision,Cycles,2,0,1,1,1,0,0,2017-07-11T00:00:00.000Z,7/11/2017 5:15:00 PM,At Intersection (intersection related),18,"MOTOR VEHICLE STRUCK PEDALCYCLIST, FRONT END AT ANGLE",,N,Clear or Partly Cloudy,Dry,Daylight,,,,45.0,Vehicle - Pedalcyclist,7617,0,N,POINT (1267737.596718967 269466.5164239854),816.0,0.0,Clear or Partly Cloudy,2017-07-11,17:15:00,17.0,1,1,1.0,Clear or Partly Cloudy
187477,246898,247498,E704716,Matched,Intersection,30355.0,2ND AVE AND CHERRY ST,,,2,Injury Collision,Cycles,0,0,1,1,1,0,0,2017-08-22T00:00:00.000Z,8/22/2017 2:25:00 PM,At Intersection (intersection related),18,"MOTOR VEHICLE STRUCK PEDALCYCLIST, FRONT END AT ANGLE",,N,Clear or Partly Cloudy,Dry,Daylight,,,,45.0,Vehicle - Pedalcyclist,42244,0,N,POINT (1270427.74891372 223568.6895609945),2488.0,0.0,Clear or Partly Cloudy,2017-08-22,14:25:00,14.0,1,1,0.0,Clear or Partly Cloudy
187480,246878,247478,E704429,Matched,Block,,MADRONA DR BETWEEN NEWPORT WAY AND GRAND AVE,,,2,Injury Collision,Cycles,0,0,1,1,1,0,0,2017-08-23T00:00:00.000Z,8/23/2017 4:41:00 PM,Driveway Junction,51,PEDALCYCLIST STRUCK MOTOR VEHICLE FRONT END AT ANGLE,,N,Clear or Partly Cloudy,Dry,Daylight,,,,45.0,Vehicle - Pedalcyclist,9863,0,N,POINT (1282741.628158331 227626.0653091371),17970.0,2.9005411127929275e-06,Clear or Partly Cloudy,2017-08-23,16:41:00,16.0,2,1,1.0,Clear or Partly Cloudy
187484,246862,247457,E704349,Matched,Block,,EASTLAKE AVE E BETWEEN E BLAINE ST AND E HOWE ST,,,2,Injury Collision,Cycles,0,0,1,1,2,0,0,2017-08-23T00:00:00.000Z,8/23/2017 8:40:00 AM,Mid-Block (not related to intersection),18,"MOTOR VEHICLE STRUCK PEDALCYCLIST, FRONT END AT ANGLE",,N,Clear or Partly Cloudy,Dry,Daylight,,,,45.0,Vehicle - Pedalcyclist,24781,0,N,POINT (1272573.382131919 235329.4137970358),6315.0,1.826381830891898e-05,Clear or Partly Cloudy,2017-08-23,08:40:00,8.0,2,1,1.0,Clear or Partly Cloudy
187491,245602,246202,E688287,Matched,Block,,DEXTER AVE N BETWEEN REPUBLICAN ST AND MERCER ST,,,2,Injury Collision,Cycles,3,0,1,1,1,0,0,2017-06-29T00:00:00.000Z,6/29/2017 3:47:00 PM,Mid-Block (but intersection related),11,"MOTOR VEHICLE STRUCK MOTOR VEHICLE, FRONT END AT ANGLE",,N,Clear or Partly Cloudy,Dry,Daylight,,,,45.0,Vehicle - Pedalcyclist,12649,0,N,POINT (1268311.922351554 231223.1936328262),11928.0,7.448147300580169e-09,Clear or Partly Cloudy,2017-06-29,15:47:00,15.0,3,1,1.0,Clear or Partly Cloudy