OBJECTID,INCKEY,COLDETKEY,REPORTNO,STATUS,ADDRTYPE,INTKEY,LOCATION,EXCEPTRSNC,EXCEPTRSND,SEVERITYCO,SEVERITYDE,COLLISIONT,PERSONCOUN,PEDCOUNT,PEDCYLCOUN,VEHCOUNT,INJURIES,SERIOUSINJ,FATALITIES,INCDATE,INCDTTM,JUNCTIONTY,SDOT_COLCO,SDOT_COLDE,INATTENTIO,UNDERINFL,WEATHER,ROADCOND,LIGHTCOND,PEDROWNOTG,SDOTCOLNUM,SPEEDING,ST_COLCODE,ST_COLDESC,SEGLANEKEY,CROSSWALKK,HITPARKEDC,geometry,near_str_index,min_length,weather_group,date,time,hour,dayofweek,weekday,rushhour,weather_group2
189696,253038,253638,E732775,Matched,Intersection,28773.0,9TH AVE N AND REPUBLICAN ST,,,1,Property Damage Only Collision,Cycles,2,0,1,1,0,0,0,2017-10-20T00:00:00.000Z,10/20/2017 6:45:00 PM,At Intersection (intersection related),51,PEDALCYCLIST STRUCK MOTOR VEHICLE FRONT END AT ANGLE,,N,Clear or Partly Cloudy,Dry,Dark - Street Lights On,,,,45.0,Vehicle - Pedalcyclist,15966,0,N,POINT (1268949.189424202 230965.2919365615),8903.0,0.0,Clear or Partly Cloudy,2017-10-20,18:45:00,18.0,4,1,1.0,Clear or Partly Cloudy
189697,252333,252933,3702047,Matched,Block,,SW SPOKANE NR ST BETWEEN 11TH AVE SW AND SW SPOKANE SR ST,,,2,Injury Collision,Cycles,2,0,1,1,1,0,0,2017-10-16T00:00:00.000Z,10/16/2017 4:30:00 PM,Mid-Block (not related to intersection),18,"MOTOR VEHICLE STRUCK PEDALCYCLIST, FRONT END AT ANGLE",,N,Clear or Partly Cloudy,Dry,Daylight,,,,45.0,Vehicle - Pedalcyclist,42046,0,N,POINT (1266046.258797228 212217.6278533638),20344.0,1.1434453854318993e-05,Clear or Partly Cloudy,2017-10-16,16:30:00,16.0,0,1,1.0,Clear or Partly Cloudy
189698,253039,253657,E732776,Matched,Block,,CEDAR ST BETWEEN 4TH AVE AND DENNY WAY,,,2,Injury Collision,Cycles,2,0,1,1,1,0,0,2017-10-31T00:00:00.000Z,10/31/2017 6:00:00 PM,Driveway Junction,18,"MOTOR VEHICLE STRUCK PEDALCYCLIST, FRONT END AT ANGLE",Y,N,Overcast,Unknown,Dusk,,,,45.0,Vehicle - Pedalcyclist,0,0,N,POINT (1266971.56446217 229148.9667506963),8762.0,1.989331938000321e-05,Overcast,2017-10-31,18:00:00,18.0,1,1,1.0,Clear or Partly Cloudy
189763,249898,250498,3578851,Matched,Block,,UNIVERSITY WAY NE BETWEEN NE PACIFIC ST AND NE 40TH ST,,,2,Injury Collision,Cycles,3,0,1,1,1,0,0,2017-10-11T00:00:00.000Z,10/11/2017 10:30:00 AM,Driveway Junction,51,PEDALCYCLIST STRUCK MOTOR VEHICLE FRONT END AT ANGLE,Y,N,Clear or Partly Cloudy,Dry,Daylight,,,,45.0,Vehicle - Pedalcyclist,5688,0,N,POINT (1275687.025079101 242203.6906680763),18046.0,3.990394997205303e-06,Clear or Partly Cloudy,2017-10-11,10:30:00,10.0,2,1,0.0,Clear or Partly Cloudy
189772,249899,250499,3578903,Matched,Block,,AIRPORT WAY S BETWEEN S LUCILE ST AND CORSON AVE S,,,2,Injury Collision,Cycles,0,0,1,1,1,0,0,2017-10-12T00:00:00.000Z,10/12/2017 8:17:00 PM,Driveway Junction,51,PEDALCYCLIST STRUCK MOTOR VEHICLE FRONT END AT ANGLE,,N,Raining,Wet,Dark - No Street Lights,,,,45.0,Vehicle - Pedalcyclist,5630,0,N,POINT (1273230.08338058 205163.6025021374),19725.0,2.6828118488094395e-05,Raining,2017-10-12,20:17:00,20.0,3,1,0.0,Raining
189809,250558,251158,E719685,Matched,Intersection,486563.0,M L KING JR ER WAY S AND S WILLOW ST,,,2,Injury Collision,Cycles,0,0,1,1,1,0,0,2017-09-30T00:00:00.000Z,9/30/2017 6:13:00 PM,At Intersection (intersection related),18,"MOTOR VEHICLE STRUCK PEDALCYCLIST, FRONT END AT ANGLE",,N,Clear or Partly Cloudy,Dry,Daylight,,,,45.0,Vehicle - Pedalcyclist,21088,0,N,POINT (1282406.471741974 200595.7320974618),4622.0,0.0,Clear or Partly Cloudy,2017-09-30,18:13:00,18.0,5,0,1.0,Clear or Partly Cloudy
189962,252023,252623,E729520,Matched,Block,,PINE ST BETWEEN 6TH AVE AND 7TH AVE,,,2,Injury Collision,Cycles,2,0,1,1,1,0,0,2017-10-27T00:00:00.000Z,10/27/2017 10:20:00 AM,Mid-Block (not related to intersection),54,PEDALCYCLIST STRUCK MOTOR VEHICLE REAR END,Y,N,Clear or Partly Cloudy,Dry,Daylight,,,,45.0,Vehicle - Pedalcyclist,45831,0,N,POINT (1270087.975409374 226985.9126684815),6591.0,1.941003615641538e-05,Clear or Partly Cloudy,2017-10-27,10:20:00,10.0,4,1,0.0,Clear or Partly Cloudy
189979,251434,252034,3764739,Matched,Block,,SEWARD PARK AVE S BETWEEN S CLOVERDALE ST AND WABASH AVE S,,,2,Injury Collision,Cycles,2,0,1,1,1,0,0,2017-10-26T00:00:00.000Z,10/26/2017 1:39:00 PM,Mid-Block (not related to intersection),66,PEDALCYCLIST STRUCK OBJECT IN ROAD,,N,Clear or Partly Cloudy,Dry,Daylight,,,,45.0,Vehicle - Pedalcyclist,37748,0,N,POINT (1286773.217218459 195214.6798679531),18028.0,1.0193652177458807e-05,Clear or Partly Cloudy,2017-10-26,13:39:00,13.0,3,1,0.0,Clear or Partly Cloudy
188016,249130,249730,E712153,Matched,Intersection,484890.0,M L KING JR ER WAY S AND S OREGON ST,,,2,Injury Collision,Cycles,0,0,1,1,1,0,0,2017-09-06T00:00:00.000Z,9/6/2017 6:53:00 PM,At Intersection (intersection related),18,"MOTOR VEHICLE STRUCK PEDALCYCLIST, FRONT END AT ANGLE",,N,Clear or Partly Cloudy,Dry,Daylight,,,,45.0,Vehicle - Pedalcyclist,0,544850,N,POINT (1279676.052027181 208753.1142498106),2242.0,0.0,Clear or Partly Cloudy,2017-09-06,18:53:00,18.0,2,1,1.0,Clear or Partly Cloudy
188026,247738,248318,E703875,Matched,Intersection,29613.0,2ND AVE AND SPRING ST,,,2,Injury Collision,Cycles,2,0,1,1,1,0,0,2017-04-06T00:00:00.000Z,4/6/2017 5:12:00 PM,At Intersection (intersection related),18,"MOTOR VEHICLE STRUCK PEDALCYCLIST, FRONT END AT ANGLE",,N,Clear or Partly Cloudy,Dry,Daylight,,,,45.0,Vehicle - Pedalcyclist,42196,0,N,POINT (1269804.427313074 224621.804442063),3767.0,0.0,Clear or Partly Cloudy,2017-04-06,17:12:00,17.0,3,1,1.0,Clear or Partly Cloudy
188047,246478,247058,3726391,Matched,Intersection,30941.0,SW LANDER PL AND SW LANDER ST,,,2,Injury Collision,Cycles,2,0,1,1,1,0,0,2017-08-03T00:00:00.000Z,8/3/2017 7:13:00 AM,At Intersection (intersection related),69,PEDALCYCLIST OVERTURNED IN ROAD,,N,Clear or Partly Cloudy,Dry,Dawn,,,,45.0,Vehicle - Pedalcyclist,0,0,N,POINT (1253040.698399916 215186.7416484058),2022.0,0.0,Clear or Partly Cloudy,2017-08-03,07:13:00,7.0,3,1,1.0,Clear or Partly Cloudy
188069,248303,248883,3762885,Matched,Block,,ROOSEVELT WAY NE BETWEEN NE 85TH ST AND NE 86TH ST,,,2,Injury Collision,Cycles,0,0,1,1,1,0,0,2017-09-16T00:00:00.000Z,9/16/2017 8:42:00 AM,Mid-Block (not related to intersection),56,PEDALCYCLIST STRUCK MOTOR VEHICLE LEFT SIDE SIDESWIPE,,N,Clear or Partly Cloudy,Dry,Daylight,,,,45.0,Vehicle - Pedalcyclist,7502,0,N,POINT (1274882.995574281 255516.0647616982),6646.0,2.1163779721935795e-05,Clear or Partly Cloudy,2017-09-16,08:42:00,8.0,5,0,1.0,Clear or Partly Cloudy
188070,247921,248501,E692184,Matched,Block,,BEACON AVE S BETWEEN S STEVENS ST AND S HANFORD ST,,,2,Injury Collision,Cycles,3,0,1,1,1,0,0,2017-07-15T00:00:00.000Z,7/15/2017 5:26:00 PM,Mid-Block (not related to intersection),56,PEDALCYCLIST STRUCK MOTOR VEHICLE LEFT SIDE SIDESWIPE,,N,Clear or Partly Cloudy,Dry,Daylight,,,,45.0,Vehicle - Pedalcyclist,13384,0,N,POINT (1276073.880119503 213628.7618708163),6164.0,3.0301576491192494e-05,Clear or Partly Cloudy,2017-07-15,17:26:00,17.0,5,0,1.0,Clear or Partly Cloudy
188077,247918,248498,E692177,Matched,Block,,S BAYVIEW ST BETWEEN RAINIER AVE S AND ML KING JR S WAY S,,,2b,Serious Injury Collision,Cycles,2,0,1,1,1,1,0,2017-07-14T00:00:00.000Z,7/14/2017 6:14:00 PM,Mid-Block (not related to intersection),18,"MOTOR VEHICLE STRUCK PEDALCYCLIST, FRONT END AT ANGLE",Y,N,Clear or Partly Cloudy,Dry,Daylight,,,,45.0,Vehicle - Pedalcyclist,0,0,N,POINT (1278818.627706304 215367.8731685877),20194.0,9.20307562320002e-06,Clear or Partly Cloudy,2017-07-14,18:14:00,18.0,4,1,1.0,Clear or Partly Cloudy
188129,249137,249737,E714122,Matched,Intersection,27130.0,ROOSEVELT WAY NE AND NE 40TH ALLEY ST,,,2,Injury Collision,Cycles,0,0,1,1,1,0,0,2017-09-21T00:00:00.000Z,9/21/2017 7:54:00 AM,At Intersection (intersection related),18,"MOTOR VEHICLE STRUCK PEDALCYCLIST, FRONT END AT ANGLE",,N,Clear or Partly Cloudy,Dry,Daylight,,,,45.0,Vehicle - Pedalcyclist,45488,0,N,POINT (1274585.836853966 242927.3043648154),3740.0,0.0,Clear or Partly Cloudy,2017-09-21,07:54:00,7.0,3,1,1.0,Clear or Partly Cloudy
188142,249133,249733,E712158,Matched,Intersection,30474.0,DEARBORN ST OFF RP AND S DEARBORN ST,,,2,Injury Collision,Cycles,0,0,1,1,1,0,0,2017-09-13T00:00:00.000Z,9/13/2017 5:09:00 PM,At Intersection (intersection related),18,"MOTOR VEHICLE STRUCK PEDALCYCLIST, FRONT END AT ANGLE",,N,Clear or Partly Cloudy,Dry,Daylight,,,,45.0,Vehicle - Pedalcyclist,0,520802,N,POINT (1273819.595573187 220878.1180382371),7667.0,0.0,Clear or Partly Cloudy,2017-09-13,17:09:00,17.0,2,1,1.0,Clear or Partly Cloudy
188149,249346,249946,3744153,Matched,Block,,SW SPOKANE SR ST BETWEEN SW ADMIRAL SR WAY AND SPOKANE TURN RD,,,2,Injury Collision,Cycles,0,0,1,1,1,0,0,2017-10-04T00:00:00.000Z,10/4/2017 8:05:00 AM,Mid-Block (not related to intersection),54,PEDALCYCLIST STRUCK MOTOR VEHICLE REAR END,,N,Clear or Partly Cloudy,Dry,Daylight,,,,45.0,Vehicle - Pedalcyclist,38748,0,N,POINT (1261320.192232385 212220.6777733713),20388.0,5.9195868920097726e-06,Clear or Partly Cloudy,2017-10-04,08:05:00,8.0,2,1,1.0,Clear or Partly Cloudy
188152,248721,249301,E712167,Matched,Block,,STONE WAY N BETWEEN N 36TH ST AND N 38TH ST,,,2b,Serious Injury Collision,Cycles,0,0,1,1,1,1,0,2017-09-12T00:00:00.000Z,9/12/2017 11:47:00 AM,Mid-Block (not related to intersection),26,MOTOR VEHICLE STRUCK OBJECT IN ROAD,,N,Clear or Partly Cloudy,Dry,Daylight,,,,45.0,Vehicle - Pedalcyclist,6292,0,N,POINT (1268443.36548768 241338.2046511918),21604.0,1.4776690813661218e-05,Clear or Partly Cloudy,2017-09-12,11:47:00,11.0,1,1,0.0,Clear or Partly Cloudy
188156,246983,247583,3746758,Matched,Block,,EASTLAKE AVE E BETWEEN E HOWE ST AND E NEWTON ST,,,2,Injury Collision,Cycles,0,0,1,1,1,0,0,2017-08-29T00:00:00.000Z,8/29/2017 9:26:00 AM,Mid-Block (not related to intersection),51,PEDALCYCLIST STRUCK MOTOR VEHICLE FRONT END AT ANGLE,,N,Clear or Partly Cloudy,Dry,Daylight,,,,45.0,Vehicle - Pedalcyclist,24776,0,N,POINT (1272495.951539829 235677.6184693873),11079.0,0.0,Clear or Partly Cloudy,2017-08-29,09:26:00,9.0,1,1,1.0,Clear or Partly Cloudy
188178,247267,247848,3744329,Matched,Intersection,31917.0,42ND AVE SW AND SW ALASKA ST,,,2,Injury Collision,Cycles,0,0,1,1,1,0,0,2017-09-01T00:00:00.000Z,9/1/2017 5:42:00 PM,At Intersection (intersection related),51,PEDALCYCLIST STRUCK MOTOR VEHICLE FRONT END AT ANGLE,,N,Clear or Partly Cloudy,Dry,Daylight,,,,45.0,Vehicle - Pedalcyclist,28246,0,N,POINT (1257222.715428188 208526.5644895881),4639.0,0.0,Clear or Partly Cloudy,2017-09-01,17:42:00,17.0,4,1,1.0,Clear or Partly Cloudy
188207,247930,248510,E693145,Matched,Block,,PINE ST BETWEEN 6TH AVE AND 7TH AVE,,,2,Injury Collision,Cycles,2,0,1,1,1,0,0,2017-07-13T00:00:00.000Z,7/13/2017,Mid-Block (not related to intersection),18,"MOTOR VEHICLE STRUCK PEDALCYCLIST, FRONT END AT ANGLE",Y,N,Clear or Partly Cloudy,Dry,Unknown,,,,45.0,Vehicle - Pedalcyclist,21831,0,N,POINT (1270087.975409374 226985.9126684815),6591.0,1.941003615641538e-05,Clear or Partly Cloudy,2017-07-13,00:00:00,,3,1,,Clear or Partly Cloudy
188274,246086,246666,3694344,Matched,Block,,BROOKLYN AVE NE BETWEEN NE 47TH ST AND NE 50TH ST,,,2,Injury Collision,Cycles,2,0,1,1,1,0,0,2017-07-13T00:00:00.000Z,7/13/2017 8:08:00 PM,Mid-Block (not related to intersection),18,"MOTOR VEHICLE STRUCK PEDALCYCLIST, FRONT END AT ANGLE",,N,Clear or Partly Cloudy,Dry,Daylight,,,,45.0,Vehicle - Pedalcyclist,0,0,N,POINT (1275529.457590938 245719.1459036767),19762.0,2.2104471973404042e-10,Clear or Partly Cloudy,2017-07-13,20:08:00,20.0,3,1,0.0,Clear or Partly Cloudy
188287,249352,249952,3753387,Matched,Block,,EASTLAKE AVE E BETWEEN E LYNN ST AND E LOUISA ST,,,2,Injury Collision,Cycles,0,1,1,0,2,0,0,2017-10-04T00:00:00.000Z,10/4/2017 9:14:00 AM,Mid-Block (not related to intersection),64,PEDALCYCLIST STRUCK PEDESTRIAN,,N,Clear or Partly Cloudy,Dry,Daylight,,,,45.0,Vehicle - Pedalcyclist,24736,0,N,POINT (1272491.78142783 237340.4494470954),17909.0,2.8952388918938843e-05,Clear or Partly Cloudy,2017-10-04,09:14:00,9.0,2,1,1.0,Clear or Partly Cloudy
188319,247582,248162,3764682,Matched,Intersection,164360.0,M L KING JR WR WAY S AND S WEBSTER ST,,,2,Injury Collision,Cycles,0,0,1,1,1,0,0,2017-09-04T00:00:00.000Z,9/4/2017 7:48:00 PM,At Intersection (intersection related),18,"MOTOR VEHICLE STRUCK PEDALCYCLIST, FRONT END AT ANGLE",,N,Clear or Partly Cloudy,Dry,Daylight,,,,45.0,Vehicle - Pedalcyclist,0,614258,N,POINT (1282870.361918449 198662.4351994842),8315.0,0.0,Clear or Partly Cloudy,2017-09-04,19:48:00,19.0,0,1,1.0,Clear or Partly Cloudy
188327,247770,248350,E704357,Matched,Intersection,30359.0,WESTERN AVE AND YESLER WAY,,,2,Injury Collision,Cycles,2,0,1,1,1,0,0,2017-08-09T00:00:00.000Z,8/9/2017 8:53:00 AM,At Intersection (intersection related),18,"MOTOR VEHICLE STRUCK PEDALCYCLIST, FRONT END AT ANGLE",,N,Clear or Partly Cloudy,Dry,Daylight,,,,45.0,Vehicle - Pedalcyclist,9877,0,N,POINT (1269832.176177099 223107.0667765141),6797.0,0.0,Clear or Partly Cloudy,2017-08-09,08:53:00,8.0,2,1,1.0,Clear or Partly Cloudy
188373,248954,249554,3765001,Matched,Block,,CORSON AVE S BETWEEN S EDDY ST AND S WARSAW ST,,,1,Property Damage Only Collision,Cycles,0,0,1,1,0,0,0,2017-09-27T00:00:00.000Z,9/27/2017 4:15:00 PM,Mid-Block (not related to intersection),51,PEDALCYCLIST STRUCK MOTOR VEHICLE FRONT END AT ANGLE,,N,Clear or Partly Cloudy,Dry,Daylight,,,,45.0,Vehicle - Pedalcyclist,1309,0,N,POINT (1272732.585012078 202438.1088673472),9746.0,1.3395078683687935e-05,Clear or Partly Cloudy,2017-09-27,16:15:00,16.0,2,1,1.0,Clear or Partly Cloudy
188374,248525,249105,E710603,Matched,Intersection,24784.0,RAVENNA AVE NE AND NE 70TH ST,,,2,Injury Collision,Cycles,0,0,1,1,1,0,0,2017-09-09T00:00:00.000Z,9/9/2017 6:00:00 AM,At Intersection (intersection related),18,"MOTOR VEHICLE STRUCK PEDALCYCLIST, FRONT END AT ANGLE",,N,Clear or Partly Cloudy,Dry,Dark - Street Lights Off,,,,45.0,Vehicle - Pedalcyclist,0,0,N,POINT (1278179.88946566 251289.050549373),1461.0,0.0,Clear or Partly Cloudy,2017-09-09,06:00:00,6.0,5,0,0.0,Clear or Partly Cloudy
188397,248318,248898,3731784,Matched,Intersection,34696.0,35TH AVE SW AND SW CLOVERDALE S ST,,,2,Injury Collision,Cycles,2,0,1,1,1,0,0,2017-09-16T00:00:00.000Z,9/16/2017 12:47:00 AM,At Intersection (intersection related),18,"MOTOR VEHICLE STRUCK PEDALCYCLIST, FRONT END AT ANGLE",,N,Clear or Partly Cloudy,Dry,Dark - Street Lights On,,,,45.0,Vehicle - Pedalcyclist,22795,0,N,POINT (1259144.575782165 195728.9137884825),1966.0,0.0,Clear or Partly Cloudy,2017-09-16,00:47:00,,5,0,,Clear or Partly Cloudy
188429,246121,246701,3703929,Matched,Block,,BLANCHARD ST BETWEEN 6TH AVE AND 7TH AVE,,,2,Injury Collision,Cycles,2,0,1,1,1,0,0,2017-07-18T00:00:00.000Z,7/18/2017 4:49:00 PM,Driveway Junction,18,"MOTOR VEHICLE STRUCK PEDALCYCLIST, FRONT END AT ANGLE",,Y,Clear or Partly Cloudy,Dry,Daylight,,,,45.0,Vehicle - Pedalcyclist,0,0,N,POINT (1268718.287215963 228433.1391659677),6186.0,1.9636995262046767e-05,Clear or Partly Cloudy,2017-07-18,16:49:00,16.0,1,1,1.0,Clear or Partly Cloudy
188432,246120,246700,3703782,Matched,Block,,EASTLAKE AVE E BETWEEN PROSPECT ST AND E NELSON PL,,,2b,Serious Injury Collision,Cycles,2,0,1,1,1,1,0,2017-07-27T00:00:00.000Z,7/27/2017 2:06:00 PM,Driveway Junction,51,PEDALCYCLIST STRUCK MOTOR VEHICLE FRONT END AT ANGLE,,N,Clear or Partly Cloudy,Dry,Daylight,Y,,,45.0,Vehicle - Pedalcyclist,11613,0,N,POINT (1271741.66072306 233260.7382109165),18550.0,3.084540861953878e-05,Clear or Partly Cloudy,2017-07-27,14:06:00,14.0,3,1,0.0,Clear or Partly Cloudy
188477,247946,248526,E694174,Matched,Block,,EASTLAKE AVE E BETWEEN HARVARD AVE E AND FUHRMAN AVE E,,,2,Injury Collision,Cycles,2,0,1,1,1,0,0,2017-07-11T00:00:00.000Z,7/11/2017 3:26:00 PM,Mid-Block (not related to intersection),18,"MOTOR VEHICLE STRUCK PEDALCYCLIST, FRONT END AT ANGLE",,N,Clear or Partly Cloudy,Dry,Daylight,,,,45.0,Vehicle - Pedalcyclist,6078,0,N,POINT (1273599.974708959 241029.8313388675),6317.0,1.4142158170737939e-05,Clear or Partly Cloudy,2017-07-11,15:26:00,15.0,1,1,1.0,Clear or Partly Cloudy
188501,247601,248181,E698465,Matched,Intersection,29576.0,5TH AVE AND PIKE ST,,,2,Injury Collision,Cycles,2,0,1,1,1,0,0,2017-07-14T00:00:00.000Z,7/14/2017 11:22:00 PM,At Intersection (intersection related),51,PEDALCYCLIST STRUCK MOTOR VEHICLE FRONT END AT ANGLE,Y,N,Clear or Partly Cloudy,Dry,Dark - Street Lights On,,,,45.0,Vehicle - Pedalcyclist,0,522108,N,POINT (1269889.867825165 226373.2711958587),5878.0,0.0,Clear or Partly Cloudy,2017-07-14,23:22:00,23.0,4,1,0.0,Clear or Partly Cloudy
188539,248962,249562,3774083,Matched,Block,,E PINE ST BETWEEN BELMONT AVE AND BOYLSTON AVE,,,2,Injury Collision,Cycles,0,0,1,1,1,0,0,2017-09-29T00:00:00.000Z,9/29/2017 10:10:00 PM,Mid-Block (not related to intersection),56,PEDALCYCLIST STRUCK MOTOR VEHICLE LEFT SIDE SIDESWIPE,,N,Clear or Partly Cloudy,Dry,Dark - Street Lights On,,,,45.0,Vehicle - Pedalcyclist,10368,0,N,POINT (1272790.179892138 227976.9255975038),12705.0,8.034556990665497e-11,Clear or Partly Cloudy,2017-09-29,22:10:00,22.0,4,1,0.0,Clear or Partly Cloudy
188551,248765,249345,3702032,Matched,Block,,PIKE ST BETWEEN BOREN AVE AND MELROSE AVE,,,2,Injury Collision,Cycles,0,0,1,1,1,0,0,2017-09-26T00:00:00.000Z,9/26/2017 9:19:00 AM,Mid-Block (not related to intersection),51,PEDALCYCLIST STRUCK MOTOR VEHICLE FRONT END AT ANGLE,,N,Clear or Partly Cloudy,Dry,Daylight,,,,45.0,Vehicle - Pedalcyclist,31077,0,N,POINT (1271690.664371014 227440.0434209555),6588.0,3.800238744210384e-09,Clear or Partly Cloudy,2017-09-26,09:19:00,9.0,1,1,1.0,Clear or Partly Cloudy
188586,246514,247094,3753595,Matched,Block,,2ND AVE BETWEEN PIKE ST AND PINE ST,,,2,Injury Collision,Cycles,0,0,1,1,1,0,0,2017-08-15T00:00:00.000Z,8/15/2017 6:06:00 AM,Driveway Junction,18,"MOTOR VEHICLE STRUCK PEDALCYCLIST, FRONT END AT ANGLE",,N,Clear or Partly Cloudy,Dry,Dawn,,,,45.0,Vehicle - Pedalcyclist,12179,0,N,POINT (1268950.511472195 226064.2551955432),9591.0,1.6780158607627556e-05,Clear or Partly Cloudy,2017-08-15,06:06:00,6.0,1,1,0.0,Clear or Partly Cloudy
188593,247609,248189,E698814,Matched,Intersection,25170.0,RUSSELL AVE NW AND NW IONE PL,,,2,Injury Collision,Cycles,2,0,1,1,1,0,0,2017-08-02T00:00:00.000Z,8/2/2017 11:35:00 AM,At Intersection (intersection related),18,"MOTOR VEHICLE STRUCK PEDALCYCLIST, FRONT END AT ANGLE",,N,Clear or Partly Cloudy,Dry,Daylight,,,,45.0,Vehicle - Pedalcyclist,0,0,N,POINT (1259326.112294346 246796.8905447721),945.0,0.0,Clear or Partly Cloudy,2017-08-02,11:35:00,11.0,2,1,0.0,Clear or Partly Cloudy
188639,248975,249575,3746283,Matched,Intersection,29171.0,DENNY WAY AND VIRGINIA ST,,,1,Property Damage Only Collision,Cycles,0,0,1,1,0,0,0,2017-09-27T00:00:00.000Z,9/27/2017 5:29:00 PM,At Intersection (intersection related),51,PEDALCYCLIST STRUCK MOTOR VEHICLE FRONT END AT ANGLE,,N,Clear or Partly Cloudy,Dry,Daylight,,,,45.0,Vehicle - Pedalcyclist,23533,0,N,POINT (1270587.007281885 229218.2434867769),11926.0,0.0,Clear or Partly Cloudy,2017-09-27,17:29:00,17.0,2,1,1.0,Clear or Partly Cloudy
188681,249176,249776,E704092,Matched,Block,,23RD AVE NE BETWEEN NE 65TH ST AND NE 68TH ST,,,2,Injury Collision,Cycles,0,0,2,1,1,0,0,2017-08-18T00:00:00.000Z,8/18/2017 11:44:00 AM,Mid-Block (not related to intersection),61,PEDALCYCLIST STRUCK PEDALCYCLIST REAR END,,N,Clear or Partly Cloudy,Dry,Daylight,,,,45.0,Vehicle - Pedalcyclist,0,0,N,POINT (1278441.190073922 250293.9920523614),19498.0,2.722955651712998e-05,Clear or Partly Cloudy,2017-08-18,11:44:00,11.0,4,1,0.0,Clear or Partly Cloudy
188694,248158,248738,3753415,Matched,Intersection,28734.0,9TH AVE N AND WESTLAKE AVE N,,,2,Injury Collision,Cycles,0,0,1,1,1,0,0,2017-09-10T00:00:00.000Z,9/10/2017 7:50:00 AM,At Intersection (intersection related),51,PEDALCYCLIST STRUCK MOTOR VEHICLE FRONT END AT ANGLE,,N,Clear or Partly Cloudy,Dry,Daylight,,,,45.0,Vehicle - Pedalcyclist,0,699738,N,POINT (1269009.221424267 232407.7075540423),6766.0,0.0,Clear or Partly Cloudy,2017-09-10,07:50:00,7.0,6,0,1.0,Clear or Partly Cloudy
188697,248157,248737,3747969,Matched,Intersection,25545.0,STONE WAY N AND N 49TH ST,,,2,Injury Collision,Cycles,0,0,1,1,1,0,0,2017-09-12T00:00:00.000Z,9/12/2017 5:50:00 PM,At Intersection (intersection related),51,PEDALCYCLIST STRUCK MOTOR VEHICLE FRONT END AT ANGLE,,N,Clear or Partly Cloudy,Dry,Daylight,,,,45.0,Vehicle - Pedalcyclist,40696,0,N,POINT (1269011.817264259 245949.9749599099),1263.0,0.0,Clear or Partly Cloudy,2017-09-12,17:50:00,17.0,1,1,1.0,Clear or Partly Cloudy
188698,247017,247617,3694596,Matched,Intersection,26916.0,BURKE AVE N AND N NORTHLAKE WAY,,,2,Injury Collision,Cycles,0,0,1,1,1,0,0,2017-08-31T00:00:00.000Z,8/31/2017 10:18:00 AM,At Intersection (intersection related),51,PEDALCYCLIST STRUCK MOTOR VEHICLE FRONT END AT ANGLE,,N,Raining,Wet,Daylight,,,,45.0,Vehicle - Pedalcyclist,0,522489,N,POINT (1270247.452977523 239571.4920093715),7139.0,0.0,Raining,2017-08-31,10:18:00,10.0,3,1,0.0,Raining
188712,247014,247614,3476723,Matched,Intersection,30410.0,12TH AVE AND E YESLER WAY,,,2,Injury Collision,Cycles,0,0,1,1,1,0,0,2017-08-30T00:00:00.000Z,8/30/2017 6:20:00 PM,At Intersection (intersection related),51,PEDALCYCLIST STRUCK MOTOR VEHICLE FRONT END AT ANGLE,,N,Clear or Partly Cloudy,Dry,Daylight,,,,45.0,Vehicle - Pedalcyclist,42680,0,N,POINT (1274461.188917845 223006.7211764157),8412.0,0.0,Clear or Partly Cloudy,2017-08-30,18:20:00,18.0,2,1,1.0,Clear or Partly Cloudy
188716,247311,247892,3773842,Matched,Intersection,28490.0,E BLAINE ST AND E MADISON ST,,,2,Injury Collision,Cycles,0,0,1,1,1,0,0,2017-09-03T00:00:00.000Z,9/3/2017 8:05:00 PM,At Intersection (intersection related),18,"MOTOR VEHICLE STRUCK PEDALCYCLIST, FRONT END AT ANGLE",,N,Clear or Partly Cloudy,Dry,Dark - Street Lights On,,,,45.0,Vehicle - Pedalcyclist,0,524081,N,POINT (1283793.623615399 234808.6445164979),6883.0,0.0,Clear or Partly Cloudy,2017-09-03,20:05:00,20.0,6,0,0.0,Clear or Partly Cloudy
188721,248138,248718,3706622,Matched,Intersection,27112.0,EASTLAKE AVE NE AND UNIVERSITY BR,,,2,Injury Collision,Cycles,0,0,1,1,1,0,0,2017-09-11T00:00:00.000Z,9/11/2017 8:49:00 AM,At Intersection (intersection related),18,"MOTOR VEHICLE STRUCK PEDALCYCLIST, FRONT END AT ANGLE",,N,Clear or Partly Cloudy,Dry,Daylight,,,,45.0,Vehicle - Pedalcyclist,0,0,N,POINT (1274473.53912586 242626.2865085006),4149.0,0.0,Clear or Partly Cloudy,2017-09-11,08:49:00,8.0,0,1,1.0,Clear or Partly Cloudy
188737,247640,248220,E700065,Matched,Intersection,29839.0,12TH AVE AND E SPRUCE ST,,,2,Injury Collision,Cycles,2,0,1,1,1,0,0,2017-07-18T00:00:00.000Z,7/18/2017 7:05:00 AM,At Intersection (intersection related),18,"MOTOR VEHICLE STRUCK PEDALCYCLIST, FRONT END AT ANGLE",,N,Clear or Partly Cloudy,Dry,Daylight,,,,45.0,Vehicle - Pedalcyclist,10576,0,N,POINT (1274474.081845865 223670.7575290948),1167.0,0.0,Clear or Partly Cloudy,2017-07-18,07:05:00,7.0,1,1,1.0,Clear or Partly Cloudy