OBJECTID,INCKEY,COLDETKEY,REPORTNO,STATUS,ADDRTYPE,INTKEY,LOCATION,EXCEPTRSNC,EXCEPTRSND,SEVERITYCO,SEVERITYDE,COLLISIONT,PERSONCOUN,PEDCOUNT,PEDCYLCOUN,VEHCOUNT,INJURIES,SERIOUSINJ,FATALITIES,INCDATE,INCDTTM,JUNCTIONTY,SDOT_COLCO,SDOT_COLDE,INATTENTIO,UNDERINFL,WEATHER,ROADCOND,LIGHTCOND,PEDROWNOTG,SDOTCOLNUM,SPEEDING,ST_COLCODE,ST_COLDESC,SEGLANEKEY,CROSSWALKK,HITPARKEDC,geometry,near_str_index,min_length,weather_group,date,time,hour,dayofweek,weekday,rushhour,weather_group2
191496,250265,250865,3705711,Matched,Intersection,27079.0,ROOSEVELT WAY NE AND NE 43RD S ST,,,1,Property Damage Only Collision,Cycles,0,0,1,1,0,0,0,2017-10-13T00:00:00.000Z,10/13/2017 4:15:00 PM,At Intersection (intersection related),51,PEDALCYCLIST STRUCK MOTOR VEHICLE FRONT END AT ANGLE,,N,Clear or Partly Cloudy,Dry,Daylight,,,,45.0,Vehicle - Pedalcyclist,45540,0,N,POINT (1274628.363574013 244077.2041419894),1396.0,0.0,Clear or Partly Cloudy,2017-10-13,16:15:00,16.0,4,1,1.0,Clear or Partly Cloudy
191670,250750,251350,3705651,Matched,Intersection,24499.0,ROOSEVELT WAY NE AND NE 66TH ST,,,2,Injury Collision,Cycles,2,0,1,1,1,0,0,2017-10-19T00:00:00.000Z,10/19/2017 8:42:00 AM,At Intersection (intersection related),51,PEDALCYCLIST STRUCK MOTOR VEHICLE FRONT END AT ANGLE,Y,N,Raining,Wet,Daylight,,,,45.0,Vehicle - Pedalcyclist,9394,0,N,POINT (1274841.88523823 250311.1781643778),4208.0,0.0,Raining,2017-10-19,08:42:00,8.0,3,1,1.0,Raining
191683,253008,253608,3373084,Matched,Intersection,34147.0,16TH AVE SW AND SW HOLDEN ST,,,1,Property Damage Only Collision,Cycles,2,0,1,1,0,0,0,2017-11-07T00:00:00.000Z,11/7/2017 11:59:00 AM,At Intersection (intersection related),18,"MOTOR VEHICLE STRUCK PEDALCYCLIST, FRONT END AT ANGLE",Y,N,Clear or Partly Cloudy,Dry,Daylight,,,,45.0,Vehicle - Pedalcyclist,0,525249,N,POINT (1264535.759659678 198387.0721272081),4698.0,0.0,Clear or Partly Cloudy,2017-11-07,11:59:00,11.0,1,1,0.0,Clear or Partly Cloudy
191710,255117,255757,E737762,Matched,Intersection,30368.0,1ST AVE S AND S KING ST,,,2,Injury Collision,Cycles,2,0,1,1,1,0,0,2017-11-20T00:00:00.000Z,11/20/2017 7:37:00 AM,At Intersection (intersection related),18,"MOTOR VEHICLE STRUCK PEDALCYCLIST, FRONT END AT ANGLE",Y,N,Raining,Wet,Dawn,,,,45.0,Vehicle - Pedalcyclist,0,521027,N,POINT (1270142.79889743 221849.4258152246),1815.0,0.0,Raining,2017-11-20,07:37:00,7.0,0,1,1.0,Raining
191720,255097,255737,3764567,Matched,Intersection,337616.0,1ST AVE S AND S ANDOVER ST,,,3,Fatality Collision,Cycles,3,0,1,2,0,0,1,2017-11-21T00:00:00.000Z,11/21/2017 5:42:00 AM,At Intersection (intersection related),18,"MOTOR VEHICLE STRUCK PEDALCYCLIST, FRONT END AT ANGLE",,N,Raining,Wet,Dark - Street Lights On,,,Y,45.0,Vehicle - Pedalcyclist,0,337616,N,POINT (1269926.314801201 210942.7237240672),8294.0,0.0,Raining,2017-11-21,05:42:00,5.0,1,1,0.0,Raining
191791,251407,252007,3506014,Matched,Intersection,29587.0,3RD AVE AND PIKE ST,,,2,Injury Collision,Cycles,2,1,1,0,1,0,0,2017-10-27T00:00:00.000Z,10/27/2017 3:39:00 PM,At Intersection (intersection related),64,PEDALCYCLIST STRUCK PEDESTRIAN,,N,Clear or Partly Cloudy,Dry,Daylight,,,,45.0,Vehicle - Pedalcyclist,23691,523695,N,POINT (1269336.03102459 226045.4631955326),10901.0,0.0,Clear or Partly Cloudy,2017-10-27,15:39:00,15.0,4,1,1.0,Clear or Partly Cloudy
191838,253020,253620,E732390,Matched,Intersection,30359.0,WESTERN AVE AND YESLER WAY,,,2,Injury Collision,Cycles,2,0,1,1,1,0,0,2017-10-24T00:00:00.000Z,10/24/2017 5:10:00 PM,At Intersection (intersection related),18,"MOTOR VEHICLE STRUCK PEDALCYCLIST, FRONT END AT ANGLE",Y,N,Clear or Partly Cloudy,Dry,Daylight,,,,45.0,Vehicle - Pedalcyclist,43961,0,N,POINT (1269832.176177099 223107.0667765141),6797.0,0.0,Clear or Partly Cloudy,2017-10-24,17:10:00,17.0,1,1,1.0,Clear or Partly Cloudy
193012,265138,265918,E757849,Matched,Intersection,33026.0,1ST AVE S AND S DAWSON ST,,,2,Injury Collision,,2,0,1,1,2,0,0,2018-01-09T00:00:00.000Z,1/9/2018 12:59:00 PM,At Intersection (intersection related),51,PEDALCYCLIST STRUCK MOTOR VEHICLE FRONT END AT ANGLE,,N,Raining,Wet,Daylight,,,,,,0,0,N,POINT (1269833.799985111 206303.0529353023),4975.0,0.0,Raining,2018-01-09,12:59:00,12.0,1,1,0.0,Raining
193055,258770,259430,3756172,Matched,Block,,RENTON AVE S BETWEEN 43RD AVE S AND S CHICAGO ST,,,2,Injury Collision,Cycles,2,0,1,1,1,0,0,2017-12-07T00:00:00.000Z,12/7/2017 5:12:00 PM,Mid-Block (not related to intersection),18,"MOTOR VEHICLE STRUCK PEDALCYCLIST, FRONT END AT ANGLE",Y,N,Overcast,Dry,Dusk,,,,45.0,Vehicle - Pedalcyclist,7623,0,N,POINT (1283382.406590983 197751.9559025466),12642.0,2.193452680569385e-05,Overcast,2017-12-07,17:12:00,17.0,3,1,1.0,Clear or Partly Cloudy
193073,256496,257136,E740836,Matched,Intersection,29631.0,ALASKAN WAY AND MADISON ST,,,2,Injury Collision,Cycles,3,0,1,1,1,0,0,2017-11-28T00:00:00.000Z,11/28/2017 9:17:00 AM,At Intersection (intersection related),51,PEDALCYCLIST STRUCK MOTOR VEHICLE FRONT END AT ANGLE,,N,Raining,Wet,Daylight,Y,,,45.0,Vehicle - Pedalcyclist,0,523626,N,POINT (1269137.794096395 223871.8634493053),3315.0,0.0,Raining,2017-11-28,09:17:00,9.0,1,1,1.0,Raining
193137,262357,263137,E751635,Matched,Block,,ASHWORTH AVE N BETWEEN N 130TH ST AND N 131ST ST,,,1,Property Damage Only Collision,Cycles,2,0,1,1,0,0,0,2017-12-08T00:00:00.000Z,12/8/2017 8:45:00 AM,Mid-Block (not related to intersection),18,"MOTOR VEHICLE STRUCK PEDALCYCLIST, FRONT END AT ANGLE",,N,Clear or Partly Cloudy,Dry,Daylight,,,,45.0,Vehicle - Pedalcyclist,0,0,N,POINT (1269707.17611298 267606.0901820809),12528.0,8.488195568594282e-06,Clear or Partly Cloudy,2017-12-08,08:45:00,8.0,4,1,1.0,Clear or Partly Cloudy
193173,265142,265922,E757882,Matched,Intersection,31345.0,1ST AVE S AND S HOLGATE ST,,,2,Injury Collision,Cycles,2,0,1,1,1,0,0,2017-12-29T00:00:00.000Z,12/29/2017 4:34:00 PM,At Intersection (intersection related),18,"MOTOR VEHICLE STRUCK PEDALCYCLIST, FRONT END AT ANGLE",,N,Raining,Wet,Dark - Street Lights On,,,,45.0,Vehicle - Pedalcyclist,0,524947,N,POINT (1270054.451761335 217404.5661626756),4503.0,0.0,Raining,2017-12-29,16:34:00,16.0,4,1,1.0,Raining
193344,257311,257957,E741997,Matched,Block,,MONTLAKE BLVD NE BETWEEN NE PACIFIC PL AND 25TH AVE NE,,,2,Injury Collision,Cycles,2,0,1,1,1,0,0,2017-11-30T00:00:00.000Z,11/30/2017 6:21:00 AM,Mid-Block (not related to intersection),14,"MOTOR VEHICLE STRUCK MOTOR VEHICLE, REAR END",Y,N,Raining,Wet,Dark - Street Lights On,,,,45.0,Vehicle - Pedalcyclist,26828,0,N,POINT (1278397.274745882 242377.4575802535),11972.0,1.566339122045271e-05,Raining,2017-11-30,06:21:00,6.0,3,1,0.0,Raining
193427,265181,265961,E757814,Matched,Intersection,27815.0,1ST AVE W AND W MCGRAW ST,,,2,Injury Collision,,3,0,1,1,1,0,0,2018-01-08T00:00:00.000Z,1/8/2018 1:43:00 PM,At Intersection (intersection related),18,"MOTOR VEHICLE STRUCK PEDALCYCLIST, FRONT END AT ANGLE",,N,Overcast,Wet,Daylight,,,,,,0,0,N,POINT (1264506.356267646 237029.6610947698),8376.0,0.0,Overcast,2018-01-08,13:43:00,13.0,0,1,0.0,Clear or Partly Cloudy
193503,258837,259497,E745325,Matched,Block,,NW 80TH ST BETWEEN JONES AVE NW AND 24TH AVE NW,,,2,Injury Collision,Cycles,3,0,1,2,1,0,0,2017-12-09T00:00:00.000Z,12/9/2017 3:58:00 PM,Mid-Block (not related to intersection),54,PEDALCYCLIST STRUCK MOTOR VEHICLE REAR END,,N,Clear or Partly Cloudy,Dry,Daylight,,,,45.0,Vehicle - Pedalcyclist,27492,0,N,POINT (1257760.456804737 254388.8225845546),22257.0,2.245394264354857e-05,Clear or Partly Cloudy,2017-12-09,15:58:00,15.0,5,0,1.0,Clear or Partly Cloudy
193616,257405,258065,E731071,Matched,Intersection,29612.0,2ND AVE AND SENECA ST,,,2,Injury Collision,Cycles,2,0,1,1,1,0,0,2017-09-27T00:00:00.000Z,9/27/2017 3:50:00 PM,At Intersection (intersection related),18,"MOTOR VEHICLE STRUCK PEDALCYCLIST, FRONT END AT ANGLE",Y,N,Clear or Partly Cloudy,Dry,Daylight,,,,45.0,Vehicle - Pedalcyclist,42184,0,N,POINT (1269648.583728924 224885.0384903401),2490.0,0.0,Clear or Partly Cloudy,2017-09-27,15:50:00,15.0,2,1,1.0,Clear or Partly Cloudy
193723,264464,265244,E756193,Matched,Intersection,27038.0,EVANSTON AVE N AND N 34TH ST,,,2,Injury Collision,,2,0,1,1,1,0,0,2018-01-05T00:00:00.000Z,1/5/2018 5:23:00 PM,At Intersection (intersection related),11,"MOTOR VEHICLE STRUCK MOTOR VEHICLE, FRONT END AT ANGLE",,N,Raining,Wet,Dark - Street Lights On,,,,,,0,0,N,POINT (1266292.377389476 240725.5026345551),1222.0,0.0,Raining,2018-01-05,17:23:00,17.0,4,1,1.0,Raining
192042,256048,256688,E740351,Matched,Intersection,28617.0,1ST AVE W AND W ROY ST,,,2,Injury Collision,Cycles,2,0,1,1,1,0,0,2017-11-22T00:00:00.000Z,11/22/2017 12:45:00 PM,At Intersection (intersection related),18,"MOTOR VEHICLE STRUCK PEDALCYCLIST, FRONT END AT ANGLE",Y,N,Overcast,Wet,Daylight,,,,45.0,Vehicle - Pedalcyclist,30599,0,N,POINT (1264465.723179609 231967.1512655914),17.0,0.0,Overcast,2017-11-22,12:45:00,12.0,2,1,0.0,Clear or Partly Cloudy
192049,265998,266798,3753785,Matched,Intersection,28783.0,DEXTER AVE N AND HARRISON ST,,,2,Injury Collision,,2,0,1,1,1,0,0,2018-01-17T00:00:00.000Z,1/17/2018 8:50:00 AM,At Intersection (intersection related),18,"MOTOR VEHICLE STRUCK PEDALCYCLIST, FRONT END AT ANGLE",,N,Overcast,Wet,Daylight,Y,,,,,0,0,N,POINT (1268294.844463527 230555.517344147),6407.0,0.0,Overcast,2018-01-17,08:50:00,8.0,2,1,1.0,Clear or Partly Cloudy
192061,259229,259889,3746652,Matched,Block,,5TH AVE N BETWEEN TAYLOR AVE N AND HOWE ST,,,2,Injury Collision,Cycles,3,0,1,1,1,0,0,2017-12-10T00:00:00.000Z,12/10/2017 1:43:00 PM,Mid-Block (not related to intersection),18,"MOTOR VEHICLE STRUCK PEDALCYCLIST, FRONT END AT ANGLE",,N,Clear or Partly Cloudy,Dry,Daylight,,,,45.0,Vehicle - Pedalcyclist,11160,0,N,POINT (1267087.47460629 235406.4212851077),20855.0,7.0806437187037234e-06,Clear or Partly Cloudy,2017-12-10,13:43:00,13.0,6,0,0.0,Clear or Partly Cloudy
192179,258367,259027,E744256,Matched,Block,,DEXTER AVE N BETWEEN PROSPECT ST AND HIGHLAND DR,,,2,Injury Collision,Cycles,2,0,1,1,1,0,0,2017-12-06T00:00:00.000Z,12/6/2017 6:50:00 PM,Mid-Block (not related to intersection),18,"MOTOR VEHICLE STRUCK PEDALCYCLIST, FRONT END AT ANGLE",Y,N,Clear or Partly Cloudy,Dry,Dark - Street Lights On,,,,45.0,Vehicle - Pedalcyclist,12783,0,N,POINT (1268362.522095606 233198.6153948456),11638.0,3.3647344968827175e-06,Clear or Partly Cloudy,2017-12-06,18:50:00,18.0,2,1,1.0,Clear or Partly Cloudy
192269,263706,264486,E741495,Matched,Intersection,287161.0,BURKE GILMAN TRL AND PEND OREILLE RD NE,,,2,Injury Collision,Cycles,2,0,1,1,1,0,0,2017-11-29T00:00:00.000Z,11/29/2017 6:20:00 PM,At Intersection (intersection related),18,"MOTOR VEHICLE STRUCK PEDALCYCLIST, FRONT END AT ANGLE",Y,N,Clear or Partly Cloudy,Dry,Dark - Street Lights On,,,,45.0,Vehicle - Pedalcyclist,0,0,N,POINT (1278554.990138039 244254.8148941696),9546.0,0.0,Clear or Partly Cloudy,2017-11-29,18:20:00,18.0,2,1,1.0,Clear or Partly Cloudy
192316,265357,266157,3705689,Matched,Intersection,24351.0,PHINNEY AVE N AND N 67TH S ST,,,2,Injury Collision,,2,0,1,1,1,0,0,2018-01-09T00:00:00.000Z,1/9/2018 10:13:00 AM,At Intersection (intersection related),18,"MOTOR VEHICLE STRUCK PEDALCYCLIST, FRONT END AT ANGLE",,N,Raining,Wet,Daylight,,,,,,4288,0,N,POINT (1265661.63306883 250896.8344849795),3701.0,0.0,Raining,2018-01-09,10:13:00,10.0,1,1,0.0,Raining
192322,264110,264890,E744984,Matched,Intersection,27281.0,MERIDIAN AVE N AND N NORTHLAKE WAY,,,2,Injury Collision,Cycles,2,0,1,1,1,0,0,2017-10-11T00:00:00.000Z,10/11/2017 9:15:00 AM,At Intersection (intersection related),18,"MOTOR VEHICLE STRUCK PEDALCYCLIST, FRONT END AT ANGLE",Y,N,Clear or Partly Cloudy,Dry,Daylight,,,,45.0,Vehicle - Pedalcyclist,0,630857,N,POINT (1270553.529905841 239563.4763933718),17978.0,0.0,Clear or Partly Cloudy,2017-10-11,09:15:00,9.0,2,1,1.0,Clear or Partly Cloudy
192331,259260,259920,3705879,Matched,Intersection,25409.0,8TH AVE NW AND NW 57TH ST,,,2,Injury Collision,Cycles,2,0,1,1,1,0,0,2017-12-08T00:00:00.000Z,12/8/2017 7:53:00 AM,At Intersection (intersection related),51,PEDALCYCLIST STRUCK MOTOR VEHICLE FRONT END AT ANGLE,,N,Clear or Partly Cloudy,Dry,Dawn,,,,45.0,Vehicle - Pedalcyclist,2433,0,N,POINT (1262775.431721881 248214.9021942317),10265.0,0.0,Clear or Partly Cloudy,2017-12-08,07:53:00,7.0,4,1,1.0,Clear or Partly Cloudy
192601,264857,265637,E756951,Matched,Intersection,24294.0,FREMONT AVE N AND N 78TH ST,,,2,Injury Collision,Cycles,2,0,1,1,1,0,0,2018-01-09T00:00:00.000Z,1/9/2018 5:13:00 PM,At Intersection (intersection related),18,"MOTOR VEHICLE STRUCK PEDALCYCLIST, FRONT END AT ANGLE",,N,Raining,Wet,Dark - Street Lights On,,,,5.0,Vehicle Strikes Pedalcyclist,0,0,N,POINT (1266895.599918097 253725.9578158706),733.0,0.0,Raining,2018-01-09,17:13:00,17.0,1,1,1.0,Raining
192608,265404,266204,3818399,Matched,Intersection,31580.0,24TH AVE S AND S COLLEGE ST,,,2,Injury Collision,Cycles,2,0,1,1,1,0,0,2018-01-10T00:00:00.000Z,1/10/2018 7:16:00 AM,At Intersection (intersection related),51,PEDALCYCLIST STRUCK MOTOR VEHICLE FRONT END AT ANGLE,Y,N,Overcast,Dry,Dawn,,,,5.0,Vehicle Strikes Pedalcyclist,0,0,N,POINT (1277881.587257355 216100.5372333378),10621.0,0.0,Overcast,2018-01-10,07:16:00,7.0,2,1,1.0,Clear or Partly Cloudy
192609,258637,259297,E744635,Matched,Block,,2ND AVE BETWEEN PIKE ST AND PINE ST,,,2,Injury Collision,Cycles,2,0,1,1,1,0,0,2017-12-06T00:00:00.000Z,12/6/2017 2:46:00 PM,Mid-Block (not related to intersection),18,"MOTOR VEHICLE STRUCK PEDALCYCLIST, FRONT END AT ANGLE",,N,Clear or Partly Cloudy,Dry,Daylight,Y,,,45.0,Vehicle - Pedalcyclist,12179,0,N,POINT (1268950.511472195 226064.2551955432),9591.0,1.6780158607627556e-05,Clear or Partly Cloudy,2017-12-06,14:46:00,14.0,2,1,0.0,Clear or Partly Cloudy
192685,259377,260037,E745680,Matched,Block,,UNIVERSITY WAY NE BETWEEN NE 47TH ST AND NE 50TH ST,,,2,Injury Collision,Cycles,2,0,1,1,1,0,0,2017-12-10T00:00:00.000Z,12/10/2017 4:48:00 PM,Mid-Block (not related to intersection),51,PEDALCYCLIST STRUCK MOTOR VEHICLE FRONT END AT ANGLE,,N,Clear or Partly Cloudy,Dry,Dark - Street Lights On,,,,45.0,Vehicle - Pedalcyclist,5622,0,N,POINT (1275809.299383223 245710.9149916619),999.0,0.0,Clear or Partly Cloudy,2017-12-10,16:48:00,16.0,6,0,1.0,Clear or Partly Cloudy
192708,264221,265001,3705804,Matched,Intersection,25875.0,BAGLEY AVE N AND N 46TH ST,,,2,Injury Collision,,2,0,1,1,1,0,0,2018-01-05T00:00:00.000Z,1/5/2018 2:50:00 PM,At Intersection (intersection related),18,"MOTOR VEHICLE STRUCK PEDALCYCLIST, FRONT END AT ANGLE",,N,Raining,Wet,Daylight,,,Y,,,0,0,N,POINT (1271007.759666309 245304.2507992536),7057.0,0.0,Raining,2018-01-05,14:50:00,14.0,4,1,0.0,Raining
192900,255598,256238,3284336,Matched,Intersection,287169.0,40TH AVE NE AND BURKE GILMAN TRL,,,2,Injury Collision,Cycles,2,0,1,1,1,0,0,2017-11-25T00:00:00.000Z,11/25/2017 9:58:00 AM,At Intersection (intersection related),18,"MOTOR VEHICLE STRUCK PEDALCYCLIST, FRONT END AT ANGLE",,N,Overcast,Dry,Daylight,,,,45.0,Vehicle - Pedalcyclist,0,521972,N,POINT (1282799.440702379 246786.1656807661),2983.0,0.0,Overcast,2017-11-25,09:58:00,9.0,5,0,1.0,Clear or Partly Cloudy
192910,256480,257120,3705770,Matched,Intersection,28741.0,DEXTER AVE N AND ROY ST,,,2,Injury Collision,Cycles,2,0,1,1,1,0,0,2017-11-29T00:00:00.000Z,11/29/2017 6:15:00 PM,At Intersection (intersection related),51,PEDALCYCLIST STRUCK MOTOR VEHICLE FRONT END AT ANGLE,,N,Overcast,Wet,Dark - Street Lights On,,,,45.0,Vehicle - Pedalcyclist,12677,0,N,POINT (1268326.078767568 231776.213409394),6297.0,0.0,Overcast,2017-11-29,18:15:00,18.0,2,1,1.0,Clear or Partly Cloudy
192916,258737,259397,3818302,Matched,Intersection,30388.0,1ST AVE S AND S ATLANTIC ST,,,2,Injury Collision,Cycles,2,0,1,1,1,0,0,2017-12-09T00:00:00.000Z,12/9/2017 10:40:00 AM,At Intersection (intersection related),18,"MOTOR VEHICLE STRUCK PEDALCYCLIST, FRONT END AT ANGLE",,N,Clear or Partly Cloudy,Wet,Daylight,Y,,,45.0,Vehicle - Pedalcyclist,0,605830,N,POINT (1270084.977969363 218939.3383882493),14.0,0.0,Clear or Partly Cloudy,2017-12-09,10:40:00,10.0,5,0,0.0,Clear or Partly Cloudy
192925,257861,258521,3769415,Matched,Block,,ROOSEVELT WAY NE BETWEEN NE 43RD N ST AND NE 45TH ST,,,2,Injury Collision,Cycles,2,0,1,1,1,0,0,2017-12-05T00:00:00.000Z,12/5/2017 6:59:00 AM,Driveway Junction,18,"MOTOR VEHICLE STRUCK PEDALCYCLIST, FRONT END AT ANGLE",Y,N,Clear or Partly Cloudy,Dry,Dawn,Y,,,45.0,Vehicle - Pedalcyclist,45553,0,N,POINT (1274643.41477403 244486.5489104092),22683.0,1.6744602144952038e-05,Clear or Partly Cloudy,2017-12-05,06:59:00,6.0,1,1,0.0,Clear or Partly Cloudy
192936,258763,259423,3753714,Matched,Block,,9TH AVE N BETWEEN JOHN ST AND THOMAS ST,,,2,Injury Collision,Cycles,2,0,1,1,1,0,0,2017-12-08T00:00:00.000Z,12/8/2017 3:15:00 PM,Mid-Block (not related to intersection),51,PEDALCYCLIST STRUCK MOTOR VEHICLE FRONT END AT ANGLE,,N,Clear or Partly Cloudy,Dry,Daylight,,,,45.0,Vehicle - Pedalcyclist,15955,0,N,POINT (1268922.815024167 229900.2245434672),3289.0,1.5684030659053574e-05,Clear or Partly Cloudy,2017-12-08,15:15:00,15.0,4,1,1.0,Clear or Partly Cloudy
192940,258761,259421,3753711,Matched,Block,,4TH AVE BETWEEN PIKE ST AND PINE ST,,,1,Property Damage Only Collision,Cycles,2,0,1,1,0,0,0,2017-12-07T00:00:00.000Z,12/7/2017 6:36:00 AM,Mid-Block (not related to intersection),18,"MOTOR VEHICLE STRUCK PEDALCYCLIST, FRONT END AT ANGLE",,N,Clear or Partly Cloudy,Dry,Dark - Street Lights On,,,,45.0,Vehicle - Pedalcyclist,12762,0,N,POINT (1269504.661232769 226392.3005718738),20509.0,2.416863267144483e-06,Clear or Partly Cloudy,2017-12-07,06:36:00,6.0,3,1,0.0,Clear or Partly Cloudy
192961,261441,262181,E749963,Matched,Block,,1ST AVE S BETWEEN RAILROAD S WAY S AND S ROYAL BROUGHAM WAY,,,2,Injury Collision,Cycles,2,0,1,1,1,0,0,2017-12-12T00:00:00.000Z,12/12/2017 8:15:00 AM,Mid-Block (not related to intersection),51,PEDALCYCLIST STRUCK MOTOR VEHICLE FRONT END AT ANGLE,,N,Clear or Partly Cloudy,Dry,Daylight,,,,45.0,Vehicle - Pedalcyclist,4956,0,N,POINT (1270112.277553394 220298.7504856437),18587.0,0.0,Clear or Partly Cloudy,2017-12-12,08:15:00,8.0,1,1,1.0,Clear or Partly Cloudy
195006,267682,268462,3769416,Matched,Intersection,27143.0,UNIVERSITY WAY NE AND NE CAMPUS WB PY,,,2,Injury Collision,,3,0,1,1,1,0,0,2018-01-25T00:00:00.000Z,1/25/2018 8:23:00 AM,At Intersection (intersection related),18,"MOTOR VEHICLE STRUCK PEDALCYCLIST, FRONT END AT ANGLE",,N,Overcast,Unknown,Daylight,Y,,,,,0,0,N,POINT (1275711.785015121 242874.075564757),12102.0,0.0,Overcast,2018-01-25,08:23:00,8.0,3,1,1.0,Clear or Partly Cloudy
195120,275957,276797,E774910,Matched,Block,,EAST MARGINAL WAY S BETWEEN S HINDS ST AND S SPOKANE NR ST,,,2,Injury Collision,Cycles,2,0,1,1,1,0,0,2018-02-27T00:00:00.000Z,2/27/2018 3:34:00 PM,Driveway Junction,18,"MOTOR VEHICLE STRUCK PEDALCYCLIST, FRONT END AT ANGLE",,N,Raining,Wet,Daylight,,,,5.0,Vehicle Strikes Pedalcyclist,0,0,N,POINT (1268603.29975985 212544.0880136937),1120.0,1.723141448264869e-05,Raining,2018-02-27,15:34:00,15.0,1,1,1.0,Raining
195142,266998,267778,3754157,Matched,Intersection,27298.0,NE PACIFIC PL AND NE PACIFIC ST,,,1,Property Damage Only Collision,Cycles,2,0,1,1,0,0,0,2018-01-23T00:00:00.000Z,1/23/2018 6:56:00 AM,At Intersection (intersection related),18,"MOTOR VEHICLE STRUCK PEDALCYCLIST, FRONT END AT ANGLE",,N,Overcast,Wet,Dark - Street Lights On,,,,5.0,Vehicle Strikes Pedalcyclist,0,0,N,POINT (1277063.34904851 240778.7539626062),4282.0,0.0,Overcast,2018-01-23,06:56:00,6.0,1,1,0.0,Clear or Partly Cloudy
195157,278387,279287,E777317,Matched,Intersection,25772.0,ROOSEVELT WAY NE AND NE 53RD ST,,,2,Injury Collision,Cycles,2,0,1,1,1,0,0,2018-03-08T00:00:00.000Z,3/8/2018 9:05:00 AM,At Intersection (intersection related),51,PEDALCYCLIST STRUCK MOTOR VEHICLE FRONT END AT ANGLE,,N,Raining,Wet,Daylight,,,,5.0,Vehicle Strikes Pedalcyclist,9143,0,N,POINT (1274773.80562216 246865.5261928439),935.0,0.0,Raining,2018-03-08,09:05:00,9.0,3,1,1.0,Raining
195201,268218,268998,3754279,Matched,Intersection,27065.0,11TH AVE NE AND NE 45TH ST,,,2,Injury Collision,Cycles,2,0,1,1,1,0,0,2018-01-19T00:00:00.000Z,1/19/2018 2:23:00 PM,At Intersection (intersection related),18,"MOTOR VEHICLE STRUCK PEDALCYCLIST, FRONT END AT ANGLE",Y,N,Overcast,Wet,Daylight,,,,5.0,Vehicle Strikes Pedalcyclist,0,0,N,POINT (1274930.22776632 244741.2228306681),2303.0,0.0,Overcast,2018-01-19,14:23:00,14.0,4,1,0.0,Clear or Partly Cloudy
195261,274646,275506,E774522,Matched,Intersection,29583.0,VIRGINIA ST AND WESTERN AVE,,,2,Injury Collision,,3,0,1,1,1,0,0,2018-02-28T00:00:00.000Z,2/28/2018 10:25:00 AM,At Intersection (intersection related),14,"MOTOR VEHICLE STRUCK MOTOR VEHICLE, REAR END",,N,Raining,Wet,Daylight,,,,,,0,0,N,POINT (1267898.953775123 226281.8666517735),13478.0,0.0,Raining,2018-02-28,10:25:00,10.0,2,1,0.0,Raining
195309,266399,267199,E760034,Matched,Intersection,28788.0,DEXTER AVE N AND THOMAS ST,,,2,Injury Collision,Cycles,2,0,1,1,1,0,0,2018-01-18T00:00:00.000Z,1/18/2018 8:25:00 AM,At Intersection (intersection related),18,"MOTOR VEHICLE STRUCK PEDALCYCLIST, FRONT END AT ANGLE",Y,N,Clear or Partly Cloudy,Dry,Daylight,,,,5.0,Vehicle Strikes Pedalcyclist,0,0,N,POINT (1268283.993903518 230129.8392637074),3489.0,0.0,Clear or Partly Cloudy,2018-01-18,08:25:00,8.0,3,1,1.0,Clear or Partly Cloudy
195399,272157,272997,3702429,Matched,Intersection,29735.0,HARVARD AVE AND E PINE ST,,,2,Injury Collision,,1,0,1,0,1,0,0,2018-02-22T00:00:00.000Z,2/22/2018 8:25:00 AM,At Intersection (intersection related),18,"MOTOR VEHICLE STRUCK PEDALCYCLIST, FRONT END AT ANGLE",,N,Clear or Partly Cloudy,Ice,Daylight,,,,,,0,0,N,POINT (1273237.528628588 227967.5365414917),9007.0,0.0,Clear or Partly Cloudy,2018-02-22,08:25:00,8.0,3,1,1.0,Clear or Partly Cloudy
195511,273736,274576,E764702,Matched,Block,,NE 145TH ST BETWEEN 30TH AVE NE AND 31ST AVE NE,,,2,Injury Collision,Cycles,2,0,1,1,1,0,0,2018-01-25T00:00:00.000Z,1/25/2018 10:13:00 PM,Mid-Block (not related to intersection),21,"MOTOR VEHICLE STRUCK PEDALCYCLIST, REAR END",,N,Clear or Partly Cloudy,Wet,Dark - Street Lights On,Y,,,5.0,Vehicle Strikes Pedalcyclist,0,0,N,POINT (1280542.256636068 271079.9483616352),4143.0,1.1150578172473212e-05,Clear or Partly Cloudy,2018-01-25,22:13:00,22.0,3,1,0.0,Clear or Partly Cloudy
195578,276337,277177,E775257,Matched,Intersection,34216.0,7TH AVE S AND S MICHIGAN ST,,,2,Injury Collision,Cycles,2,0,1,1,1,0,0,2018-02-14T00:00:00.000Z,2/14/2018 9:15:00 PM,At Intersection (intersection related),18,"MOTOR VEHICLE STRUCK PEDALCYCLIST, FRONT END AT ANGLE",,N,Raining,Wet,Dark - Street Lights On,,,,5.0,Vehicle Strikes Pedalcyclist,0,0,N,POINT (1272035.397171363 202934.4057638645),1843.0,0.0,Raining,2018-02-14,21:15:00,21.0,2,1,0.0,Raining