OBJECTID,INCKEY,COLDETKEY,REPORTNO,STATUS,ADDRTYPE,INTKEY,LOCATION,EXCEPTRSNC,EXCEPTRSND,SEVERITYCO,SEVERITYDE,COLLISIONT,PERSONCOUN,PEDCOUNT,PEDCYLCOUN,VEHCOUNT,INJURIES,SERIOUSINJ,FATALITIES,INCDATE,INCDTTM,JUNCTIONTY,SDOT_COLCO,SDOT_COLDE,INATTENTIO,UNDERINFL,WEATHER,ROADCOND,LIGHTCOND,PEDROWNOTG,SDOTCOLNUM,SPEEDING,ST_COLCODE,ST_COLDESC,SEGLANEKEY,CROSSWALKK,HITPARKEDC,geometry,near_str_index,min_length,weather_group,date,time,hour,dayofweek,weekday,rushhour,weather_group2
195619,270529,271349,3581268,Matched,Intersection,30833.0,LAKE WASHINGTON BLVD S AND S MASSACHUSETTS ST,,,2,Injury Collision,Cycles,2,0,1,1,1,0,0,2018-02-12T00:00:00.000Z,2/12/2018 9:07:00 AM,At Intersection (intersection related),18,"MOTOR VEHICLE STRUCK PEDALCYCLIST, FRONT END AT ANGLE",,N,Clear or Partly Cloudy,Dry,Daylight,,,,5.0,Vehicle Strikes Pedalcyclist,0,0,N,POINT (1281143.621692687 217767.2487870455),1836.0,0.0,Clear or Partly Cloudy,2018-02-12,09:07:00,9.0,0,1,1.0,Clear or Partly Cloudy
195629,274803,275646,3702504,Matched,Intersection,30177.0,19TH AVE AND E CHERRY ST,,,2,Injury Collision,Cycles,2,0,1,1,1,0,0,2018-03-02T00:00:00.000Z,3/2/2018 11:13:00 AM,At Intersection (intersection related),51,PEDALCYCLIST STRUCK MOTOR VEHICLE FRONT END AT ANGLE,Y,N,Overcast,Dry,Daylight,,,,5.0,Vehicle Strikes Pedalcyclist,0,0,N,POINT (1276764.647992209 225271.0035467297),2476.0,0.0,Overcast,2018-03-02,11:13:00,11.0,4,1,0.0,Clear or Partly Cloudy
195654,274837,275677,E774216,Matched,Intersection,26092.0,17TH NB AVE NE AND NE 45TH ST,,,2,Injury Collision,,2,0,1,1,1,0,0,2018-02-27T00:00:00.000Z,2/27/2018 1:51:00 PM,At Intersection (intersection related),51,PEDALCYCLIST STRUCK MOTOR VEHICLE FRONT END AT ANGLE,,N,Clear or Partly Cloudy,Dry,Daylight,,,,,,0,0,N,POINT (1276671.089464113 244695.8127826303),1401.0,0.0,Clear or Partly Cloudy,2018-02-27,13:51:00,13.0,1,1,0.0,Clear or Partly Cloudy
195662,274807,275650,3745433,Matched,Intersection,34876.0,25TH AVE SW AND SW BARTON ST,,,2,Injury Collision,Cycles,3,0,1,1,1,0,0,2018-03-02T00:00:00.000Z,3/2/2018 7:09:00 AM,At Intersection (intersection related),18,"MOTOR VEHICLE STRUCK PEDALCYCLIST, FRONT END AT ANGLE",Y,N,Overcast,Wet,Daylight,,,,5.0,Vehicle Strikes Pedalcyclist,0,0,N,POINT (1262093.778473184 193817.7286345214),7947.0,0.0,Overcast,2018-03-02,07:09:00,7.0,4,1,1.0,Clear or Partly Cloudy
195721,268398,269178,3754259,Matched,Intersection,24696.0,26TH AVE NE AND NE 65TH ST,,,2,Injury Collision,Cycles,2,0,1,1,1,0,0,2018-01-30T00:00:00.000Z,1/30/2018 5:51:00 AM,At Intersection (intersection related),51,PEDALCYCLIST STRUCK MOTOR VEHICLE FRONT END AT ANGLE,,N,Overcast,Dry,Dark - Street Lights On,,,,5.0,Vehicle Strikes Pedalcyclist,0,0,N,POINT (1279215.195194706 249943.1156999916),2645.0,0.0,Overcast,2018-01-30,05:51:00,5.0,1,1,0.0,Clear or Partly Cloudy
195755,270579,271399,3753394,Matched,Intersection,29084.0,EASTLAKE AVE E AND E NELSON PL,,,,Unknown,,2,0,1,1,0,0,0,2018-02-14T00:00:00.000Z,2/14/2018 7:50:00 AM,At Intersection (intersection related),18,"MOTOR VEHICLE STRUCK PEDALCYCLIST, FRONT END AT ANGLE",,N,Overcast,Wet,Daylight,,,,,,0,0,N,POINT (1271986.260531306 233599.5022432655),1134.0,0.0,Overcast,2018-02-14,07:50:00,7.0,2,1,1.0,Clear or Partly Cloudy
195781,274937,275777,E774902,Matched,Intersection,33029.0,1ST AVE S AND S BRANDON ST,,,1,Property Damage Only Collision,,2,0,1,1,0,0,0,2018-02-08T00:00:00.000Z,2/8/2018 6:40:00 PM,At Intersection (intersection related),18,"MOTOR VEHICLE STRUCK PEDALCYCLIST, FRONT END AT ANGLE",,N,Raining,Wet,Dark - No Street Lights,,,,,,0,0,N,POINT (1269822.985777095 205757.1529027522),14463.0,0.0,Raining,2018-02-08,18:40:00,18.0,3,1,1.0,Raining
195809,278342,279242,E780826,Matched,Intersection,28237.0,10TH AVE E AND E LYNN ST,,,2,Injury Collision,Cycles,2,0,1,1,1,0,0,2018-03-21T00:00:00.000Z,3/21/2018 6:22:00 AM,At Intersection (intersection related),51,PEDALCYCLIST STRUCK MOTOR VEHICLE FRONT END AT ANGLE,,N,Clear or Partly Cloudy,Dry,Dark - Street Lights On,,,,5.0,Vehicle Strikes Pedalcyclist,0,0,N,POINT (1273918.633013293 236827.4961025715),22.0,0.0,Clear or Partly Cloudy,2018-03-21,06:22:00,6.0,2,1,0.0,Clear or Partly Cloudy
195820,277241,278141,3756092,Matched,Block,,15TH AVE S BETWEEN S OREGON ST AND S SNOQUALMIE ST,,,1,Property Damage Only Collision,Parked Car,2,0,1,1,0,0,0,2018-03-02T00:00:00.000Z,3/2/2018 6:33:00 PM,Mid-Block (not related to intersection),56,PEDALCYCLIST STRUCK MOTOR VEHICLE LEFT SIDE SIDESWIPE,,Y,Clear or Partly Cloudy,Dry,Dark - Street Lights On,,,,32.0,One parked--one moving,15524,0,N,POINT (1274990.409014389 208734.6581857949),23263.0,1.645889373941939e-05,Clear or Partly Cloudy,2018-03-02,18:33:00,18.0,4,1,1.0,Clear or Partly Cloudy
195822,267219,267999,E761058,Matched,Intersection,577500.0,LAKE UNION PARK ACCESS RD AND VALLEY ST,,,2,Injury Collision,Cycles,2,0,1,1,1,0,0,2018-01-18T00:00:00.000Z,1/18/2018 3:48:00 PM,At Intersection (intersection related),18,"MOTOR VEHICLE STRUCK PEDALCYCLIST, FRONT END AT ANGLE",,N,Raining,Wet,Daylight,,,,5.0,Vehicle Strikes Pedalcyclist,25339,0,N,POINT (1269842.736945122 231886.2061135024),6730.0,0.0,Raining,2018-01-18,15:48:00,15.0,3,1,1.0,Raining
195829,266678,267458,3563140,Matched,Block,,15TH AVE S BETWEEN S DAWSON ST AND S BENNETT ST,,,2,Injury Collision,,2,0,1,1,1,0,0,2018-01-14T00:00:00.000Z,1/14/2018 11:28:00 PM,Mid-Block (not related to intersection),14,"MOTOR VEHICLE STRUCK MOTOR VEHICLE, REAR END",Y,N,Clear or Partly Cloudy,Dry,Dark - Street Lights On,,,,,,0,0,N,POINT (1274954.431158349 206032.1545030326),18623.0,0.0,Clear or Partly Cloudy,2018-01-14,23:28:00,23.0,6,0,0.0,Clear or Partly Cloudy
195832,266677,267457,3476719,Matched,Intersection,29946.0,6TH AVE AND MARION ST,,,2,Injury Collision,Cycles,2,0,1,1,1,0,0,2017-08-21T00:00:00.000Z,8/21/2017 12:00:00 PM,At Intersection (intersection related),18,"MOTOR VEHICLE STRUCK PEDALCYCLIST, FRONT END AT ANGLE",,N,Clear or Partly Cloudy,Dry,Daylight,,,,45.0,Vehicle - Pedalcyclist,0,0,N,POINT (1271223.872306526 224750.8786181957),532.0,0.0,Clear or Partly Cloudy,2017-08-21,12:00:00,12.0,0,1,0.0,Clear or Partly Cloudy
195912,274997,275837,3754707,Matched,Block,,AIRPORT WAY S BETWEEN CITY LIMITS C AND S NORFOLK ST,,,2b,Serious Injury Collision,Cycles,2,0,1,1,2,2,0,2018-03-10T00:00:00.000Z,3/10/2018 4:46:00 PM,Mid-Block (not related to intersection),54,PEDALCYCLIST STRUCK MOTOR VEHICLE REAR END,,Y,Clear or Partly Cloudy,Dry,Daylight,,,,5.0,Vehicle Strikes Pedalcyclist,0,0,N,POINT (1280551.312636077 191773.9178804308),6105.0,9.02666592184732e-06,Clear or Partly Cloudy,2018-03-10,16:46:00,16.0,5,0,1.0,Clear or Partly Cloudy
195914,272477,273318,E771959,Matched,Intersection,29809.0,12TH AVE AND E JEFFERSON ST,,,2,Injury Collision,Cycles,4,0,1,1,1,0,0,2018-02-20T00:00:00.000Z,2/20/2018 8:35:00 PM,At Intersection (intersection related),18,"MOTOR VEHICLE STRUCK PEDALCYCLIST, FRONT END AT ANGLE",,N,Clear or Partly Cloudy,Dry,Dark - Street Lights On,,,,5.0,Vehicle Strikes Pedalcyclist,0,0,N,POINT (1274493.248053879 224651.3819140941),2320.0,0.0,Clear or Partly Cloudy,2018-02-20,20:35:00,20.0,1,1,0.0,Clear or Partly Cloudy
195991,267317,268097,E761354,Matched,Block,,S JACKSON ST BETWEEN 20TH PL S AND 22ND AVE S,,,2,Injury Collision,Cycles,3,0,1,1,1,0,0,2018-01-03T00:00:00.000Z,1/3/2018 7:45:00 AM,Mid-Block (not related to intersection),18,"MOTOR VEHICLE STRUCK PEDALCYCLIST, FRONT END AT ANGLE",Y,Y,Clear or Partly Cloudy,Dry,Daylight,,,,5.0,Vehicle Strikes Pedalcyclist,0,0,N,POINT (1277611.016057074 222062.2398954481),13009.0,2.7620857969300294e-05,Clear or Partly Cloudy,2018-01-03,07:45:00,7.0,2,1,1.0,Clear or Partly Cloudy
194003,265246,266017,3753782,Matched,Block,,FAIRVIEW AVE N BETWEEN VALLEY UPPER ST AND FAIRVIEW PL N,,,1,Property Damage Only Collision,Cycles,2,0,1,1,0,0,0,2018-01-10T00:00:00.000Z,1/10/2018 7:47:00 AM,Mid-Block (not related to intersection),56,PEDALCYCLIST STRUCK MOTOR VEHICLE LEFT SIDE SIDESWIPE,,N,Overcast,Dry,Dawn,,,,5.0,Vehicle Strikes Pedalcyclist,0,0,N,POINT (1270337.779889628 232003.7510736287),720.0,1.875372175773733e-05,Overcast,2018-01-10,07:47:00,7.0,2,1,1.0,Clear or Partly Cloudy
194045,257622,258297,E737499,Matched,Block,,QUEEN ANNE DR BETWEEN 2ND AVE N AND NOB HILL AVE N,,,2,Injury Collision,Cycles,2,0,1,1,1,0,0,2017-10-30T00:00:00.000Z,10/30/2017 7:46:00 AM,Mid-Block (not related to intersection),18,"MOTOR VEHICLE STRUCK PEDALCYCLIST, FRONT END AT ANGLE",,N,Clear or Partly Cloudy,Dry,Daylight,,,,45.0,Vehicle - Pedalcyclist,27156,0,N,POINT (1266060.785005242 237981.1321357489),907.0,1.622206198883234e-05,Clear or Partly Cloudy,2017-10-30,07:46:00,7.0,0,1,1.0,Clear or Partly Cloudy
194051,257620,258280,E741185,Matched,Block,,ALASKAN WAY BETWEEN PINE ST AND VIRGINIA ST,,,2,Injury Collision,Cycles,2,0,1,1,1,0,0,2017-11-10T00:00:00.000Z,11/10/2017 6:03:00 PM,Mid-Block (not related to intersection),24,MOTOR VEHCILE STRUCK PEDESTRIAN,,N,Clear or Partly Cloudy,Dry,Dark - Street Lights On,,,,45.0,Vehicle - Pedalcyclist,0,522582,N,POINT (1267690.167342916 225768.2349072397),19727.0,0.0,Clear or Partly Cloudy,2017-11-10,18:03:00,18.0,4,1,1.0,Clear or Partly Cloudy
194075,265837,266637,E759014,Matched,Intersection,25226.0,28TH AVE NW AND NW MARKET ST,,,1,Property Damage Only Collision,Cycles,2,0,1,1,0,0,0,2018-01-15T00:00:00.000Z,1/15/2018 5:27:00 PM,At Intersection (intersection related),18,"MOTOR VEHICLE STRUCK PEDALCYCLIST, FRONT END AT ANGLE",Y,N,Clear or Partly Cloudy,Dry,Dark - Street Lights On,,,,5.0,Vehicle Strikes Pedalcyclist,0,0,N,POINT (1256191.168291137 247797.9854577929),1669.0,0.0,Clear or Partly Cloudy,2018-01-15,17:27:00,17.0,0,1,1.0,Clear or Partly Cloudy
194076,258099,258759,E743640,Matched,Intersection,28887.0,4TH AVE N AND ROY ST,,,2,Injury Collision,Cycles,2,0,1,1,1,0,0,2017-12-05T00:00:00.000Z,12/5/2017 8:00:00 AM,At Intersection (intersection related),18,"MOTOR VEHICLE STRUCK PEDALCYCLIST, FRONT END AT ANGLE",Y,N,Fog/Smog/Smoke,Wet,Daylight,,,,45.0,Vehicle - Pedalcyclist,12417,0,N,POINT (1266716.852013916 231816.8075854331),3748.0,0.0,Raining,2017-12-05,08:00:00,8.0,1,1,1.0,Raining
194165,265297,266077,3754152,Matched,Block,,SEAVIEW AVE NW BETWEEN NW 67TH ST AND NW 75TH ST,,,3,Fatality Collision,Cycles,2,0,1,1,0,0,1,2018-01-14T00:00:00.000Z,1/14/2018 4:30:00 AM,Mid-Block (not related to intersection),18,"MOTOR VEHICLE STRUCK PEDALCYCLIST, FRONT END AT ANGLE",,N,Clear or Partly Cloudy,Dry,Dark - Street Lights On,,,,5.0,Vehicle Strikes Pedalcyclist,0,0,N,POINT (1253322.913632199 251958.9091740549),15209.0,5.453353437859593e-06,Clear or Partly Cloudy,2018-01-14,04:30:00,4.0,6,0,0.0,Clear or Partly Cloudy
194307,278011,278911,3702403,Matched,Block,,E PINE ST BETWEEN BOYLSTON AVE AND HARVARD AVE,,,2,Injury Collision,Cycles,4,0,1,1,1,0,0,2018-03-23T00:00:00.000Z,3/23/2018 2:13:00 AM,Mid-Block (not related to intersection),56,PEDALCYCLIST STRUCK MOTOR VEHICLE LEFT SIDE SIDESWIPE,Y,N,Overcast,Wet,Dark - Street Lights On,,,,45.0,Vehicle - Pedalcyclist,0,0,N,POINT (1273078.540276423 227971.5406374931),9007.0,7.33977464862744e-06,Overcast,2018-03-23,02:13:00,2.0,4,1,0.0,Clear or Partly Cloudy
194436,273497,274317,3753799,Matched,Intersection,28788.0,DEXTER AVE N AND THOMAS ST,,,2,Injury Collision,,2,0,1,1,1,0,0,2018-02-28T00:00:00.000Z,2/28/2018 7:08:00 PM,At Intersection (intersection related),18,"MOTOR VEHICLE STRUCK PEDALCYCLIST, FRONT END AT ANGLE",,N,Raining,Wet,Dark - Street Lights On,Y,,,,,42777,0,N,POINT (1268283.993903518 230129.8392637074),3489.0,0.0,Raining,2018-02-28,19:08:00,19.0,2,1,1.0,Raining
194475,277437,278337,E779044,Matched,Intersection,26870.0,STONE WAY N AND N 38TH ST,,,2,Injury Collision,Cycles,2,0,1,1,1,0,0,2018-03-07T00:00:00.000Z,3/7/2018 7:50:00 AM,At Intersection (intersection related),18,"MOTOR VEHICLE STRUCK PEDALCYCLIST, FRONT END AT ANGLE",Y,N,Clear or Partly Cloudy,Dry,Daylight,,,,45.0,Vehicle - Pedalcyclist,0,0,N,POINT (1268463.857455701 241734.6945715845),4009.0,0.0,Clear or Partly Cloudy,2018-03-07,07:50:00,7.0,2,1,1.0,Clear or Partly Cloudy
194480,269579,270379,E766391,Matched,Intersection,29614.0,2ND AVE AND MADISON ST,,,1,Property Damage Only Collision,Cycles,3,0,1,1,0,0,0,2018-02-02T00:00:00.000Z,2/2/2018 10:50:00 AM,At Intersection (intersection related),18,"MOTOR VEHICLE STRUCK PEDALCYCLIST, FRONT END AT ANGLE",,N,Overcast,Wet,Daylight,,,,5.0,Vehicle Strikes Pedalcyclist,0,0,N,POINT (1269960.271153241 224358.5271297991),2489.0,0.0,Overcast,2018-02-02,10:50:00,10.0,4,1,0.0,Clear or Partly Cloudy
194490,267537,268317,E762231,Matched,Intersection,29968.0,2ND AVE AND MARION ST,,,1,Property Damage Only Collision,Cycles,3,0,1,1,0,0,0,2018-01-23T00:00:00.000Z,1/23/2018 5:13:00 PM,At Intersection (intersection related),18,"MOTOR VEHICLE STRUCK PEDALCYCLIST, FRONT END AT ANGLE",,N,Raining,Wet,Dark - Street Lights On,,,,5.0,Vehicle Strikes Pedalcyclist,0,0,N,POINT (1270116.020785391 224095.4131455272),2489.0,0.0,Raining,2018-01-23,17:13:00,17.0,1,1,1.0,Raining
194504,268861,269661,3773746,Matched,Intersection,29863.0,MELROSE AVE AND PINE ST,,,2,Injury Collision,Cycles,3,0,1,1,1,0,0,2018-02-01T00:00:00.000Z,2/1/2018 7:27:00 AM,At Intersection (intersection related),51,PEDALCYCLIST STRUCK MOTOR VEHICLE FRONT END AT ANGLE,,N,Overcast,Dry,Daylight,,,,5.0,Vehicle Strikes Pedalcyclist,10336,0,N,POINT (1271813.802035138 227999.6394535303),897.0,0.0,Overcast,2018-02-01,07:27:00,7.0,3,1,1.0,Clear or Partly Cloudy
194569,275502,276342,E774854,Matched,Intersection,34637.0,SEWARD PARK AVE S AND WILSON AVE S,,,2,Injury Collision,Cycles,2,0,1,1,1,0,0,2018-02-11T00:00:00.000Z,2/11/2018 1:38:00 PM,At Intersection (intersection related),18,"MOTOR VEHICLE STRUCK PEDALCYCLIST, FRONT END AT ANGLE",Y,N,Clear or Partly Cloudy,Dry,Daylight,,,,5.0,Vehicle Strikes Pedalcyclist,0,0,N,POINT (1287072.649282753 201916.4458268136),1039.0,0.0,Clear or Partly Cloudy,2018-02-11,13:38:00,13.0,6,0,0.0,Clear or Partly Cloudy
194597,277637,278537,E779047,Matched,Block,,DEXTER AVE N BETWEEN NEWTON ST AND DEXTER WAY N,,,2,Injury Collision,Cycles,2,0,1,1,1,0,0,2018-03-06T00:00:00.000Z,3/6/2018 9:50:00 AM,Mid-Block (not related to intersection),18,"MOTOR VEHICLE STRUCK PEDALCYCLIST, FRONT END AT ANGLE",Y,N,Clear or Partly Cloudy,Dry,Daylight,,,,45.0,Vehicle - Pedalcyclist,0,0,N,POINT (1268229.089647457 236059.6660217792),22377.0,1.7651623790494374e-05,Clear or Partly Cloudy,2018-03-06,09:50:00,9.0,1,1,1.0,Clear or Partly Cloudy
194608,276949,277829,3702522,Matched,Block,,M L KING JR WAY E BETWEEN E ARTHUR PL AND E MADISON ST,,,2,Injury Collision,Cycles,2,0,1,1,1,0,0,2018-03-14T00:00:00.000Z,3/14/2018 2:22:00 PM,Mid-Block (not related to intersection),18,"MOTOR VEHICLE STRUCK PEDALCYCLIST, FRONT END AT ANGLE",,N,Clear or Partly Cloudy,Dry,Daylight,,,Y,45.0,Vehicle - Pedalcyclist,0,0,N,POINT (1279657.068411171 230704.3764162958),12612.0,1.7430097834894927e-05,Clear or Partly Cloudy,2018-03-14,14:22:00,14.0,2,1,0.0,Clear or Partly Cloudy
194670,269585,270385,E766424,Matched,Intersection,28744.0,WESTLAKE AVE N AND VALLEY ST,,,2,Injury Collision,Cycles,2,0,1,1,1,0,0,2018-01-22T00:00:00.000Z,1/22/2018 9:00:00 AM,At Intersection (intersection related),18,"MOTOR VEHICLE STRUCK PEDALCYCLIST, FRONT END AT ANGLE",Y,N,Clear or Partly Cloudy,Dry,Daylight,,,,5.0,Vehicle Strikes Pedalcyclist,0,0,N,POINT (1269242.945584506 231901.4393935204),3828.0,0.0,Clear or Partly Cloudy,2018-01-22,09:00:00,9.0,0,1,1.0,Clear or Partly Cloudy
194720,277739,278639,3705696,Matched,Intersection,37731.0,23RD AVE NE AND NE 95TH ST,,,2,Injury Collision,Cycles,2,0,1,1,1,0,0,2018-03-11T00:00:00.000Z,3/11/2018 5:55:00 PM,At Intersection (intersection related),51,PEDALCYCLIST STRUCK MOTOR VEHICLE FRONT END AT ANGLE,,N,Clear or Partly Cloudy,Dry,Daylight,,,,45.0,Vehicle - Pedalcyclist,0,0,N,POINT (1278237.778745711 257909.1562841535),12808.0,0.0,Clear or Partly Cloudy,2018-03-11,17:55:00,17.0,6,0,1.0,Clear or Partly Cloudy
194722,277738,278638,E779051,Matched,Block,,10TH AVE E BETWEEN E BOSTON ST AND E LYNN ST,,,2,Injury Collision,Cycles,2,0,1,1,1,0,0,2018-03-10T00:00:00.000Z,3/10/2018 11:00:00 PM,Mid-Block (not related to intersection),18,"MOTOR VEHICLE STRUCK PEDALCYCLIST, FRONT END AT ANGLE",,N,Unknown,Unknown,Dark - Street Lights On,,,,45.0,Vehicle - Pedalcyclist,0,0,N,POINT (1273913.552501291 236618.430758357),22.0,2.8939394933405378e-05,,2018-03-10,23:00:00,23.0,5,0,0.0,
194822,272717,273557,E772296,Matched,Block,,E PINE ST BETWEEN NAGLE PL AND 10TH AVE,,,2,Injury Collision,,2,0,1,1,1,0,0,2018-02-23T00:00:00.000Z,2/23/2018 2:43:00 PM,Mid-Block (not related to intersection),51,PEDALCYCLIST STRUCK MOTOR VEHICLE FRONT END AT ANGLE,,N,Overcast,Dry,Daylight,,,,,,0,0,N,POINT (1273826.789941192 227962.3168294877),11240.0,5.823046443286912e-11,Overcast,2018-02-23,14:43:00,14.0,4,1,0.0,Clear or Partly Cloudy
194826,277024,277904,3694139,Matched,Block,,NE 40 UPPER ST BETWEEN 8TH AVE NE AND 9TH AVE NE,,,2b,Serious Injury Collision,Cycles,2,1,1,0,1,1,0,2018-03-16T00:00:00.000Z,3/16/2018 3:20:00 PM,Mid-Block (not related to intersection),64,PEDALCYCLIST STRUCK PEDESTRIAN,Y,N,Clear or Partly Cloudy,Unknown,Daylight,,,,7.0,Pedalcyclist Strikes Pedalcyclist or Pedestrian,0,0,N,POINT (1274220.247349605 242748.5655486286),1389.0,1.582772143290006e-09,Clear or Partly Cloudy,2018-03-16,15:20:00,15.0,4,1,1.0,Clear or Partly Cloudy
194828,274603,275463,3754033,Matched,Intersection,36586.0,1ST AVE NE AND NE NORTHGATE WAY,,,2,Injury Collision,Cycles,3,0,1,1,1,0,0,2018-03-06T00:00:00.000Z,3/6/2018 6:37:00 PM,At Intersection (but not related to intersection),21,"MOTOR VEHICLE STRUCK PEDALCYCLIST, REAR END",,N,Clear or Partly Cloudy,Dry,Dark - Street Lights On,Y,,,5.0,Vehicle Strikes Pedalcyclist,0,0,N,POINT (1272295.527987629 262062.2952324003),2277.0,0.0,Clear or Partly Cloudy,2018-03-06,18:37:00,18.0,1,1,1.0,Clear or Partly Cloudy
194837,277019,277899,E777001,Matched,Block,,2ND AVE BETWEEN UNION ST AND PIKE ST,,,2,Injury Collision,Cycles,2,0,1,1,1,0,0,2018-03-06T00:00:00.000Z,3/6/2018 4:33:00 PM,Mid-Block (not related to intersection),18,"MOTOR VEHICLE STRUCK PEDALCYCLIST, FRONT END AT ANGLE",,N,Clear or Partly Cloudy,Dry,Daylight,,,,5.0,Vehicle Strikes Pedalcyclist,0,0,N,POINT (1269167.241392419 225698.1291791648),135.0,1.0206619767903732e-08,Clear or Partly Cloudy,2018-03-06,16:33:00,16.0,1,1,1.0,Clear or Partly Cloudy
194852,275697,276537,E775266,Matched,Block,,ROOSEVELT WAY NE BETWEEN NE 45TH ST AND NE 47TH ST,,,2,Injury Collision,Cycles,2,0,1,1,1,0,0,2018-03-02T00:00:00.000Z,3/2/2018 9:28:00 AM,Mid-Block (not related to intersection),18,"MOTOR VEHICLE STRUCK PEDALCYCLIST, FRONT END AT ANGLE",,N,Clear or Partly Cloudy,Dry,Daylight,,,,5.0,Vehicle Strikes Pedalcyclist,0,0,N,POINT (1274721.706934109 245075.8127190173),19913.0,2.054423759327244e-05,Clear or Partly Cloudy,2018-03-02,09:28:00,9.0,4,1,1.0,Clear or Partly Cloudy
194866,266934,267714,3762859,Matched,Intersection,25710.0,ROOSEVELT WAY NE AND NE 63RD ST,,,2,Injury Collision,Cycles,2,0,1,1,1,0,0,2018-01-19T00:00:00.000Z,1/19/2018 7:29:00 AM,At Intersection (intersection related),51,PEDALCYCLIST STRUCK MOTOR VEHICLE FRONT END AT ANGLE,,N,Overcast,Wet,Daylight,Y,,,5.0,Vehicle Strikes Pedalcyclist,9207,0,N,POINT (1274827.456566215 249436.7405314744),6643.0,0.0,Overcast,2018-01-19,07:29:00,7.0,4,1,1.0,Clear or Partly Cloudy
194950,272857,273697,E772599,Matched,Intersection,28788.0,DEXTER AVE N AND THOMAS ST,,,2,Injury Collision,Cycles,2,0,1,1,1,0,0,2018-02-01T00:00:00.000Z,2/1/2018 6:49:00 PM,At Intersection (intersection related),18,"MOTOR VEHICLE STRUCK PEDALCYCLIST, FRONT END AT ANGLE",,Y,Raining,Wet,Dark - No Street Lights,Y,,,5.0,Vehicle Strikes Pedalcyclist,0,0,N,POINT (1268283.993903518 230129.8392637074),3489.0,0.0,Raining,2018-02-01,18:49:00,18.0,3,1,1.0,Raining
194974,277878,278778,3754213,Matched,Intersection,28773.0,9TH AVE N AND REPUBLICAN ST,,,2,Injury Collision,Cycles,2,0,1,1,1,0,0,2018-03-16T00:00:00.000Z,3/16/2018 7:52:00 PM,At Intersection (intersection related),51,PEDALCYCLIST STRUCK MOTOR VEHICLE FRONT END AT ANGLE,,N,Clear or Partly Cloudy,Dry,Dusk,,,,45.0,Vehicle - Pedalcyclist,15966,0,N,POINT (1268949.189424202 230965.2919365615),8903.0,0.0,Clear or Partly Cloudy,2018-03-16,19:52:00,19.0,4,1,1.0,Clear or Partly Cloudy
197001,286119,286979,3706102,Matched,Block,,15TH AVE NE BETWEEN NE 42ND ST AND NE 43RD ST,,,2b,Serious Injury Collision,Cycles,3,0,1,2,1,1,0,2018-05-09T00:00:00.000Z,5/9/2018 10:08:00 AM,Mid-Block (not related to intersection),14,"MOTOR VEHICLE STRUCK MOTOR VEHICLE, REAR END",,N,Clear or Partly Cloudy,Dry,Daylight,,,,8.0,Pedalcyclist All Other Involvements ONE UNIT - PEDALCYCLIST ONLY or PEDALCYCLIST STR,0,0,Y,POINT (1276029.831287459 243898.441389814),17655.0,1.2156376741700304e-05,Clear or Partly Cloudy,2018-05-09,10:08:00,10.0,2,1,0.0,Clear or Partly Cloudy
197018,288987,289866,E800886,Matched,Intersection,28970.0,15TH AVE E AND E ALOHA ST,,,2,Injury Collision,Cycles,2,0,1,1,1,0,0,2018-05-22T00:00:00.000Z,5/22/2018 5:30:00 PM,At Intersection (intersection related),18,"MOTOR VEHICLE STRUCK PEDALCYCLIST, FRONT END AT ANGLE",Y,N,Clear or Partly Cloudy,Dry,Daylight,,,,5.0,Vehicle Strikes Pedalcyclist,0,0,N,POINT (1275676.959543094 232171.6102737933),5093.0,0.0,Clear or Partly Cloudy,2018-05-22,17:30:00,17.0,1,1,1.0,Clear or Partly Cloudy
197028,289637,290497,3812157,Matched,Block,,DENNY WAY BETWEEN STEWART ST AND MELROSE AVE,,,1,Property Damage Only Collision,Cycles,2,0,1,1,0,0,0,2018-05-31T00:00:00.000Z,5/31/2018 7:00:00 PM,Mid-Block (but intersection related),54,PEDALCYCLIST STRUCK MOTOR VEHICLE REAR END,,N,Clear or Partly Cloudy,Dry,Dusk,,,,6.0,Pedalcyclist Strikes Moving Vehicle,0,0,N,POINT (1271494.205362812 229177.3080627322),17903.0,1.1697567150221174e-05,Clear or Partly Cloudy,2018-05-31,19:00:00,19.0,3,1,1.0,Clear or Partly Cloudy
197063,281798,282658,3581274,Matched,Intersection,32672.0,RAINIER AVE S AND S CHARLESTOWN ST,,,2,Injury Collision,Angles,2,0,1,1,1,0,0,2018-04-12T00:00:00.000Z,4/12/2018 3:25:00 PM,At Intersection (intersection related),18,"MOTOR VEHICLE STRUCK PEDALCYCLIST, FRONT END AT ANGLE",,N,Clear or Partly Cloudy,Dry,Daylight,Y,,,10.0,Entering at angle,0,524336,N,POINT (1280674.396732211 211241.5609723628),912.0,0.0,Clear or Partly Cloudy,2018-04-12,15:25:00,15.0,3,1,1.0,Clear or Partly Cloudy