OBJECTID,INCKEY,COLDETKEY,REPORTNO,STATUS,ADDRTYPE,INTKEY,LOCATION,EXCEPTRSNC,EXCEPTRSND,SEVERITYCO,SEVERITYDE,COLLISIONT,PERSONCOUN,PEDCOUNT,PEDCYLCOUN,VEHCOUNT,INJURIES,SERIOUSINJ,FATALITIES,INCDATE,INCDTTM,JUNCTIONTY,SDOT_COLCO,SDOT_COLDE,INATTENTIO,UNDERINFL,WEATHER,ROADCOND,LIGHTCOND,PEDROWNOTG,SDOTCOLNUM,SPEEDING,ST_COLCODE,ST_COLDESC,SEGLANEKEY,CROSSWALKK,HITPARKEDC,geometry,near_str_index,min_length,weather_group,date,time,hour,dayofweek,weekday,rushhour,weather_group2
197074,281799,282659,3644345,Matched,Intersection,28788.0,DEXTER AVE N AND THOMAS ST,,,2,Injury Collision,Cycles,2,0,1,1,1,0,0,2018-04-11T00:00:00.000Z,4/11/2018 3:25:00 PM,At Intersection (intersection related),18,"MOTOR VEHICLE STRUCK PEDALCYCLIST, FRONT END AT ANGLE",,N,Overcast,Wet,Daylight,,,,5.0,Vehicle Strikes Pedalcyclist,42777,0,N,POINT (1268283.993903518 230129.8392637074),3489.0,0.0,Overcast,2018-04-11,15:25:00,15.0,2,1,1.0,Clear or Partly Cloudy
197084,285538,286398,E793047,Matched,Block,,N 34TH ST BETWEEN WOODLAND PARK AVE N AND STONE WAY N,,,2,Injury Collision,Cycles,2,0,1,1,1,0,0,2018-04-28T00:00:00.000Z,4/28/2018 12:48:00 PM,Driveway Junction,18,"MOTOR VEHICLE STRUCK PEDALCYCLIST, FRONT END AT ANGLE",Y,N,Overcast,Wet,Daylight,,,Y,6.0,Pedalcyclist Strikes Moving Vehicle,8850,0,N,POINT (1268229.432751462 240254.514986068),16565.0,7.236095260111585e-09,Overcast,2018-04-28,12:48:00,12.0,5,0,0.0,Clear or Partly Cloudy
197121,286124,286984,3753962,Matched,Intersection,25804.0,UNIVERSITY WAY NE AND NE 47TH ST,,,2,Injury Collision,Cycles,2,0,1,1,1,0,0,2018-05-09T00:00:00.000Z,5/9/2018 9:07:00 PM,At Intersection (intersection related),18,"MOTOR VEHICLE STRUCK PEDALCYCLIST, FRONT END AT ANGLE",,N,Clear or Partly Cloudy,Dry,Dusk,Y,,,5.0,Vehicle Strikes Pedalcyclist,0,0,N,POINT (1275799.556919217 245381.1224793196),999.0,0.0,Clear or Partly Cloudy,2018-05-09,21:07:00,21.0,2,1,0.0,Clear or Partly Cloudy
197244,286717,287577,3742389,Matched,Block,,ALKI AVE SW BETWEEN SW HAMPSHIRE ST AND SW ILLINOIS ST,,,2,Injury Collision,Cycles,2,1,1,0,1,0,0,2018-05-12T00:00:00.000Z,5/12/2018 10:12:00 AM,Mid-Block (not related to intersection),64,PEDALCYCLIST STRUCK PEDESTRIAN,,N,Clear or Partly Cloudy,Dry,Daylight,Y,,,7.0,Pedalcyclist Strikes Pedalcyclist or Pedestrian,0,0,N,POINT (1254607.176289514 218098.2482113838),11038.0,1.9168791654107425e-05,Clear or Partly Cloudy,2018-05-12,10:12:00,10.0,5,0,0.0,Clear or Partly Cloudy
197288,287359,288239,E797398,Matched,Block,,15TH AVE BETWEEN E SPRING ST AND E UNION ST,,,2,Injury Collision,Cycles,3,0,1,1,1,0,0,2018-05-08T00:00:00.000Z,5/8/2018 3:50:00 PM,Mid-Block (not related to intersection),18,"MOTOR VEHICLE STRUCK PEDALCYCLIST, FRONT END AT ANGLE",,N,Clear or Partly Cloudy,Dry,Daylight,,,,5.0,Vehicle Strikes Pedalcyclist,0,0,N,POINT (1275518.825142935 226830.3269403279),5090.0,1.1843291925095766e-05,Clear or Partly Cloudy,2018-05-08,15:50:00,15.0,1,1,1.0,Clear or Partly Cloudy
197363,281817,282677,3754225,Matched,Intersection,30359.0,WESTERN AVE AND YESLER WAY,,,2,Injury Collision,Cycles,2,0,1,1,1,0,0,2018-04-10T00:00:00.000Z,4/10/2018 9:08:00 AM,At Intersection (intersection related),18,"MOTOR VEHICLE STRUCK PEDALCYCLIST, FRONT END AT ANGLE",,N,Raining,Wet,Daylight,,,,5.0,Vehicle Strikes Pedalcyclist,0,0,N,POINT (1269832.176177099 223107.0667765141),6797.0,0.0,Raining,2018-04-10,09:08:00,9.0,1,1,1.0,Raining
197371,286798,287678,E795977,Matched,Intersection,25408.0,8TH AVE NW AND NW 58TH ST,,,2,Injury Collision,Cycles,2,0,1,1,1,0,0,2018-05-08T00:00:00.000Z,5/8/2018 7:21:00 AM,At Intersection (intersection related),18,"MOTOR VEHICLE STRUCK PEDALCYCLIST, FRONT END AT ANGLE",Y,N,Clear or Partly Cloudy,Dry,Daylight,,,,6.0,Pedalcyclist Strikes Moving Vehicle,0,0,N,POINT (1262780.853545889 248481.0054904968),1583.0,0.0,Clear or Partly Cloudy,2018-05-08,07:21:00,7.0,1,1,1.0,Clear or Partly Cloudy
197401,285565,286425,3812038,Matched,Intersection,29698.0,WALL ST AND WESTERN AVE,,,2,Injury Collision,Cycles,2,0,1,1,1,0,0,2018-05-01T00:00:00.000Z,5/1/2018 5:28:00 AM,At Intersection (intersection related),18,"MOTOR VEHICLE STRUCK PEDALCYCLIST, FRONT END AT ANGLE",,N,Clear or Partly Cloudy,Dry,Daylight,,,,5.0,Vehicle Strikes Pedalcyclist,0,523794,N,POINT (1266453.412909642 227664.0828451812),1011.0,0.0,Clear or Partly Cloudy,2018-05-01,05:28:00,5.0,1,1,0.0,Clear or Partly Cloudy
197429,288623,289483,E798624,Matched,Intersection,26925.0,FREMONT AVE N AND N 45TH ST,,,2,Injury Collision,Cycles,2,0,1,1,1,0,0,2018-05-15T00:00:00.000Z,5/15/2018 6:06:00 PM,At Intersection (intersection related),18,"MOTOR VEHICLE STRUCK PEDALCYCLIST, FRONT END AT ANGLE",,N,Clear or Partly Cloudy,Dry,Daylight,,,,5.0,Vehicle Strikes Pedalcyclist,0,0,N,POINT (1266687.00190188 244939.2966868728),7050.0,0.0,Clear or Partly Cloudy,2018-05-15,18:06:00,18.0,1,1,1.0,Clear or Partly Cloudy
197532,284977,285857,E790863,Matched,Intersection,26911.0,STONE WAY N AND N NORTHLAKE WAY,,,2,Injury Collision,Cycles,2,0,1,1,1,0,0,2018-04-20T00:00:00.000Z,4/20/2018 4:55:00 PM,At Intersection (intersection related),18,"MOTOR VEHICLE STRUCK PEDALCYCLIST, FRONT END AT ANGLE",,N,Overcast,Dry,Daylight,,,,5.0,Vehicle Strikes Pedalcyclist,0,0,N,POINT (1268377.505327612 240079.1889058948),15602.0,0.0,Overcast,2018-04-20,16:55:00,16.0,4,1,1.0,Clear or Partly Cloudy
197552,289104,289964,E801056,Matched,Intersection,29859.0,BELMONT AVE AND E PINE ST,,,2,Injury Collision,Cycles,5,0,1,1,1,0,0,2018-05-11T00:00:00.000Z,5/11/2018 6:54:00 PM,At Intersection (intersection related),18,"MOTOR VEHICLE STRUCK PEDALCYCLIST, FRONT END AT ANGLE",,N,Clear or Partly Cloudy,Dry,Daylight,Y,,,6.0,Pedalcyclist Strikes Moving Vehicle,0,0,N,POINT (1272659.811123997 227978.3315495104),6178.0,0.0,Clear or Partly Cloudy,2018-05-11,18:54:00,18.0,4,1,1.0,Clear or Partly Cloudy
197555,287499,288379,3613274,Matched,Block,,SAND POINT WAY NE BETWEEN NOAA DR AND BURKE GILMAN SAND POINT TRL,,,2b,Serious Injury Collision,Cycles,2,0,1,1,1,1,0,2018-05-17T00:00:00.000Z,5/17/2018 7:22:00 AM,Mid-Block (not related to intersection),51,PEDALCYCLIST STRUCK MOTOR VEHICLE FRONT END AT ANGLE,,N,Overcast,Dry,Daylight,,,,6.0,Pedalcyclist Strikes Moving Vehicle,0,0,N,POINT (1287757.189955458 253795.4037039429),19920.0,0.0,Overcast,2018-05-17,07:22:00,7.0,3,1,1.0,Clear or Partly Cloudy
197581,288020,288880,3754357,Matched,Block,,GREENWOOD AVE N BETWEEN N 90TH ST AND N 92ND ST,,,2,Injury Collision,Cycles,2,0,1,1,1,0,0,2018-05-21T00:00:00.000Z,5/21/2018 5:29:00 PM,Mid-Block (but intersection related),51,PEDALCYCLIST STRUCK MOTOR VEHICLE FRONT END AT ANGLE,,N,Clear or Partly Cloudy,Dry,Daylight,,,,5.0,Vehicle Strikes Pedalcyclist,4686,0,N,POINT (1265622.201900795 257265.4976594895),8812.0,7.54523032121273e-09,Clear or Partly Cloudy,2018-05-21,17:29:00,17.0,0,1,1.0,Clear or Partly Cloudy
197634,282571,283431,E789393,Matched,Intersection,29617.0,SPRING ST AND WESTERN AVE,,,2,Injury Collision,Cycles,3,0,1,1,1,0,0,2018-04-11T00:00:00.000Z,4/11/2018 3:33:00 PM,At Intersection (intersection related),18,"MOTOR VEHICLE STRUCK PEDALCYCLIST, FRONT END AT ANGLE",,N,Overcast,Wet,Daylight,,,,6.0,Pedalcyclist Strikes Moving Vehicle,0,0,N,POINT (1269250.42360051 224293.6400897354),6761.0,0.0,Overcast,2018-04-11,15:33:00,15.0,2,1,1.0,Clear or Partly Cloudy
197674,286917,287797,3754506,Matched,Intersection,37292.0,COLLEGE WAY N AND N 100TH ST,,,2,Injury Collision,Cycles,2,0,1,1,1,0,0,2018-05-05T00:00:00.000Z,5/5/2018 9:48:00 AM,At Intersection (intersection related),51,PEDALCYCLIST STRUCK MOTOR VEHICLE FRONT END AT ANGLE,,N,Clear or Partly Cloudy,Dry,Daylight,,,,5.0,Vehicle Strikes Pedalcyclist,8108,0,N,POINT (1270650.132529944 259461.2568937391),3440.0,0.0,Clear or Partly Cloudy,2018-05-05,09:48:00,9.0,5,0,1.0,Clear or Partly Cloudy
197690,286360,287220,E795437,Matched,Intersection,27299.0,MONTLAKE BLVD NE AND NE PACIFIC ST,,,2,Injury Collision,Cycles,2,0,1,1,1,0,0,2018-04-22T00:00:00.000Z,4/22/2018 2:31:00 PM,At Intersection (intersection related),18,"MOTOR VEHICLE STRUCK PEDALCYCLIST, FRONT END AT ANGLE",,N,Clear or Partly Cloudy,Dry,Daylight,,,,5.0,Vehicle Strikes Pedalcyclist,0,0,N,POINT (1277798.016569257 240200.7080100179),12233.0,0.0,Clear or Partly Cloudy,2018-04-22,14:31:00,14.0,6,0,0.0,Clear or Partly Cloudy
197753,281292,282172,3754217,Matched,Block,,DENNY WAY BETWEEN 7TH NB AVE N AND DEXTER AVE,,,1,Property Damage Only Collision,Cycles,2,0,1,1,0,0,0,2018-03-19T00:00:00.000Z,3/19/2018 10:43:00 AM,Mid-Block (not related to intersection),18,"MOTOR VEHICLE STRUCK PEDALCYCLIST, FRONT END AT ANGLE",,N,Clear or Partly Cloudy,Dry,Daylight,,,,5.0,Vehicle Strikes Pedalcyclist,0,0,N,POINT (1268108.431535333 229281.3890868425),16844.0,8.790341737579294e-07,Clear or Partly Cloudy,2018-03-19,10:43:00,10.0,0,1,0.0,Clear or Partly Cloudy
197756,281867,282727,3782622,Matched,Block,,SW ADMIRAL WAY BETWEEN 60TH AVE SW AND 61ST AVE SW,,,2,Injury Collision,Cycles,2,0,1,1,1,0,0,2018-04-11T00:00:00.000Z,4/11/2018 9:13:00 AM,Driveway Junction,18,"MOTOR VEHICLE STRUCK PEDALCYCLIST, FRONT END AT ANGLE",,N,Overcast,Dry,Daylight,,,,6.0,Pedalcyclist Strikes Moving Vehicle,0,0,N,POINT (1251253.636126086 214056.8226712495),22117.0,3.1405660024784245e-05,Overcast,2018-04-11,09:13:00,9.0,2,1,1.0,Clear or Partly Cloudy
197804,283417,284297,E790078,Matched,Block,,MALDEN AVE E BETWEEN E HARRISON ST AND E REPUBLICAN ST,,,1,Property Damage Only Collision,Cycles,5,0,1,1,0,0,0,2018-04-02T00:00:00.000Z,4/2/2018 8:55:00 PM,Mid-Block (not related to intersection),18,"MOTOR VEHICLE STRUCK PEDALCYCLIST, FRONT END AT ANGLE",,N,Clear or Partly Cloudy,Dry,Dark - Street Lights On,,,,5.0,Vehicle Strikes Pedalcyclist,0,0,N,POINT (1275382.309942782 230589.1910721809),17972.0,2.8222179804523292e-05,Clear or Partly Cloudy,2018-04-02,20:55:00,20.0,0,1,0.0,Clear or Partly Cloudy
197812,288701,289561,E799185,Matched,Intersection,29134.0,MINOR AVE N AND REPUBLICAN ST,,,2,Injury Collision,Cycles,2,0,1,1,1,0,0,2018-05-14T00:00:00.000Z,5/14/2018 3:34:00 PM,At Intersection (intersection related),11,"MOTOR VEHICLE STRUCK MOTOR VEHICLE, FRONT END AT ANGLE",Y,N,Clear or Partly Cloudy,Dry,Daylight,,,,5.0,Vehicle Strikes Pedalcyclist,0,0,N,POINT (1270613.107249901 230897.0141764879),860.0,0.0,Clear or Partly Cloudy,2018-05-14,15:34:00,15.0,0,1,1.0,Clear or Partly Cloudy
197829,286939,287819,3811960,Matched,Block,,S DEARBORN ST BETWEEN 7TH AVE S AND 8TH AVE S,,,2,Injury Collision,Cycles,2,0,1,1,1,0,0,2018-05-08T00:00:00.000Z,5/8/2018 7:18:00 AM,Driveway Junction,51,PEDALCYCLIST STRUCK MOTOR VEHICLE FRONT END AT ANGLE,,N,Clear or Partly Cloudy,Dry,Daylight,,,,5.0,Vehicle Strikes Pedalcyclist,5843,0,N,POINT (1272858.619828209 220899.3477982581),13978.0,1.948371687125159e-05,Clear or Partly Cloudy,2018-05-08,07:18:00,7.0,1,1,1.0,Clear or Partly Cloudy
197835,288050,288910,E798601,Matched,Intersection,25163.0,20TH AVE NW AND LEARY AVE NW,,,2,Injury Collision,Cycles,2,0,1,1,1,0,0,2018-05-03T00:00:00.000Z,5/3/2018 8:00:00 AM,At Intersection (intersection related),18,"MOTOR VEHICLE STRUCK PEDALCYCLIST, FRONT END AT ANGLE",,N,Clear or Partly Cloudy,Dry,Daylight,,,,6.0,Pedalcyclist Strikes Moving Vehicle,0,0,N,POINT (1258818.769445822 247022.7168489993),5242.0,0.0,Clear or Partly Cloudy,2018-05-03,08:00:00,8.0,3,1,1.0,Clear or Partly Cloudy
197884,289286,290146,3702543,Matched,Intersection,30410.0,12TH AVE AND E YESLER WAY,,,2,Injury Collision,Cycles,2,0,1,1,1,0,0,2018-05-25T00:00:00.000Z,5/25/2018 7:10:00 PM,At Intersection (intersection related),51,PEDALCYCLIST STRUCK MOTOR VEHICLE FRONT END AT ANGLE,,N,Clear or Partly Cloudy,Dry,Dusk,,,,6.0,Pedalcyclist Strikes Moving Vehicle,42680,0,N,POINT (1274461.188917845 223006.7211764157),8412.0,0.0,Clear or Partly Cloudy,2018-05-25,19:10:00,19.0,4,1,1.0,Clear or Partly Cloudy
197896,282660,283520,E777521,Matched,Block,,1ST AVE S BETWEEN S HUDSON ST AND S DAWSON ST,,,1,Property Damage Only Collision,,2,0,1,1,0,0,0,2018-01-04T00:00:00.000Z,1/4/2018 4:13:00 PM,Mid-Block (not related to intersection),11,"MOTOR VEHICLE STRUCK MOTOR VEHICLE, FRONT END AT ANGLE",,N,Overcast,Wet,Dusk,,,,,,0,0,N,POINT (1269840.128881112 206622.5468236357),4975.0,8.682776596522296e-06,Overcast,2018-01-04,16:13:00,16.0,3,1,1.0,Clear or Partly Cloudy
197951,285617,286477,3289394,Matched,Block,,4TH AVE BETWEEN LENORA ST AND BLANCHARD ST,,,1,Property Damage Only Collision,Cycles,2,0,1,1,0,0,0,2018-05-01T00:00:00.000Z,5/1/2018 6:57:00 PM,Mid-Block (not related to intersection),18,"MOTOR VEHICLE STRUCK PEDALCYCLIST, FRONT END AT ANGLE",,N,Clear or Partly Cloudy,Dry,Daylight,Y,,,5.0,Vehicle Strikes Pedalcyclist,0,0,N,POINT (1268334.815471575 227694.1134372205),2956.0,1.6949357724880093e-05,Clear or Partly Cloudy,2018-05-01,18:57:00,18.0,1,1,1.0,Clear or Partly Cloudy
197983,289897,290757,E802849,Matched,Block,,2ND AVE BETWEEN UNIVERSITY ST AND UNION ST,,,2,Injury Collision,Cycles,2,0,1,1,1,0,0,2018-05-29T00:00:00.000Z,5/29/2018 8:50:00 AM,Driveway Junction,18,"MOTOR VEHICLE STRUCK PEDALCYCLIST, FRONT END AT ANGLE",Y,N,Clear or Partly Cloudy,Dry,Daylight,,,,6.0,Pedalcyclist Strikes Moving Vehicle,0,0,N,POINT (1269384.209328651 225331.5899147987),16946.0,0.0,Clear or Partly Cloudy,2018-05-29,08:50:00,8.0,1,1,1.0,Clear or Partly Cloudy
197984,288706,289566,E799241,Matched,Block,,LAKE WASHINGTON BLVD S BETWEEN S FRINK PL AND S DEARBORN ST,,,2,Injury Collision,Cycles,2,0,1,1,1,0,0,2018-05-12T00:00:00.000Z,5/12/2018 12:04:00 PM,Mid-Block (not related to intersection),18,"MOTOR VEHICLE STRUCK PEDALCYCLIST, FRONT END AT ANGLE",Y,N,Clear or Partly Cloudy,Dry,Daylight,,,,6.0,Pedalcyclist Strikes Moving Vehicle,0,0,N,POINT (1281005.931836545 221576.1223269552),17951.0,2.260769606324659e-05,Clear or Partly Cloudy,2018-05-12,12:04:00,12.0,5,0,0.0,Clear or Partly Cloudy
197990,289320,290180,3705741,Matched,Intersection,27145.0,15TH AVE NE AND NE CAMPUS WB PY,,,2,Injury Collision,Cycles,2,0,1,1,1,0,0,2018-05-26T00:00:00.000Z,5/26/2018 11:26:00 PM,At Intersection (intersection related),18,"MOTOR VEHICLE STRUCK PEDALCYCLIST, FRONT END AT ANGLE",,N,Clear or Partly Cloudy,Dry,Dark - Street Lights On,,,,5.0,Vehicle Strikes Pedalcyclist,0,0,N,POINT (1275991.585847408 242865.1393727511),8428.0,0.0,Clear or Partly Cloudy,2018-05-26,23:26:00,23.0,5,0,0.0,Clear or Partly Cloudy
196012,269204,270004,E764987,Matched,Intersection,504366.0,3RD AVE NE AND NE 103RD ST,,,2,Injury Collision,Cycles,2,0,1,1,1,0,0,2018-01-23T00:00:00.000Z,1/23/2018 2:40:00 PM,At Intersection (intersection related),11,"MOTOR VEHICLE STRUCK MOTOR VEHICLE, FRONT END AT ANGLE",,N,Clear or Partly Cloudy,Wet,Daylight,Y,,,5.0,Vehicle Strikes Pedalcyclist,0,0,N,POINT (1272944.378932297 260054.6055023521),7147.0,0.0,Clear or Partly Cloudy,2018-01-23,14:40:00,14.0,1,1,0.0,Clear or Partly Cloudy
196041,272503,273343,3583921,Matched,Intersection,29134.0,MINOR AVE N AND REPUBLICAN ST,,,2,Injury Collision,Cycles,2,0,1,1,1,0,0,2018-02-24T00:00:00.000Z,2/24/2018 4:47:00 PM,At Intersection (intersection related),21,"MOTOR VEHICLE STRUCK PEDALCYCLIST, REAR END",,N,Clear or Partly Cloudy,Dry,Daylight,,,,5.0,Vehicle Strikes Pedalcyclist,0,0,N,POINT (1270613.107249901 230897.0141764879),860.0,0.0,Clear or Partly Cloudy,2018-02-24,16:47:00,16.0,5,0,1.0,Clear or Partly Cloudy
196068,277256,278156,3818407,Matched,Block,,ELLIS AVE S BETWEEN S WILLOW ST AND S MYRTLE ST,,,2,Injury Collision,Cycles,2,0,1,1,1,0,0,2018-03-11T00:00:00.000Z,3/11/2018 7:27:00 AM,Driveway Junction,51,PEDALCYCLIST STRUCK MOTOR VEHICLE FRONT END AT ANGLE,,N,Clear or Partly Cloudy,Dry,Dark - Street Lights On,,,,45.0,Vehicle - Pedalcyclist,1189,0,N,POINT (1273197.818036556 200584.8017934561),6325.0,0.0,Clear or Partly Cloudy,2018-03-11,07:27:00,7.0,6,0,1.0,Clear or Partly Cloudy
196107,267923,268703,3811927,Matched,Intersection,29601.0,3RD AVE AND UNIVERSITY ST,,,1,Property Damage Only Collision,,3,0,1,1,0,0,0,2018-01-27T00:00:00.000Z,1/27/2018 3:20:00 PM,At Intersection (intersection related),51,PEDALCYCLIST STRUCK MOTOR VEHICLE FRONT END AT ANGLE,,N,Overcast,Dry,Daylight,,,,,,0,0,N,POINT (1269770.026033044 225312.2180107683),2713.0,0.0,Overcast,2018-01-27,15:20:00,15.0,5,0,1.0,Clear or Partly Cloudy
196262,267997,268777,E762758,Matched,Intersection,25545.0,STONE WAY N AND N 49TH ST,,,2,Injury Collision,Cycles,2,0,1,1,1,0,0,2018-01-22T00:00:00.000Z,1/22/2018 10:52:00 AM,At Intersection (intersection related),18,"MOTOR VEHICLE STRUCK PEDALCYCLIST, FRONT END AT ANGLE",Y,N,Clear or Partly Cloudy,Dry,Daylight,,,,5.0,Vehicle Strikes Pedalcyclist,0,0,N,POINT (1269011.817264259 245949.9749599099),1263.0,0.0,Clear or Partly Cloudy,2018-01-22,10:52:00,10.0,0,1,0.0,Clear or Partly Cloudy
196394,277280,278180,3577049,Matched,Intersection,26711.0,11TH AVE NW AND NW 45TH ST,,,2,Injury Collision,Cycles,2,0,1,1,1,0,0,2018-03-14T00:00:00.000Z,3/14/2018 7:21:00 PM,At Intersection (intersection related),18,"MOTOR VEHICLE STRUCK PEDALCYCLIST, FRONT END AT ANGLE",,N,Clear or Partly Cloudy,Dry,Dark - Street Lights On,,,,5.0,Vehicle Strikes Pedalcyclist,0,0,N,POINT (1261580.185640648 245068.0060629994),31.0,0.0,Clear or Partly Cloudy,2018-03-14,19:21:00,19.0,2,1,1.0,Clear or Partly Cloudy
196429,286586,287446,E795447,Matched,Block,,RAVENNA PL NE BETWEEN NE BLAKELEY ST AND 24TH AVE NE,,,2,Injury Collision,Cycles,3,0,2,1,2,0,0,2018-05-05T00:00:00.000Z,5/5/2018 12:16:00 PM,Mid-Block (not related to intersection),51,PEDALCYCLIST STRUCK MOTOR VEHICLE FRONT END AT ANGLE,,N,Clear or Partly Cloudy,Dry,Daylight,,,,8.0,Pedalcyclist All Other Involvements ONE UNIT - PEDALCYCLIST ONLY or PEDALCYCLIST STR,0,0,N,POINT (1278656.290682137 246625.0737126023),6626.0,1.248815562258188e-05,Clear or Partly Cloudy,2018-05-05,12:16:00,12.0,5,0,0.0,Clear or Partly Cloudy
196432,284719,285599,E791902,Matched,Intersection,28788.0,DEXTER AVE N AND THOMAS ST,,,2,Injury Collision,Angles,2,0,1,1,1,0,0,2018-04-13T00:00:00.000Z,4/13/2018 5:15:00 PM,At Intersection (intersection related),51,PEDALCYCLIST STRUCK MOTOR VEHICLE FRONT END AT ANGLE,,N,Clear or Partly Cloudy,Wet,Daylight,,,,10.0,Entering at angle,0,0,N,POINT (1268283.993903518 230129.8392637074),3489.0,0.0,Clear or Partly Cloudy,2018-04-13,17:15:00,17.0,4,1,1.0,Clear or Partly Cloudy
196438,286583,287443,E795440,Matched,Block,,ROOSEVELT WAY NE BETWEEN NE 43RD N ST AND NE 45TH ST,,,2,Injury Collision,Cycles,2,0,1,1,1,0,0,2018-04-26T00:00:00.000Z,4/26/2018 11:30:00 AM,Driveway Junction,18,"MOTOR VEHICLE STRUCK PEDALCYCLIST, FRONT END AT ANGLE",,N,Clear or Partly Cloudy,Dry,Daylight,,,,5.0,Vehicle Strikes Pedalcyclist,0,0,N,POINT (1274643.41477403 244486.5489104092),22683.0,1.6744602144952038e-05,Clear or Partly Cloudy,2018-04-26,11:30:00,11.0,3,1,0.0,Clear or Partly Cloudy
196487,288357,289217,E798617,Matched,Block,,2ND AVE NW BETWEEN NW 107TH ST AND NW 110TH ST,,,2,Injury Collision,Cycles,2,0,1,1,1,0,0,2018-05-12T00:00:00.000Z,5/12/2018 10:28:00 AM,Driveway Junction,18,"MOTOR VEHICLE STRUCK PEDALCYCLIST, FRONT END AT ANGLE",,N,Clear or Partly Cloudy,Dry,Daylight,,,,5.0,Vehicle Strikes Pedalcyclist,0,0,N,POINT (1264699.247403845 261919.924032256),14595.0,7.365254316172878e-09,Clear or Partly Cloudy,2018-05-12,10:28:00,10.0,5,0,0.0,Clear or Partly Cloudy
196493,288320,289180,E798588,Matched,Block,,STONE WAY N BETWEEN N 36TH ST AND N 38TH ST,,,2,Injury Collision,Cycles,2,0,1,1,1,0,0,2018-05-03T00:00:00.000Z,5/3/2018 6:10:00 PM,Mid-Block (not related to intersection),18,"MOTOR VEHICLE STRUCK PEDALCYCLIST, FRONT END AT ANGLE",Y,N,Clear or Partly Cloudy,Dry,Daylight,,,,5.0,Vehicle Strikes Pedalcyclist,0,0,N,POINT (1268443.36548768 241338.2046511918),21604.0,1.4776690813661218e-05,Clear or Partly Cloudy,2018-05-03,18:10:00,18.0,3,1,1.0,Clear or Partly Cloudy
196502,281554,282414,E785086,Matched,Intersection,30428.0,BOREN AVE S AND RAINIER AVE S,,,2,Injury Collision,Cycles,3,0,2,1,1,0,0,2018-04-02T00:00:00.000Z,4/2/2018 11:31:00 AM,At Intersection (intersection related),51,PEDALCYCLIST STRUCK MOTOR VEHICLE FRONT END AT ANGLE,,N,Clear or Partly Cloudy,Dry,Daylight,,,,5.0,Vehicle Strikes Pedalcyclist,0,0,N,POINT (1275096.091702491 222088.5095914751),1804.0,0.0,Clear or Partly Cloudy,2018-04-02,11:31:00,11.0,0,1,0.0,Clear or Partly Cloudy
196542,281557,282417,E785124,Matched,Intersection,27929.0,10TH AVE W AND W MCGRAW ST,,,2,Injury Collision,Cycles,2,0,1,1,1,0,0,2018-03-13T00:00:00.000Z,3/13/2018 7:34:00 PM,At Intersection (intersection related),51,PEDALCYCLIST STRUCK MOTOR VEHICLE FRONT END AT ANGLE,Y,N,Raining,Wet,Dark - Street Lights On,,,,45.0,Vehicle - Pedalcyclist,0,0,N,POINT (1261535.844904616 237088.8329348266),2129.0,0.0,Raining,2018-03-13,19:34:00,19.0,1,1,1.0,Raining
196556,285315,286175,3812080,Matched,Intersection,29912.0,6TH AVE AND UNION ST,,,2,Injury Collision,Cycles,3,0,1,1,1,0,0,2018-04-25T00:00:00.000Z,4/25/2018 12:01:00 PM,At Intersection (intersection related),51,PEDALCYCLIST STRUCK MOTOR VEHICLE FRONT END AT ANGLE,,N,Clear or Partly Cloudy,Dry,Daylight,,,,5.0,Vehicle Strikes Pedalcyclist,0,0,N,POINT (1270383.780913666 226170.9782036543),3199.0,0.0,Clear or Partly Cloudy,2018-04-25,12:01:00,12.0,2,1,0.0,Clear or Partly Cloudy
196564,285312,286172,3742331,Matched,Intersection,31919.0,40TH AVE SW AND SW ALASKA ST,,,2,Injury Collision,Cycles,2,0,1,1,1,0,0,2018-04-25T00:00:00.000Z,4/25/2018 7:07:00 AM,At Intersection (intersection related),18,"MOTOR VEHICLE STRUCK PEDALCYCLIST, FRONT END AT ANGLE",,N,Clear or Partly Cloudy,Dry,Dawn,Y,,,5.0,Vehicle Strikes Pedalcyclist,28404,0,N,POINT (1257874.684708863 208508.4066655636),416.0,0.0,Clear or Partly Cloudy,2018-04-25,07:07:00,7.0,2,1,1.0,Clear or Partly Cloudy
196571,285310,286170,3812058,Matched,Block,,STEWART ST BETWEEN TERRY AVE AND BOREN AVE,,,2,Injury Collision,Cycles,2,0,1,1,1,0,0,2018-05-01T00:00:00.000Z,5/1/2018 2:18:00 PM,Driveway Junction,51,PEDALCYCLIST STRUCK MOTOR VEHICLE FRONT END AT ANGLE,Y,N,Overcast,Dry,Daylight,,,,6.0,Pedalcyclist Strikes Moving Vehicle,0,0,N,POINT (1270530.444337815 228526.0448300689),13801.0,0.0,Overcast,2018-05-01,14:18:00,14.0,1,1,0.0,Clear or Partly Cloudy
196616,288398,289258,3751052,Matched,Intersection,24815.0,52ND AVE NE AND NE 75TH ST,,,2,Injury Collision,Cycles,4,0,1,1,1,0,0,2018-05-15T00:00:00.000Z,5/15/2018 8:08:00 AM,At Intersection (intersection related),18,"MOTOR VEHICLE STRUCK PEDALCYCLIST, FRONT END AT ANGLE",,N,Overcast,Dry,Daylight,Y,,,6.0,Pedalcyclist Strikes Moving Vehicle,0,0,N,POINT (1286135.530817807 252458.4347425699),9698.0,0.0,Overcast,2018-05-15,08:08:00,8.0,1,1,1.0,Clear or Partly Cloudy