OBJECTID,INCKEY,COLDETKEY,REPORTNO,STATUS,ADDRTYPE,INTKEY,LOCATION,EXCEPTRSNC,EXCEPTRSND,SEVERITYCO,SEVERITYDE,COLLISIONT,PERSONCOUN,PEDCOUNT,PEDCYLCOUN,VEHCOUNT,INJURIES,SERIOUSINJ,FATALITIES,INCDATE,INCDTTM,JUNCTIONTY,SDOT_COLCO,SDOT_COLDE,INATTENTIO,UNDERINFL,WEATHER,ROADCOND,LIGHTCOND,PEDROWNOTG,SDOTCOLNUM,SPEEDING,ST_COLCODE,ST_COLDESC,SEGLANEKEY,CROSSWALKK,HITPARKEDC,geometry,near_str_index,min_length,weather_group,date,time,hour,dayofweek,weekday,rushhour,weather_group2
196711,288406,289266,3702534,Matched,Intersection,29739.0,11TH AVE AND E PINE ST,,,2,Injury Collision,Cycles,2,0,1,1,1,0,0,2018-05-17T00:00:00.000Z,5/17/2018 8:54:00 PM,At Intersection (intersection related),18,"MOTOR VEHICLE STRUCK PEDALCYCLIST, FRONT END AT ANGLE",,N,Clear or Partly Cloudy,Dry,Dusk,,,,5.0,Vehicle Strikes Pedalcyclist,10420,0,N,POINT (1274216.837429598 227958.9433894902),28.0,0.0,Clear or Partly Cloudy,2018-05-17,20:54:00,20.0,3,1,0.0,Clear or Partly Cloudy
196725,286619,287479,E795613,Matched,Intersection,28187.0,HARVARD AVE E AND E SHELBY ST,,,2,Injury Collision,Cycles,2,0,1,1,1,0,0,2018-04-23T00:00:00.000Z,4/23/2018 6:59:00 AM,At Intersection (intersection related),21,"MOTOR VEHICLE STRUCK PEDALCYCLIST, REAR END",Y,N,Clear or Partly Cloudy,Dry,Daylight,,,,5.0,Vehicle Strikes Pedalcyclist,0,0,N,POINT (1273467.817012832 239526.792873323),3578.0,0.0,Clear or Partly Cloudy,2018-04-23,06:59:00,6.0,0,1,0.0,Clear or Partly Cloudy
196746,288411,289271,3702539,Matched,Intersection,30173.0,23RD AVE AND E CHERRY ST,,,2,Injury Collision,Cycles,2,0,1,1,1,0,0,2018-05-21T00:00:00.000Z,5/21/2018 6:06:00 PM,At Intersection (intersection related),51,PEDALCYCLIST STRUCK MOTOR VEHICLE FRONT END AT ANGLE,,N,Clear or Partly Cloudy,Dry,Daylight,,,,5.0,Vehicle Strikes Pedalcyclist,0,0,N,POINT (1277961.390393436 225243.6924427003),6816.0,0.0,Clear or Partly Cloudy,2018-05-21,18:06:00,18.0,0,1,1.0,Clear or Partly Cloudy
196794,279817,280717,E783821,Matched,Block,,N NORTHLAKE WAY BETWEEN MERIDIAN AVE N AND CORLISS AVE N,,,1,Property Damage Only Collision,Cycles,2,0,1,1,0,0,0,2018-03-27T00:00:00.000Z,3/27/2018 5:00:00 PM,Mid-Block (not related to intersection),18,"MOTOR VEHICLE STRUCK PEDALCYCLIST, FRONT END AT ANGLE",,N,Overcast,Wet,Daylight,,,,5.0,Vehicle Strikes Pedalcyclist,0,0,N,POINT (1270916.775282219 240077.715625897),22585.0,3.591360688882168e-05,Overcast,2018-03-27,17:00:00,17.0,1,1,1.0,Clear or Partly Cloudy
196795,288948,289808,E800607,Matched,Block,,PINE ST BETWEEN 3RD AVE AND 4TH AVE,,,2,Injury Collision,Cycles,2,0,1,1,1,0,0,2018-05-22T00:00:00.000Z,5/22/2018 2:31:00 PM,Mid-Block (not related to intersection),18,"MOTOR VEHICLE STRUCK PEDALCYCLIST, FRONT END AT ANGLE",,N,Clear or Partly Cloudy,Dry,Daylight,,,,6.0,Pedalcyclist Strikes Moving Vehicle,0,0,N,POINT (1269257.508272514 226494.0783639848),6590.0,3.796763925557738e-09,Clear or Partly Cloudy,2018-05-22,14:31:00,14.0,1,1,0.0,Clear or Partly Cloudy
196833,285329,286189,E792860,Matched,Block,,WILSON AVE S BETWEEN S FINDLAY ST AND S ORCAS ST,,,1,Property Damage Only Collision,Cycles,2,0,1,1,0,0,0,2018-04-24T00:00:00.000Z,4/24/2018 5:27:00 PM,Mid-Block (not related to intersection),23,"MOTOR VEHICLE STRUCK PEDALCYCLIST, LEFT SIDE SIDESWIPE",,N,Clear or Partly Cloudy,Dry,Daylight,,,,5.0,Vehicle Strikes Pedalcyclist,0,0,N,POINT (1286577.337922245 204464.0417334288),3835.0,4.528347703274834e-06,Clear or Partly Cloudy,2018-04-24,17:27:00,17.0,1,1,1.0,Clear or Partly Cloudy
196839,286037,286897,E792992,Matched,Intersection,25789.0,ROOSEVELT WAY NE AND NE 50TH ST,,,2,Injury Collision,Cycles,2,1,1,0,1,0,0,2018-04-03T00:00:00.000Z,4/3/2018 7:38:00 AM,At Intersection (intersection related),64,PEDALCYCLIST STRUCK PEDESTRIAN,Y,N,Clear or Partly Cloudy,Dry,Daylight,,,,45.0,Vehicle - Pedalcyclist,0,0,N,POINT (1274752.641334146 246074.6052320302),7253.0,0.0,Clear or Partly Cloudy,2018-04-03,07:38:00,7.0,1,1,1.0,Clear or Partly Cloudy
196987,286664,287524,3605969,Matched,Block,,FAUNTLEROY WAY SW BETWEEN SW THISTLE ST AND FAUNTLEROY PL SW,,,2,Injury Collision,Cycles,3,0,1,1,1,0,0,2018-05-13T00:00:00.000Z,5/13/2018 11:18:00 AM,Mid-Block (not related to intersection),18,"MOTOR VEHICLE STRUCK PEDALCYCLIST, FRONT END AT ANGLE",,N,Clear or Partly Cloudy,Dry,Daylight,,,,6.0,Pedalcyclist Strikes Moving Vehicle,0,0,N,POINT (1255186.260898113 196701.4430694729),13330.0,3.758916450614326e-07,Clear or Partly Cloudy,2018-05-13,11:18:00,11.0,6,0,0.0,Clear or Partly Cloudy
199020,294997,296097,E813171,Matched,Block,,2ND AVE BETWEEN UNION ST AND PIKE ST,,,2,Injury Collision,Cycles,2,0,1,1,1,0,0,2018-06-26T00:00:00.000Z,6/26/2018 7:20:00 AM,Driveway Junction,18,"MOTOR VEHICLE STRUCK PEDALCYCLIST, FRONT END AT ANGLE",,N,Clear or Partly Cloudy,Dry,Daylight,,,,6.0,Pedalcyclist Strikes Moving Vehicle,0,0,N,POINT (1269167.241392419 225698.1291791648),135.0,1.0206619767903732e-08,Clear or Partly Cloudy,2018-06-26,07:20:00,7.0,1,1,1.0,Clear or Partly Cloudy
199033,296079,297199,E814611,Matched,Intersection,24393.0,8TH AVE NE AND NE 80TH ST,,,2,Injury Collision,Cycles,3,0,1,1,1,0,0,2018-07-04T00:00:00.000Z,7/4/2018 12:14:00 PM,At Intersection (intersection related),18,"MOTOR VEHICLE STRUCK PEDALCYCLIST, FRONT END AT ANGLE",,N,Clear or Partly Cloudy,Dry,Daylight,,,,6.0,Pedalcyclist Strikes Moving Vehicle,0,0,N,POINT (1274204.682037577 254046.7398961931),9924.0,0.0,Clear or Partly Cloudy,2018-07-04,12:14:00,12.0,2,1,0.0,Clear or Partly Cloudy
199035,298041,299177,E818161,Matched,Block,,DEXTER AVE N BETWEEN ALOHA ST AND WARD ST,,,2,Injury Collision,Cycles,2,0,1,1,1,0,0,2018-06-29T00:00:00.000Z,6/29/2018 5:42:00 PM,Mid-Block (not related to intersection),18,"MOTOR VEHICLE STRUCK PEDALCYCLIST, FRONT END AT ANGLE",Y,N,Clear or Partly Cloudy,Dry,Daylight,,,,5.0,Vehicle Strikes Pedalcyclist,0,0,N,POINT (1268346.33867158 232567.0792662054),8358.0,1.5963086344222312e-05,Clear or Partly Cloudy,2018-06-29,17:42:00,17.0,4,1,1.0,Clear or Partly Cloudy
199052,298017,299137,E818152,Matched,Intersection,29019.0,BROADWAY E AND E REPUBLICAN ST,,,1,Property Damage Only Collision,Other,2,0,1,1,0,0,0,2018-06-30T00:00:00.000Z,6/30/2018 4:52:00 PM,At Intersection (intersection related),18,"MOTOR VEHICLE STRUCK PEDALCYCLIST, FRONT END AT ANGLE",Y,N,Overcast,Dry,Daylight,,,,52.0,Vehicle overturned,0,0,N,POINT (1273590.55800496 230843.9305284321),651.0,0.0,Overcast,2018-06-30,16:52:00,16.0,5,0,1.0,Clear or Partly Cloudy
199142,291458,292358,3742375,Matched,Intersection,31793.0,61ST AVE SW AND SW HINDS ST,,,2b,Serious Injury Collision,Cycles,2,0,1,1,1,1,0,2018-06-08T00:00:00.000Z,6/8/2018 6:43:00 AM,At Intersection (intersection related),51,PEDALCYCLIST STRUCK MOTOR VEHICLE FRONT END AT ANGLE,,Y,Clear or Partly Cloudy,Dry,Daylight,Y,,,6.0,Pedalcyclist Strikes Moving Vehicle,0,0,N,POINT (1251065.785117894 213405.2274065763),3225.0,0.0,Clear or Partly Cloudy,2018-06-08,06:43:00,6.0,4,1,0.0,Clear or Partly Cloudy
199273,292458,293398,3746662,Matched,Block,,2ND AVE BETWEEN UNIVERSITY ST AND UNION ST,,,1,Property Damage Only Collision,Rear Ended,3,0,1,2,0,0,0,2018-06-13T00:00:00.000Z,6/13/2018 1:00:00 PM,Mid-Block (not related to intersection),14,"MOTOR VEHICLE STRUCK MOTOR VEHICLE, REAR END",Y,N,Raining,Wet,Daylight,,,,14.0,From same direction - both going straight - one stopped - rear-end,0,0,N,POINT (1269384.209328651 225331.5899147987),16946.0,0.0,Raining,2018-06-13,13:00:00,13.0,2,1,0.0,Raining
199276,291479,292379,3702270,Matched,Intersection,29740.0,12TH AVE AND E PINE ST,,,1,Property Damage Only Collision,Cycles,2,0,1,1,0,0,0,2018-06-12T00:00:00.000Z,6/12/2018 1:32:00 PM,At Intersection (intersection related),18,"MOTOR VEHICLE STRUCK PEDALCYCLIST, FRONT END AT ANGLE",Y,N,Clear or Partly Cloudy,Dry,Daylight,Y,,,5.0,Vehicle Strikes Pedalcyclist,0,0,N,POINT (1274538.779701918 227956.2146854848),3935.0,0.0,Clear or Partly Cloudy,2018-06-12,13:32:00,13.0,1,1,0.0,Clear or Partly Cloudy
199281,296239,297359,E814831,Matched,Block,,M L KING JR ER WAY S BETWEEN S MYRTLE ST AND S OTHELLO ST,,,1,Property Damage Only Collision,Cycles,2,0,1,1,0,0,0,2018-06-27T00:00:00.000Z,6/27/2018 1:08:00 PM,Driveway Junction,18,"MOTOR VEHICLE STRUCK PEDALCYCLIST, FRONT END AT ANGLE",Y,N,Overcast,Dry,Daylight,,,,6.0,Pedalcyclist Strikes Moving Vehicle,0,0,N,POINT (1282715.117502302 199601.2161284536),2231.0,9.301419704446468e-09,Overcast,2018-06-27,13:08:00,13.0,2,1,0.0,Clear or Partly Cloudy
199289,298102,299242,3643063,Matched,Intersection,32385.0,6TH AVE S AND S SNOQUALMIE ST,,,1,Property Damage Only Collision,Cycles,2,0,1,1,0,0,0,2018-07-20T00:00:00.000Z,7/20/2018 10:41:00 AM,At Intersection (intersection related),18,"MOTOR VEHICLE STRUCK PEDALCYCLIST, FRONT END AT ANGLE",,N,Clear or Partly Cloudy,Dry,Daylight,,,,5.0,Vehicle Strikes Pedalcyclist,0,0,N,POINT (1271739.785523057 208576.3011936396),3215.0,0.0,Clear or Partly Cloudy,2018-07-20,10:41:00,10.0,4,1,0.0,Clear or Partly Cloudy
199293,298099,299239,3642606,Matched,Block,,18TH AVE BETWEEN E UNION ST AND E PIKE ST,,,2,Injury Collision,Cycles,2,0,1,1,1,0,0,2018-07-22T00:00:00.000Z,7/22/2018 2:00:00 PM,Mid-Block (not related to intersection),21,"MOTOR VEHICLE STRUCK PEDALCYCLIST, REAR END",,N,Other,Unknown,Daylight,,,,5.0,Vehicle Strikes Pedalcyclist,0,0,N,POINT (1276498.433079928 227275.3457567841),5175.0,6.664028860926132e-06,,2018-07-22,14:00:00,14.0,6,0,0.0,
199316,296959,298099,E816715,Matched,Intersection,34555.0,38TH AVE S AND S MYRTLE ST,,,2,Injury Collision,Cycles,2,0,1,1,1,0,0,2018-06-29T00:00:00.000Z,6/29/2018 5:12:00 PM,At Intersection (intersection related),18,"MOTOR VEHICLE STRUCK PEDALCYCLIST, FRONT END AT ANGLE",,Y,Clear or Partly Cloudy,Dry,Daylight,,,,6.0,Pedalcyclist Strikes Moving Vehicle,0,0,N,POINT (1281931.576637492 199948.241280809),4560.0,0.0,Clear or Partly Cloudy,2018-06-29,17:12:00,17.0,4,1,1.0,Clear or Partly Cloudy
199453,294188,295266,E812535,Matched,Intersection,27230.0,2ND AVE NE AND NE 40TH ST,,,2b,Serious Injury Collision,Cycles,2,0,1,1,1,1,0,2018-06-17T00:00:00.000Z,6/17/2018 2:46:00 PM,At Intersection (intersection related),18,"MOTOR VEHICLE STRUCK PEDALCYCLIST, FRONT END AT ANGLE",,N,Clear or Partly Cloudy,Dry,Daylight,,,,6.0,Pedalcyclist Strikes Moving Vehicle,0,0,N,POINT (1272365.715251699 242693.3779645711),138.0,0.0,Clear or Partly Cloudy,2018-06-17,14:46:00,14.0,6,0,0.0,Clear or Partly Cloudy
199457,299934,301134,E821630,Matched,Intersection,30851.0,LAKE PARK DR S AND LAKE WASHINGTON BLVD S,,,2,Injury Collision,Cycles,2,0,1,1,1,0,0,2018-07-18T00:00:00.000Z,7/18/2018 6:37:00 PM,At Intersection (intersection related),18,"MOTOR VEHICLE STRUCK PEDALCYCLIST, FRONT END AT ANGLE",Y,N,Clear or Partly Cloudy,Dry,Daylight,,,,5.0,Vehicle Strikes Pedalcyclist,0,0,N,POINT (1281515.573053062 216035.582865268),15824.0,0.0,Clear or Partly Cloudy,2018-07-18,18:37:00,18.0,2,1,1.0,Clear or Partly Cloudy
199458,298717,299877,E819106,Matched,Block,,STONE WAY N BETWEEN N 36TH ST AND N 38TH ST,,,2,Injury Collision,Cycles,2,0,1,1,1,0,0,2018-07-16T00:00:00.000Z,7/16/2018 7:17:00 AM,Mid-Block (not related to intersection),18,"MOTOR VEHICLE STRUCK PEDALCYCLIST, FRONT END AT ANGLE",,N,Clear or Partly Cloudy,Dry,Daylight,,,,5.0,Vehicle Strikes Pedalcyclist,0,0,N,POINT (1268443.36548768 241338.2046511918),21604.0,1.4776690813661218e-05,Clear or Partly Cloudy,2018-07-16,07:17:00,7.0,0,1,1.0,Clear or Partly Cloudy
199478,298112,299252,3702696,Matched,Intersection,29860.0,SUMMIT AVE AND E PINE ST,,,2,Injury Collision,Cycles,2,0,1,1,1,0,0,2018-07-16T00:00:00.000Z,7/16/2018 7:55:00 AM,At Intersection (intersection related),18,"MOTOR VEHICLE STRUCK PEDALCYCLIST, FRONT END AT ANGLE",,N,Clear or Partly Cloudy,Dry,Daylight,,,,5.0,Vehicle Strikes Pedalcyclist,0,0,N,POINT (1272399.309875742 227981.0989095122),1148.0,0.0,Clear or Partly Cloudy,2018-07-16,07:55:00,7.0,0,1,1.0,Clear or Partly Cloudy
199507,292597,293537,3818851,Matched,Block,,4TH AVE S BETWEEN S WALKER ST AND S STACY ST,,,2,Injury Collision,Cycles,2,0,1,1,1,0,0,2018-06-11T00:00:00.000Z,6/11/2018 10:04:00 PM,Driveway Junction,51,PEDALCYCLIST STRUCK MOTOR VEHICLE FRONT END AT ANGLE,,N,Clear or Partly Cloudy,Dry,Dark - Street Lights On,,,,5.0,Vehicle Strikes Pedalcyclist,0,0,N,POINT (1271301.020466611 216224.8089134693),5734.0,1.9886205954386023e-06,Clear or Partly Cloudy,2018-06-11,22:04:00,22.0,0,1,0.0,Clear or Partly Cloudy
199527,293144,294164,3329446,Matched,Intersection,31507.0,M L KING JR WAY S AND S BAYVIEW S ST,,,2,Injury Collision,Cycles,2,0,1,1,1,0,0,2018-06-22T00:00:00.000Z,6/22/2018 7:00:00 PM,At Intersection (intersection related),18,"MOTOR VEHICLE STRUCK PEDALCYCLIST, FRONT END AT ANGLE",,N,Unknown,Unknown,Unknown,,,,5.0,Vehicle Strikes Pedalcyclist,0,524859,N,POINT (1279201.229114696 215463.757712692),20194.0,0.0,,2018-06-22,19:00:00,19.0,4,1,1.0,
199566,298237,299377,3705911,Matched,Block,,3RD AVE BETWEEN VIRGINIA ST AND LENORA ST,,,2,Injury Collision,Cycles,4,0,1,2,1,0,0,2018-07-20T00:00:00.000Z,7/20/2018 5:20:00 PM,Mid-Block (not related to intersection),14,"MOTOR VEHICLE STRUCK MOTOR VEHICLE, REAR END",,N,Clear or Partly Cloudy,Dry,Daylight,,,,5.0,Vehicle Strikes Pedalcyclist,0,0,N,POINT (1268433.322735667 227169.2336286753),262.0,8.906124309209377e-06,Clear or Partly Cloudy,2018-07-20,17:20:00,17.0,4,1,1.0,Clear or Partly Cloudy
199608,299393,300573,E820183,Matched,Intersection,37385.0,GREENWOOD AVE N AND N 104TH ST,,,2,Injury Collision,Cycles,3,0,1,1,1,0,0,2018-07-20T00:00:00.000Z,7/20/2018 6:11:00 PM,At Intersection (intersection related),18,"MOTOR VEHICLE STRUCK PEDALCYCLIST, FRONT END AT ANGLE",,N,Clear or Partly Cloudy,Dry,Daylight,,,,6.0,Pedalcyclist Strikes Moving Vehicle,0,0,N,POINT (1265665.12951684 260634.5665909499),6393.0,0.0,Clear or Partly Cloudy,2018-07-20,18:11:00,18.0,4,1,1.0,Clear or Partly Cloudy
199677,292610,293606,3818864,Matched,Intersection,31543.0,21ST AVE S AND S HOLGATE ST,,,2,Injury Collision,Cycles,2,0,1,1,1,0,0,2018-06-19T00:00:00.000Z,6/19/2018 3:25:00 PM,At Intersection (intersection related),51,PEDALCYCLIST STRUCK MOTOR VEHICLE FRONT END AT ANGLE,,N,Clear or Partly Cloudy,Dry,Daylight,,,,5.0,Vehicle Strikes Pedalcyclist,0,0,N,POINT (1277128.364344582 217352.0400826186),5271.0,0.0,Clear or Partly Cloudy,2018-06-19,15:25:00,15.0,1,1,1.0,Clear or Partly Cloudy
199695,293149,294169,3745929,Matched,Intersection,33963.0,DELRIDGE WAY SW AND SW ORCHARD ST,,,2,Injury Collision,Cycles,2,0,1,1,1,0,0,2018-06-21T00:00:00.000Z,6/21/2018 1:40:00 PM,At Intersection (intersection related),51,PEDALCYCLIST STRUCK MOTOR VEHICLE FRONT END AT ANGLE,,N,Overcast,Dry,Daylight,,,,6.0,Pedalcyclist Strikes Moving Vehicle,24246,0,N,POINT (1263070.140970185 199975.3299208283),8775.0,0.0,Overcast,2018-06-21,13:40:00,13.0,3,1,0.0,Clear or Partly Cloudy
199704,296480,297600,E817083,Matched,Block,,2ND AVE BETWEEN UNION ST AND PIKE ST,,,2,Injury Collision,Cycles,2,0,1,1,1,0,0,2018-07-05T00:00:00.000Z,7/5/2018 9:15:00 AM,Mid-Block (not related to intersection),18,"MOTOR VEHICLE STRUCK PEDALCYCLIST, FRONT END AT ANGLE",Y,N,Clear or Partly Cloudy,Dry,Daylight,,,,6.0,Pedalcyclist Strikes Moving Vehicle,0,0,N,POINT (1269167.241392419 225698.1291791648),135.0,1.0206619767903732e-08,Clear or Partly Cloudy,2018-07-05,09:15:00,9.0,3,1,1.0,Clear or Partly Cloudy
199733,299728,300928,E820965,Matched,Block,,BURKE GILMAN TRL BETWEEN 11TH AVE NW AND 8TH AVE NW,,,2,Injury Collision,Cycles,2,0,1,1,1,0,0,2018-07-24T00:00:00.000Z,7/24/2018 5:29:00 PM,Mid-Block (but intersection related),18,"MOTOR VEHICLE STRUCK PEDALCYCLIST, FRONT END AT ANGLE",,N,Clear or Partly Cloudy,Dry,Daylight,,,,6.0,Pedalcyclist Strikes Moving Vehicle,0,0,N,POINT (1262276.463593364 244859.1235667914),22979.0,1.7689267698686195e-05,Clear or Partly Cloudy,2018-07-24,17:29:00,17.0,1,1,1.0,Clear or Partly Cloudy
199750,297303,298443,3708521,Matched,Block,,4TH AVE S BETWEEN S HORTON ST AND S HINDS ST,,,2,Injury Collision,Cycles,2,0,1,1,1,0,0,2018-07-16T00:00:00.000Z,7/16/2018 1:36:00 PM,Mid-Block (not related to intersection),51,PEDALCYCLIST STRUCK MOTOR VEHICLE FRONT END AT ANGLE,,N,Clear or Partly Cloudy,Dry,Daylight,,,,6.0,Pedalcyclist Strikes Moving Vehicle,0,0,N,POINT (1271236.71499455 212981.2373261452),2973.0,1.8488030771784267e-05,Clear or Partly Cloudy,2018-07-16,13:36:00,13.0,0,1,0.0,Clear or Partly Cloudy
199766,290457,291337,3707531,Matched,Block,,E YESLER WAY BETWEEN BOREN AVE AND 12TH AVE,,,2,Injury Collision,Cycles,2,0,1,1,1,0,0,2018-06-02T00:00:00.000Z,6/2/2018 4:24:00 PM,Mid-Block (not related to intersection),51,PEDALCYCLIST STRUCK MOTOR VEHICLE FRONT END AT ANGLE,,N,Clear or Partly Cloudy,Wet,Daylight,,,,6.0,Pedalcyclist Strikes Moving Vehicle,42680,0,N,POINT (1274332.775349721 223009.5252724141),9023.0,1.626556632418619e-10,Clear or Partly Cloudy,2018-06-02,16:24:00,16.0,5,0,1.0,Clear or Partly Cloudy
199776,299951,301151,E822556,Matched,Intersection,32160.0,EAST MARGINAL WAY S AND S HINDS ST,,,2,Injury Collision,Cycles,2,0,1,1,1,0,0,2018-07-26T00:00:00.000Z,7/26/2018 7:04:00 AM,At Intersection (intersection related),18,"MOTOR VEHICLE STRUCK PEDALCYCLIST, FRONT END AT ANGLE",,N,Clear or Partly Cloudy,Dry,Daylight,,,,5.0,Vehicle Strikes Pedalcyclist,0,0,N,POINT (1268608.563503847 212910.031246081),1120.0,0.0,Clear or Partly Cloudy,2018-07-26,07:04:00,7.0,3,1,1.0,Clear or Partly Cloudy
199811,291061,291941,3751130,Matched,Intersection,27147.0,NE BOAT ST AND NE PACIFIC ST,,,2b,Serious Injury Collision,Cycles,2,1,1,0,2,1,0,2018-06-07T00:00:00.000Z,6/7/2018 7:20:00 PM,At Intersection (intersection related),64,PEDALCYCLIST STRUCK PEDESTRIAN,,N,Clear or Partly Cloudy,Dry,Daylight,Y,,,7.0,Pedalcyclist Strikes Pedalcyclist or Pedestrian,11642,0,N,POINT (1274676.247350067 241969.9158198386),7416.0,0.0,Clear or Partly Cloudy,2018-06-07,19:20:00,19.0,3,1,1.0,Clear or Partly Cloudy
199812,291046,291926,E805303,Matched,Intersection,36690.0,23RD AVE NE AND NE 125TH ST,,,2,Injury Collision,Cycles,2,0,1,1,1,0,0,2018-06-05T00:00:00.000Z,6/5/2018 4:14:00 PM,At Intersection (intersection related),18,"MOTOR VEHICLE STRUCK PEDALCYCLIST, FRONT END AT ANGLE",,N,Clear or Partly Cloudy,Dry,Daylight,,,,5.0,Vehicle Strikes Pedalcyclist,0,0,N,POINT (1278294.190649778 265854.7716522962),186.0,0.0,Clear or Partly Cloudy,2018-06-05,16:14:00,16.0,1,1,1.0,Clear or Partly Cloudy
199824,294259,295339,E811703,Matched,Block,,8TH AVE NE BETWEEN NE 47TH ST AND NE 48TH ST,,,2,Injury Collision,Cycles,2,0,1,1,1,0,0,2018-06-13T00:00:00.000Z,6/13/2018 5:06:00 PM,Mid-Block (not related to intersection),18,"MOTOR VEHICLE STRUCK PEDALCYCLIST, FRONT END AT ANGLE",,N,Raining,Wet,Daylight,,,,5.0,Vehicle Strikes Pedalcyclist,0,0,N,POINT (1274213.96754159 245587.6015835404),3253.0,0.0,Raining,2018-06-13,17:06:00,17.0,2,1,1.0,Raining
199850,293740,294760,E810033,Matched,Block,,5TH AVE BETWEEN JEFFERSON ST AND JAMES ST,,,2,Injury Collision,Cycles,2,0,1,1,1,0,0,2018-06-19T00:00:00.000Z,6/19/2018 11:32:00 AM,Mid-Block (not related to intersection),18,"MOTOR VEHICLE STRUCK PEDALCYCLIST, FRONT END AT ANGLE",,N,Clear or Partly Cloudy,Dry,Daylight,,,,5.0,Vehicle Strikes Pedalcyclist,0,0,N,POINT (1271493.426738814 223665.3078010827),3108.0,6.410910337150055e-09,Clear or Partly Cloudy,2018-06-19,11:32:00,11.0,1,1,0.0,Clear or Partly Cloudy
199906,299759,300959,E822939,Matched,Block,,THOMAS ST BETWEEN 6TH AVE N AND AURORA AVE N,,,2b,Serious Injury Collision,Cycles,4,0,1,1,2,1,0,2018-07-18T00:00:00.000Z,7/18/2018 2:35:00 AM,Driveway Junction,51,PEDALCYCLIST STRUCK MOTOR VEHICLE FRONT END AT ANGLE,Y,Y,Overcast,Dry,Dark - Street Lights On,,,,6.0,Pedalcyclist Strikes Moving Vehicle,0,0,N,POINT (1267799.175407022 230142.000863716),6712.0,2.9948186352693586e-05,Overcast,2018-07-18,02:35:00,2.0,2,1,0.0,Clear or Partly Cloudy
199908,299758,300958,E813906,Matched,Intersection,29891.0,BOREN AVE AND UNION ST,,,2,Injury Collision,Cycles,2,0,1,1,1,0,0,2018-06-13T00:00:00.000Z,6/13/2018 9:06:00 PM,At Intersection (intersection related),18,"MOTOR VEHICLE STRUCK PEDALCYCLIST, FRONT END AT ANGLE",,N,Clear or Partly Cloudy,Dry,Dark - Street Lights On,,,,6.0,Pedalcyclist Strikes Moving Vehicle,0,0,N,POINT (1271769.240883082 226991.335580498),994.0,0.0,Clear or Partly Cloudy,2018-06-13,21:06:00,21.0,2,1,0.0,Clear or Partly Cloudy
199917,299965,301165,3810928,Matched,Intersection,31602.0,BEACON AVE S AND S LANDER ST,,,2,Injury Collision,Cycles,4,0,1,1,1,0,0,2018-08-06T00:00:00.000Z,8/6/2018 8:50:00 AM,At Intersection (intersection related),18,"MOTOR VEHICLE STRUCK PEDALCYCLIST, FRONT END AT ANGLE",,N,Clear or Partly Cloudy,Dry,Daylight,,,,6.0,Pedalcyclist Strikes Moving Vehicle,0,0,N,POINT (1275391.937590793 214881.4350240976),3360.0,0.0,Clear or Partly Cloudy,2018-08-06,08:50:00,8.0,0,1,1.0,Clear or Partly Cloudy
199983,293318,294338,E809904,Matched,Block,,ROOSEVELT WAY NE BETWEEN NE 42ND N ST AND NE 43RD S ST,,,2,Injury Collision,Cycles,3,0,1,1,1,0,0,2018-06-15T00:00:00.000Z,6/15/2018 7:50:00 AM,Driveway Junction,18,"MOTOR VEHICLE STRUCK PEDALCYCLIST, FRONT END AT ANGLE",Y,N,Clear or Partly Cloudy,Dry,Daylight,,,,5.0,Vehicle Strikes Pedalcyclist,0,0,N,POINT (1274621.021750003 243878.6222537905),19030.0,1.4612336307282195e-05,Clear or Partly Cloudy,2018-06-15,07:50:00,7.0,4,1,1.0,Clear or Partly Cloudy
199996,298306,299446,E813282,Matched,Intersection,25932.0,29TH AVE NE AND NE 55TH ST,,,2,Injury Collision,Cycles,2,0,1,1,1,0,0,2018-06-26T00:00:00.000Z,6/26/2018 5:25:00 PM,At Intersection (intersection related),18,"MOTOR VEHICLE STRUCK PEDALCYCLIST, FRONT END AT ANGLE",,N,Clear or Partly Cloudy,Dry,Daylight,,,,5.0,Vehicle Strikes Pedalcyclist,0,0,N,POINT (1280001.020987526 247281.1281132698),4181.0,0.0,Clear or Partly Cloudy,2018-06-26,17:25:00,17.0,1,1,1.0,Clear or Partly Cloudy
200006,298894,300074,3751377,Matched,Intersection,27149.0,15TH AVE NE AND NE PACIFIC ST,,,2,Injury Collision,Cycles,2,0,1,1,1,0,0,2018-07-25T00:00:00.000Z,7/25/2018 6:22:00 AM,At Intersection (intersection related),51,PEDALCYCLIST STRUCK MOTOR VEHICLE FRONT END AT ANGLE,Y,N,Clear or Partly Cloudy,Dry,Daylight,,,,6.0,Pedalcyclist Strikes Moving Vehicle,0,0,N,POINT (1275885.728567302 241688.8779955506),1534.0,0.0,Clear or Partly Cloudy,2018-07-25,06:22:00,6.0,2,1,0.0,Clear or Partly Cloudy
200029,299966,301166,E822558,Matched,Intersection,31369.0,4TH AVE S AND S LANDER ST,,,2,Injury Collision,Cycles,3,0,1,1,1,0,0,2018-07-28T00:00:00.000Z,7/28/2018 10:58:00 AM,At Intersection (intersection related),18,"MOTOR VEHICLE STRUCK PEDALCYCLIST, FRONT END AT ANGLE",,N,Clear or Partly Cloudy,Dry,Daylight,,,,5.0,Vehicle Strikes Pedalcyclist,0,0,N,POINT (1271278.378034592 215084.3521443009),18784.0,0.0,Clear or Partly Cloudy,2018-07-28,10:58:00,10.0,5,0,0.0,Clear or Partly Cloudy