OBJECTID,INCKEY,COLDETKEY,REPORTNO,STATUS,ADDRTYPE,INTKEY,LOCATION,EXCEPTRSNC,EXCEPTRSND,SEVERITYCO,SEVERITYDE,COLLISIONT,PERSONCOUN,PEDCOUNT,PEDCYLCOUN,VEHCOUNT,INJURIES,SERIOUSINJ,FATALITIES,INCDATE,INCDTTM,JUNCTIONTY,SDOT_COLCO,SDOT_COLDE,INATTENTIO,UNDERINFL,WEATHER,ROADCOND,LIGHTCOND,PEDROWNOTG,SDOTCOLNUM,SPEEDING,ST_COLCODE,ST_COLDESC,SEGLANEKEY,CROSSWALKK,HITPARKEDC,geometry,near_str_index,min_length,weather_group,date,time,hour,dayofweek,weekday,rushhour,weather_group2
200030,299775,300975,E821419,Matched,Intersection,27244.0,LATONA AVE NE AND NE PACIFIC ST,,,2,Injury Collision,Cycles,2,0,1,1,1,0,0,2018-07-25T00:00:00.000Z,7/25/2018 6:47:00 AM,At Intersection (intersection related),18,"MOTOR VEHICLE STRUCK PEDALCYCLIST, FRONT END AT ANGLE",,N,Clear or Partly Cloudy,Dry,Daylight,,,,6.0,Pedalcyclist Strikes Moving Vehicle,0,0,N,POINT (1272637.023795977 242449.5139003247),7415.0,0.0,Clear or Partly Cloudy,2018-07-25,06:47:00,6.0,2,1,0.0,Clear or Partly Cloudy
200036,290519,291399,3812203,Matched,Block,,9TH AVE N BETWEEN REPUBLICAN ST AND MERCER SR ST,,,2,Injury Collision,Cycles,2,0,1,1,1,0,0,2018-06-01T00:00:00.000Z,6/1/2018 6:13:00 PM,Mid-Block (but intersection related),54,PEDALCYCLIST STRUCK MOTOR VEHICLE REAR END,,N,Clear or Partly Cloudy,Dry,Daylight,,,,6.0,Pedalcyclist Strikes Moving Vehicle,0,0,N,POINT (1268955.242480204 231207.3062088042),18873.0,7.582185863960906e-07,Clear or Partly Cloudy,2018-06-01,18:13:00,18.0,4,1,1.0,Clear or Partly Cloudy
200054,299559,300759,E819416,Matched,Block,,ALKI TRL BETWEEN HARBOR AVE SW AND SW FLORIDA ST,,,2,Injury Collision,Cycles,2,0,1,1,1,0,0,2018-07-14T00:00:00.000Z,7/14/2018 3:55:00 PM,Driveway Junction,18,"MOTOR VEHICLE STRUCK PEDALCYCLIST, FRONT END AT ANGLE",Y,N,Clear or Partly Cloudy,Dry,Daylight,,,,6.0,Pedalcyclist Strikes Moving Vehicle,0,0,N,POINT (1260843.487463906 214144.4367513359),8266.0,2.9988749736722468e-05,Clear or Partly Cloudy,2018-07-14,15:55:00,15.0,5,0,1.0,Clear or Partly Cloudy
200057,299969,301169,3811791,Matched,Intersection,30355.0,2ND AVE AND CHERRY ST,,,2,Injury Collision,Cycles,2,1,1,0,1,0,0,2018-08-06T00:00:00.000Z,8/6/2018 10:59:00 PM,At Intersection (intersection related),64,PEDALCYCLIST STRUCK PEDESTRIAN,,N,Clear or Partly Cloudy,Dry,Dark - Street Lights On,,,,7.0,Pedalcyclist Strikes Pedalcyclist or Pedestrian,0,0,N,POINT (1270427.74891372 223568.6895609945),2488.0,0.0,Clear or Partly Cloudy,2018-08-06,22:59:00,22.0,0,1,0.0,Clear or Partly Cloudy
200062,292676,293656,E808122,Matched,Intersection,29826.0,12TH AVE AND E ALDER ST,,,2,Injury Collision,Cycles,2,0,1,1,1,0,0,2018-06-12T00:00:00.000Z,6/12/2018 6:26:00 PM,At Intersection (intersection related),18,"MOTOR VEHICLE STRUCK PEDALCYCLIST, FRONT END AT ANGLE",,N,Clear or Partly Cloudy,Dry,Daylight,,,Y,6.0,Pedalcyclist Strikes Moving Vehicle,10590,0,N,POINT (1274480.128053859 223979.3716734052),2319.0,0.0,Clear or Partly Cloudy,2018-06-12,18:26:00,18.0,1,1,1.0,Clear or Partly Cloudy
200110,295443,296542,3812262,Matched,Intersection,30540.0,SEATTLE BLVD S AND S DEARBORN ST,,,2,Injury Collision,Cycles,3,0,1,1,1,0,0,2018-07-05T00:00:00.000Z,7/5/2018 11:56:00 PM,At Intersection (intersection related),18,"MOTOR VEHICLE STRUCK PEDALCYCLIST, FRONT END AT ANGLE",,N,Clear or Partly Cloudy,Dry,Dark - Street Lights On,,,,5.0,Vehicle Strikes Pedalcyclist,0,522007,N,POINT (1271605.851954922 220992.6841823459),16131.0,0.0,Clear or Partly Cloudy,2018-07-05,23:56:00,23.0,3,1,0.0,Clear or Partly Cloudy
200148,298324,299464,3751179,Matched,Block,,3RD AVE NE BETWEEN NE 97TH ST AND NE 100TH ST,,,2b,Serious Injury Collision,Cycles,2,0,1,1,1,1,0,2018-07-13T00:00:00.000Z,7/13/2018 12:00:00 PM,Mid-Block (not related to intersection),51,PEDALCYCLIST STRUCK MOTOR VEHICLE FRONT END AT ANGLE,,N,Clear or Partly Cloudy,Dry,Daylight,,,,8.0,Pedalcyclist All Other Involvements ONE UNIT - PEDALCYCLIST ONLY or PEDALCYCLIST STR,0,0,Y,POINT (1272936.468788281 258993.6732772589),265.0,3.776444342880809e-06,Clear or Partly Cloudy,2018-07-13,12:00:00,12.0,4,1,0.0,Clear or Partly Cloudy
200158,298917,300097,3810684,Matched,Block,,SEWARD PARK AVE S BETWEEN HAMLET AVE S AND S HENDERSON ST,,,2,Injury Collision,Cycles,2,0,1,1,1,0,0,2018-07-29T00:00:00.000Z,7/29/2018 4:54:00 PM,Mid-Block (not related to intersection),51,PEDALCYCLIST STRUCK MOTOR VEHICLE FRONT END AT ANGLE,Y,Y,Clear or Partly Cloudy,Dry,Daylight,,,,6.0,Pedalcyclist Strikes Moving Vehicle,0,0,N,POINT (1286806.082754493 194385.0174671113),956.0,6.50796559933602e-06,Clear or Partly Cloudy,2018-07-29,16:54:00,16.0,6,0,1.0,Clear or Partly Cloudy
200167,299975,301175,3812090,Matched,Block,,8TH AVE BETWEEN PIKE ST AND PINE ST,,,2,Injury Collision,Cycles,2,0,1,1,1,0,0,2018-08-07T00:00:00.000Z,8/7/2018 5:15:00 PM,Mid-Block (not related to intersection),18,"MOTOR VEHICLE STRUCK PEDALCYCLIST, FRONT END AT ANGLE",,N,Clear or Partly Cloudy,Dry,Daylight,,,,5.0,Vehicle Strikes Pedalcyclist,0,0,N,POINT (1270612.740017906 227048.0485405475),564.0,1.0034004109522212e-05,Clear or Partly Cloudy,2018-08-07,17:15:00,17.0,1,1,1.0,Clear or Partly Cloudy
200180,299981,301181,3814126,Matched,Block,,24TH AVE E BETWEEN E GALER ST AND INTERLAKEN PL E,,,2,Injury Collision,Cycles,2,0,1,1,1,0,0,2018-08-06T00:00:00.000Z,8/6/2018 4:24:00 PM,Mid-Block (not related to intersection),18,"MOTOR VEHICLE STRUCK PEDALCYCLIST, FRONT END AT ANGLE",,N,Clear or Partly Cloudy,Dry,Daylight,,,,5.0,Vehicle Strikes Pedalcyclist,0,0,N,POINT (1278422.812857896 234329.2156520039),16606.0,7.224394718053016e-09,Clear or Partly Cloudy,2018-08-06,16:24:00,16.0,0,1,1.0,Clear or Partly Cloudy
200190,299568,300768,E820475,Matched,Intersection,27043.0,TROLL AVE N AND N 34TH ST,,,2b,Serious Injury Collision,Cycles,3,0,1,2,1,1,0,2018-07-11T00:00:00.000Z,7/11/2018 4:16:00 PM,At Intersection (intersection related),18,"MOTOR VEHICLE STRUCK PEDALCYCLIST, FRONT END AT ANGLE",Y,N,Clear or Partly Cloudy,Dry,Daylight,,,,6.0,Pedalcyclist Strikes Moving Vehicle,0,0,N,POINT (1267245.477678463 240493.9652263224),1223.0,0.0,Clear or Partly Cloudy,2018-07-11,16:16:00,16.0,2,1,1.0,Clear or Partly Cloudy
200210,293345,294365,E810015,Matched,Block,,14TH AVE BETWEEN E YESLER WAY AND E FIR ST,,,2,Injury Collision,Cycles,2,0,1,1,1,0,0,2018-06-19T00:00:00.000Z,6/19/2018 6:11:00 PM,Mid-Block (not related to intersection),18,"MOTOR VEHICLE STRUCK PEDALCYCLIST, FRONT END AT ANGLE",,N,Clear or Partly Cloudy,Dry,Daylight,,,,6.0,Pedalcyclist Strikes Moving Vehicle,0,0,N,POINT (1275106.552950501 223173.1625205874),5067.0,2.0262649231529198e-05,Clear or Partly Cloudy,2018-06-19,18:11:00,18.0,1,1,1.0,Clear or Partly Cloudy
200227,292678,293658,E808425,Matched,Intersection,37438.0,GREENWOOD AVE N AND N 90TH ST,,,1,Property Damage Only Collision,Cycles,2,0,1,1,0,0,0,2018-06-13T00:00:00.000Z,6/13/2018 6:15:00 PM,At Intersection (intersection related),18,"MOTOR VEHICLE STRUCK PEDALCYCLIST, FRONT END AT ANGLE",,N,Raining,Wet,Daylight,,,,5.0,Vehicle Strikes Pedalcyclist,4709,0,N,POINT (1265617.979180783 256935.2470351607),6391.0,0.0,Raining,2018-06-13,18:15:00,18.0,2,1,1.0,Raining
200250,295450,296562,3814078,Matched,Block,,E DENNY WAY BETWEEN 18TH AVE AND 19TH AVE,,,2,Injury Collision,Cycles,2,0,1,1,1,0,0,2018-07-03T00:00:00.000Z,7/3/2018 7:02:00 PM,Mid-Block (not related to intersection),51,PEDALCYCLIST STRUCK MOTOR VEHICLE FRONT END AT ANGLE,,N,Clear or Partly Cloudy,Dry,Daylight,,,,6.0,Pedalcyclist Strikes Moving Vehicle,0,0,N,POINT (1276717.828024149 229097.7110066563),16454.0,2.781139527503255e-05,Clear or Partly Cloudy,2018-07-03,19:02:00,19.0,1,1,1.0,Clear or Partly Cloudy
200274,298921,300101,3810713,Matched,Block,,SWIFT AVE S BETWEEN 18TH AVE S AND 19TH WR AVE S,,,2,Injury Collision,Cycles,2,0,1,1,1,0,0,2018-07-27T00:00:00.000Z,7/27/2018 6:30:00 PM,Mid-Block (not related to intersection),18,"MOTOR VEHICLE STRUCK PEDALCYCLIST, FRONT END AT ANGLE",,N,Clear or Partly Cloudy,Dry,Daylight,,,,5.0,Vehicle Strikes Pedalcyclist,0,0,N,POINT (1275904.444087327 203311.1082282513),16515.0,4.7796196741049984e-09,Clear or Partly Cloudy,2018-07-27,18:30:00,18.0,4,1,1.0,Clear or Partly Cloudy
200336,299997,301197,3642614,Matched,Intersection,29748.0,12TH AVE AND E PIKE ST,,,2,Injury Collision,Cycles,2,0,1,1,1,0,0,2018-08-03T00:00:00.000Z,8/3/2018 11:00:00 PM,At Intersection (intersection related),18,"MOTOR VEHICLE STRUCK PEDALCYCLIST, FRONT END AT ANGLE",,N,Clear or Partly Cloudy,Dry,Dark - Street Lights On,,,,5.0,Vehicle Strikes Pedalcyclist,0,0,N,POINT (1274535.139893919 227533.018781051),39.0,0.0,Clear or Partly Cloudy,2018-08-03,23:00:00,23.0,4,1,0.0,Clear or Partly Cloudy
200350,292099,293039,3751044,Matched,Intersection,24233.0,WALLINGFORD AVE N AND N 80TH ST,,,1,Property Damage Only Collision,Cycles,2,0,1,1,0,0,0,2018-05-30T00:00:00.000Z,5/30/2018 7:20:00 PM,At Intersection (intersection related),18,"MOTOR VEHICLE STRUCK PEDALCYCLIST, FRONT END AT ANGLE",,N,Clear or Partly Cloudy,Dry,Daylight,,,,5.0,Vehicle Strikes Pedalcyclist,0,524303,N,POINT (1270227.932977512 254181.8500403315),7107.0,0.0,Clear or Partly Cloudy,2018-05-30,19:20:00,19.0,2,1,1.0,Clear or Partly Cloudy
200385,297624,298764,3745962,Matched,Block,,WEST MARGINAL WAY SW BETWEEN SW DAKOTA ST AND SW IDAHO ST,,,2,Injury Collision,Cycles,2,0,1,1,1,0,0,2018-07-18T00:00:00.000Z,7/18/2018 5:02:00 PM,Mid-Block (not related to intersection),18,"MOTOR VEHICLE STRUCK PEDALCYCLIST, FRONT END AT ANGLE",,N,Clear or Partly Cloudy,Dry,Daylight,Y,,,5.0,Vehicle Strikes Pedalcyclist,0,0,N,POINT (1265176.448236331 210276.6958193779),19350.0,2.0121556294427548e-05,Clear or Partly Cloudy,2018-07-18,17:02:00,17.0,2,1,1.0,Clear or Partly Cloudy
200389,296537,297657,E815945,Matched,Block,,WEST GREEN LAKE WAY N BETWEEN GREEN LAKE TURN RD AND N 63RD ST,,,2,Injury Collision,Cycles,6,0,1,1,1,0,0,2018-07-08T00:00:00.000Z,7/8/2018 1:57:00 PM,Driveway Junction,54,PEDALCYCLIST STRUCK MOTOR VEHICLE REAR END,,N,Clear or Partly Cloudy,Dry,Daylight,,,,6.0,Pedalcyclist Strikes Moving Vehicle,0,0,N,POINT (1268324.786223561 248604.0256506205),4797.0,2.0525931683325152e-05,Clear or Partly Cloudy,2018-07-08,13:57:00,13.0,6,0,0.0,Clear or Partly Cloudy
200410,293818,294858,E811399,Matched,Intersection,484891.0,M L KING JR ER WAY S AND S ALASKA ST,,,2,Injury Collision,Cycles,3,0,1,1,1,0,0,2018-06-22T00:00:00.000Z,6/22/2018 3:10:00 PM,At Intersection (intersection related),18,"MOTOR VEHICLE STRUCK PEDALCYCLIST, FRONT END AT ANGLE",Y,N,Clear or Partly Cloudy,Dry,Daylight,,,,6.0,Pedalcyclist Strikes Moving Vehicle,0,524848,N,POINT (1279985.132603496 207984.9552730322),1675.0,0.0,Clear or Partly Cloudy,2018-06-22,15:10:00,15.0,4,1,1.0,Clear or Partly Cloudy
200413,298957,300137,3812015,Matched,Block,,ALASKAN WAY BETWEEN COLUMBIA ST AND MARION ST,,,2,Injury Collision,Cycles,2,0,1,1,1,0,0,2018-07-19T00:00:00.000Z,7/19/2018 5:50:00 PM,Mid-Block (not related to intersection),18,"MOTOR VEHICLE STRUCK PEDALCYCLIST, FRONT END AT ANGLE",,N,Overcast,Dry,Daylight,Y,,,5.0,Vehicle Strikes Pedalcyclist,0,0,N,POINT (1269366.290928632 223473.9461368918),598.0,2.9836165941388227e-06,Overcast,2018-07-19,17:50:00,17.0,3,1,1.0,Clear or Partly Cloudy
200415,299818,301018,3751103,Matched,Block,,N NORTHGATE WAY BETWEEN MERIDIAN AVE N AND CORLISS AVE N,,,2,Injury Collision,Cycles,2,0,1,1,1,0,0,2018-07-30T00:00:00.000Z,7/30/2018 7:45:00 PM,Driveway Junction,18,"MOTOR VEHICLE STRUCK PEDALCYCLIST, FRONT END AT ANGLE",,N,Clear or Partly Cloudy,Dry,Daylight,Y,,,6.0,Pedalcyclist Strikes Moving Vehicle,0,0,N,POINT (1271306.396978617 262090.9490564317),14407.0,2.609431350803796e-06,Clear or Partly Cloudy,2018-07-30,19:45:00,19.0,0,1,1.0,Clear or Partly Cloudy
200429,298340,299480,3767402,Matched,Block,,FREMONT AVE N BETWEEN N 36TH ST AND N 38TH ST,,,2,Injury Collision,Cycles,3,0,1,1,1,0,0,2018-07-12T00:00:00.000Z,7/12/2018 8:44:00 AM,Mid-Block (not related to intersection),22,"MOTOR VEHICLE STRUCK PEDALCYCLIST, RIGHT SIDE SIDESWIPE",,N,Clear or Partly Cloudy,Dry,Daylight,,,,8.0,Pedalcyclist All Other Involvements ONE UNIT - PEDALCYCLIST ONLY or PEDALCYCLIST STR,0,0,N,POINT (1266647.413421839 241526.9393073767),15191.0,7.447914690328972e-09,Clear or Partly Cloudy,2018-07-12,08:44:00,8.0,3,1,1.0,Clear or Partly Cloudy
200444,297639,298769,3751357,Matched,Block,,N 125TH ST BETWEEN AURORA AVE N AND STONE AVE N,,,2,Injury Collision,Cycles,2,0,1,1,1,0,0,2018-07-17T00:00:00.000Z,7/17/2018 7:46:00 PM,Mid-Block (not related to intersection),51,PEDALCYCLIST STRUCK MOTOR VEHICLE FRONT END AT ANGLE,,Y,Clear or Partly Cloudy,Dry,Daylight,,,,6.0,Pedalcyclist Strikes Moving Vehicle,0,0,N,POINT (1268691.851823941 266125.1755565703),6993.0,3.620204607382489e-06,Clear or Partly Cloudy,2018-07-17,19:46:00,19.0,1,1,1.0,Clear or Partly Cloudy
200465,290610,291490,3742433,Matched,Intersection,33751.0,42ND AVE SW AND FAUNTLEROY WAY SW,,,1,Property Damage Only Collision,Cycles,2,0,1,1,0,0,0,2018-06-05T00:00:00.000Z,6/5/2018 6:05:00 PM,At Intersection (intersection related),51,PEDALCYCLIST STRUCK MOTOR VEHICLE FRONT END AT ANGLE,,N,Clear or Partly Cloudy,Dry,Daylight,,,,5.0,Vehicle Strikes Pedalcyclist,0,0,N,POINT (1257033.356068 202710.8775716275),723.0,0.0,Clear or Partly Cloudy,2018-06-05,18:05:00,18.0,1,1,1.0,Clear or Partly Cloudy
200469,300020,301220,3753606,Matched,Intersection,30494.0,4TH AVE S AND S WASHINGTON ST,,,2,Injury Collision,Cycles,2,0,1,1,1,0,0,2018-08-03T00:00:00.000Z,8/3/2018 7:28:00 PM,At Intersection (intersection related),18,"MOTOR VEHICLE STRUCK PEDALCYCLIST, FRONT END AT ANGLE",,N,Clear or Partly Cloudy,Dry,Daylight,,,,5.0,Vehicle Strikes Pedalcyclist,0,521742,N,POINT (1271450.890546769 222766.5872881711),2971.0,0.0,Clear or Partly Cloudy,2018-08-03,19:28:00,19.0,4,1,1.0,Clear or Partly Cloudy
200473,300019,301219,3753537,Matched,Intersection,28788.0,DEXTER AVE N AND THOMAS ST,,,2,Injury Collision,Cycles,2,0,1,1,1,0,0,2018-08-03T00:00:00.000Z,8/3/2018 5:13:00 PM,At Intersection (intersection related),51,PEDALCYCLIST STRUCK MOTOR VEHICLE FRONT END AT ANGLE,,N,Clear or Partly Cloudy,Dry,Daylight,,,,5.0,Vehicle Strikes Pedalcyclist,42777,0,N,POINT (1268283.993903518 230129.8392637074),3489.0,0.0,Clear or Partly Cloudy,2018-08-03,17:13:00,17.0,4,1,1.0,Clear or Partly Cloudy
200544,294639,295719,3751278,Matched,Block,,NE 65TH ST BETWEEN 24TH AVE NE AND 25TH AVE NE,,,2,Injury Collision,Cycles,2,0,1,1,1,0,0,2018-07-02T00:00:00.000Z,7/2/2018 11:21:00 AM,Driveway Junction,51,PEDALCYCLIST STRUCK MOTOR VEHICLE FRONT END AT ANGLE,,N,Clear or Partly Cloudy,Dry,Daylight,,,,6.0,Pedalcyclist Strikes Moving Vehicle,0,0,N,POINT (1278829.178490311 249949.9165320098),1449.0,3.4389984998590966e-06,Clear or Partly Cloudy,2018-07-02,11:21:00,11.0,0,1,0.0,Clear or Partly Cloudy
200547,296598,297718,E816256,Matched,Block,,S COLLEGE ST BETWEEN 24TH AVE S AND RAINIER N AVE S,,,2,Injury Collision,Cycles,2,0,1,1,1,0,0,2018-07-06T00:00:00.000Z,7/6/2018 12:55:00 PM,Mid-Block (but intersection related),18,"MOTOR VEHICLE STRUCK PEDALCYCLIST, FRONT END AT ANGLE",,Y,Clear or Partly Cloudy,Dry,Daylight,Y,,,5.0,Vehicle Strikes Pedalcyclist,0,0,N,POINT (1277952.938809425 216135.7552173734),10621.0,1.6725762183767316e-05,Clear or Partly Cloudy,2018-07-06,12:55:00,12.0,4,1,0.0,Clear or Partly Cloudy
200625,292142,293082,3751161,Matched,Intersection,519894.0,INTERURBAN TRL AND N 125TH ST,,,2,Injury Collision,Cycles,2,0,1,1,1,0,0,2018-06-17T00:00:00.000Z,6/17/2018 10:05:00 AM,At Intersection (intersection related),51,PEDALCYCLIST STRUCK MOTOR VEHICLE FRONT END AT ANGLE,Y,N,Clear or Partly Cloudy,Dry,Daylight,,,,6.0,Pedalcyclist Strikes Moving Vehicle,0,642420,N,POINT (1267418.361390635 266154.1785005927),3986.0,0.0,Clear or Partly Cloudy,2018-06-17,10:05:00,10.0,6,0,0.0,Clear or Partly Cloudy
200644,295540,296660,3814081,Matched,Intersection,29157.0,BELMONT AVE E AND E OLIVE WAY,,,2b,Serious Injury Collision,Cycles,2,0,1,1,1,1,0,2018-07-07T00:00:00.000Z,7/7/2018 2:08:00 PM,At Intersection (intersection related),18,"MOTOR VEHICLE STRUCK PEDALCYCLIST, FRONT END AT ANGLE",,N,Clear or Partly Cloudy,Dry,Daylight,,,,6.0,Pedalcyclist Strikes Moving Vehicle,0,0,N,POINT (1272804.962100148 229595.8329911679),3379.0,0.0,Clear or Partly Cloudy,2018-07-07,14:08:00,14.0,5,0,0.0,Clear or Partly Cloudy
200708,296655,297778,E816593,Matched,Block,,DEXTER AVE N BETWEEN DENNY WAY AND JOHN ST,,,2b,Serious Injury Collision,Cycles,2,0,1,1,1,1,0,2018-07-08T00:00:00.000Z,7/8/2018 2:16:00 PM,Mid-Block (not related to intersection),18,"MOTOR VEHICLE STRUCK PEDALCYCLIST, FRONT END AT ANGLE",,N,Clear or Partly Cloudy,Dry,Daylight,,,,6.0,Pedalcyclist Strikes Moving Vehicle,0,0,N,POINT (1268267.740975499 229490.4169270545),20563.0,7.63792373631657e-09,Clear or Partly Cloudy,2018-07-08,14:16:00,14.0,6,0,0.0,Clear or Partly Cloudy
200718,300034,301234,3812364,Matched,Intersection,28744.0,WESTLAKE AVE N AND VALLEY ST,,,1,Property Damage Only Collision,Cycles,2,0,1,1,0,0,0,2018-08-03T00:00:00.000Z,8/3/2018 7:57:00 AM,At Intersection (intersection related),18,"MOTOR VEHICLE STRUCK PEDALCYCLIST, FRONT END AT ANGLE",,N,Overcast,Wet,Daylight,,,,6.0,Pedalcyclist Strikes Moving Vehicle,0,523374,N,POINT (1269242.945584506 231901.4393935204),3828.0,0.0,Overcast,2018-08-03,07:57:00,7.0,4,1,1.0,Clear or Partly Cloudy
200742,299605,300805,3812287,Matched,Intersection,29534.0,5TH AVE AND BLANCHARD ST,,,2,Injury Collision,Cycles,4,0,1,1,1,0,0,2018-07-24T00:00:00.000Z,7/24/2018 10:11:00 PM,At Intersection (intersection related),51,PEDALCYCLIST STRUCK MOTOR VEHICLE FRONT END AT ANGLE,,N,Clear or Partly Cloudy,Dry,Dark - Street Lights On,,,,6.0,Pedalcyclist Strikes Moving Vehicle,0,0,N,POINT (1268393.416751638 228076.0746536106),11053.0,0.0,Clear or Partly Cloudy,2018-07-24,22:11:00,22.0,1,1,0.0,Clear or Partly Cloudy
200778,301769,302989,E831990,Matched,Intersection,28661.0,JOHN ST AND QUEEN ANNE AVE N,,,2,Injury Collision,Cycles,2,0,1,1,1,0,0,2018-08-25T00:00:00.000Z,8/25/2018 12:03:00 AM,At Intersection (intersection related),51,PEDALCYCLIST STRUCK MOTOR VEHICLE FRONT END AT ANGLE,,N,Overcast,Dry,Dark - Street Lights On,,,,5.0,Vehicle Strikes Pedalcyclist,0,0,N,POINT (1264733.977899879 229792.9509433657),6602.0,0.0,Overcast,2018-08-25,00:03:00,,5,0,,Clear or Partly Cloudy
200855,300899,302119,3814138,Matched,Intersection,28354.0,25TH AVE E AND E CALHOUN ST,,,2,Injury Collision,Cycles,2,0,1,1,1,0,0,2018-08-22T00:00:00.000Z,8/22/2018 6:00:00 PM,At Intersection (intersection related),18,"MOTOR VEHICLE STRUCK PEDALCYCLIST, FRONT END AT ANGLE",,N,Clear or Partly Cloudy,Dry,Daylight,,,,6.0,Pedalcyclist Strikes Moving Vehicle,0,0,N,POINT (1278790.521146283 237257.3259910047),2621.0,0.0,Clear or Partly Cloudy,2018-08-22,18:00:00,18.0,2,1,1.0,Clear or Partly Cloudy
200866,301968,303188,E809900,Matched,Intersection,30132.0,17TH AVE AND E MADISON ST,,,2,Injury Collision,Cycles,2,1,1,0,2,0,0,2018-06-06T00:00:00.000Z,6/6/2018 8:48:00 AM,At Intersection (intersection related),24,MOTOR VEHCILE STRUCK PEDESTRIAN,,N,Clear or Partly Cloudy,Dry,Daylight,Y,,,7.0,Pedalcyclist Strikes Pedalcyclist or Pedestrian,0,0,N,POINT (1276193.988919616 228043.2848935723),2436.0,0.0,Clear or Partly Cloudy,2018-06-06,08:48:00,8.0,2,1,1.0,Clear or Partly Cloudy
200879,302152,303372,E837351,Matched,Intersection,29880.0,9TH AVE AND PINE ST,,,2,Injury Collision,Cycles,2,1,1,0,2,0,0,2018-09-01T00:00:00.000Z,9/1/2018 7:11:00 PM,At Intersection (intersection related),24,MOTOR VEHCILE STRUCK PEDESTRIAN,,N,Clear or Partly Cloudy,Dry,Daylight,,,,7.0,Pedalcyclist Strikes Pedalcyclist or Pedestrian,0,0,N,POINT (1270781.206834078 227395.6786209047),6076.0,0.0,Clear or Partly Cloudy,2018-09-01,19:11:00,19.0,5,0,1.0,Clear or Partly Cloudy
200885,300380,301580,E825146,Matched,Block,,4TH AVE S BETWEEN S MEAD ST AND S FIDALGO ST,,,2,Injury Collision,Cycles,3,0,1,1,1,0,0,2018-08-04T00:00:00.000Z,8/4/2018 2:19:00 PM,Mid-Block (not related to intersection),18,"MOTOR VEHICLE STRUCK PEDALCYCLIST, FRONT END AT ANGLE",Y,N,Clear or Partly Cloudy,Dry,Daylight,,,,6.0,Pedalcyclist Strikes Moving Vehicle,0,0,N,POINT (1270944.553394243 204495.8686774522),408.0,1.7238528520422337e-06,Clear or Partly Cloudy,2018-08-04,14:19:00,14.0,5,0,0.0,Clear or Partly Cloudy
200930,300908,302128,E829500,Matched,Intersection,287144.0,BURKE GILMAN TRL AND NW 42ND ST,,,2,Injury Collision,Cycles,2,0,1,1,1,0,0,2018-08-15T00:00:00.000Z,8/15/2018 10:32:00 AM,At Intersection (intersection related),18,"MOTOR VEHICLE STRUCK PEDALCYCLIST, FRONT END AT ANGLE",Y,N,Clear or Partly Cloudy,Dry,Daylight,,,,6.0,Pedalcyclist Strikes Moving Vehicle,0,0,N,POINT (1263036.861226141 243684.2264775932),15101.0,0.0,Clear or Partly Cloudy,2018-08-15,10:32:00,10.0,2,1,0.0,Clear or Partly Cloudy
200955,302374,303594,E835373,Matched,Intersection,25475.0,KIRKWOOD PL N AND EAST GREEN LAKE WAY N,,,2,Injury Collision,Cycles,2,0,1,1,1,0,0,2018-08-27T00:00:00.000Z,8/27/2018 6:38:00 PM,At Intersection (intersection related),51,PEDALCYCLIST STRUCK MOTOR VEHICLE FRONT END AT ANGLE,,N,Clear or Partly Cloudy,Dry,Daylight,,,,5.0,Vehicle Strikes Pedalcyclist,0,0,N,POINT (1270319.042609602 249360.7172354013),1088.0,0.0,Clear or Partly Cloudy,2018-08-27,18:38:00,18.0,0,1,1.0,Clear or Partly Cloudy
200958,302181,303401,3751615,Matched,Intersection,36685.0,RAVENNA AVE NE AND NE 105TH ST,,,2,Injury Collision,Cycles,2,0,1,1,1,0,0,2018-09-14T00:00:00.000Z,9/14/2018 7:13:00 AM,At Intersection (intersection related),51,PEDALCYCLIST STRUCK MOTOR VEHICLE FRONT END AT ANGLE,,N,Raining,Wet,Daylight,Y,,,5.0,Vehicle Strikes Pedalcyclist,0,0,N,POINT (1279925.369147435 260514.0318068266),7153.0,0.0,Raining,2018-09-14,07:13:00,7.0,4,1,1.0,Raining
200982,300641,301841,E828564,Matched,Intersection,31349.0,6TH AVE S AND S HOLGATE ST,,,2,Injury Collision,Cycles,2,0,1,1,1,0,0,2018-08-15T00:00:00.000Z,8/15/2018 11:09:00 AM,At Intersection (intersection related),18,"MOTOR VEHICLE STRUCK PEDALCYCLIST, FRONT END AT ANGLE",,N,Clear or Partly Cloudy,Dry,Daylight,,,,6.0,Pedalcyclist Strikes Moving Vehicle,0,0,N,POINT (1272083.870515406 217390.9738426656),541.0,0.0,Clear or Partly Cloudy,2018-08-15,11:09:00,11.0,2,1,0.0,Clear or Partly Cloudy