OBJECTID,INCKEY,COLDETKEY,REPORTNO,STATUS,ADDRTYPE,INTKEY,LOCATION,EXCEPTRSNC,EXCEPTRSND,SEVERITYCO,SEVERITYDE,COLLISIONT,PERSONCOUN,PEDCOUNT,PEDCYLCOUN,VEHCOUNT,INJURIES,SERIOUSINJ,FATALITIES,INCDATE,INCDTTM,JUNCTIONTY,SDOT_COLCO,SDOT_COLDE,INATTENTIO,UNDERINFL,WEATHER,ROADCOND,LIGHTCOND,PEDROWNOTG,SDOTCOLNUM,SPEEDING,ST_COLCODE,ST_COLDESC,SEGLANEKEY,CROSSWALKK,HITPARKEDC,geometry,near_str_index,min_length,weather_group,date,time,hour,dayofweek,weekday,rushhour,weather_group2
201789,301759,302979,3811797,Matched,Intersection,29883.0,PIKE ST AND CONVENTION PL,,,1,Property Damage Only Collision,Cycles,2,0,1,1,0,0,0,2018-08-29T00:00:00.000Z,8/29/2018 4:43:00 PM,At Intersection (intersection related),18,"MOTOR VEHICLE STRUCK PEDALCYCLIST, FRONT END AT ANGLE",,N,Clear or Partly Cloudy,Dry,Daylight,,,,5.0,Vehicle Strikes Pedalcyclist,0,0,N,POINT (1270998.081586301 227029.3354525268),3287.0,0.0,Clear or Partly Cloudy,2018-08-29,16:43:00,16.0,2,1,1.0,Clear or Partly Cloudy
201855,302344,303564,3811730,Matched,Block,,S KING ST BETWEEN 6TH AVE S AND MAYNARD AVE S,,,1,Property Damage Only Collision,Cycles,4,0,1,1,0,0,0,2018-08-19T00:00:00.000Z,8/19/2018 4:15:00 PM,Driveway Junction,18,"MOTOR VEHICLE STRUCK PEDALCYCLIST, FRONT END AT ANGLE",,N,Overcast,Dry,Daylight,,,,6.0,Pedalcyclist Strikes Moving Vehicle,0,0,N,POINT (1272234.531315565 221831.0497512072),4530.0,6.373672063291336e-07,Overcast,2018-08-19,16:15:00,16.0,6,0,1.0,Clear or Partly Cloudy
201866,300577,301777,E828052,Matched,Block,,25TH AVE NE BETWEEN NE 47TH ST AND NE 49TH ST,,,2,Injury Collision,Cycles,2,0,1,1,1,0,0,2018-07-31T00:00:00.000Z,7/31/2018 3:16:00 PM,Mid-Block (not related to intersection),24,MOTOR VEHCILE STRUCK PEDESTRIAN,,N,Clear or Partly Cloudy,Dry,Daylight,Y,,,5.0,Vehicle Strikes Pedalcyclist,0,0,N,POINT (1278810.835386306 245594.7228635401),23493.0,3.109684280063951e-05,Clear or Partly Cloudy,2018-07-31,15:16:00,15.0,1,1,1.0,Clear or Partly Cloudy
201905,305510,306790,3745908,Matched,Block,,S SPOKANE ST BETWEEN HAHN PL S AND 13TH AVE S,,,2,Injury Collision,Cycles,2,0,1,1,1,0,0,2018-10-03T00:00:00.000Z,10/3/2018 7:37:00 AM,Mid-Block (not related to intersection),18,"MOTOR VEHICLE STRUCK PEDALCYCLIST, FRONT END AT ANGLE",,N,Clear or Partly Cloudy,Dry,Daylight,,,,5.0,Vehicle Strikes Pedalcyclist,0,0,N,POINT (1274347.433525726 212035.7578371763),1890.0,4.062736690056205e-06,Clear or Partly Cloudy,2018-10-03,07:37:00,7.0,2,1,1.0,Clear or Partly Cloudy
201942,306630,307910,E855995,Matched,Block,,48TH AVE S BETWEEN S THISTLE ST AND S CLOVERDALE ST,,,2,Injury Collision,Cycles,3,0,1,1,1,0,0,2018-10-11T00:00:00.000Z,10/11/2018 3:10:00 PM,Mid-Block (not related to intersection),11,"MOTOR VEHICLE STRUCK MOTOR VEHICLE, FRONT END AT ANGLE",,N,Clear or Partly Cloudy,Dry,Daylight,,,,5.0,Vehicle Strikes Pedalcyclist,0,0,N,POINT (1284819.011328459 195555.1233883053),18821.0,1.5975425832396853e-05,Clear or Partly Cloudy,2018-10-11,15:10:00,15.0,3,1,1.0,Clear or Partly Cloudy
201962,305837,307117,3751412,Matched,Block,,8TH AVE NW BETWEEN NW MARKET ST AND NW 56TH ST,,,2,Injury Collision,Cycles,2,0,1,1,1,0,0,2018-10-16T00:00:00.000Z,10/16/2018 8:27:00 AM,Mid-Block (not related to intersection),18,"MOTOR VEHICLE STRUCK PEDALCYCLIST, FRONT END AT ANGLE",,N,Clear or Partly Cloudy,Dry,Daylight,,,,6.0,Pedalcyclist Strikes Moving Vehicle,0,0,N,POINT (1262766.301225871 247806.5837298036),3263.0,1.4607091259939395e-05,Clear or Partly Cloudy,2018-10-16,08:27:00,8.0,1,1,1.0,Clear or Partly Cloudy
201977,303563,304823,E842648,Matched,Block,,7TH AVE S BETWEEN S JACKSON ST AND S KING ST,,,2,Injury Collision,Cycles,2,0,1,1,1,0,0,2018-09-24T00:00:00.000Z,9/24/2018 9:05:00 AM,Mid-Block (not related to intersection),14,"MOTOR VEHICLE STRUCK MOTOR VEHICLE, REAR END",,N,Clear or Partly Cloudy,Dry,Daylight,,,,6.0,Pedalcyclist Strikes Moving Vehicle,0,0,N,POINT (1272721.298996061 221973.5160553604),22085.0,7.615222212871751e-09,Clear or Partly Cloudy,2018-09-24,09:05:00,9.0,0,1,1.0,Clear or Partly Cloudy
201981,307179,308459,3582497,Matched,Intersection,24499.0,ROOSEVELT WAY NE AND NE 66TH ST,,,2,Injury Collision,Cycles,2,1,1,0,2,0,0,2018-11-08T00:00:00.000Z,11/8/2018 8:31:00 AM,At Intersection (intersection related),64,PEDALCYCLIST STRUCK PEDESTRIAN,,N,Overcast,Dry,Daylight,Y,,,7.0,Pedalcyclist Strikes Pedalcyclist or Pedestrian,0,0,N,POINT (1274841.88523823 250311.1781643778),4208.0,0.0,Overcast,2018-11-08,08:31:00,8.0,3,1,1.0,Clear or Partly Cloudy
201984,302779,304019,3744625,Matched,Intersection,34843.0,DELRIDGE WAY SW AND SW THISTLE ST,,,1,Property Damage Only Collision,Cycles,2,0,1,1,0,0,0,2018-09-17T00:00:00.000Z,9/17/2018 1:30:00 PM,At Intersection (intersection related),18,"MOTOR VEHICLE STRUCK PEDALCYCLIST, FRONT END AT ANGLE",,N,Unknown,Unknown,Daylight,,,,5.0,Vehicle Strikes Pedalcyclist,0,0,N,POINT (1263156.181290269 196445.4449892193),10726.0,0.0,,2018-09-17,13:30:00,13.0,0,1,0.0,
201986,303560,304820,E842646,Matched,Block,,ROOSEVELT WAY NE BETWEEN NE 45TH ST AND NE 47TH ST,,,2,Injury Collision,Cycles,2,0,1,1,1,0,0,2018-09-21T00:00:00.000Z,9/21/2018 8:02:00 AM,Mid-Block (not related to intersection),18,"MOTOR VEHICLE STRUCK PEDALCYCLIST, FRONT END AT ANGLE",Y,N,Clear or Partly Cloudy,Dry,Daylight,,,,6.0,Pedalcyclist Strikes Moving Vehicle,0,0,N,POINT (1274721.706934109 245075.8127190173),19913.0,2.054423759327244e-05,Clear or Partly Cloudy,2018-09-21,08:02:00,8.0,4,1,1.0,Clear or Partly Cloudy
202001,306994,308274,E862200,Matched,Intersection,24795.0,16TH AVE NE AND NE 65TH ST,,,2,Injury Collision,Cycles,3,0,1,1,1,0,0,2018-11-02T00:00:00.000Z,11/2/2018 8:25:00 AM,At Intersection (intersection related),51,PEDALCYCLIST STRUCK MOTOR VEHICLE FRONT END AT ANGLE,Y,N,Raining,Wet,Daylight,,,,6.0,Pedalcyclist Strikes Moving Vehicle,0,0,N,POINT (1276441.258551866 249998.7770120502),4202.0,0.0,Raining,2018-11-02,08:25:00,8.0,4,1,1.0,Raining
202058,305849,307129,E851720,Matched,Intersection,29878.0,BOREN AVE AND PIKE ST,,,2,Injury Collision,Cycles,2,0,1,1,1,0,0,2018-10-11T00:00:00.000Z,10/11/2018 10:41:00 PM,At Intersection (intersection related),24,MOTOR VEHCILE STRUCK PEDESTRIAN,Y,N,Clear or Partly Cloudy,Dry,Dark - Street Lights On,,,,5.0,Vehicle Strikes Pedalcyclist,0,0,N,POINT (1271552.335410863 227358.0148768723),6588.0,0.0,Clear or Partly Cloudy,2018-10-11,22:41:00,22.0,3,1,0.0,Clear or Partly Cloudy
202091,306444,307724,E855029,Matched,Intersection,26051.0,15TH AVE NE AND NE 52ND ST,,,2,Injury Collision,Cycles,2,0,1,1,1,0,0,2018-10-28T00:00:00.000Z,10/28/2018 3:12:00 PM,At Intersection (intersection related),51,PEDALCYCLIST STRUCK MOTOR VEHICLE FRONT END AT ANGLE,,N,Clear or Partly Cloudy,Wet,Daylight,,,,8.0,Pedalcyclist All Other Involvements ONE UNIT - PEDALCYCLIST ONLY or PEDALCYCLIST STR,0,0,N,POINT (1276115.022647545 246592.3224805593),2389.0,0.0,Clear or Partly Cloudy,2018-10-28,15:12:00,15.0,6,0,1.0,Clear or Partly Cloudy
202099,306638,307918,E847019,Matched,Block,,W NICKERSON ST BETWEEN XW JESSE AVE W AND 11TH AVE W,,,2,Injury Collision,Parked Car,2,0,1,1,1,0,0,2018-09-13T00:00:00.000Z,9/13/2018 6:13:00 PM,Mid-Block (not related to intersection),14,"MOTOR VEHICLE STRUCK MOTOR VEHICLE, REAR END",,N,Clear or Partly Cloudy,Dry,Daylight,,,,32.0,One parked--one moving,0,0,Y,POINT (1261529.759016603 242439.8579003066),23207.0,2.5332110554607458e-08,Clear or Partly Cloudy,2018-09-13,18:13:00,18.0,3,1,1.0,Clear or Partly Cloudy
202114,306996,308276,E862204,Matched,Intersection,28772.0,REPUBLICAN ST AND WESTLAKE AVE N,,,2,Injury Collision,Cycles,2,0,1,1,1,0,0,2018-11-09T00:00:00.000Z,11/9/2018 9:04:00 AM,At Intersection (intersection related),18,"MOTOR VEHICLE STRUCK PEDALCYCLIST, FRONT END AT ANGLE",,N,Overcast,Dry,Daylight,Y,,,5.0,Vehicle Strikes Pedalcyclist,0,622523,N,POINT (1269270.908976525 230957.2051525563),6765.0,0.0,Overcast,2018-11-09,09:04:00,9.0,4,1,1.0,Clear or Partly Cloudy
202163,304342,305582,E845341,Matched,Intersection,25418.0,8TH AVE NW AND NW 56TH ST,,,2,Injury Collision,Cycles,2,0,1,1,1,0,0,2018-09-20T00:00:00.000Z,9/20/2018 7:46:00 AM,At Intersection (intersection related),51,PEDALCYCLIST STRUCK MOTOR VEHICLE FRONT END AT ANGLE,,N,Raining,Wet,Daylight,,,,6.0,Pedalcyclist Strikes Moving Vehicle,2426,0,N,POINT (1262769.165609866 247948.7807219476),1580.0,0.0,Raining,2018-09-20,07:46:00,7.0,3,1,1.0,Raining
202172,304339,305579,E845333,Matched,Intersection,30403.0,12TH AVE AND E FIR ST,,,2,Injury Collision,Cycles,2,0,1,1,1,0,0,2018-09-07T00:00:00.000Z,9/7/2018 4:26:00 PM,At Intersection (intersection related),18,"MOTOR VEHICLE STRUCK PEDALCYCLIST, FRONT END AT ANGLE",,N,Clear or Partly Cloudy,Dry,Daylight,,,,5.0,Vehicle Strikes Pedalcyclist,10566,0,N,POINT (1274468.18949385 223368.6972407848),1080.0,0.0,Clear or Partly Cloudy,2018-09-07,16:26:00,16.0,4,1,1.0,Clear or Partly Cloudy
202176,304338,305578,E845332,Matched,Intersection,29739.0,11TH AVE AND E PINE ST,,,2,Injury Collision,Cycles,2,0,1,1,1,0,0,2018-09-24T00:00:00.000Z,9/24/2018 8:39:00 AM,At Intersection (intersection related),51,PEDALCYCLIST STRUCK MOTOR VEHICLE FRONT END AT ANGLE,Y,N,Clear or Partly Cloudy,Dry,Daylight,,,,6.0,Pedalcyclist Strikes Moving Vehicle,10420,0,N,POINT (1274216.837429598 227958.9433894902),28.0,0.0,Clear or Partly Cloudy,2018-09-24,08:39:00,8.0,0,1,1.0,Clear or Partly Cloudy
202180,306038,307318,3814327,Matched,Block,,16TH AVE S BETWEEN E YESLER WAY AND S WASHINGTON ST,,,2,Injury Collision,Cycles,3,0,1,1,1,0,0,2018-10-24T00:00:00.000Z,10/24/2018 6:33:00 PM,Mid-Block (but intersection related),18,"MOTOR VEHICLE STRUCK PEDALCYCLIST, FRONT END AT ANGLE",Y,N,Clear or Partly Cloudy,Dry,Dark - No Street Lights,,,,5.0,Vehicle Strikes Pedalcyclist,0,0,N,POINT (1275743.630903155 222825.1782642305),20460.0,1.2413418788758556e-05,Clear or Partly Cloudy,2018-10-24,18:33:00,18.0,2,1,1.0,Clear or Partly Cloudy
202228,302861,304101,3810743,Matched,Intersection,34562.0,M L KING JR WR WAY S AND S OTHELLO ST,,,2,Injury Collision,Cycles,2,0,1,1,1,0,0,2018-09-18T00:00:00.000Z,9/18/2018 8:16:00 PM,At Intersection (intersection related),18,"MOTOR VEHICLE STRUCK PEDALCYCLIST, FRONT END AT ANGLE",,N,,Dry,Dark - Street Lights On,,,,5.0,Vehicle Strikes Pedalcyclist,0,545763,N,POINT (1282771.25228636 199261.7089280933),4904.0,0.0,,2018-09-18,20:16:00,20.0,1,1,0.0,
202279,303644,304904,E843803,Matched,Block,,LAKESIDE AVE S BETWEEN S PARKLAND PL AND S NORMAN ST,,,2b,Serious Injury Collision,Cycles,3,0,1,1,1,1,0,2018-09-29T00:00:00.000Z,9/29/2018 9:33:00 AM,Mid-Block (not related to intersection),51,PEDALCYCLIST STRUCK MOTOR VEHICLE FRONT END AT ANGLE,,N,Clear or Partly Cloudy,Dry,Daylight,,,,5.0,Vehicle Strikes Pedalcyclist,0,0,N,POINT (1281543.865597099 219970.5485012978),795.0,2.4225769218489746e-05,Clear or Partly Cloudy,2018-09-29,09:33:00,9.0,5,0,1.0,Clear or Partly Cloudy
202324,305707,306987,3811439,Matched,Block,,2ND AVE BETWEEN PIKE ST AND PINE ST,,,2,Injury Collision,Cycles,3,0,1,1,1,0,0,2018-10-02T00:00:00.000Z,10/2/2018 7:48:00 PM,Mid-Block (not related to intersection),18,"MOTOR VEHICLE STRUCK PEDALCYCLIST, FRONT END AT ANGLE",,N,Raining,Wet,Dark - Street Lights On,Y,,,6.0,Pedalcyclist Strikes Moving Vehicle,0,0,N,POINT (1268950.511472195 226064.2551955432),9591.0,1.6780158607627556e-05,Raining,2018-10-02,19:48:00,19.0,1,1,1.0,Raining
202360,306041,307321,3814426,Matched,Block,,10TH AVE E BETWEEN E BOSTON ST AND E LYNN ST,,,2,Injury Collision,Cycles,2,0,1,1,1,0,0,2018-10-23T00:00:00.000Z,10/23/2018 9:24:00 PM,Mid-Block (but intersection related),14,"MOTOR VEHICLE STRUCK MOTOR VEHICLE, REAR END",Y,N,Overcast,Wet,Dark - Street Lights On,,,,5.0,Vehicle Strikes Pedalcyclist,0,0,N,POINT (1273913.552501291 236618.430758357),22.0,2.8939394933405378e-05,Overcast,2018-10-23,21:24:00,21.0,1,1,0.0,Clear or Partly Cloudy
202362,306487,307767,E855478,Matched,Intersection,28913.0,MERCER ST AND TAYLOR AVE N,,,2,Injury Collision,Cycles,2,0,1,1,1,0,0,2018-10-30T00:00:00.000Z,10/30/2018 6:06:00 AM,At Intersection (intersection related),51,PEDALCYCLIST STRUCK MOTOR VEHICLE FRONT END AT ANGLE,,N,Clear or Partly Cloudy,Dry,Dark - Street Lights On,Y,,,6.0,Pedalcyclist Strikes Moving Vehicle,43201,0,N,POINT (1267352.501806572 231486.9510730952),6529.0,0.0,Clear or Partly Cloudy,2018-10-30,06:06:00,6.0,1,1,0.0,Clear or Partly Cloudy
202370,307043,308323,E798513,Matched,Intersection,29536.0,7TH AVE AND LENORA ST,,,2,Injury Collision,Cycles,2,0,1,1,1,0,0,2018-05-08T00:00:00.000Z,5/8/2018 12:21:00 PM,At Intersection (intersection related),18,"MOTOR VEHICLE STRUCK PEDALCYCLIST, FRONT END AT ANGLE",,N,Clear or Partly Cloudy,Dry,Daylight,,,,5.0,Vehicle Strikes Pedalcyclist,0,0,N,POINT (1269142.545712397 228265.8832937926),6026.0,0.0,Clear or Partly Cloudy,2018-05-08,12:21:00,12.0,1,1,0.0,Clear or Partly Cloudy
202386,302638,303878,E840106,Matched,Intersection,26801.0,WOODLAND PARK AVE N AND N 44TH ST,,,2,Injury Collision,Cycles,2,0,1,1,1,0,0,2018-09-02T00:00:00.000Z,9/2/2018 2:00:00 PM,At Intersection (intersection related),11,"MOTOR VEHICLE STRUCK MOTOR VEHICLE, FRONT END AT ANGLE",,N,Clear or Partly Cloudy,Dry,Daylight,,,,5.0,Vehicle Strikes Pedalcyclist,0,0,N,POINT (1268023.041583255 244389.3093583137),3839.0,0.0,Clear or Partly Cloudy,2018-09-02,14:00:00,14.0,6,0,0.0,Clear or Partly Cloudy
202409,303218,304458,E842827,Matched,Intersection,31242.0,S HOLGATE BR AND S HOLGATE ST,,,2,Injury Collision,Cycles,2,0,1,1,1,0,0,2018-09-25T00:00:00.000Z,9/25/2018 9:22:00 AM,At Intersection (intersection related),18,"MOTOR VEHICLE STRUCK PEDALCYCLIST, FRONT END AT ANGLE",,N,Clear or Partly Cloudy,Dry,Daylight,Y,,,6.0,Pedalcyclist Strikes Moving Vehicle,0,0,N,POINT (1272693.823028043 217352.3196346164),2206.0,0.0,Clear or Partly Cloudy,2018-09-25,09:22:00,9.0,1,1,1.0,Clear or Partly Cloudy
202422,302870,304110,3814222,Matched,Intersection,29839.0,12TH AVE AND E SPRUCE ST,,,2,Injury Collision,Cycles,2,0,1,1,1,0,0,2018-09-20T00:00:00.000Z,9/20/2018 6:55:00 AM,At Intersection (intersection related),51,PEDALCYCLIST STRUCK MOTOR VEHICLE FRONT END AT ANGLE,,N,Clear or Partly Cloudy,Dry,Dawn,,,,5.0,Vehicle Strikes Pedalcyclist,10560,0,N,POINT (1274474.081845865 223670.7575290948),1167.0,0.0,Clear or Partly Cloudy,2018-09-20,06:55:00,6.0,3,1,0.0,Clear or Partly Cloudy
202436,305339,306619,3550168,Matched,Block,,OCCIDENTAL AVE S BETWEEN EDGAR MARTINEZ DR S AND S MASSACHUSETTS ST,,,2,Injury Collision,Cycles,2,1,1,0,1,0,0,2018-09-29T00:00:00.000Z,9/29/2018 9:00:00 PM,Mid-Block (not related to intersection),64,PEDALCYCLIST STRUCK PEDESTRIAN,,N,Raining,Wet,Dark - Street Lights On,,,,7.0,Pedalcyclist Strikes Pedalcyclist or Pedestrian,0,0,N,POINT (1270307.449329585 218555.4459718615),874.0,1.877323440999805e-05,Raining,2018-09-29,21:00:00,21.0,5,0,0.0,Raining
202468,306492,307772,E855547,Matched,Intersection,36828.0,38TH AVE NE AND NE 115TH ST,,,2,Injury Collision,Cycles,3,0,1,1,1,0,0,2018-10-23T00:00:00.000Z,10/23/2018 7:47:00 AM,At Intersection (intersection related),18,"MOTOR VEHICLE STRUCK PEDALCYCLIST, FRONT END AT ANGLE",,N,Fog/Smog/Smoke,Dry,Daylight,,,,6.0,Pedalcyclist Strikes Moving Vehicle,0,0,N,POINT (1282328.348989904 263071.5931534469),4111.0,0.0,Raining,2018-10-23,07:47:00,7.0,1,1,1.0,Raining
202517,307052,308332,3578642,Matched,Block,,E CHERRY ST BETWEEN 21ST AVE AND 22ND AVE,,,2,Injury Collision,Cycles,2,0,1,1,1,0,0,2018-11-15T00:00:00.000Z,11/15/2018 8:00:00 AM,Mid-Block (not related to intersection),18,"MOTOR VEHICLE STRUCK PEDALCYCLIST, FRONT END AT ANGLE",Y,N,Clear or Partly Cloudy,Dry,Dawn,,,,5.0,Vehicle Strikes Pedalcyclist,0,0,N,POINT (1277565.992889032 225252.5464587063),3864.0,7.281927870612042e-09,Clear or Partly Cloudy,2018-11-15,08:00:00,8.0,3,1,1.0,Clear or Partly Cloudy
202537,303847,305107,E805916,Matched,Intersection,29916.0,8TH AVE AND SENECA ST,,,2,Injury Collision,Cycles,2,0,1,1,1,0,0,2018-04-24T00:00:00.000Z,4/24/2018 6:47:00 AM,At Intersection (intersection related),18,"MOTOR VEHICLE STRUCK PEDALCYCLIST, FRONT END AT ANGLE",Y,N,Clear or Partly Cloudy,Dry,Daylight,,,,5.0,Vehicle Strikes Pedalcyclist,0,0,N,POINT (1271310.37982662 225869.0825233459),3756.0,0.0,Clear or Partly Cloudy,2018-04-24,06:47:00,6.0,1,1,0.0,Clear or Partly Cloudy
202540,302880,304120,E839311,Matched,Intersection,30754.0,20TH AVE S AND S JACKSON ST,,,2,Injury Collision,Cycles,2,0,1,1,1,0,0,2018-09-17T00:00:00.000Z,9/17/2018 5:25:00 PM,At Intersection (intersection related),51,PEDALCYCLIST STRUCK MOTOR VEHICLE FRONT END AT ANGLE,,N,Clear or Partly Cloudy,Dry,Daylight,,,,5.0,Vehicle Strikes Pedalcyclist,11045,521197,N,POINT (1277015.601720467 222067.9451114535),5246.0,0.0,Clear or Partly Cloudy,2018-09-17,17:25:00,17.0,0,1,1.0,Clear or Partly Cloudy
202568,305352,306632,3591220,Matched,Intersection,25789.0,ROOSEVELT WAY NE AND NE 50TH ST,,,2b,Serious Injury Collision,Cycles,4,1,1,2,2,1,0,2018-10-12T00:00:00.000Z,10/12/2018 8:28:00 AM,At Intersection (intersection related),51,PEDALCYCLIST STRUCK MOTOR VEHICLE FRONT END AT ANGLE,,N,Clear or Partly Cloudy,Dry,Daylight,Y,,,5.0,Vehicle Strikes Pedalcyclist,45627,0,N,POINT (1274752.641334146 246074.6052320302),7253.0,0.0,Clear or Partly Cloudy,2018-10-12,08:28:00,8.0,4,1,1.0,Clear or Partly Cloudy
202599,305353,306633,3705967,Matched,Intersection,26886.0,STONE WAY N AND N 36TH ST,,,2,Injury Collision,Cycles,2,0,1,1,1,0,0,2018-10-11T00:00:00.000Z,10/11/2018 8:41:00 AM,At Intersection (intersection related),51,PEDALCYCLIST STRUCK MOTOR VEHICLE FRONT END AT ANGLE,,N,Fog/Smog/Smoke,Dry,Daylight,,,,6.0,Pedalcyclist Strikes Moving Vehicle,0,0,N,POINT (1268422.925103664 240942.7122347802),1227.0,0.0,Raining,2018-10-11,08:41:00,8.0,3,1,1.0,Raining
202604,306308,307588,3811684,Matched,Intersection,25949.0,25TH AVE NE AND NE BLAKELEY ST,,,2,Injury Collision,Cycles,2,0,1,1,1,0,0,2018-08-30T00:00:00.000Z,8/30/2018 8:00:00 AM,At Intersection (intersection related),18,"MOTOR VEHICLE STRUCK PEDALCYCLIST, FRONT END AT ANGLE",,Y,Clear or Partly Cloudy,Dry,Daylight,,,,5.0,Vehicle Strikes Pedalcyclist,0,0,N,POINT (1278900.484922394 246480.058544457),210.0,0.0,Clear or Partly Cloudy,2018-08-30,08:00:00,8.0,3,1,1.0,Clear or Partly Cloudy
202625,305723,307003,3814957,Matched,Block,,M L KING JR ER WAY S BETWEEN S FERDINAND ST AND S HUDSON ST,,,2,Injury Collision,Cycles,3,0,1,1,1,0,0,2018-09-29T00:00:00.000Z,9/29/2018 11:56:00 AM,Mid-Block (not related to intersection),24,MOTOR VEHCILE STRUCK PEDESTRIAN,,N,Clear or Partly Cloudy,Dry,Daylight,Y,,,6.0,Pedalcyclist Strikes Moving Vehicle,0,0,N,POINT (1280476.802492008 206755.2206797749),20419.0,1.950626591487317e-07,Clear or Partly Cloudy,2018-09-29,11:56:00,11.0,5,0,0.0,Clear or Partly Cloudy
202704,305362,306642,3811982,Matched,Intersection,29521.0,8TH AVE AND BLANCHARD ST,,,2,Injury Collision,Cycles,3,0,1,1,1,0,0,2018-10-13T00:00:00.000Z,10/13/2018 8:09:00 PM,At Intersection (intersection related),18,"MOTOR VEHICLE STRUCK PEDALCYCLIST, FRONT END AT ANGLE",Y,N,Clear or Partly Cloudy,Dry,Dark - Street Lights Off,,,,5.0,Vehicle Strikes Pedalcyclist,0,0,N,POINT (1269043.766320303 228790.8473903388),6045.0,0.0,Clear or Partly Cloudy,2018-10-13,20:09:00,20.0,5,0,0.0,Clear or Partly Cloudy
202707,305358,306638,3756147,Matched,Intersection,32712.0,38TH AVE S AND S GENESEE ST,,,2,Injury Collision,Cycles,2,0,1,1,1,0,0,2018-10-05T00:00:00.000Z,10/5/2018 4:50:00 PM,At Intersection (intersection related),18,"MOTOR VEHICLE STRUCK PEDALCYCLIST, FRONT END AT ANGLE",,N,Raining,Wet,Daylight,,,,5.0,Vehicle Strikes Pedalcyclist,0,0,N,POINT (1282052.29599762 209154.6553702354),5682.0,0.0,Raining,2018-10-05,16:50:00,16.0,4,1,1.0,Raining
202725,305363,306643,3814047,Matched,Intersection,29961.0,8TH AVE AND JAMES ST,,,2,Injury Collision,Cycles,2,0,1,1,1,0,0,2018-10-11T00:00:00.000Z,10/11/2018 9:25:00 AM,At Intersection (intersection related),18,"MOTOR VEHICLE STRUCK PEDALCYCLIST, FRONT END AT ANGLE",Y,N,Clear or Partly Cloudy,Dry,Daylight,Y,,,5.0,Vehicle Strikes Pedalcyclist,0,0,N,POINT (1272246.090035573 224288.7625217289),6042.0,0.0,Clear or Partly Cloudy,2018-10-11,09:25:00,9.0,3,1,1.0,Clear or Partly Cloudy
202741,306519,307799,E856609,Matched,Intersection,27935.0,12TH AVE W AND GILMAN DR W,,,2,Injury Collision,Cycles,2,0,1,1,1,0,0,2018-10-18T00:00:00.000Z,10/18/2018 1:54:00 PM,At Intersection (intersection related),51,PEDALCYCLIST STRUCK MOTOR VEHICLE FRONT END AT ANGLE,,N,Clear or Partly Cloudy,Dry,Daylight,,,,5.0,Vehicle Strikes Pedalcyclist,0,0,N,POINT (1260920.826151982 236651.9784063846),53.0,0.0,Clear or Partly Cloudy,2018-10-18,13:54:00,13.0,3,1,0.0,Clear or Partly Cloudy
202758,305909,307189,3811453,Matched,Block,,2ND AVE BETWEEN PIKE ST AND PINE ST,,,2,Injury Collision,Cycles,2,0,1,1,1,0,0,2018-10-18T00:00:00.000Z,10/18/2018 6:04:00 PM,Mid-Block (not related to intersection),11,"MOTOR VEHICLE STRUCK MOTOR VEHICLE, FRONT END AT ANGLE",,N,Clear or Partly Cloudy,Dry,Dusk,,,,6.0,Pedalcyclist Strikes Moving Vehicle,0,0,N,POINT (1268950.511472195 226064.2551955432),9591.0,1.6780158607627556e-05,Clear or Partly Cloudy,2018-10-18,18:04:00,18.0,3,1,1.0,Clear or Partly Cloudy
202781,307074,308354,E860889,Matched,Intersection,29603.0,2ND AVE AND UNIVERSITY ST,,,2,Injury Collision,Cycles,2,0,1,1,1,0,0,2018-11-14T00:00:00.000Z,11/14/2018 3:46:00 PM,At Intersection (intersection related),18,"MOTOR VEHICLE STRUCK PEDALCYCLIST, FRONT END AT ANGLE",,N,Clear or Partly Cloudy,Dry,Daylight,,,,5.0,Vehicle Strikes Pedalcyclist,0,0,N,POINT (1269492.709168762 225148.3088906109),2490.0,0.0,Clear or Partly Cloudy,2018-11-14,15:46:00,15.0,2,1,1.0,Clear or Partly Cloudy
202844,305562,306842,3814273,Matched,Block,,E PINE ST BETWEEN 12TH AVE AND 13TH AVE,,,2,Injury Collision,Cycles,2,0,1,1,1,0,0,2018-09-28T00:00:00.000Z,9/28/2018 8:05:00 AM,Mid-Block (not related to intersection),54,PEDALCYCLIST STRUCK MOTOR VEHICLE REAR END,,N,Clear or Partly Cloudy,Dry,Daylight,,,,8.0,Pedalcyclist All Other Involvements ONE UNIT - PEDALCYCLIST ONLY or PEDALCYCLIST STR,0,0,N,POINT (1274699.28946209 227954.745821476),3935.0,1.7805189849464034e-05,Clear or Partly Cloudy,2018-09-28,08:05:00,8.0,4,1,1.0,Clear or Partly Cloudy
202865,305384,306664,E848013,Matched,Intersection,27039.0,FREMONT AVE N AND N 34TH ST,,,2,Injury Collision,Cycles,2,0,1,1,1,0,0,2018-09-24T00:00:00.000Z,9/24/2018 2:58:00 PM,At Intersection (intersection related),18,"MOTOR VEHICLE STRUCK PEDALCYCLIST, FRONT END AT ANGLE",Y,N,Clear or Partly Cloudy,Dry,Daylight,,,,5.0,Vehicle Strikes Pedalcyclist,0,0,N,POINT (1266674.116909876 240632.7658664584),1223.0,0.0,Clear or Partly Cloudy,2018-09-24,14:58:00,14.0,0,1,0.0,Clear or Partly Cloudy