OBJECTID,INCKEY,COLDETKEY,REPORTNO,STATUS,ADDRTYPE,INTKEY,LOCATION,EXCEPTRSNC,EXCEPTRSND,SEVERITYCO,SEVERITYDE,COLLISIONT,PERSONCOUN,PEDCOUNT,PEDCYLCOUN,VEHCOUNT,INJURIES,SERIOUSINJ,FATALITIES,INCDATE,INCDTTM,JUNCTIONTY,SDOT_COLCO,SDOT_COLDE,INATTENTIO,UNDERINFL,WEATHER,ROADCOND,LIGHTCOND,PEDROWNOTG,SDOTCOLNUM,SPEEDING,ST_COLCODE,ST_COLDESC,SEGLANEKEY,CROSSWALKK,HITPARKEDC,geometry,near_str_index,min_length,weather_group,date,time,hour,dayofweek,weekday,rushhour,weather_group2
202909,305738,307018,3330781,Matched,Block,,8TH AVE BETWEEN PINE ST AND OLIVE WAY,,,2,Injury Collision,Cycles,1,0,1,0,1,0,0,2018-10-10T00:00:00.000Z,10/10/2018 8:55:00 AM,Mid-Block (not related to intersection),22,"MOTOR VEHICLE STRUCK PEDALCYCLIST, RIGHT SIDE SIDESWIPE",,N,Clear or Partly Cloudy,Dry,Daylight,,,,8.0,Pedalcyclist All Other Involvements ONE UNIT - PEDALCYCLIST ONLY or PEDALCYCLIST STR,0,0,N,POINT (1270395.530161679 227414.9832609296),6044.0,1.1666863453267258e-05,Clear or Partly Cloudy,2018-10-10,08:55:00,8.0,2,1,1.0,Clear or Partly Cloudy
202982,305581,306861,E849656,Matched,Intersection,30368.0,1ST AVE S AND S KING ST,,,2,Injury Collision,Cycles,2,0,1,1,1,0,0,2018-10-12T00:00:00.000Z,10/12/2018 7:11:00 AM,At Intersection (intersection related),51,PEDALCYCLIST STRUCK MOTOR VEHICLE FRONT END AT ANGLE,Y,N,Overcast,Dry,Daylight,,,,5.0,Vehicle Strikes Pedalcyclist,0,0,N,POINT (1270142.79889743 221849.4258152246),1815.0,0.0,Overcast,2018-10-12,07:11:00,7.0,4,1,1.0,Clear or Partly Cloudy
204009,306980,308260,E860232,Matched,Intersection,24695.0,25TH AVE NE AND NE 65TH ST,,,1,Property Damage Only Collision,Cycles,2,0,1,1,0,0,0,2018-11-09T00:00:00.000Z,11/9/2018 8:33:00 AM,At Intersection (intersection related),18,"MOTOR VEHICLE STRUCK PEDALCYCLIST, FRONT END AT ANGLE",,N,Clear or Partly Cloudy,Dry,Daylight,,,,5.0,Vehicle Strikes Pedalcyclist,0,0,N,POINT (1278955.132730454 249947.6591880023),1449.0,0.0,Clear or Partly Cloudy,2018-11-09,08:33:00,8.0,4,1,1.0,Clear or Partly Cloudy
204029,307169,308449,3814390,Matched,Intersection,30146.0,20TH AVE AND E UNION ST,,,2,Injury Collision,Cycles,2,0,1,1,1,0,0,2018-11-26T00:00:00.000Z,11/26/2018 8:23:00 PM,At Intersection (intersection related),18,"MOTOR VEHICLE STRUCK PEDALCYCLIST, FRONT END AT ANGLE",Y,N,Raining,Wet,Dark - Street Lights On,,,,5.0,Vehicle Strikes Pedalcyclist,0,0,N,POINT (1277138.407224581 227047.3442845494),12713.0,0.0,Raining,2018-11-26,20:23:00,20.0,0,1,0.0,Raining
204072,308117,309397,E869065,Matched,Block,,MONTLAKE BLVD E BETWEEN MONTLAKE BV ON RP AND E HAMLIN ST,,,2,Injury Collision,Cycles,2,0,1,1,1,0,0,2018-11-29T00:00:00.000Z,11/29/2018 2:34:00 PM,Driveway Junction,18,"MOTOR VEHICLE STRUCK PEDALCYCLIST, FRONT END AT ANGLE",,N,Clear or Partly Cloudy,Wet,Daylight,,,,5.0,Vehicle Strikes Pedalcyclist,0,0,N,POINT (1277767.391161233 238892.5713046789),3678.0,0.0,Clear or Partly Cloudy,2018-11-29,14:34:00,14.0,3,1,0.0,Clear or Partly Cloudy
204130,308463,309743,E870929,Matched,Block,,8TH AVE BETWEEN OLIVE WAY AND STEWART ST,,,2,Injury Collision,Cycles,2,0,1,1,1,0,0,2018-12-05T00:00:00.000Z,12/5/2018 12:00:00 PM,Driveway Junction,18,"MOTOR VEHICLE STRUCK PEDALCYCLIST, FRONT END AT ANGLE",Y,N,Clear or Partly Cloudy,Dry,Daylight,,,,6.0,Pedalcyclist Strikes Moving Vehicle,0,0,N,POINT (1270138.091249421 227764.5553572923),11873.0,3.017830789670348e-05,Clear or Partly Cloudy,2018-12-05,12:00:00,12.0,2,1,0.0,Clear or Partly Cloudy
204325,307967,309247,E868404,Matched,Intersection,27149.0,15TH AVE NE AND NE PACIFIC ST,,,2,Injury Collision,Cycles,4,0,1,1,1,0,0,2018-12-05T00:00:00.000Z,12/5/2018 10:28:00 AM,At Intersection (intersection related),18,"MOTOR VEHICLE STRUCK PEDALCYCLIST, FRONT END AT ANGLE",,N,Clear or Partly Cloudy,Dry,Daylight,,,,5.0,Vehicle Strikes Pedalcyclist,0,520838,N,POINT (1275885.728567302 241688.8779955506),1534.0,0.0,Clear or Partly Cloudy,2018-12-05,10:28:00,10.0,2,1,0.0,Clear or Partly Cloudy
204415,311677,313037,E885439,Matched,Block,,LAKEVIEW BLVD E BETWEEN EASTLAKE AVE E AND BELMONT AVE E,,,2,Injury Collision,Cycles,2,0,1,1,1,0,0,2019-01-23T00:00:00.000Z,1/23/2019 9:13:00 AM,Mid-Block (but intersection related),51,PEDALCYCLIST STRUCK MOTOR VEHICLE FRONT END AT ANGLE,,N,Raining,Wet,Daylight,,,,6.0,Pedalcyclist Strikes Moving Vehicle,11583,0,N,POINT (1271617.771314934 232376.3025620133),17954.0,1.2257533253817442e-05,Raining,2019-01-23,09:13:00,9.0,2,1,1.0,Raining
204426,309286,310566,E860808,Matched,Intersection,29859.0,BELMONT AVE AND E PINE ST,,,2,Injury Collision,Cycles,2,0,1,1,1,0,0,2018-10-28T00:00:00.000Z,10/28/2018 6:40:00 PM,At Intersection (intersection related),18,"MOTOR VEHICLE STRUCK PEDALCYCLIST, FRONT END AT ANGLE",,N,Clear or Partly Cloudy,Wet,Dark - Street Lights On,,,,5.0,Vehicle Strikes Pedalcyclist,0,0,N,POINT (1272659.811123997 227978.3315495104),6178.0,0.0,Clear or Partly Cloudy,2018-10-28,18:40:00,18.0,6,0,1.0,Clear or Partly Cloudy
204469,307973,309253,E868716,Matched,Intersection,589793.0,9TH AVE N AND MERCER NR ST,,,2,Injury Collision,Cycles,2,0,1,1,1,0,0,2018-12-03T00:00:00.000Z,12/3/2018 10:07:00 AM,At Intersection (intersection related),18,"MOTOR VEHICLE STRUCK PEDALCYCLIST, FRONT END AT ANGLE",,N,Clear or Partly Cloudy,Dry,Daylight,,,,6.0,Pedalcyclist Strikes Moving Vehicle,0,522444,N,POINT (1268962.123568222 231502.3666251153),4920.0,0.0,Clear or Partly Cloudy,2018-12-03,10:07:00,10.0,0,1,0.0,Clear or Partly Cloudy
204486,307981,309261,E869064,Matched,Intersection,28375.0,24TH AVE E AND BOYER AVE E,,,2,Injury Collision,Cycles,2,0,1,1,1,0,0,2018-11-22T00:00:00.000Z,11/22/2018 4:23:00 PM,At Intersection (intersection related),18,"MOTOR VEHICLE STRUCK PEDALCYCLIST, FRONT END AT ANGLE",,N,Raining,Wet,Dusk,,,,5.0,Vehicle Strikes Pedalcyclist,0,0,N,POINT (1278448.004665926 235170.6751088649),643.0,0.0,Raining,2018-11-22,16:23:00,16.0,3,1,1.0,Raining
204496,308918,310198,E874939,Matched,Block,,DEXTER AVE N BETWEEN GARFIELD S ST AND GARFIELD N ST,,,2,Injury Collision,Cycles,2,0,1,1,1,0,0,2018-12-20T00:00:00.000Z,12/20/2018 7:45:00 AM,Driveway Junction,18,"MOTOR VEHICLE STRUCK PEDALCYCLIST, FRONT END AT ANGLE",Y,N,Raining,Wet,Daylight,,,,6.0,Pedalcyclist Strikes Moving Vehicle,0,0,N,POINT (1268396.538671643 234622.8654443026),3491.0,7.588287508342004e-09,Raining,2018-12-20,07:45:00,7.0,3,1,1.0,Raining
204511,308881,310161,E874935,Matched,Block,,S KING ST BETWEEN 1ST AVE S AND OCCIDENTAL W AVE S,,,2,Injury Collision,Cycles,2,0,1,1,1,0,0,2018-12-11T00:00:00.000Z,12/11/2018 9:54:00 AM,Mid-Block (not related to intersection),18,"MOTOR VEHICLE STRUCK PEDALCYCLIST, FRONT END AT ANGLE",Y,N,Raining,Wet,Daylight,,,,5.0,Vehicle Strikes Pedalcyclist,0,0,N,POINT (1270256.966321543 221846.9387752265),22114.0,1.920780667980011e-05,Raining,2018-12-11,09:54:00,9.0,1,1,1.0,Raining
204573,307203,308483,E863229,Matched,Intersection,29086.0,BELMONT AVE E AND LAKEVIEW BLVD E,,,2,Injury Collision,Cycles,2,0,1,1,1,0,0,2018-11-08T00:00:00.000Z,11/8/2018 5:43:00 PM,At Intersection (intersection related),51,PEDALCYCLIST STRUCK MOTOR VEHICLE FRONT END AT ANGLE,,N,Clear or Partly Cloudy,Dry,Dark - Street Lights On,,,,5.0,Vehicle Strikes Pedalcyclist,0,0,N,POINT (1272104.67205143 232768.242594406),17954.0,0.0,Clear or Partly Cloudy,2018-11-08,17:43:00,17.0,3,1,1.0,Clear or Partly Cloudy
204588,308161,309441,3746025,Matched,Intersection,32833.0,35TH AVE SW AND SW RAYMOND ST,,,1,Property Damage Only Collision,Cycles,2,0,1,1,0,0,0,2018-12-11T00:00:00.000Z,12/11/2018 3:21:00 PM,At Intersection (intersection related),51,PEDALCYCLIST STRUCK MOTOR VEHICLE FRONT END AT ANGLE,,N,Raining,Wet,Dark - Street Lights On,Y,,,5.0,Vehicle Strikes Pedalcyclist,0,0,N,POINT (1259372.972070396 203832.0666927844),2866.0,0.0,Raining,2018-12-11,15:21:00,15.0,1,1,1.0,Raining
204635,309309,310589,E881913,Matched,Intersection,27043.0,TROLL AVE N AND N 34TH ST,,,1,Property Damage Only Collision,Cycles,2,0,1,1,0,0,0,2019-01-04T00:00:00.000Z,1/4/2019 5:56:00 PM,At Intersection (intersection related),18,"MOTOR VEHICLE STRUCK PEDALCYCLIST, FRONT END AT ANGLE",,N,Overcast,Dry,Dark - Street Lights On,,,,5.0,Vehicle Strikes Pedalcyclist,0,0,N,POINT (1267245.477678463 240493.9652263224),1223.0,0.0,Overcast,2019-01-04,17:56:00,17.0,4,1,1.0,Clear or Partly Cloudy
204650,308511,309791,3812485,Matched,Intersection,29870.0,9TH AVE AND OLIVE WAY,,,1,Property Damage Only Collision,Cycles,2,0,1,1,0,0,0,2018-12-19T00:00:00.000Z,12/19/2018 12:00:00 PM,At Intersection (intersection related),51,PEDALCYCLIST STRUCK MOTOR VEHICLE FRONT END AT ANGLE,Y,N,Overcast,Unknown,Daylight,,,,5.0,Vehicle Strikes Pedalcyclist,0,0,N,POINT (1270564.238385856 227762.2340132892),584.0,0.0,Overcast,2018-12-19,12:00:00,12.0,2,1,0.0,Clear or Partly Cloudy
204686,309514,310794,3810083,Matched,Intersection,24349.0,GREENWOOD AVE N AND N 68TH ST,,,2,Injury Collision,Cycles,2,0,1,1,1,0,0,2019-01-15T00:00:00.000Z,1/15/2019 4:48:00 PM,At Intersection (intersection related),51,PEDALCYCLIST STRUCK MOTOR VEHICLE FRONT END AT ANGLE,,N,Clear or Partly Cloudy,Dry,Dusk,,,,5.0,Vehicle Strikes Pedalcyclist,4308,0,N,POINT (1265511.903788686 251288.7172373682),16695.0,0.0,Clear or Partly Cloudy,2019-01-15,16:48:00,16.0,1,1,1.0,Clear or Partly Cloudy
204691,310913,312233,3752432,Matched,Intersection,35066.0,8TH AVE SW AND SW ROXBURY ST,,,2,Injury Collision,Cycles,2,0,1,1,1,0,0,2019-01-18T00:00:00.000Z,1/18/2019 3:38:00 PM,At Intersection (intersection related),18,"MOTOR VEHICLE STRUCK PEDALCYCLIST, FRONT END AT ANGLE",,N,Overcast,Wet,Daylight,,,,5.0,Vehicle Strikes Pedalcyclist,0,521998,N,POINT (1266791.68567799 192367.6872890443),2043.0,0.0,Overcast,2019-01-18,15:38:00,15.0,4,1,1.0,Clear or Partly Cloudy
204760,307833,309113,3811238,Matched,Intersection,28744.0,WESTLAKE AVE N AND VALLEY ST,,,2,Injury Collision,Cycles,2,0,1,1,1,0,0,2018-11-28T00:00:00.000Z,11/28/2018 4:51:00 AM,At Intersection (intersection related),18,"MOTOR VEHICLE STRUCK PEDALCYCLIST, FRONT END AT ANGLE",,N,Raining,Wet,Dark - Street Lights On,,,,6.0,Pedalcyclist Strikes Moving Vehicle,0,0,N,POINT (1269242.945584506 231901.4393935204),3828.0,0.0,Raining,2018-11-28,04:51:00,4.0,2,1,0.0,Raining
204789,308722,310002,E874087,Matched,Block,,DEXTER AVE N BETWEEN 4TH S AVE N AND WESTLAKE AVE N,,,2,Injury Collision,Rear Ended,4,0,2,2,1,0,0,2018-12-10T00:00:00.000Z,12/10/2018 5:24:00 PM,Mid-Block (but intersection related),14,"MOTOR VEHICLE STRUCK MOTOR VEHICLE, REAR END",Y,N,Overcast,Dry,Dark - Street Lights On,,,,14.0,From same direction - both going straight - one stopped - rear-end,0,0,N,POINT (1266671.273261875 239292.6068250835),18940.0,6.826981298624172e-06,Overcast,2018-12-10,17:24:00,17.0,0,1,1.0,Clear or Partly Cloudy
204793,309118,310398,E858620,Matched,Block,,20TH AVE BETWEEN E UNION ST AND E PINE ST,NEI,"Not Enough Information, or Insufficient Location Information",1,Property Damage Only Collision,Cycles,2,0,1,1,0,0,0,2018-11-08T00:00:00.000Z,11/8/2018 5:15:00 PM,Mid-Block (not related to intersection),0,NOT ENOUGH INFORMATION / NOT APPLICABLE,,N,Clear or Partly Cloudy,Dry,Unknown,,,,5.0,Vehicle Strikes Pedalcyclist,0,0,N,POINT (1277154.094392598 227478.6439969987),14597.0,1.914266009584744e-05,Clear or Partly Cloudy,2018-11-08,17:15:00,17.0,3,1,1.0,Clear or Partly Cloudy
204832,310926,312246,3814536,Matched,Intersection,29907.0,BOREN AVE AND SENECA ST,,,1,Property Damage Only Collision,Cycles,2,0,1,1,0,0,0,2019-01-16T00:00:00.000Z,1/16/2019 4:07:00 PM,At Intersection (intersection related),51,PEDALCYCLIST STRUCK MOTOR VEHICLE FRONT END AT ANGLE,Y,N,Clear or Partly Cloudy,Dry,Daylight,Y,,,5.0,Vehicle Strikes Pedalcyclist,0,0,N,POINT (1272142.052147478 226361.3700118512),6663.0,0.0,Clear or Partly Cloudy,2019-01-16,16:07:00,16.0,2,1,1.0,Clear or Partly Cloudy
204834,310925,312245,3812606,Matched,Intersection,28632.0,MERCER ST AND QUEEN ANNE AVE N,,,2,Injury Collision,Cycles,2,0,1,1,1,0,0,2019-01-18T00:00:00.000Z,1/18/2019 5:30:00 PM,At Intersection (intersection related),18,"MOTOR VEHICLE STRUCK PEDALCYCLIST, FRONT END AT ANGLE",Y,N,Raining,Wet,Dark - Street Lights On,,,,5.0,Vehicle Strikes Pedalcyclist,0,0,N,POINT (1264777.956907928 231546.8404811621),904.0,0.0,Raining,2019-01-18,17:30:00,17.0,4,1,1.0,Raining
204885,308182,309462,E871199,Matched,Intersection,27162.0,HARVARD AVE E AND E ALLISON ST,,,2b,Serious Injury Collision,Cycles,2,0,1,1,1,1,0,2018-12-07T00:00:00.000Z,12/7/2018 9:24:00 AM,At Intersection (intersection related),51,PEDALCYCLIST STRUCK MOTOR VEHICLE FRONT END AT ANGLE,Y,N,Clear or Partly Cloudy,Dry,Daylight,,,,5.0,Vehicle Strikes Pedalcyclist,6051,0,N,POINT (1273481.408564836 240179.1131300032),762.0,0.0,Clear or Partly Cloudy,2018-12-07,09:24:00,9.0,4,1,1.0,Clear or Partly Cloudy
204922,309131,310411,E858811,Matched,Intersection,27149.0,15TH AVE NE AND NE PACIFIC ST,,,2,Injury Collision,Cycles,3,0,1,1,1,0,0,2018-11-06T00:00:00.000Z,11/6/2018 3:26:00 PM,At Intersection (intersection related),18,"MOTOR VEHICLE STRUCK PEDALCYCLIST, FRONT END AT ANGLE",,N,Clear or Partly Cloudy,Dry,Daylight,,,,5.0,Vehicle Strikes Pedalcyclist,0,0,N,POINT (1275885.728567302 241688.8779955506),1534.0,0.0,Clear or Partly Cloudy,2018-11-06,15:26:00,15.0,1,1,1.0,Clear or Partly Cloudy
204927,309126,310406,E858803,Matched,Intersection,25152.0,20TH AVE NW AND NW MARKET ST,,,2,Injury Collision,Cycles,3,0,1,1,1,0,0,2018-11-05T00:00:00.000Z,11/5/2018 11:53:00 AM,At Intersection (intersection related),18,"MOTOR VEHICLE STRUCK PEDALCYCLIST, FRONT END AT ANGLE",,N,Clear or Partly Cloudy,Dry,Daylight,,,,5.0,Vehicle Strikes Pedalcyclist,0,0,N,POINT (1258834.132005841 247752.2459377497),1668.0,0.0,Clear or Partly Cloudy,2018-11-05,11:53:00,11.0,0,1,0.0,Clear or Partly Cloudy
204967,309530,310810,E869835,Matched,Intersection,33026.0,1ST AVE S AND S DAWSON ST,,,1,Property Damage Only Collision,Cycles,2,0,1,1,0,0,0,2018-11-14T00:00:00.000Z,11/14/2018 12:08:00 PM,At Intersection (intersection related),18,"MOTOR VEHICLE STRUCK PEDALCYCLIST, FRONT END AT ANGLE",,N,Raining,Wet,Daylight,,,,5.0,Vehicle Strikes Pedalcyclist,0,0,N,POINT (1269833.799985111 206303.0529353023),4975.0,0.0,Raining,2018-11-14,12:08:00,12.0,2,1,0.0,Raining
203011,305749,307029,3756036,Matched,Block,,5TH AVE BETWEEN SPRING ST AND SENECA ST,,,2,Injury Collision,Sideswipe,4,0,1,1,1,0,0,2018-10-11T00:00:00.000Z,10/11/2018 5:14:00 PM,Mid-Block (not related to intersection),14,"MOTOR VEHICLE STRUCK MOTOR VEHICLE, REAR END",,N,Clear or Partly Cloudy,Dry,Daylight,,,,12.0,From same direction - both going straight - one stopped - sideswipe,0,0,N,POINT (1270557.812401846 225245.666714713),14245.0,2.614208950965105e-09,Clear or Partly Cloudy,2018-10-11,17:14:00,17.0,3,1,1.0,Clear or Partly Cloudy
203014,304511,305771,E836068,Matched,Intersection,37430.0,DAYTON AVE N AND N 92ND ST,,,2,Injury Collision,Cycles,2,0,1,1,1,0,0,2018-08-02T00:00:00.000Z,8/2/2018 8:27:00 AM,At Intersection (intersection related),18,"MOTOR VEHICLE STRUCK PEDALCYCLIST, FRONT END AT ANGLE",,N,Clear or Partly Cloudy,Dry,Daylight,,,,5.0,Vehicle Strikes Pedalcyclist,0,0,N,POINT (1266288.91422148 257579.906747818),6277.0,0.0,Clear or Partly Cloudy,2018-08-02,08:27:00,8.0,3,1,1.0,Clear or Partly Cloudy
203064,307106,308386,E861130,Matched,Block,,5TH AVE NE BETWEEN NE 71ST ST AND NE 72ND ST,,,2,Injury Collision,Cycles,2,0,1,1,1,0,0,2018-11-09T00:00:00.000Z,11/9/2018 4:52:00 PM,Mid-Block (not related to intersection),18,"MOTOR VEHICLE STRUCK PEDALCYCLIST, FRONT END AT ANGLE",Y,N,Overcast,Dry,Dark - Street Lights On,,,,6.0,Pedalcyclist Strikes Moving Vehicle,0,0,N,POINT (1273517.188404873 251784.309429884),9689.0,1.7466961944254702e-05,Overcast,2018-11-09,16:52:00,16.0,4,1,1.0,Clear or Partly Cloudy
203100,303979,305239,3811438,Matched,Intersection,29168.0,DENNY WAY AND STEWART ST,,,2,Injury Collision,Cycles,2,0,1,1,1,0,0,2018-10-02T00:00:00.000Z,10/2/2018 7:28:00 AM,At Intersection (intersection related),18,"MOTOR VEHICLE STRUCK PEDALCYCLIST, FRONT END AT ANGLE",,N,Clear or Partly Cloudy,Dry,Daylight,,,,6.0,Pedalcyclist Strikes Moving Vehicle,0,0,N,POINT (1271141.683762446 229199.6351027489),14776.0,0.0,Clear or Partly Cloudy,2018-10-02,07:28:00,7.0,1,1,1.0,Clear or Partly Cloudy
203152,304560,305820,3767482,Matched,Block,,LINDEN AVE N BETWEEN N 130TH ST AND N 135TH ST,,,2,Injury Collision,Cycles,2,0,1,1,1,0,0,2018-09-27T00:00:00.000Z,9/27/2018 6:32:00 AM,Driveway Junction,18,"MOTOR VEHICLE STRUCK PEDALCYCLIST, FRONT END AT ANGLE",,N,Clear or Partly Cloudy,Dry,Dawn,Y,,,5.0,Vehicle Strikes Pedalcyclist,40851,0,N,POINT (1267662.791086882 268139.4151106328),20586.0,2.602739777230382e-06,Clear or Partly Cloudy,2018-09-27,06:32:00,6.0,3,1,0.0,Clear or Partly Cloudy
203198,307109,308389,3811377,Matched,Block,,EASTLAKE AVE E BETWEEN E HAMLIN ST AND E SHELBY ST,,,1,Property Damage Only Collision,Cycles,2,0,1,1,0,0,0,2018-10-29T00:00:00.000Z,10/29/2018 6:08:00 PM,Mid-Block (not related to intersection),56,PEDALCYCLIST STRUCK MOTOR VEHICLE LEFT SIDE SIDESWIPE,,N,Clear or Partly Cloudy,Dry,Dusk,,,,5.0,Vehicle Strikes Pedalcyclist,0,0,N,POINT (1272702.002292037 239389.2466971874),17015.0,1.539284537724247e-05,Clear or Partly Cloudy,2018-10-29,18:08:00,18.0,0,1,1.0,Clear or Partly Cloudy
203231,304579,305839,3811602,Matched,Block,,ELLIOTT AVE W BETWEEN W MERCER ST AND W MERCER PL,,,2b,Serious Injury Collision,Cycles,2,0,1,1,1,1,0,2018-09-23T00:00:00.000Z,9/23/2018 4:53:00 PM,Driveway Junction,51,PEDALCYCLIST STRUCK MOTOR VEHICLE FRONT END AT ANGLE,,N,Clear or Partly Cloudy,Dry,Daylight,,,,5.0,Vehicle Strikes Pedalcyclist,0,0,N,POINT (1262242.290793329 231965.5804495811),21791.0,7.915761365491245e-06,Clear or Partly Cloudy,2018-09-23,16:53:00,16.0,6,0,1.0,Clear or Partly Cloudy
203394,304623,305883,E837350,Matched,Block,,VIRGINIA ST BETWEEN 3RD AVE AND 4TH AVE,NEI,"Not Enough Information, or Insufficient Location Information",2,Injury Collision,Cycles,2,0,1,1,1,0,0,2018-07-18T00:00:00.000Z,7/18/2018 2:55:00 PM,Mid-Block (not related to intersection),0,NOT ENOUGH INFORMATION / NOT APPLICABLE,,N,Unknown,Unknown,Daylight,,,,5.0,Vehicle Strikes Pedalcyclist,0,0,N,POINT (1268698.563247949 227144.9819166511),18051.0,6.21754121994438e-06,,2018-07-18,14:55:00,14.0,2,1,0.0,
203416,305777,307057,3693203,Matched,Intersection,29592.0,2ND AVE AND PIKE ST,,,2,Injury Collision,Cycles,2,0,1,1,1,0,0,2018-10-19T00:00:00.000Z,10/19/2018 10:00:00 PM,At Intersection (intersection related),18,"MOTOR VEHICLE STRUCK PEDALCYCLIST, FRONT END AT ANGLE",Y,N,Unknown,Dry,Dark - Street Lights On,,,,5.0,Vehicle Strikes Pedalcyclist,0,523691,N,POINT (1269058.773296311 225881.3874193579),135.0,0.0,,2018-10-19,22:00:00,22.0,4,1,0.0,
203436,305460,306740,3814196,Matched,Intersection,29055.0,12TH AVE E AND E JOHN ST,,,2,Injury Collision,Cycles,6,0,1,1,1,0,0,2018-10-13T00:00:00.000Z,10/13/2018 11:01:00 PM,At Intersection (intersection related),24,MOTOR VEHCILE STRUCK PEDESTRIAN,,N,Clear or Partly Cloudy,Dry,Dark - Street Lights On,,,,5.0,Vehicle Strikes Pedalcyclist,0,521047,N,POINT (1274553.345845938 229660.7164472342),10813.0,0.0,Clear or Partly Cloudy,2018-10-13,23:01:00,23.0,5,0,0.0,Clear or Partly Cloudy
203438,306180,307460,E854334,Matched,Block,,12TH AVE BETWEEN E JAMES CT AND E CHERRY ST,,,2,Injury Collision,Cycles,2,0,1,1,1,0,0,2018-10-03T00:00:00.000Z,10/3/2018 6:19:00 PM,Mid-Block (not related to intersection),18,"MOTOR VEHICLE STRUCK PEDALCYCLIST, FRONT END AT ANGLE",,N,Overcast,Dry,Dusk,,,,5.0,Vehicle Strikes Pedalcyclist,0,0,N,POINT (1274504.182645887 225212.4613386691),11653.0,3.047921913200608e-05,Overcast,2018-10-03,18:19:00,18.0,2,1,1.0,Clear or Partly Cloudy
203516,303479,304739,3811326,Matched,Block,,2ND AVE BETWEEN UNIVERSITY ST AND UNION ST,,,2,Injury Collision,Cycles,2,0,1,1,1,0,0,2018-09-24T00:00:00.000Z,9/24/2018 4:14:00 PM,Mid-Block (not related to intersection),18,"MOTOR VEHICLE STRUCK PEDALCYCLIST, FRONT END AT ANGLE",,N,Clear or Partly Cloudy,Dry,Daylight,,,,6.0,Pedalcyclist Strikes Moving Vehicle,0,0,N,POINT (1269384.209328651 225331.5899147987),16946.0,0.0,Clear or Partly Cloudy,2018-09-24,16:14:00,16.0,0,1,1.0,Clear or Partly Cloudy
203527,303019,304259,E839660,Matched,Intersection,35973.0,CORLISS AVE N AND N 128TH ST,,,2,Injury Collision,Cycles,2,0,1,1,1,0,0,2018-09-13T00:00:00.000Z,9/13/2018 5:59:00 PM,At Intersection (intersection related),51,PEDALCYCLIST STRUCK MOTOR VEHICLE FRONT END AT ANGLE,,N,Clear or Partly Cloudy,Dry,Daylight,,,,5.0,Vehicle Strikes Pedalcyclist,0,0,N,POINT (1271807.794995129 266945.7243574113),9034.0,0.0,Clear or Partly Cloudy,2018-09-13,17:59:00,17.0,3,1,1.0,Clear or Partly Cloudy
203546,304228,305468,3811769,Matched,Intersection,29562.0,2ND AVE AND VIRGINIA ST,,,2,Injury Collision,Cycles,2,0,1,1,1,0,0,2018-10-05T00:00:00.000Z,10/5/2018 6:38:00 PM,At Intersection (intersection related),18,"MOTOR VEHICLE STRUCK PEDALCYCLIST, FRONT END AT ANGLE",Y,N,Raining,Wet,Dark - Street Lights On,Y,,,5.0,Vehicle Strikes Pedalcyclist,12197,0,N,POINT (1268373.661231607 226787.9028762877),8939.0,0.0,Raining,2018-10-05,18:38:00,18.0,4,1,1.0,Raining
203579,306396,307676,3754917,Matched,Intersection,29955.0,6TH AVE AND COLUMBIA ST,,,2,Injury Collision,Cycles,4,0,1,1,1,0,0,2018-11-07T00:00:00.000Z,11/7/2018 4:35:00 PM,At Intersection (intersection related),51,PEDALCYCLIST STRUCK MOTOR VEHICLE FRONT END AT ANGLE,,N,Clear or Partly Cloudy,Dry,Daylight,,,,5.0,Vehicle Strikes Pedalcyclist,0,0,N,POINT (1271379.84107469 224487.7536259294),3198.0,0.0,Clear or Partly Cloudy,2018-11-07,16:35:00,16.0,2,1,1.0,Clear or Partly Cloudy
203581,306395,307675,3754916,Matched,Intersection,30474.0,DEARBORN ST OFF RP AND S DEARBORN ST,,,2,Injury Collision,Cycles,2,0,1,1,1,0,0,2018-11-06T00:00:00.000Z,11/6/2018 5:00:00 PM,At Intersection (intersection related),18,"MOTOR VEHICLE STRUCK PEDALCYCLIST, FRONT END AT ANGLE",Y,N,Clear or Partly Cloudy,Dry,Dark - Street Lights On,,,,5.0,Vehicle Strikes Pedalcyclist,5884,520802,N,POINT (1273819.595573187 220878.1180382371),7667.0,0.0,Clear or Partly Cloudy,2018-11-06,17:00:00,17.0,1,1,1.0,Clear or Partly Cloudy
203597,306599,307879,E844747,Matched,Intersection,24135.0,9TH AVE NW AND NW 80TH ST,,,2,Injury Collision,Cycles,2,0,1,1,1,0,0,2018-09-30T00:00:00.000Z,9/30/2018 5:20:00 PM,At Intersection (intersection related),18,"MOTOR VEHICLE STRUCK PEDALCYCLIST, FRONT END AT ANGLE",,N,Clear or Partly Cloudy,Dry,Daylight,,,,5.0,Vehicle Strikes Pedalcyclist,0,0,N,POINT (1262366.056233466 254339.2426805049),588.0,0.0,Clear or Partly Cloudy,2018-09-30,17:20:00,17.0,6,0,1.0,Clear or Partly Cloudy