OBJECTID,INCKEY,COLDETKEY,REPORTNO,STATUS,ADDRTYPE,INTKEY,LOCATION,EXCEPTRSNC,EXCEPTRSND,SEVERITYCO,SEVERITYDE,COLLISIONT,PERSONCOUN,PEDCOUNT,PEDCYLCOUN,VEHCOUNT,INJURIES,SERIOUSINJ,FATALITIES,INCDATE,INCDTTM,JUNCTIONTY,SDOT_COLCO,SDOT_COLDE,INATTENTIO,UNDERINFL,WEATHER,ROADCOND,LIGHTCOND,PEDROWNOTG,SDOTCOLNUM,SPEEDING,ST_COLCODE,ST_COLDESC,SEGLANEKEY,CROSSWALKK,HITPARKEDC,geometry,near_str_index,min_length,weather_group,date,time,hour,dayofweek,weekday,rushhour,weather_group2
203682,303083,304323,3751495,Matched,Block,,NE 45TH ST BETWEEN UNIVERSITY WAY NE AND 15TH AVE NE,,,2,Injury Collision,Cycles,2,0,1,1,1,0,0,2018-09-21T00:00:00.000Z,9/21/2018 3:05:00 PM,Mid-Block (not related to intersection),18,"MOTOR VEHICLE STRUCK PEDALCYCLIST, FRONT END AT ANGLE",Y,N,Clear or Partly Cloudy,Dry,Daylight,,,,5.0,Vehicle Strikes Pedalcyclist,0,0,N,POINT (1275919.362807333 244712.5918546468),16279.0,1.2081009833932566e-05,Clear or Partly Cloudy,2018-09-21,15:05:00,15.0,4,1,1.0,Clear or Partly Cloudy
203707,305972,307252,E853004,Matched,Intersection,30486.0,6TH AVE AND YESLER WAY,,,2,Injury Collision,Cycles,3,0,1,1,1,0,0,2018-10-19T00:00:00.000Z,10/19/2018 4:43:00 PM,At Intersection (intersection related),18,"MOTOR VEHICLE STRUCK PEDALCYCLIST, FRONT END AT ANGLE",,N,Clear or Partly Cloudy,Dry,Daylight,,,,6.0,Pedalcyclist Strikes Moving Vehicle,0,0,N,POINT (1272101.018675432 223058.4262644649),540.0,0.0,Clear or Partly Cloudy,2018-10-19,16:43:00,16.0,4,1,1.0,Clear or Partly Cloudy
203783,304857,306137,3811032,Matched,Intersection,34228.0,5TH AVE S AND S RIVER ST,,,1,Property Damage Only Collision,Cycles,2,0,1,1,0,0,0,2018-10-09T00:00:00.000Z,10/9/2018 6:10:00 AM,At Intersection (intersection related),18,"MOTOR VEHICLE STRUCK PEDALCYCLIST, FRONT END AT ANGLE",Y,N,Raining,Wet,Dark - No Street Lights,,,,5.0,Vehicle Strikes Pedalcyclist,0,0,N,POINT (1271186.414642498 201919.1169308126),5905.0,0.0,Raining,2018-10-09,06:10:00,6.0,1,1,0.0,Raining
203829,305635,306915,3789034,Matched,Intersection,29530.0,6TH AVE AND BELL ST,,,2,Injury Collision,Cycles,4,0,1,1,1,0,0,2018-10-19T00:00:00.000Z,10/19/2018 6:40:00 AM,At Intersection (intersection related),18,"MOTOR VEHICLE STRUCK PEDALCYCLIST, FRONT END AT ANGLE",,N,Clear or Partly Cloudy,Dry,Dark - Street Lights On,,,,5.0,Vehicle Strikes Pedalcyclist,0,521733,N,POINT (1268295.29297553 228600.9017901421),3201.0,0.0,Clear or Partly Cloudy,2018-10-19,06:40:00,6.0,4,1,0.0,Clear or Partly Cloudy
203832,306412,307692,3814386,Matched,Intersection,29158.0,BELMONT AVE E AND E DENNY WAY,,,2,Injury Collision,Cycles,2,0,1,1,1,0,0,2018-10-28T00:00:00.000Z,10/28/2018 1:53:00 AM,At Intersection (intersection related),51,PEDALCYCLIST STRUCK MOTOR VEHICLE FRONT END AT ANGLE,Y,Y,Raining,Wet,Dark - Street Lights On,,,,6.0,Pedalcyclist Strikes Moving Vehicle,0,0,N,POINT (1272798.197556138 229164.4179507196),1074.0,0.0,Raining,2018-10-28,01:53:00,1.0,6,0,0.0,Raining
203849,305647,306927,3756142,Matched,Block,,BLANCHARD ST BETWEEN 4TH AVE AND 5TH AVE,,,1,Property Damage Only Collision,Cycles,2,0,1,1,0,0,0,2018-09-30T00:00:00.000Z,9/30/2018 11:00:00 AM,Mid-Block (not related to intersection),11,"MOTOR VEHICLE STRUCK MOTOR VEHICLE, FRONT END AT ANGLE",,N,Unknown,Unknown,Unknown,,,,6.0,Pedalcyclist Strikes Moving Vehicle,0,0,N,POINT (1268285.103151515 227956.9664294869),11904.0,5.5122105781612946e-09,,2018-09-30,11:00:00,11.0,6,0,0.0,
203863,306416,307696,3814466,Matched,Intersection,29053.0,10TH AVE E AND E JOHN ST,,,1,Property Damage Only Collision,Cycles,2,0,1,1,0,0,0,2018-11-06T00:00:00.000Z,11/6/2018 7:00:00 AM,At Intersection (intersection related),51,PEDALCYCLIST STRUCK MOTOR VEHICLE FRONT END AT ANGLE,,N,Overcast,Dry,Dawn,,,,6.0,Pedalcyclist Strikes Moving Vehicle,0,0,N,POINT (1273909.412661284 229666.025887236),2286.0,0.0,Overcast,2018-11-06,07:00:00,7.0,1,1,1.0,Clear or Partly Cloudy
203944,303117,304357,E842136,Matched,Intersection,29579.0,4TH AVE AND PINE ST,,,2,Injury Collision,Cycles,2,1,1,0,1,0,0,2018-08-29T00:00:00.000Z,8/29/2018 10:00:00 AM,At Intersection (intersection related),64,PEDALCYCLIST STRUCK PEDESTRIAN,,N,Clear or Partly Cloudy,Dry,Daylight,Y,,,7.0,Pedalcyclist Strikes Pedalcyclist or Pedestrian,0,523145,N,POINT (1269395.978288665 226576.0889880657),895.0,0.0,Clear or Partly Cloudy,2018-08-29,10:00:00,10.0,2,1,0.0,Clear or Partly Cloudy
203976,305654,306934,3791190,Matched,Block,,FAIRVIEW AVE E BETWEEN E LYNN ST AND E ROANOKE ST,,,2,Injury Collision,Cycles,2,0,1,1,1,0,0,2018-09-28T00:00:00.000Z,9/28/2018 9:12:00 AM,Mid-Block (not related to intersection),51,PEDALCYCLIST STRUCK MOTOR VEHICLE FRONT END AT ANGLE,,N,Overcast,Dry,Daylight,,,,5.0,Vehicle Strikes Pedalcyclist,0,0,N,POINT (1271629.318002939 237590.9240713418),17916.0,1.1042993322283299e-05,Overcast,2018-09-28,09:12:00,9.0,4,1,1.0,Clear or Partly Cloudy
205095,309143,310423,E879234,Matched,Block,,DEXTER AVE N BETWEEN HAYES ST AND HOWE ST,,,2,Injury Collision,Cycles,2,0,1,1,1,0,0,2019-01-03T00:00:00.000Z,1/3/2019 9:05:00 AM,Mid-Block (not related to intersection),18,"MOTOR VEHICLE STRUCK PEDALCYCLIST, FRONT END AT ANGLE",,N,Clear or Partly Cloudy,Wet,Daylight,,,,6.0,Pedalcyclist Strikes Moving Vehicle,0,0,N,POINT (1268408.639919654 235271.560932979),15565.0,6.7242681277130444e-06,Clear or Partly Cloudy,2019-01-03,09:05:00,9.0,3,1,1.0,Clear or Partly Cloudy
205103,309137,310417,E858848,Matched,Intersection,34423.0,44TH AVE S AND S HOLLY ST,,,1,Property Damage Only Collision,Cycles,2,0,1,1,0,0,0,2018-10-29T00:00:00.000Z,10/29/2018 4:24:00 PM,At Intersection (intersection related),18,"MOTOR VEHICLE STRUCK PEDALCYCLIST, FRONT END AT ANGLE",Y,N,Overcast,Dry,Daylight,,,,5.0,Vehicle Strikes Pedalcyclist,0,0,N,POINT (1283594.949439198 201219.4773781002),1789.0,0.0,Overcast,2018-10-29,16:24:00,16.0,0,1,1.0,Clear or Partly Cloudy
205135,307465,308745,3745698,Matched,Block,,HARBOR AVE SW BETWEEN FAIRMOUNT AVE SW AND SW BRONSON WAY,,,1,Property Damage Only Collision,Cycles,2,0,1,1,0,0,0,2018-10-15T00:00:00.000Z,10/15/2018 11:58:00 AM,Mid-Block (not related to intersection),18,"MOTOR VEHICLE STRUCK PEDALCYCLIST, FRONT END AT ANGLE",,N,Clear or Partly Cloudy,Dry,Daylight,,,,6.0,Pedalcyclist Strikes Moving Vehicle,0,0,N,POINT (1259473.453222498 217705.7627069801),6405.0,1.0078684760016538e-05,Clear or Partly Cloudy,2018-10-15,11:58:00,11.0,0,1,0.0,Clear or Partly Cloudy
205212,309998,311278,E884645,Matched,Intersection,26896.0,STONE WAY N AND N 34TH ST,,,2,Injury Collision,Cycles,2,0,1,1,1,0,0,2019-01-11T00:00:00.000Z,1/11/2019 5:20:00 PM,At Intersection (intersection related),51,PEDALCYCLIST STRUCK MOTOR VEHICLE FRONT END AT ANGLE,,N,Clear or Partly Cloudy,Dry,Dark - Street Lights On,,,Y,6.0,Pedalcyclist Strikes Moving Vehicle,0,0,N,POINT (1268384.754735619 240216.4179620296),4878.0,0.0,Clear or Partly Cloudy,2019-01-11,17:20:00,17.0,4,1,1.0,Clear or Partly Cloudy
205250,307265,308545,E861436,Matched,Block,,LATONA AVE NE BETWEEN NE 77TH ST AND DEAD END 2,,,2,Injury Collision,Cycles,2,0,1,1,1,0,0,2018-11-14T00:00:00.000Z,11/14/2018 9:30:00 AM,Mid-Block (not related to intersection),18,"MOTOR VEHICLE STRUCK PEDALCYCLIST, FRONT END AT ANGLE",,N,Clear or Partly Cloudy,Wet,Daylight,,,,5.0,Vehicle Strikes Pedalcyclist,0,0,N,POINT (1272871.988724217 253540.0472876728),23167.0,2.221136293396879e-06,Clear or Partly Cloudy,2018-11-14,09:30:00,9.0,2,1,1.0,Clear or Partly Cloudy
205310,307480,308760,3814421,Matched,Intersection,30152.0,16TH AVE AND E SPRING ST,,,2,Injury Collision,Cycles,2,0,1,1,1,0,0,2018-11-29T00:00:00.000Z,11/29/2018 10:16:00 AM,At Intersection (intersection related),18,"MOTOR VEHICLE STRUCK PEDALCYCLIST, FRONT END AT ANGLE",,N,Clear or Partly Cloudy,Dry,Daylight,,,,5.0,Vehicle Strikes Pedalcyclist,0,0,N,POINT (1275838.298167259 226573.9483160675),2413.0,0.0,Clear or Partly Cloudy,2018-11-29,10:16:00,10.0,3,1,0.0,Clear or Partly Cloudy
205313,307878,309158,E867126,Matched,Block,,EASTLAKE AVE E BETWEEN PROSPECT ST AND E NELSON PL,,,2,Injury Collision,Cycles,2,0,1,1,1,0,0,2018-11-27T00:00:00.000Z,11/27/2018 5:16:00 PM,Driveway Junction,18,"MOTOR VEHICLE STRUCK PEDALCYCLIST, FRONT END AT ANGLE",,N,Raining,Wet,Dark - No Street Lights,,,,6.0,Pedalcyclist Strikes Moving Vehicle,0,0,N,POINT (1271741.66072306 233260.7382109165),18550.0,3.084540861953878e-05,Raining,2018-11-27,17:16:00,17.0,1,1,1.0,Raining
205382,310117,311397,3701368,Matched,Block,,BOREN AVE BETWEEN E YESLER WAY AND E FIR ST,,,1,Property Damage Only Collision,Cycles,2,0,1,1,0,0,0,2019-01-09T00:00:00.000Z,1/9/2019 3:23:00 PM,Mid-Block (not related to intersection),21,"MOTOR VEHICLE STRUCK PEDALCYCLIST, REAR END",,N,Raining,Wet,Daylight,,,,5.0,Vehicle Strikes Pedalcyclist,0,0,N,POINT (1274080.981365457 223196.7472886145),13107.0,2.2910966541212344e-05,Raining,2019-01-09,15:23:00,15.0,2,1,1.0,Raining
205595,308241,309521,3707721,Matched,Intersection,27093.0,ROOSEVELT WAY NE AND NE 42ND S ST,,,2,Injury Collision,Cycles,2,0,1,1,1,0,0,2018-12-13T00:00:00.000Z,12/13/2018 9:29:00 AM,At Intersection (intersection related),18,"MOTOR VEHICLE STRUCK PEDALCYCLIST, FRONT END AT ANGLE",,N,Overcast,Wet,Daylight,,,,6.0,Pedalcyclist Strikes Moving Vehicle,45509,0,N,POINT (1274602.278453991 243369.3024452627),15971.0,0.0,Overcast,2018-12-13,09:29:00,9.0,3,1,1.0,Clear or Partly Cloudy
205624,309176,310456,E879716,Matched,Block,,GREENWOOD AVE N BETWEEN N 81ST ST AND N 82ND ST,,,2b,Serious Injury Collision,Cycles,3,0,1,2,1,1,0,2019-01-03T00:00:00.000Z,1/3/2019 6:24:00 PM,Mid-Block (not related to intersection),18,"MOTOR VEHICLE STRUCK PEDALCYCLIST, FRONT END AT ANGLE",,N,Overcast,Wet,Dark - Street Lights On,,,,5.0,Vehicle Strikes Pedalcyclist,0,0,Y,POINT (1265582.972140759 254677.3912888467),18968.0,2.693542372176541e-05,Overcast,2019-01-03,18:24:00,18.0,3,1,1.0,Clear or Partly Cloudy
205686,307301,308581,E862656,Matched,Block,,2ND AVE BETWEEN UNION ST AND PIKE ST,,,2,Injury Collision,Cycles,2,0,1,1,1,0,0,2018-11-19T00:00:00.000Z,11/19/2018 9:16:00 AM,Mid-Block (not related to intersection),18,"MOTOR VEHICLE STRUCK PEDALCYCLIST, FRONT END AT ANGLE",,N,Clear or Partly Cloudy,Dry,Daylight,,,,6.0,Pedalcyclist Strikes Moving Vehicle,0,0,N,POINT (1269167.241392419 225698.1291791648),135.0,1.0206619767903732e-08,Clear or Partly Cloudy,2018-11-19,09:16:00,9.0,0,1,1.0,Clear or Partly Cloudy
205712,308245,309525,3751587,Matched,Intersection,27069.0,8TH AVE NE AND NE 45TH W ST,,,2,Injury Collision,Cycles,2,0,1,1,1,0,0,2018-12-15T00:00:00.000Z,12/15/2018 5:06:00 PM,At Intersection (intersection related),18,"MOTOR VEHICLE STRUCK PEDALCYCLIST, FRONT END AT ANGLE",,N,Overcast,Dry,Dark - Street Lights On,,,,5.0,Vehicle Strikes Pedalcyclist,0,0,N,POINT (1274143.453749523 244763.9899346977),11023.0,0.0,Overcast,2018-12-15,17:06:00,17.0,5,0,1.0,Clear or Partly Cloudy
205735,307908,309188,3809933,Matched,Intersection,26631.0,6TH AVE NW AND LEARY N WAY NW,,,2,Injury Collision,Cycles,2,0,1,1,1,0,0,2018-12-04T00:00:00.000Z,12/4/2018 2:48:00 PM,At Intersection (intersection related),18,"MOTOR VEHICLE STRUCK PEDALCYCLIST, FRONT END AT ANGLE",,N,Clear or Partly Cloudy,Dry,Daylight,,,,5.0,Vehicle Strikes Pedalcyclist,0,0,N,POINT (1263228.07453835 243838.85764575),803.0,0.0,Clear or Partly Cloudy,2018-12-04,14:48:00,14.0,1,1,0.0,Clear or Partly Cloudy
205839,307916,309196,3811118,Matched,Intersection,35299.0,RENTON AVE S AND S FLETCHER ST,,,2b,Serious Injury Collision,Cycles,2,0,1,1,1,1,0,2018-12-03T00:00:00.000Z,12/3/2018 3:44:00 PM,At Intersection (intersection related),18,"MOTOR VEHICLE STRUCK PEDALCYCLIST, FRONT END AT ANGLE",,N,Clear or Partly Cloudy,Dry,Daylight,,,,6.0,Pedalcyclist Strikes Moving Vehicle,0,0,N,POINT (1285066.384960711 192653.9480253309),6633.0,0.0,Clear or Partly Cloudy,2018-12-03,15:44:00,15.0,0,1,1.0,Clear or Partly Cloudy
207062,312317,313737,3750376,Matched,Intersection,29625.0,ALASKAN E RDWY WAY AND SPRING ST,,,2,Injury Collision,Cycles,2,0,1,1,1,0,0,2019-01-25T00:00:00.000Z,1/25/2019 3:54:00 PM,At Intersection (intersection related),18,"MOTOR VEHICLE STRUCK PEDALCYCLIST, FRONT END AT ANGLE",,N,Clear or Partly Cloudy,Dry,Daylight,,,,5.0,Vehicle Strikes Pedalcyclist,0,0,N,POINT (1269077.616176337 224190.5322496295),600.0,0.0,Clear or Partly Cloudy,2019-01-25,15:54:00,15.0,4,1,1.0,Clear or Partly Cloudy
207154,313344,314784,3811594,Matched,Intersection,29529.0,7TH AVE AND BLANCHARD ST,,,1,Property Damage Only Collision,Cycles,3,0,1,1,0,0,0,2019-02-03T00:00:00.000Z,2/3/2019 1:23:00 AM,At Intersection (intersection related),18,"MOTOR VEHICLE STRUCK PEDALCYCLIST, FRONT END AT ANGLE",,N,Clear or Partly Cloudy,Dry,Dark - Street Lights On,,,,6.0,Pedalcyclist Strikes Moving Vehicle,13719,0,N,POINT (1268827.045424074 228552.6893100888),6026.0,0.0,Clear or Partly Cloudy,2019-02-03,01:23:00,1.0,6,0,0.0,Clear or Partly Cloudy
207214,312923,314363,E883361,Matched,Block,,PEND OREILLE RD NE BETWEEN BURKE GILMAN TRL AND 25TH AVE NE,,,2,Injury Collision,Cycles,2,0,1,1,1,0,0,2018-12-11T00:00:00.000Z,12/11/2018 6:00:00 PM,Mid-Block (not related to intersection),18,"MOTOR VEHICLE STRUCK PEDALCYCLIST, FRONT END AT ANGLE",Y,N,Clear or Partly Cloudy,Wet,Dark - Street Lights On,,,,5.0,Vehicle Strikes Pedalcyclist,0,0,N,POINT (1278660.251834139 244341.0189262629),9546.0,1.9963212470470585e-05,Clear or Partly Cloudy,2018-12-11,18:00:00,18.0,1,1,1.0,Clear or Partly Cloudy
207256,317648,319148,3810454,Matched,Block,,STONE WAY N BETWEEN N 46TH ST AND N 47TH ST,,,2,Injury Collision,Cycles,2,0,1,1,1,0,0,2019-04-04T00:00:00.000Z,4/4/2019 4:14:00 PM,Driveway Junction,51,PEDALCYCLIST STRUCK MOTOR VEHICLE FRONT END AT ANGLE,,N,Clear or Partly Cloudy,Dry,Daylight,Y,,,6.0,Pedalcyclist Strikes Moving Vehicle,6397,0,N,POINT (1268719.197871968 245295.9559512436),8922.0,1.98515369615876e-05,Clear or Partly Cloudy,2019-04-04,16:14:00,16.0,3,1,1.0,Clear or Partly Cloudy
207257,312324,313744,3750476,Matched,Intersection,28731.0,DEXTER AVE N AND ALOHA ST,,,2,Injury Collision,Cycles,3,0,1,1,1,0,0,2019-01-29T00:00:00.000Z,1/29/2019 4:20:00 PM,At Intersection (intersection related),51,PEDALCYCLIST STRUCK MOTOR VEHICLE FRONT END AT ANGLE,,N,Clear or Partly Cloudy,Dry,Daylight,Y,,,6.0,Pedalcyclist Strikes Moving Vehicle,12729,0,N,POINT (1268342.286383584 232408.9135700464),604.0,0.0,Clear or Partly Cloudy,2019-01-29,16:20:00,16.0,1,1,1.0,Clear or Partly Cloudy
207258,317465,318965,3813253,Matched,Intersection,29619.0,MADISON ST AND WESTERN AVE,,,1,Property Damage Only Collision,Cycles,3,0,1,1,0,0,0,2019-03-28T00:00:00.000Z,3/28/2019 10:55:00 AM,At Intersection (intersection related),18,"MOTOR VEHICLE STRUCK PEDALCYCLIST, FRONT END AT ANGLE",,N,Clear or Partly Cloudy,Dry,Daylight,,,,6.0,Pedalcyclist Strikes Moving Vehicle,0,523751,N,POINT (1269406.242608666 224030.3988734633),6761.0,0.0,Clear or Partly Cloudy,2019-03-28,10:55:00,10.0,3,1,0.0,Clear or Partly Cloudy
207288,315063,316543,E894001,Matched,Intersection,29961.0,8TH AVE AND JAMES ST,,,2,Injury Collision,Cycles,2,0,1,1,1,0,0,2018-10-11T00:00:00.000Z,10/11/2018 9:25:00 AM,At Intersection (intersection related),11,"MOTOR VEHICLE STRUCK MOTOR VEHICLE, FRONT END AT ANGLE",,N,Clear or Partly Cloudy,Dry,Daylight,,,,5.0,Vehicle Strikes Pedalcyclist,0,0,N,POINT (1272246.090035573 224288.7625217289),6042.0,0.0,Clear or Partly Cloudy,2018-10-11,09:25:00,9.0,3,1,1.0,Clear or Partly Cloudy
207303,316118,317618,3752537,Matched,Block,,DELRIDGE WAY SW BETWEEN SW HUDSON ST AND PUGET BLVD SW,,,2,Injury Collision,Cycles,2,0,1,1,1,0,0,2019-03-13T00:00:00.000Z,3/13/2019 5:36:00 PM,Driveway Junction,51,PEDALCYCLIST STRUCK MOTOR VEHICLE FRONT END AT ANGLE,,N,Clear or Partly Cloudy,Dry,Daylight,Y,,,5.0,Vehicle Strikes Pedalcyclist,0,0,N,POINT (1262749.241513848 206695.2727117091),20561.0,1.7890722705304323e-05,Clear or Partly Cloudy,2019-03-13,17:36:00,17.0,2,1,1.0,Clear or Partly Cloudy
207355,316614,318114,3812951,Matched,Block,,4TH AVE BETWEEN PINE ST AND OLIVE WAY,,,2,Injury Collision,Cycles,2,0,1,1,1,0,0,2019-03-25T00:00:00.000Z,3/25/2019 5:50:00 PM,Mid-Block (not related to intersection),18,"MOTOR VEHICLE STRUCK PEDALCYCLIST, FRONT END AT ANGLE",,N,Raining,Wet,Dusk,Y,,,5.0,Vehicle Strikes Pedalcyclist,0,0,N,POINT (1269287.139696553 226760.0164122581),14680.0,1.2206134968122607e-05,Raining,2019-03-25,17:50:00,17.0,0,1,1.0,Raining
207371,312342,313762,E888462,Matched,Intersection,29603.0,2ND AVE AND UNIVERSITY ST,,,2,Injury Collision,Cycles,2,0,1,1,1,0,0,2019-01-23T00:00:00.000Z,1/23/2019 10:29:00 AM,At Intersection (intersection related),18,"MOTOR VEHICLE STRUCK PEDALCYCLIST, FRONT END AT ANGLE",Y,N,Overcast,Wet,Daylight,,,,6.0,Pedalcyclist Strikes Moving Vehicle,0,0,N,POINT (1269492.709168762 225148.3088906109),2490.0,0.0,Overcast,2019-01-23,10:29:00,10.0,2,1,0.0,Clear or Partly Cloudy
207387,317658,319158,E909955,Matched,Intersection,36456.0,5TH AVE NE AND NE 120TH ST,,,2,Injury Collision,Cycles,2,0,1,1,1,0,0,2019-04-05T00:00:00.000Z,4/5/2019 12:30:00 PM,At Intersection (intersection related),18,"MOTOR VEHICLE STRUCK PEDALCYCLIST, FRONT END AT ANGLE",,N,Raining,Wet,Daylight,,,,5.0,Vehicle Strikes Pedalcyclist,0,0,N,POINT (1273613.750324979 264674.6167710871),4116.0,0.0,Raining,2019-04-05,12:30:00,12.0,4,1,0.0,Raining
207452,316848,318348,3796015,Matched,Intersection,29913.0,5TH AVE AND UNION ST,,,2,Injury Collision,Cycles,2,0,1,1,1,0,0,2019-03-21T00:00:00.000Z,3/21/2019 1:33:00 PM,At Intersection (intersection related),18,"MOTOR VEHICLE STRUCK PEDALCYCLIST, FRONT END AT ANGLE",,N,Clear or Partly Cloudy,Dry,Daylight,,,,6.0,Pedalcyclist Strikes Moving Vehicle,0,0,N,POINT (1270106.840369388 226006.9446674883),6718.0,0.0,Clear or Partly Cloudy,2019-03-21,13:33:00,13.0,3,1,0.0,Clear or Partly Cloudy
207473,317288,318788,E908164,Matched,Block,,2ND AVE BETWEEN UNION ST AND PIKE ST,,,2,Injury Collision,Cycles,2,0,1,1,1,0,0,2019-03-29T00:00:00.000Z,3/29/2019 7:45:00 AM,Mid-Block (not related to intersection),18,"MOTOR VEHICLE STRUCK PEDALCYCLIST, FRONT END AT ANGLE",Y,N,Clear or Partly Cloudy,Dry,Daylight,,,,6.0,Pedalcyclist Strikes Moving Vehicle,0,0,N,POINT (1269167.241392419 225698.1291791648),135.0,1.0206619767903732e-08,Clear or Partly Cloudy,2019-03-29,07:45:00,7.0,4,1,1.0,Clear or Partly Cloudy
207475,316849,318349,3796016,Matched,Block,,DEXTER AVE N BETWEEN HARRISON ST AND REPUBLICAN ST,,,2,Injury Collision,Cycles,2,0,1,1,1,0,0,2019-03-25T00:00:00.000Z,3/25/2019 9:33:00 AM,Mid-Block (not related to intersection),18,"MOTOR VEHICLE STRUCK PEDALCYCLIST, FRONT END AT ANGLE",Y,N,Clear or Partly Cloudy,Dry,Daylight,Y,,,6.0,Pedalcyclist Strikes Moving Vehicle,0,0,N,POINT (1268300.280687541 230767.9765443653),12567.0,2.557776577818591e-05,Clear or Partly Cloudy,2019-03-25,09:33:00,9.0,0,1,1.0,Clear or Partly Cloudy
207483,317069,318569,E892737,Matched,Intersection,25134.0,20TH AVE NW AND NW 58TH ST,,,2,Injury Collision,Cycles,2,0,1,1,1,0,0,2019-01-14T00:00:00.000Z,1/14/2019 7:15:00 AM,At Intersection (intersection related),51,PEDALCYCLIST STRUCK MOTOR VEHICLE FRONT END AT ANGLE,Y,N,Clear or Partly Cloudy,Dry,Dawn,,,,6.0,Pedalcyclist Strikes Moving Vehicle,0,0,N,POINT (1258851.888677865 248566.6441465914),11701.0,0.0,Clear or Partly Cloudy,2019-01-14,07:15:00,7.0,0,1,1.0,Clear or Partly Cloudy
207493,312377,313817,3812608,Matched,Block,,S JACKSON ST BETWEEN 9TH AVE S AND 10TH AVE S,,,2b,Serious Injury Collision,Pedestrian,3,0,1,1,1,1,0,2019-01-24T00:00:00.000Z,1/24/2019 7:32:00 PM,Mid-Block (not related to intersection),24,MOTOR VEHCILE STRUCK PEDESTRIAN,,Y,Clear or Partly Cloudy,Dry,Dark - Street Lights On,,,,4.0,Vehicle hits Pedestrian - All Other Actions,0,0,N,POINT (1273567.360820934 222109.692503497),19383.0,5.719859997677105e-06,Clear or Partly Cloudy,2019-01-24,19:32:00,19.0,3,1,1.0,Clear or Partly Cloudy
207508,317664,319164,E909959,Matched,Block,,MERIDIAN AVE N BETWEEN N 113TH ST AND N 115TH ST,,,2,Injury Collision,Cycles,2,0,1,1,1,0,0,2019-04-05T00:00:00.000Z,4/5/2019 2:39:00 PM,Mid-Block (not related to intersection),18,"MOTOR VEHICLE STRUCK PEDALCYCLIST, FRONT END AT ANGLE",,N,Overcast,Dry,Daylight,,,,6.0,Pedalcyclist Strikes Moving Vehicle,0,0,N,POINT (1270984.338482291 263093.0929294676),13775.0,2.398570531137305e-06,Overcast,2019-04-05,14:39:00,14.0,4,1,0.0,Clear or Partly Cloudy
207538,312417,313857,E888466,Matched,Intersection,28767.0,DEXTER AVE N AND MERCER ST,,,2,Injury Collision,Cycles,2,0,1,1,1,0,0,2019-01-10T00:00:00.000Z,1/10/2019 6:44:00 AM,At Intersection (intersection related),18,"MOTOR VEHICLE STRUCK PEDALCYCLIST, FRONT END AT ANGLE",,N,Raining,Wet,Dark - Street Lights On,,,,5.0,Vehicle Strikes Pedalcyclist,0,0,N,POINT (1268318.102319553 231464.9540170729),696.0,0.0,Raining,2019-01-10,06:44:00,6.0,3,1,0.0,Raining
207610,316854,318354,3814678,Matched,Intersection,30410.0,12TH AVE AND E YESLER WAY,,,2b,Serious Injury Collision,Cycles,2,0,1,1,1,1,0,2019-03-31T00:00:00.000Z,3/31/2019 6:51:00 PM,At Intersection (intersection related),18,"MOTOR VEHICLE STRUCK PEDALCYCLIST, FRONT END AT ANGLE",,N,Clear or Partly Cloudy,Dry,Dusk,Y,,,5.0,Vehicle Strikes Pedalcyclist,0,0,N,POINT (1274461.188917845 223006.7211764157),8412.0,0.0,Clear or Partly Cloudy,2019-03-31,18:51:00,18.0,6,0,1.0,Clear or Partly Cloudy
207611,316853,318353,3796132,Matched,Intersection,27043.0,TROLL AVE N AND N 34TH ST,,,2b,Serious Injury Collision,Cycles,2,0,1,1,1,1,0,2019-04-02T00:00:00.000Z,4/2/2019 5:04:00 PM,At Intersection (intersection related),18,"MOTOR VEHICLE STRUCK PEDALCYCLIST, FRONT END AT ANGLE",Y,N,Clear or Partly Cloudy,Standing Water,Daylight,,,,5.0,Vehicle Strikes Pedalcyclist,0,0,N,POINT (1267245.477678463 240493.9652263224),1223.0,0.0,Clear or Partly Cloudy,2019-04-02,17:04:00,17.0,1,1,1.0,Clear or Partly Cloudy
207623,317489,318989,3706098,Matched,Block,,GREENWOOD AVE N BETWEEN N 122ND ST AND RIDGEMONT WAY N,,,2,Injury Collision,Cycles,2,0,1,1,1,0,0,2019-04-02T00:00:00.000Z,4/2/2019 10:43:00 PM,Mid-Block (not related to intersection),18,"MOTOR VEHICLE STRUCK PEDALCYCLIST, FRONT END AT ANGLE",,N,Unknown,Dry,Dark - Street Lights On,,,,6.0,Pedalcyclist Strikes Moving Vehicle,0,0,N,POINT (1265745.180332914 265785.6082602143),14795.0,7.323047198690369e-09,,2019-04-02,22:43:00,22.0,1,1,0.0,
207629,316636,318136,3810302,Matched,Intersection,27093.0,ROOSEVELT WAY NE AND NE 42ND S ST,,,2,Injury Collision,Cycles,1,0,1,0,1,0,0,2019-03-26T00:00:00.000Z,3/26/2019 7:47:00 AM,At Intersection (intersection related),51,PEDALCYCLIST STRUCK MOTOR VEHICLE FRONT END AT ANGLE,,N,Overcast,Wet,Dawn,,,,8.0,Pedalcyclist All Other Involvements ONE UNIT - PEDALCYCLIST ONLY or PEDALCYCLIST STR,45509,0,N,POINT (1274602.278453991 243369.3024452627),15971.0,0.0,Overcast,2019-03-26,07:47:00,7.0,1,1,1.0,Clear or Partly Cloudy