OBJECTID,INCKEY,COLDETKEY,REPORTNO,STATUS,ADDRTYPE,INTKEY,LOCATION,EXCEPTRSNC,EXCEPTRSND,SEVERITYCO,SEVERITYDE,COLLISIONT,PERSONCOUN,PEDCOUNT,PEDCYLCOUN,VEHCOUNT,INJURIES,SERIOUSINJ,FATALITIES,INCDATE,INCDTTM,JUNCTIONTY,SDOT_COLCO,SDOT_COLDE,INATTENTIO,UNDERINFL,WEATHER,ROADCOND,LIGHTCOND,PEDROWNOTG,SDOTCOLNUM,SPEEDING,ST_COLCODE,ST_COLDESC,SEGLANEKEY,CROSSWALKK,HITPARKEDC,geometry,near_str_index,min_length,weather_group,date,time,hour,dayofweek,weekday,rushhour,weather_group2
207632,316634,318134,3769462,Matched,Intersection,27018.0,FREMONT WAY N AND N 38TH ST,,,2,Injury Collision,Cycles,2,0,1,1,1,0,0,2019-03-26T00:00:00.000Z,3/26/2019 2:42:00 PM,At Intersection (intersection related),18,"MOTOR VEHICLE STRUCK PEDALCYCLIST, FRONT END AT ANGLE",,N,Clear or Partly Cloudy,Dry,Daylight,,,,5.0,Vehicle Strikes Pedalcyclist,0,0,N,POINT (1266982.135086194 241771.4725556225),3543.0,0.0,Clear or Partly Cloudy,2019-03-26,14:42:00,14.0,1,1,0.0,Clear or Partly Cloudy
207670,317495,318995,3750606,Matched,Block,,W DRAVUS ST BETWEEN 20TH AVE W AND 21ST AVE W,,,2,Injury Collision,Cycles,3,0,1,2,1,0,0,2019-04-03T00:00:00.000Z,4/3/2019 2:50:00 PM,Mid-Block (not related to intersection),54,PEDALCYCLIST STRUCK MOTOR VEHICLE REAR END,,N,Overcast,Dry,Daylight,,,,6.0,Pedalcyclist Strikes Moving Vehicle,0,0,N,POINT (1258553.197989553 240381.2529702038),12968.0,2.4371530744858216e-06,Overcast,2019-04-03,14:50:00,14.0,2,1,0.0,Clear or Partly Cloudy
207714,315577,317077,E899944,Matched,Intersection,27043.0,TROLL AVE N AND N 34TH ST,,,2,Injury Collision,Cycles,2,0,1,1,1,0,0,2019-03-05T00:00:00.000Z,3/5/2019 8:00:00 AM,At Intersection (intersection related),18,"MOTOR VEHICLE STRUCK PEDALCYCLIST, FRONT END AT ANGLE",Y,N,Clear or Partly Cloudy,Dry,Daylight,,,,5.0,Vehicle Strikes Pedalcyclist,0,0,N,POINT (1267245.477678463 240493.9652263224),1223.0,0.0,Clear or Partly Cloudy,2019-03-05,08:00:00,8.0,1,1,1.0,Clear or Partly Cloudy
207730,315085,316565,E897424,Matched,Intersection,29757.0,BROADWAY AND E UNION ST,,,2,Injury Collision,Cycles,2,0,1,1,1,0,0,2019-02-26T00:00:00.000Z,2/26/2019 3:08:00 PM,At Intersection (intersection related),18,"MOTOR VEHICLE STRUCK PEDALCYCLIST, FRONT END AT ANGLE",,N,Clear or Partly Cloudy,Dry,Daylight,,,,6.0,Pedalcyclist Strikes Moving Vehicle,0,0,N,POINT (1273558.806836918 227135.8089246452),6210.0,0.0,Clear or Partly Cloudy,2019-02-26,15:08:00,15.0,1,1,1.0,Clear or Partly Cloudy
207732,315584,317084,E900516,Matched,Intersection,30713.0,31ST AVE S AND S JUDKINS ST,,,2,Injury Collision,Cycles,2,0,1,1,1,0,0,2019-03-01T00:00:00.000Z,3/1/2019 10:14:00 AM,At Intersection (intersection related),18,"MOTOR VEHICLE STRUCK PEDALCYCLIST, FRONT END AT ANGLE",,N,Clear or Partly Cloudy,Dry,Daylight,,,,5.0,Vehicle Strikes Pedalcyclist,0,0,N,POINT (1280366.381115898 219406.7393487245),5523.0,0.0,Clear or Partly Cloudy,2019-03-01,10:14:00,10.0,4,1,0.0,Clear or Partly Cloudy
207744,316883,318383,E906142,Matched,Block,,BOYLSTON AVE BETWEEN E PINE ST AND E OLIVE ST,,,2,Injury Collision,Cycles,2,1,1,0,1,0,0,2019-03-07T00:00:00.000Z,3/7/2019 10:00:00 AM,Mid-Block (not related to intersection),24,MOTOR VEHCILE STRUCK PEDESTRIAN,,N,Clear or Partly Cloudy,Dry,Daylight,,,,7.0,Pedalcyclist Strikes Pedalcyclist or Pedestrian,0,0,N,POINT (1272921.799348265 228181.5650217086),21294.0,1.4915761876563904e-05,Clear or Partly Cloudy,2019-03-07,10:00:00,10.0,3,1,0.0,Clear or Partly Cloudy
207789,317314,318814,3774075,Matched,Intersection,29157.0,BELMONT AVE E AND E OLIVE WAY,,,2,Injury Collision,Cycles,2,0,1,1,1,0,0,2019-04-01T00:00:00.000Z,4/1/2019 10:41:00 PM,At Intersection (intersection related),18,"MOTOR VEHICLE STRUCK PEDALCYCLIST, FRONT END AT ANGLE",,N,Clear or Partly Cloudy,Dry,Dark - Street Lights On,,,,5.0,Vehicle Strikes Pedalcyclist,0,0,N,POINT (1272804.962100148 229595.8329911679),3379.0,0.0,Clear or Partly Cloudy,2019-04-01,22:41:00,22.0,0,1,0.0,Clear or Partly Cloudy
207869,316889,318389,E906146,Matched,Block,,7TH AVE BETWEEN VIRGINIA ST AND WESTLAKE AVE,,,2,Injury Collision,Cycles,2,0,1,1,1,0,0,2019-03-13T00:00:00.000Z,3/13/2019 7:05:00 AM,Mid-Block (not related to intersection),18,"MOTOR VEHICLE STRUCK PEDALCYCLIST, FRONT END AT ANGLE",Y,N,Clear or Partly Cloudy,Dry,Dawn,,,,5.0,Vehicle Strikes Pedalcyclist,0,0,N,POINT (1269411.367920682 228021.1856295466),554.0,5.44355312197914e-06,Clear or Partly Cloudy,2019-03-13,07:05:00,7.0,2,1,1.0,Clear or Partly Cloudy
207904,317321,318821,3814897,Matched,Block,,M L KING JR WR WAY S BETWEEN S MYRTLE ST AND S OTHELLO ST,,,2,Injury Collision,Cycles,3,0,1,1,1,0,0,2019-04-01T00:00:00.000Z,4/1/2019 7:28:00 AM,Mid-Block (not related to intersection),51,PEDALCYCLIST STRUCK MOTOR VEHICLE FRONT END AT ANGLE,,N,Clear or Partly Cloudy,Dry,Daylight,,,,6.0,Pedalcyclist Strikes Moving Vehicle,0,0,N,POINT (1282668.063486248 199600.0543364435),17617.0,1.780021799724469e-05,Clear or Partly Cloudy,2019-04-01,07:28:00,7.0,0,1,1.0,Clear or Partly Cloudy
207922,317688,319188,3750928,Matched,Block,,7TH AVE BETWEEN STEWART ST AND VIRGINIA ST,,,2,Injury Collision,Cycles,2,0,1,1,1,0,0,2019-04-08T00:00:00.000Z,4/8/2019 2:20:00 PM,Driveway Junction,18,"MOTOR VEHICLE STRUCK PEDALCYCLIST, FRONT END AT ANGLE",Y,N,Clear or Partly Cloudy,Dry,Daylight,,,,5.0,Vehicle Strikes Pedalcyclist,0,0,N,POINT (1269614.874800876 227835.9557413608),15808.0,5.014720122571429e-09,Clear or Partly Cloudy,2019-04-08,14:20:00,14.0,0,1,0.0,Clear or Partly Cloudy
207947,312493,313933,3815248,Matched,Intersection,29586.0,2ND AVE AND PINE ST,,,1,Property Damage Only Collision,Cycles,3,0,1,1,0,0,0,2019-01-30T00:00:00.000Z,1/30/2019 6:00:00 AM,At Intersection (intersection related),18,"MOTOR VEHICLE STRUCK PEDALCYCLIST, FRONT END AT ANGLE",,N,Clear or Partly Cloudy,Dry,Dark - Street Lights On,,,,6.0,Pedalcyclist Strikes Moving Vehicle,0,0,N,POINT (1268841.741360098 226247.9814677387),9591.0,0.0,Clear or Partly Cloudy,2019-01-30,06:00:00,6.0,2,1,0.0,Clear or Partly Cloudy
207948,312492,313932,3815245,Matched,Intersection,32340.0,1ST AVE S AND S SPOKANE SR ST,,,2,Injury Collision,Cycles,3,0,1,1,1,0,0,2019-01-27T00:00:00.000Z,1/27/2019 5:30:00 PM,At Intersection (intersection related),51,PEDALCYCLIST STRUCK MOTOR VEHICLE FRONT END AT ANGLE,,N,Clear or Partly Cloudy,Dry,Dark - Street Lights On,,,,6.0,Pedalcyclist Strikes Moving Vehicle,0,0,N,POINT (1269950.822961226 212039.4382211864),12913.0,0.0,Clear or Partly Cloudy,2019-01-27,17:30:00,17.0,6,0,1.0,Clear or Partly Cloudy
206005,307748,309028,E858715,Matched,Block,,4TH AVE S BETWEEN S HORTON ST AND S HINDS ST,,,2b,Serious Injury Collision,Cycles,2,0,1,1,1,1,0,2018-11-06T00:00:00.000Z,11/6/2018 1:00:00 PM,Mid-Block (not related to intersection),18,"MOTOR VEHICLE STRUCK PEDALCYCLIST, FRONT END AT ANGLE",,N,Clear or Partly Cloudy,Dry,Daylight,,,,6.0,Pedalcyclist Strikes Moving Vehicle,0,0,N,POINT (1271236.71499455 212981.2373261452),2973.0,1.8488030771784267e-05,Clear or Partly Cloudy,2018-11-06,13:00:00,13.0,1,1,0.0,Clear or Partly Cloudy
206009,307745,309025,E863402,Matched,Block,,4TH AVE S BETWEEN S LANDER ST AND S FOREST ST,,,2,Injury Collision,Cycles,3,0,1,1,1,0,0,2018-11-11T00:00:00.000Z,11/11/2018 9:43:00 AM,Mid-Block (not related to intersection),18,"MOTOR VEHICLE STRUCK PEDALCYCLIST, FRONT END AT ANGLE",,N,Clear or Partly Cloudy,Dry,Daylight,,,,5.0,Vehicle Strikes Pedalcyclist,0,0,N,POINT (1271270.849138573 214704.4554399103),18784.0,5.711022409247503e-06,Clear or Partly Cloudy,2018-11-11,09:43:00,9.0,6,0,1.0,Clear or Partly Cloudy
206062,312177,313597,E885576,Matched,Intersection,163869.0,FAIRVIEW NR AVE N AND YALE AVE N,,,2,Injury Collision,Cycles,2,0,1,1,1,0,0,2019-01-18T00:00:00.000Z,1/18/2019 11:26:00 AM,At Intersection (intersection related),51,PEDALCYCLIST STRUCK MOTOR VEHICLE FRONT END AT ANGLE,,N,Clear or Partly Cloudy,Dry,Daylight,,,,5.0,Vehicle Strikes Pedalcyclist,0,0,N,POINT (1271147.019826457 233005.6815706491),13271.0,0.0,Clear or Partly Cloudy,2019-01-18,11:26:00,11.0,4,1,0.0,Clear or Partly Cloudy
206081,312178,313598,E885579,Matched,Intersection,32342.0,4TH AVE S AND S SPOKANE SR ST,,,2,Injury Collision,Cycles,3,0,1,1,1,0,0,2019-01-22T00:00:00.000Z,1/22/2019 7:49:00 AM,At Intersection (intersection related),51,PEDALCYCLIST STRUCK MOTOR VEHICLE FRONT END AT ANGLE,,N,Clear or Partly Cloudy,Dry,Daylight,,,,6.0,Pedalcyclist Strikes Moving Vehicle,0,521756,N,POINT (1271213.729586527 212025.1685251743),2974.0,0.0,Clear or Partly Cloudy,2019-01-22,07:49:00,7.0,1,1,1.0,Clear or Partly Cloudy
206084,310638,311958,E882197,Matched,Block,,NW MARKET ST BETWEEN NW 54TH ST AND 30TH AVE NW,,,2,Injury Collision,Cycles,2,0,1,1,1,0,0,2019-01-12T00:00:00.000Z,1/12/2019 1:45:00 PM,Mid-Block (not related to intersection),18,"MOTOR VEHICLE STRUCK PEDALCYCLIST, FRONT END AT ANGLE",,N,Clear or Partly Cloudy,Dry,Daylight,,,,6.0,Pedalcyclist Strikes Moving Vehicle,0,0,N,POINT (1255644.709282577 247805.6792178005),23090.0,3.111176436458512e-05,Clear or Partly Cloudy,2019-01-12,13:45:00,13.0,5,0,0.0,Clear or Partly Cloudy
206102,309602,310882,E881917,Matched,Intersection,37489.0,ROOSEVELT WAY NE AND NE 100TH ST,,,2,Injury Collision,Cycles,2,0,1,1,1,0,0,2019-01-09T00:00:00.000Z,1/9/2019 6:34:00 PM,At Intersection (intersection related),51,PEDALCYCLIST STRUCK MOTOR VEHICLE FRONT END AT ANGLE,Y,N,Overcast,Wet,Dark - Street Lights On,,,,6.0,Pedalcyclist Strikes Moving Vehicle,0,0,N,POINT (1274937.742902339 259332.8332136124),7142.0,0.0,Overcast,2019-01-09,18:34:00,18.0,2,1,1.0,Clear or Partly Cloudy
206103,309601,310881,E881650,Matched,Intersection,30752.0,18TH AVE S AND S JACKSON ST,,,2,Injury Collision,Cycles,2,0,1,1,1,0,0,2019-01-10T00:00:00.000Z,1/10/2019 4:35:00 PM,At Intersection (intersection related),18,"MOTOR VEHICLE STRUCK PEDALCYCLIST, FRONT END AT ANGLE",,N,Overcast,Wet,Dusk,,,,6.0,Pedalcyclist Strikes Moving Vehicle,11040,0,N,POINT (1276371.452727795 222074.5465834588),121.0,0.0,Overcast,2019-01-10,16:35:00,16.0,3,1,1.0,Clear or Partly Cloudy
206131,307758,309038,E860503,Matched,Intersection,29568.0,6TH AVE AND PINE ST,,,1,Property Damage Only Collision,Cycles,3,0,1,1,0,0,0,2018-07-13T00:00:00.000Z,7/13/2018 2:28:00 AM,At Intersection (intersection related),11,"MOTOR VEHICLE STRUCK MOTOR VEHICLE, FRONT END AT ANGLE",,N,Clear or Partly Cloudy,Dry,Dark - Street Lights On,,,,6.0,Pedalcyclist Strikes Moving Vehicle,0,0,N,POINT (1269949.79409723 226904.2331164032),3200.0,0.0,Clear or Partly Cloudy,2018-07-13,02:28:00,2.0,4,1,0.0,Clear or Partly Cloudy
206158,309068,310348,E858405,Matched,Intersection,29565.0,4TH AVE AND STEWART ST,,,1,Property Damage Only Collision,Cycles,3,0,1,1,0,0,0,2018-11-07T00:00:00.000Z,11/7/2018 9:00:00 AM,At Intersection (intersection related),18,"MOTOR VEHICLE STRUCK PEDALCYCLIST, FRONT END AT ANGLE",Y,N,Clear or Partly Cloudy,Dry,Daylight,,,,6.0,Pedalcyclist Strikes Moving Vehicle,0,0,N,POINT (1269122.478640378 226977.831324473),397.0,0.0,Clear or Partly Cloudy,2018-11-07,09:00:00,9.0,2,1,1.0,Clear or Partly Cloudy
206166,309225,310505,E879016,Matched,Block,,SW ADMIRAL WAY BETWEEN 37TH W AVE SW AND BELVIDERE AVE SW,,,2,Injury Collision,Cycles,2,0,1,1,1,0,0,2018-12-22T00:00:00.000Z,12/22/2018 3:00:00 PM,Mid-Block (not related to intersection),21,"MOTOR VEHICLE STRUCK PEDALCYCLIST, REAR END",,N,Overcast,Dry,Daylight,,,,5.0,Vehicle Strikes Pedalcyclist,0,0,N,POINT (1259062.676646084 215806.9508010447),1933.0,3.189381011466049e-05,Overcast,2018-12-22,15:00:00,15.0,5,0,1.0,Clear or Partly Cloudy
206168,309066,310346,3795958,Matched,Block,,3RD AVE BETWEEN UNIVERSITY ST AND UNION ST,,,1,Property Damage Only Collision,Cycles,3,0,1,1,0,0,0,2018-12-27T00:00:00.000Z,12/27/2018 9:34:00 AM,Mid-Block (not related to intersection),51,PEDALCYCLIST STRUCK MOTOR VEHICLE FRONT END AT ANGLE,Y,N,Clear or Partly Cloudy,Dry,Daylight,,,,6.0,Pedalcyclist Strikes Moving Vehicle,0,0,N,POINT (1269661.493680924 225495.4872589558),2713.0,6.410780211733589e-09,Clear or Partly Cloudy,2018-12-27,09:34:00,9.0,3,1,1.0,Clear or Partly Cloudy
206185,309067,310347,E858404,Matched,Intersection,30355.0,2ND AVE AND CHERRY ST,,,2,Injury Collision,Cycles,2,0,1,1,1,0,0,2018-11-06T00:00:00.000Z,11/6/2018 7:55:00 AM,At Intersection (intersection related),18,"MOTOR VEHICLE STRUCK PEDALCYCLIST, FRONT END AT ANGLE",Y,N,Clear or Partly Cloudy,Dry,Daylight,,,,5.0,Vehicle Strikes Pedalcyclist,42244,0,N,POINT (1270427.74891372 223568.6895609945),2488.0,0.0,Clear or Partly Cloudy,2018-11-06,07:55:00,7.0,1,1,1.0,Clear or Partly Cloudy
206217,307337,308617,3812132,Matched,Intersection,30425.0,8TH AVE S AND S JACKSON ST,,,2,Injury Collision,Cycles,2,0,1,1,1,0,0,2018-11-28T00:00:00.000Z,11/28/2018 5:14:00 PM,At Intersection (intersection related),51,PEDALCYCLIST STRUCK MOTOR VEHICLE FRONT END AT ANGLE,,N,Overcast,Wet,Dark - Street Lights Off,,,,6.0,Pedalcyclist Strikes Moving Vehicle,0,0,N,POINT (1273046.698036402 222119.3194475025),11472.0,0.0,Overcast,2018-11-28,17:14:00,17.0,2,1,1.0,Clear or Partly Cloudy
206260,307360,308640,3809876,Matched,Intersection,25136.0,17TH AVE NW AND NW 57TH ST,,,2,Injury Collision,Cycles,3,0,1,1,1,0,0,2018-11-29T00:00:00.000Z,11/29/2018 8:20:00 PM,At Intersection (intersection related),51,PEDALCYCLIST STRUCK MOTOR VEHICLE FRONT END AT ANGLE,,N,Clear or Partly Cloudy,Dry,Dark - Street Lights On,,,,5.0,Vehicle Strikes Pedalcyclist,0,0,N,POINT (1259644.943398669 248282.8512502909),12298.0,0.0,Clear or Partly Cloudy,2018-11-29,20:20:00,20.0,3,1,0.0,Clear or Partly Cloudy
206311,316542,318042,3750701,Matched,Block,,2ND AVE BETWEEN UNION ST AND PIKE ST,,,2,Injury Collision,Cycles,3,0,1,1,1,0,0,2019-03-21T00:00:00.000Z,3/21/2019 5:13:00 PM,Mid-Block (not related to intersection),18,"MOTOR VEHICLE STRUCK PEDALCYCLIST, FRONT END AT ANGLE",Y,N,Clear or Partly Cloudy,Dry,Daylight,,,,6.0,Pedalcyclist Strikes Moving Vehicle,0,0,N,POINT (1269167.241392419 225698.1291791648),135.0,1.0206619767903732e-08,Clear or Partly Cloudy,2019-03-21,17:13:00,17.0,3,1,1.0,Clear or Partly Cloudy
206325,316340,317840,3813226,Matched,Intersection,30428.0,BOREN AVE S AND RAINIER AVE S,,,2,Injury Collision,Cycles,2,0,1,1,1,0,0,2019-03-15T00:00:00.000Z,3/15/2019 7:43:00 PM,At Intersection (intersection related),18,"MOTOR VEHICLE STRUCK PEDALCYCLIST, FRONT END AT ANGLE",,N,Clear or Partly Cloudy,Dry,Dark - Street Lights On,,,,5.0,Vehicle Strikes Pedalcyclist,0,0,N,POINT (1275096.091702491 222088.5095914751),1804.0,0.0,Clear or Partly Cloudy,2019-03-15,19:43:00,19.0,4,1,1.0,Clear or Partly Cloudy
206330,316957,318457,3814314,Matched,Intersection,28375.0,24TH AVE E AND BOYER AVE E,,,2,Injury Collision,Cycles,2,0,1,1,1,0,0,2019-01-11T00:00:00.000Z,1/11/2019 7:35:00 AM,At Intersection (intersection related),51,PEDALCYCLIST STRUCK MOTOR VEHICLE FRONT END AT ANGLE,,N,Clear or Partly Cloudy,Wet,Dark - Street Lights On,Y,,,5.0,Vehicle Strikes Pedalcyclist,0,0,N,POINT (1278448.004665926 235170.6751088649),643.0,0.0,Clear or Partly Cloudy,2019-01-11,07:35:00,7.0,4,1,1.0,Clear or Partly Cloudy
206372,312625,314065,E865098,Matched,Block,,E MADISON ST BETWEEN 27TH N AVE E AND M L KING JR WAY E,,,2,Injury Collision,Cycles,2,0,1,1,1,0,0,2018-11-20T00:00:00.000Z,11/20/2018 8:30:00 AM,Mid-Block (not related to intersection),18,"MOTOR VEHICLE STRUCK PEDALCYCLIST, FRONT END AT ANGLE",,N,Clear or Partly Cloudy,Unknown,Daylight,,,,6.0,Pedalcyclist Strikes Moving Vehicle,0,0,N,POINT (1279525.531323031 230693.8562242836),21991.0,5.027087299039088e-06,Clear or Partly Cloudy,2018-11-20,08:30:00,8.0,1,1,1.0,Clear or Partly Cloudy
206375,317574,319074,3750857,Matched,Intersection,29576.0,5TH AVE AND PIKE ST,,,1,Property Damage Only Collision,Cycles,2,0,1,1,0,0,0,2019-04-15T00:00:00.000Z,4/15/2019 11:11:00 PM,At Intersection (intersection related),18,"MOTOR VEHICLE STRUCK PEDALCYCLIST, FRONT END AT ANGLE",,N,Clear or Partly Cloudy,Dry,Dark - Street Lights On,Y,,,5.0,Vehicle Strikes Pedalcyclist,0,522108,N,POINT (1269889.867825165 226373.2711958587),5878.0,0.0,Clear or Partly Cloudy,2019-04-15,23:11:00,23.0,0,1,0.0,Clear or Partly Cloudy
206382,317572,319072,3750851,Matched,Intersection,29621.0,1ST AVE AND MADISON ST,,,2,Injury Collision,Cycles,2,0,1,1,1,0,0,2019-04-01T00:00:00.000Z,4/1/2019 6:14:00 PM,At Intersection (intersection related),18,"MOTOR VEHICLE STRUCK PEDALCYCLIST, FRONT END AT ANGLE",Y,N,Clear or Partly Cloudy,Dry,Dusk,,,,5.0,Vehicle Strikes Pedalcyclist,0,0,N,POINT (1269683.396144956 224194.549401626),4939.0,0.0,Clear or Partly Cloudy,2019-04-01,18:14:00,18.0,0,1,1.0,Clear or Partly Cloudy
206430,314365,315845,3753164,Matched,Intersection,35461.0,RAINIER AVE S AND STURTEVANT AVE S,,,3,Fatality Collision,Cycles,2,0,1,1,0,0,1,2019-02-25T00:00:00.000Z,2/25/2019 4:26:00 PM,At Intersection (intersection related),18,"MOTOR VEHICLE STRUCK PEDALCYCLIST, FRONT END AT ANGLE",,N,Clear or Partly Cloudy,Dry,Daylight,,,,6.0,Pedalcyclist Strikes Moving Vehicle,0,0,N,POINT (1285765.315905422 192935.1960256249),3725.0,0.0,Clear or Partly Cloudy,2019-02-25,16:26:00,16.0,0,1,1.0,Clear or Partly Cloudy
206432,313660,315120,3752449,Matched,Intersection,31899.0,35TH AVE SW AND SW AVALON WAY,,,2,Injury Collision,Cycles,3,0,1,1,1,0,0,2019-02-19T00:00:00.000Z,2/19/2019 2:27:00 PM,At Intersection (intersection related),18,"MOTOR VEHICLE STRUCK PEDALCYCLIST, FRONT END AT ANGLE",,N,Raining,Wet,Daylight,,,,5.0,Vehicle Strikes Pedalcyclist,0,0,N,POINT (1259532.683814555 209576.3557226658),2864.0,0.0,Raining,2019-02-19,14:27:00,14.0,1,1,0.0,Raining
206496,317767,319267,3773772,Matched,Intersection,29811.0,10TH AVE AND E JEFFERSON ST,,,2,Injury Collision,Cycles,2,0,1,1,1,0,0,2019-04-19T00:00:00.000Z,4/19/2019 3:52:00 PM,At Intersection (intersection related),18,"MOTOR VEHICLE STRUCK PEDALCYCLIST, FRONT END AT ANGLE",,N,Raining,Wet,Daylight,,,,5.0,Vehicle Strikes Pedalcyclist,0,0,N,POINT (1273843.308085218 224665.9503621161),3895.0,0.0,Raining,2019-04-19,15:52:00,15.0,4,1,1.0,Raining
206526,314380,315860,3812139,Matched,Intersection,30430.0,12TH AVE S AND S KING ST,,,2,Injury Collision,Cycles,2,0,1,1,1,0,0,2019-02-19T00:00:00.000Z,2/19/2019 5:48:00 PM,At Intersection (intersection related),18,"MOTOR VEHICLE STRUCK PEDALCYCLIST, FRONT END AT ANGLE",,N,Overcast,Wet,Dusk,,,,5.0,Vehicle Strikes Pedalcyclist,0,524787,N,POINT (1274327.555381715 221785.0008551627),9996.0,0.0,Overcast,2019-02-19,17:48:00,17.0,1,1,1.0,Clear or Partly Cloudy
206578,316350,317850,3745797,Matched,Block,,FAUNTLEROY WAY SW BETWEEN SW MYRTLE ST AND SW OTHELLO ST,,,2,Injury Collision,Cycles,2,0,1,1,1,0,0,2019-03-16T00:00:00.000Z,3/16/2019 1:57:00 PM,Mid-Block (not related to intersection),56,PEDALCYCLIST STRUCK MOTOR VEHICLE LEFT SIDE SIDESWIPE,Y,N,Clear or Partly Cloudy,Dry,Daylight,Y,,,6.0,Pedalcyclist Strikes Moving Vehicle,0,0,N,POINT (1255667.585762605 200439.8405133039),3525.0,5.419759273018035e-06,Clear or Partly Cloudy,2019-03-16,13:57:00,13.0,5,0,0.0,Clear or Partly Cloudy
206669,314477,315957,E895798,Matched,Intersection,36410.0,GREENWOOD AVE N AND N 107TH ST,,,2,Injury Collision,Cycles,2,0,1,1,1,0,0,2019-02-18T00:00:00.000Z,2/18/2019 6:10:00 PM,At Intersection (intersection related),18,"MOTOR VEHICLE STRUCK PEDALCYCLIST, FRONT END AT ANGLE",,N,Clear or Partly Cloudy,Dry,Dark - Street Lights On,,,,5.0,Vehicle Strikes Pedalcyclist,0,0,N,POINT (1265678.167084858 261560.9061758965),13120.0,0.0,Clear or Partly Cloudy,2019-02-18,18:10:00,18.0,0,1,1.0,Clear or Partly Cloudy
206735,315229,316709,3750493,Matched,Intersection,30355.0,2ND AVE AND CHERRY ST,,,2,Injury Collision,Cycles,4,0,1,1,1,0,0,2019-03-02T00:00:00.000Z,3/2/2019 6:09:00 PM,At Intersection (intersection related),18,"MOTOR VEHICLE STRUCK PEDALCYCLIST, FRONT END AT ANGLE",,N,Clear or Partly Cloudy,Dry,Dark - Street Lights On,,,,6.0,Pedalcyclist Strikes Moving Vehicle,42244,0,N,POINT (1270427.74891372 223568.6895609945),2488.0,0.0,Clear or Partly Cloudy,2019-03-02,18:09:00,18.0,5,0,1.0,Clear or Partly Cloudy
206762,317223,318723,E908787,Matched,Intersection,30192.0,18TH AVE AND E JEFFERSON ST,,,2,Injury Collision,Cycles,3,0,1,1,1,0,0,2019-03-11T00:00:00.000Z,3/11/2019 8:12:00 AM,At Intersection (intersection related),18,"MOTOR VEHICLE STRUCK PEDALCYCLIST, FRONT END AT ANGLE",Y,N,Clear or Partly Cloudy,Dry,Daylight,,,,5.0,Vehicle Strikes Pedalcyclist,0,0,N,POINT (1276426.313527852 224602.1469700485),6861.0,0.0,Clear or Partly Cloudy,2019-03-11,08:12:00,8.0,0,1,1.0,Clear or Partly Cloudy
206783,317231,318731,3581459,Matched,Intersection,29968.0,2ND AVE AND MARION ST,,,2b,Serious Injury Collision,Cycles,2,0,1,1,1,1,0,2019-04-06T00:00:00.000Z,4/6/2019 12:47:00 AM,At Intersection (intersection related),18,"MOTOR VEHICLE STRUCK PEDALCYCLIST, FRONT END AT ANGLE",,N,Clear or Partly Cloudy,Dry,Dark - Street Lights On,,,,6.0,Pedalcyclist Strikes Moving Vehicle,0,0,N,POINT (1270116.020785391 224095.4131455272),2489.0,0.0,Clear or Partly Cloudy,2019-04-06,00:47:00,,5,0,,Clear or Partly Cloudy
206792,317228,318728,3332368,Matched,Intersection,28202.0,11TH AVE E AND DELMAR DR E,,,2,Injury Collision,Cycles,2,0,1,1,1,0,0,2019-04-10T00:00:00.000Z,4/10/2019 7:35:00 AM,At Intersection (intersection related),18,"MOTOR VEHICLE STRUCK PEDALCYCLIST, FRONT END AT ANGLE",,N,Overcast,Dry,Daylight,Y,,,5.0,Vehicle Strikes Pedalcyclist,0,0,N,POINT (1274460.857397839 237920.4404876828),10808.0,0.0,Overcast,2019-04-10,07:35:00,7.0,2,1,1.0,Clear or Partly Cloudy
206853,316390,317890,3810027,Matched,Intersection,25644.0,PHINNEY AVE N AND N 52ND ST,,,2,Injury Collision,Cycles,2,0,1,1,1,0,0,2019-03-15T00:00:00.000Z,3/15/2019 7:57:00 PM,At Intersection (intersection related),18,"MOTOR VEHICLE STRUCK PEDALCYCLIST, FRONT END AT ANGLE",,N,Clear or Partly Cloudy,Dry,Daylight,,,,6.0,Pedalcyclist Strikes Moving Vehicle,3800,0,N,POINT (1265642.532908812 246784.2328807563),9063.0,0.0,Clear or Partly Cloudy,2019-03-15,19:57:00,19.0,4,1,1.0,Clear or Partly Cloudy
206873,316394,317894,3810349,Matched,Block,,AURORA AVE N BETWEEN N 68TH ST AND N 70TH ST,,,2,Injury Collision,Cycles,2,0,1,1,1,0,0,2019-03-15T00:00:00.000Z,3/15/2019 7:37:00 AM,Mid-Block (not related to intersection),18,"MOTOR VEHICLE STRUCK PEDALCYCLIST, FRONT END AT ANGLE",,N,Clear or Partly Cloudy,Dry,Daylight,,,,5.0,Vehicle Strikes Pedalcyclist,0,522797,N,POINT (1267948.367663175 251386.6889494807),11894.0,2.0395080003285433e-05,Clear or Partly Cloudy,2019-03-15,07:37:00,7.0,4,1,1.0,Clear or Partly Cloudy