OBJECTID,INCKEY,COLDETKEY,REPORTNO,STATUS,ADDRTYPE,INTKEY,LOCATION,EXCEPTRSNC,EXCEPTRSND,SEVERITYCO,SEVERITYDE,COLLISIONT,PERSONCOUN,PEDCOUNT,PEDCYLCOUN,VEHCOUNT,INJURIES,SERIOUSINJ,FATALITIES,INCDATE,INCDTTM,JUNCTIONTY,SDOT_COLCO,SDOT_COLDE,INATTENTIO,UNDERINFL,WEATHER,ROADCOND,LIGHTCOND,PEDROWNOTG,SDOTCOLNUM,SPEEDING,ST_COLCODE,ST_COLDESC,SEGLANEKEY,CROSSWALKK,HITPARKEDC,geometry,near_str_index,min_length,weather_group,date,time,hour,dayofweek,weekday,rushhour,weather_group2
206883,315242,316722,3815287,Matched,Intersection,34499.0,RENTON AVE S AND S CHICAGO ST,,,2,Injury Collision,Cycles,2,0,1,1,1,0,0,2019-03-02T00:00:00.000Z,3/2/2019 2:45:00 PM,At Intersection (intersection related),18,"MOTOR VEHICLE STRUCK PEDALCYCLIST, FRONT END AT ANGLE",,N,Clear or Partly Cloudy,Dry,Daylight,,,,5.0,Vehicle Strikes Pedalcyclist,0,0,N,POINT (1283411.320895016 197587.3550063819),3733.0,0.0,Clear or Partly Cloudy,2019-03-02,14:45:00,14.0,5,0,0.0,Clear or Partly Cloudy
206884,316581,318081,3774068,Matched,Intersection,29809.0,12TH AVE AND E JEFFERSON ST,,,2,Injury Collision,Cycles,3,0,1,1,1,0,0,2019-03-25T00:00:00.000Z,3/25/2019 5:15:00 PM,At Intersection (intersection related),51,PEDALCYCLIST STRUCK MOTOR VEHICLE FRONT END AT ANGLE,Y,N,Raining,Wet,Daylight,Y,,,5.0,Vehicle Strikes Pedalcyclist,44360,0,N,POINT (1274493.248053879 224651.3819140941),2320.0,0.0,Raining,2019-03-25,17:15:00,17.0,0,1,1.0,Raining
206896,317232,318732,3646206,Matched,Intersection,27041.0,ALBION PL N AND N 34TH ST,,,2,Injury Collision,Parked Car,2,0,1,1,1,0,0,2019-04-07T00:00:00.000Z,4/7/2019 3:06:00 PM,At Intersection (intersection related),18,"MOTOR VEHICLE STRUCK PEDALCYCLIST, FRONT END AT ANGLE",Y,N,Clear or Partly Cloudy,Dry,Daylight,Y,,,32.0,One parked--one moving,0,0,N,POINT (1267896.383023128 240335.8440101594),7015.0,0.0,Clear or Partly Cloudy,2019-04-07,15:06:00,15.0,6,0,1.0,Clear or Partly Cloudy
206957,312883,314323,E882489,Matched,Block,,ALASKAN WAY BETWEEN MADISON ST AND SPRING ST,,,2,Injury Collision,Cycles,3,0,1,1,1,0,0,2018-12-06T00:00:00.000Z,12/6/2018 3:48:00 PM,Mid-Block (not related to intersection),11,"MOTOR VEHICLE STRUCK MOTOR VEHICLE, FRONT END AT ANGLE",,N,Clear or Partly Cloudy,Dry,Daylight,,,,8.0,Pedalcyclist All Other Involvements ONE UNIT - PEDALCYCLIST ONLY or PEDALCYCLIST STR,0,0,N,POINT (1269058.072880313 224002.2717694342),23457.0,0.0,Clear or Partly Cloudy,2018-12-06,15:48:00,15.0,3,1,1.0,Clear or Partly Cloudy
206975,315337,316817,E898322,Matched,Intersection,24501.0,12TH AVE NE AND NE 65TH ST,,,2,Injury Collision,Cycles,2,0,1,1,1,0,0,2019-02-25T00:00:00.000Z,2/25/2019 9:17:00 PM,At Intersection (intersection related),18,"MOTOR VEHICLE STRUCK PEDALCYCLIST, FRONT END AT ANGLE",Y,N,Clear or Partly Cloudy,Dry,Dark - Street Lights On,,,,5.0,Vehicle Strikes Pedalcyclist,0,521076,N,POINT (1275259.148086667 250033.3503240943),14426.0,0.0,Clear or Partly Cloudy,2019-02-25,21:17:00,21.0,0,1,0.0,Clear or Partly Cloudy
206986,314577,316057,3814602,Matched,Intersection,27153.0,EASTLAKE AVE E AND FUHRMAN AVE E,,,2,Injury Collision,Cycles,2,0,1,1,1,0,0,2019-02-06T00:00:00.000Z,2/6/2019 9:11:00 PM,At Intersection (intersection related),51,PEDALCYCLIST STRUCK MOTOR VEHICLE FRONT END AT ANGLE,Y,N,Clear or Partly Cloudy,Wet,Dark - Street Lights On,,,,6.0,Pedalcyclist Strikes Moving Vehicle,15462,0,N,POINT (1273704.647989064 241221.0042030662),995.0,0.0,Clear or Partly Cloudy,2019-02-06,21:11:00,21.0,2,1,0.0,Clear or Partly Cloudy
206988,315397,316877,E898427,Matched,Intersection,28785.0,6TH AVE N AND HARRISON ST,,,1,Property Damage Only Collision,Cycles,2,0,1,1,0,0,0,2019-02-28T00:00:00.000Z,2/28/2019 7:50:00 PM,At Intersection (intersection related),18,"MOTOR VEHICLE STRUCK PEDALCYCLIST, FRONT END AT ANGLE",Y,N,Clear or Partly Cloudy,Dry,Dark - Street Lights On,,,,5.0,Vehicle Strikes Pedalcyclist,0,0,N,POINT (1267639.138094857 230571.6705601662),3573.0,0.0,Clear or Partly Cloudy,2019-02-28,19:50:00,19.0,3,1,1.0,Clear or Partly Cloudy
209009,319360,320860,E924063,Matched,Intersection,35813.0,LINDEN AVE N AND N 135TH ST,,,2,Injury Collision,Cycles,2,0,1,1,1,0,0,2019-05-22T00:00:00.000Z,5/22/2019 6:44:00 PM,At Intersection (intersection related),18,"MOTOR VEHICLE STRUCK PEDALCYCLIST, FRONT END AT ANGLE",,N,Clear or Partly Cloudy,Dry,Daylight,,,,5.0,Vehicle Strikes Pedalcyclist,0,0,N,POINT (1267729.966126949 268803.4820553064),1210.0,0.0,Clear or Partly Cloudy,2019-05-22,18:44:00,18.0,2,1,1.0,Clear or Partly Cloudy
209091,320314,321814,3805961,Matched,Block,,2ND AVE S BETWEEN S MAIN ST AND S JACKSON ST,,,2,Injury Collision,Cycles,2,0,1,1,1,0,0,2019-06-14T00:00:00.000Z,6/14/2019 3:31:00 PM,Mid-Block (not related to intersection),18,"MOTOR VEHICLE STRUCK PEDALCYCLIST, FRONT END AT ANGLE",,Y,Clear or Partly Cloudy,Dry,Daylight,,,,5.0,Vehicle Strikes Pedalcyclist,0,0,N,POINT (1270797.45105809 222321.6093677133),20827.0,0.0,Clear or Partly Cloudy,2019-06-14,15:31:00,15.0,4,1,1.0,Clear or Partly Cloudy
209112,318863,320363,E919321,Matched,Intersection,487378.0,M L KING JR ER WAY S AND S HENDERSON ST,,,2,Injury Collision,Cycles,3,0,1,1,1,0,0,2019-05-06T00:00:00.000Z,5/6/2019 5:17:00 PM,At Intersection (intersection related),18,"MOTOR VEHICLE STRUCK PEDALCYCLIST, FRONT END AT ANGLE",,N,Clear or Partly Cloudy,Dry,Daylight,Y,,,5.0,Vehicle Strikes Pedalcyclist,0,0,N,POINT (1283247.568190843 194228.4696269482),2232.0,0.0,Clear or Partly Cloudy,2019-05-06,17:17:00,17.0,0,1,1.0,Clear or Partly Cloudy
209126,318677,320177,E918065,Matched,Intersection,30021.0,30TH AVE AND E UNION ST,,,2,Injury Collision,Cycles,2,0,1,1,1,0,0,2019-04-30T00:00:00.000Z,4/30/2019 8:03:00 PM,At Intersection (intersection related),18,"MOTOR VEHICLE STRUCK PEDALCYCLIST, FRONT END AT ANGLE",Y,Y,Clear or Partly Cloudy,Dry,Daylight,Y,,,5.0,Vehicle Strikes Pedalcyclist,0,0,N,POINT (1280223.290427744 227001.1391005069),279.0,0.0,Clear or Partly Cloudy,2019-04-30,20:03:00,20.0,1,1,0.0,Clear or Partly Cloudy
209164,320151,321651,3752789,Matched,Block,,DELRIDGE WAY SW BETWEEN SW MYRTLE ST AND SW ORCHARD ST,,,2,Injury Collision,Cycles,2,0,1,1,1,0,0,2019-06-11T00:00:00.000Z,6/11/2019 6:30:00 AM,Driveway Junction,51,PEDALCYCLIST STRUCK MOTOR VEHICLE FRONT END AT ANGLE,,N,Clear or Partly Cloudy,Dry,Dawn,,,,5.0,Vehicle Strikes Pedalcyclist,41040,0,N,POINT (1263093.464234203 200192.5349130481),8775.0,7.407997881723034e-09,Clear or Partly Cloudy,2019-06-11,06:30:00,6.0,1,1,0.0,Clear or Partly Cloudy
209172,319531,321031,3289397,Matched,Intersection,34520.0,M L KING JR ER WAY S AND S ANGEL PL,,,2,Injury Collision,Cycles,2,0,1,1,1,0,0,2019-05-26T00:00:00.000Z,5/26/2019 5:26:00 PM,At Intersection (intersection related),18,"MOTOR VEHICLE STRUCK PEDALCYCLIST, FRONT END AT ANGLE",,N,Clear or Partly Cloudy,Dry,Daylight,,,,5.0,Vehicle Strikes Pedalcyclist,0,524987,N,POINT (1281960.668733522 202039.0498589426),9265.0,0.0,Clear or Partly Cloudy,2019-05-26,17:26:00,17.0,6,0,1.0,Clear or Partly Cloudy
209195,318167,319667,3796155,Matched,Block,,N 115TH ST BETWEEN STONE AVE N AND MERIDIAN AVE N,,,1,Property Damage Only Collision,Cycles,2,0,1,1,0,0,0,2019-04-25T00:00:00.000Z,4/25/2019 6:19:00 PM,Driveway Junction,18,"MOTOR VEHICLE STRUCK PEDALCYCLIST, FRONT END AT ANGLE",,N,Clear or Partly Cloudy,Dry,Daylight,,,,6.0,Pedalcyclist Strikes Moving Vehicle,0,0,N,POINT (1269993.564209267 263447.243457824),6981.0,1.1611468617676787e-05,Clear or Partly Cloudy,2019-04-25,18:19:00,18.0,3,1,1.0,Clear or Partly Cloudy
209206,317798,319298,E910106,Matched,Intersection,28925.0,5TH AVE N AND HARRISON ST,,,2,Injury Collision,Cycles,3,0,1,1,1,0,0,2019-04-10T00:00:00.000Z,4/10/2019 8:19:00 AM,At Intersection (intersection related),18,"MOTOR VEHICLE STRUCK PEDALCYCLIST, FRONT END AT ANGLE",,N,Overcast,Dry,Daylight,,,,5.0,Vehicle Strikes Pedalcyclist,0,0,N,POINT (1267007.855662212 230587.8020161837),3572.0,0.0,Overcast,2019-04-10,08:19:00,8.0,2,1,1.0,Clear or Partly Cloudy
209221,318001,319501,E911497,Matched,Intersection,28767.0,DEXTER AVE N AND MERCER ST,,,2,Injury Collision,Cycles,2,0,1,1,1,0,0,2019-04-12T00:00:00.000Z,4/12/2019 10:14:00 AM,At Intersection (intersection related),18,"MOTOR VEHICLE STRUCK PEDALCYCLIST, FRONT END AT ANGLE",,N,Overcast,Dry,Daylight,,,,5.0,Vehicle Strikes Pedalcyclist,0,0,N,POINT (1268318.102319553 231464.9540170729),696.0,0.0,Overcast,2019-04-12,10:14:00,10.0,4,1,0.0,Clear or Partly Cloudy
209275,318687,320187,E918212,Matched,Block,,2ND AVE NE BETWEEN NE 65TH ST AND WOODLAWN S AVE NE,,,2,Injury Collision,Cycles,2,0,1,1,1,0,0,2019-05-01T00:00:00.000Z,5/1/2019 6:58:00 PM,Mid-Block (not related to intersection),18,"MOTOR VEHICLE STRUCK PEDALCYCLIST, FRONT END AT ANGLE",,N,Clear or Partly Cloudy,Dry,Daylight,,,,5.0,Vehicle Strikes Pedalcyclist,0,0,N,POINT (1272398.855923727 250427.6647564918),8465.0,1.7086763380730214e-06,Clear or Partly Cloudy,2019-05-01,18:58:00,18.0,2,1,1.0,Clear or Partly Cloudy
209280,319701,321201,3795941,Matched,Intersection,26496.0,28TH AVE W AND GILMAN AVE W,,,2,Injury Collision,Cycles,2,0,1,1,1,0,0,2019-05-12T00:00:00.000Z,5/12/2019 1:00:00 PM,At Intersection (intersection related),18,"MOTOR VEHICLE STRUCK PEDALCYCLIST, FRONT END AT ANGLE",,N,Unknown,Unknown,Unknown,,,,6.0,Pedalcyclist Strikes Moving Vehicle,0,0,N,POINT (1256134.366755083 244886.3684308231),4790.0,0.0,,2019-05-12,13:00:00,13.0,6,0,0.0,
209294,319696,321196,E926207,Matched,Block,,LAKESIDE AVE BETWEEN E YESLER WAY AND LAKE WASHINGTON BLVD,,,2,Injury Collision,Cycles,2,0,1,1,1,0,0,2019-06-01T00:00:00.000Z,6/1/2019 4:02:00 PM,Mid-Block (not related to intersection),18,"MOTOR VEHICLE STRUCK PEDALCYCLIST, FRONT END AT ANGLE",Y,N,Clear or Partly Cloudy,Dry,Daylight,,,,5.0,Vehicle Strikes Pedalcyclist,0,0,N,POINT (1282309.775549889 223090.135640502),13761.0,1.6349382295988096e-06,Clear or Partly Cloudy,2019-06-01,16:02:00,16.0,5,0,1.0,Clear or Partly Cloudy
209345,318187,319687,3547968,Matched,Intersection,29321.0,16TH AVE E AND E ALOHA ST,,,2,Injury Collision,Cycles,2,0,1,1,1,0,0,2019-04-29T00:00:00.000Z,4/29/2019 4:28:00 PM,At Intersection (intersection related),51,PEDALCYCLIST STRUCK MOTOR VEHICLE FRONT END AT ANGLE,Y,N,Clear or Partly Cloudy,Dry,Daylight,,,,5.0,Vehicle Strikes Pedalcyclist,0,0,N,POINT (1275993.002039418 232163.1976017952),2415.0,0.0,Clear or Partly Cloudy,2019-04-29,16:28:00,16.0,0,1,1.0,Clear or Partly Cloudy
209454,319711,321211,E912159,Matched,Intersection,32557.0,48TH AVE S AND LAKE WASHINGTON BLVD S,,,2,Injury Collision,Cycles,2,0,1,1,1,0,0,2019-04-13T00:00:00.000Z,4/13/2019 11:10:00 AM,At Intersection (intersection related),18,"MOTOR VEHICLE STRUCK PEDALCYCLIST, FRONT END AT ANGLE",,N,Clear or Partly Cloudy,Wet,Daylight,,,,6.0,Pedalcyclist Strikes Moving Vehicle,0,0,N,POINT (1284978.20339261 210764.5391478837),471.0,0.0,Clear or Partly Cloudy,2019-04-13,11:10:00,11.0,5,0,0.0,Clear or Partly Cloudy
209528,318540,320040,E899739,Matched,Intersection,29613.0,2ND AVE AND SPRING ST,,,2,Injury Collision,Cycles,2,0,1,1,1,0,0,2019-03-01T00:00:00.000Z,3/1/2019 4:14:00 PM,At Intersection (intersection related),18,"MOTOR VEHICLE STRUCK PEDALCYCLIST, FRONT END AT ANGLE",,N,Clear or Partly Cloudy,Dry,Daylight,,,,5.0,Vehicle Strikes Pedalcyclist,42196,0,N,POINT (1269804.427313074 224621.804442063),3767.0,0.0,Clear or Partly Cloudy,2019-03-01,16:14:00,16.0,4,1,1.0,Clear or Partly Cloudy
209551,318532,320032,E917144,Matched,Intersection,27114.0,7TH AVE NE AND NE 40TH ST,,,2,Injury Collision,Cycles,2,0,1,1,1,0,0,2019-05-03T00:00:00.000Z,5/3/2019 6:00:00 PM,At Intersection (intersection related),18,"MOTOR VEHICLE STRUCK PEDALCYCLIST, FRONT END AT ANGLE",,N,Clear or Partly Cloudy,Dry,Daylight,,,,5.0,Vehicle Strikes Pedalcyclist,0,0,N,POINT (1273838.842165202 242792.6606526673),1388.0,0.0,Clear or Partly Cloudy,2019-05-03,18:00:00,18.0,4,1,1.0,Clear or Partly Cloudy
209572,319559,321059,3289400,Matched,Intersection,33710.0,LAKE WASHINGTON BLVD S AND S ORCAS ST,,,2,Injury Collision,Cycles,2,0,1,1,1,0,0,2019-05-27T00:00:00.000Z,5/27/2019 7:33:00 PM,At Intersection (intersection related),51,PEDALCYCLIST STRUCK MOTOR VEHICLE FRONT END AT ANGLE,,Y,Clear or Partly Cloudy,Dry,Daylight,Y,,,5.0,Vehicle Strikes Pedalcyclist,0,0,N,POINT (1288286.985796005 204269.0295092314),17297.0,0.0,Clear or Partly Cloudy,2019-05-27,19:33:00,19.0,0,1,1.0,Clear or Partly Cloudy
209585,319230,320730,3810514,Matched,Intersection,26648.0,LEARY WAY NW AND NW 40TH ST,,,2,Injury Collision,Cycles,3,0,1,1,1,0,0,2019-05-07T00:00:00.000Z,5/7/2019 9:58:00 PM,At Intersection (intersection related),51,PEDALCYCLIST STRUCK MOTOR VEHICLE FRONT END AT ANGLE,,Y,Clear or Partly Cloudy,Dry,Dark - Street Lights On,,,,6.0,Pedalcyclist Strikes Moving Vehicle,0,0,N,POINT (1263721.440042853 243052.6481089443),1561.0,0.0,Clear or Partly Cloudy,2019-05-07,21:58:00,21.0,1,1,0.0,Clear or Partly Cloudy
209693,318365,319865,3750977,Matched,Block,,S DEARBORN ST BETWEEN 7TH AVE S AND 8TH AVE S,,,2,Injury Collision,Cycles,2,0,1,1,1,0,0,2019-04-27T00:00:00.000Z,4/27/2019 1:03:00 PM,Driveway Junction,51,PEDALCYCLIST STRUCK MOTOR VEHICLE FRONT END AT ANGLE,,N,Clear or Partly Cloudy,Dry,Daylight,Y,,,5.0,Vehicle Strikes Pedalcyclist,5843,0,N,POINT (1272858.619828209 220899.3477982581),13978.0,1.948371687125159e-05,Clear or Partly Cloudy,2019-04-27,13:03:00,13.0,5,0,0.0,Clear or Partly Cloudy
209697,318713,320213,3795851,Matched,Block,,1ST AVE BETWEEN UNION ST AND PIKE ST,,,1,Property Damage Only Collision,Cycles,2,0,1,1,0,0,0,2019-05-04T00:00:00.000Z,5/4/2019 6:22:00 PM,Mid-Block (not related to intersection),55,PEDALCYCLIST STRUCK MOTOR VEHICLE RIGHT SIDE SIDESWIPE,,N,Clear or Partly Cloudy,Dry,Daylight,,,,6.0,Pedalcyclist Strikes Moving Vehicle,0,0,N,POINT (1268890.208304137 225534.2326029986),16932.0,0.0,Clear or Partly Cloudy,2019-05-04,18:22:00,18.0,5,0,1.0,Clear or Partly Cloudy
209708,319404,320904,E924212,Matched,Intersection,29739.0,11TH AVE AND E PINE ST,,,2,Injury Collision,Cycles,3,0,1,1,1,0,0,2019-05-23T00:00:00.000Z,5/23/2019 8:20:00 AM,At Intersection (intersection related),18,"MOTOR VEHICLE STRUCK PEDALCYCLIST, FRONT END AT ANGLE",Y,N,Clear or Partly Cloudy,Dry,Daylight,,,,5.0,Vehicle Strikes Pedalcyclist,0,0,N,POINT (1274216.837429598 227958.9433894902),28.0,0.0,Clear or Partly Cloudy,2019-05-23,08:20:00,8.0,3,1,1.0,Clear or Partly Cloudy
209726,319565,321065,E925711,Matched,Intersection,27027.0,FREMONT AVE N AND N 36TH ST,,,2,Injury Collision,Cycles,2,0,1,1,1,0,0,2019-05-17T00:00:00.000Z,5/17/2019 8:01:00 AM,At Intersection (intersection related),18,"MOTOR VEHICLE STRUCK PEDALCYCLIST, FRONT END AT ANGLE",Y,N,Overcast,Wet,Daylight,,,,5.0,Vehicle Strikes Pedalcyclist,0,0,N,POINT (1266640.677421838 241275.2014511228),11267.0,0.0,Overcast,2019-05-17,08:01:00,8.0,4,1,1.0,Clear or Partly Cloudy
209760,318053,319553,3746548,Matched,Intersection,32354.0,1ST AVE S AND S SPOKANE NR ST,,,2,Injury Collision,Cycles,2,0,1,1,1,0,0,2019-04-22T00:00:00.000Z,4/22/2019 2:40:00 PM,At Intersection (intersection related),18,"MOTOR VEHICLE STRUCK PEDALCYCLIST, FRONT END AT ANGLE",,N,Overcast,Dry,Daylight,,,,5.0,Vehicle Strikes Pedalcyclist,0,525550,N,POINT (1269952.252721235 212153.9805573076),2251.0,0.0,Overcast,2019-04-22,14:40:00,14.0,0,1,0.0,Clear or Partly Cloudy
209800,318903,320403,3812930,Matched,Block,,ALKI AVE SW BETWEEN SW JERSEY ST AND SW ARKANSAS ST,,,2b,Serious Injury Collision,Cycles,3,0,1,1,1,1,0,2019-05-10T00:00:00.000Z,5/10/2019 7:46:00 PM,Mid-Block (not related to intersection),21,"MOTOR VEHICLE STRUCK PEDALCYCLIST, REAR END",Y,N,Clear or Partly Cloudy,Dry,Daylight,,,,5.0,Vehicle Strikes Pedalcyclist,0,0,N,POINT (1255917.494370863 219829.8734291643),9720.0,4.7309183806424026e-06,Clear or Partly Cloudy,2019-05-10,19:46:00,19.0,4,1,1.0,Clear or Partly Cloudy
209830,318216,319716,E914274,Matched,Intersection,35274.0,RENTON AVE S AND S HENDERSON ST,,,2,Injury Collision,Cycles,4,0,1,1,1,0,0,2019-04-24T00:00:00.000Z,4/24/2019 4:48:00 PM,At Intersection (intersection related),18,"MOTOR VEHICLE STRUCK PEDALCYCLIST, FRONT END AT ANGLE",,N,Clear or Partly Cloudy,Dry,Daylight,,,,5.0,Vehicle Strikes Pedalcyclist,0,0,N,POINT (1283885.015359491 194231.6929229498),11160.0,0.0,Clear or Partly Cloudy,2019-04-24,16:48:00,16.0,2,1,1.0,Clear or Partly Cloudy
209843,319740,321240,3752784,Matched,Intersection,34270.0,5TH AVE S AND S PORTLAND ST,,,2b,Serious Injury Collision,Cycles,2,0,1,1,1,1,0,2019-06-03T00:00:00.000Z,6/3/2019 7:57:00 AM,At Intersection (intersection related),18,"MOTOR VEHICLE STRUCK PEDALCYCLIST, FRONT END AT ANGLE",,N,Clear or Partly Cloudy,Dry,Daylight,,,,5.0,Vehicle Strikes Pedalcyclist,0,626530,N,POINT (1271175.027506486 198161.6106229722),4933.0,0.0,Clear or Partly Cloudy,2019-06-03,07:57:00,7.0,0,1,1.0,Clear or Partly Cloudy
209898,320447,321947,E932209,Matched,Intersection,29660.0,2ND AVE AND DENNY WAY,,,1,Property Damage Only Collision,Cycles,2,0,1,1,0,0,0,2019-06-19T00:00:00.000Z,6/19/2019 9:03:00 AM,At Intersection (intersection related),18,"MOTOR VEHICLE STRUCK PEDALCYCLIST, FRONT END AT ANGLE",,N,Clear or Partly Cloudy,Dry,Daylight,,,,5.0,Vehicle Strikes Pedalcyclist,0,0,N,POINT (1265688.931628868 229343.1149109006),5208.0,0.0,Clear or Partly Cloudy,2019-06-19,09:03:00,9.0,2,1,1.0,Clear or Partly Cloudy
209910,320046,321546,3752814,Matched,Alley,,,,,2,Injury Collision,Cycles,2,0,1,1,1,0,0,2019-06-05T00:00:00.000Z,6/5/2019 3:30:00 PM,,0,NOT ENOUGH INFORMATION / NOT APPLICABLE,,N,Clear or Partly Cloudy,Dry,Daylight,Y,,,5.0,Vehicle Strikes Pedalcyclist,0,0,N,,,,Clear or Partly Cloudy,2019-06-05,15:30:00,15.0,2,1,1.0,Clear or Partly Cloudy
209917,317850,319350,3547952,Matched,Intersection,30430.0,12TH AVE S AND S KING ST,,,2,Injury Collision,Cycles,2,0,1,1,1,0,0,2019-04-15T00:00:00.000Z,4/15/2019 5:43:00 PM,At Intersection (intersection related),51,PEDALCYCLIST STRUCK MOTOR VEHICLE FRONT END AT ANGLE,Y,N,Clear or Partly Cloudy,Dry,Daylight,,,,5.0,Vehicle Strikes Pedalcyclist,0,0,N,POINT (1274327.555381715 221785.0008551627),9996.0,0.0,Clear or Partly Cloudy,2019-04-15,17:43:00,17.0,0,1,1.0,Clear or Partly Cloudy
209943,318908,320408,3750863,Matched,Block,,5TH AVE S BETWEEN S MAIN ST AND S JACKSON ST,,,1,Property Damage Only Collision,Cycles,2,0,1,1,0,0,0,2019-05-14T00:00:00.000Z,5/14/2019 4:43:00 PM,Mid-Block (not related to intersection),54,PEDALCYCLIST STRUCK MOTOR VEHICLE REAR END,,N,Clear or Partly Cloudy,Dry,Daylight,,,,8.0,Pedalcyclist All Other Involvements ONE UNIT - PEDALCYCLIST ONLY or PEDALCYCLIST STR,0,0,N,POINT (1271761.992499083 222301.0076396912),8664.0,1.4876261073610904e-05,Clear or Partly Cloudy,2019-05-14,16:43:00,16.0,1,1,1.0,Clear or Partly Cloudy
210054,320215,321715,E930351,Matched,Intersection,29872.0,BOREN AVE AND PINE ST,,,2,Injury Collision,Cycles,2,0,1,1,1,0,0,2019-06-09T00:00:00.000Z,6/9/2019 9:46:00 AM,At Intersection (intersection related),14,"MOTOR VEHICLE STRUCK MOTOR VEHICLE, REAR END",Y,N,Clear or Partly Cloudy,Dry,Daylight,,,,6.0,Pedalcyclist Strikes Moving Vehicle,0,0,N,POINT (1271335.12145865 227723.9425572455),896.0,0.0,Clear or Partly Cloudy,2019-06-09,09:46:00,9.0,6,0,1.0,Clear or Partly Cloudy
210066,320212,321712,3796439,Matched,Intersection,287172.0,BURKE GILMAN TRL AND NE 70TH ST,,,2,Injury Collision,Cycles,2,0,1,1,1,0,0,2019-06-11T00:00:00.000Z,6/11/2019 7:16:00 PM,At Intersection (intersection related),18,"MOTOR VEHICLE STRUCK PEDALCYCLIST, FRONT END AT ANGLE",,N,Clear or Partly Cloudy,Dry,Daylight,,,,5.0,Vehicle Strikes Pedalcyclist,0,0,N,POINT (1287683.49088338 251095.8747411817),9161.0,0.0,Clear or Partly Cloudy,2019-06-11,19:16:00,19.0,1,1,1.0,Clear or Partly Cloudy
210088,319099,320599,3750864,Matched,Intersection,28773.0,9TH AVE N AND REPUBLICAN ST,,,2,Injury Collision,Cycles,5,0,1,1,1,0,0,2019-05-18T00:00:00.000Z,5/18/2019 10:14:00 AM,At Intersection (intersection related),51,PEDALCYCLIST STRUCK MOTOR VEHICLE FRONT END AT ANGLE,Y,N,Clear or Partly Cloudy,Dry,Daylight,,,,5.0,Vehicle Strikes Pedalcyclist,15966,0,N,POINT (1268949.189424202 230965.2919365615),8903.0,0.0,Clear or Partly Cloudy,2019-05-18,10:14:00,10.0,5,0,0.0,Clear or Partly Cloudy
210106,319285,320785,3795881,Matched,Intersection,29537.0,8TH AVE AND VIRGINIA ST,,,2,Injury Collision,Cycles,3,0,1,1,1,0,0,2019-05-22T00:00:00.000Z,5/22/2019 4:05:00 PM,At Intersection (intersection related),18,"MOTOR VEHICLE STRUCK PEDALCYCLIST, FRONT END AT ANGLE",,N,Clear or Partly Cloudy,Dry,Daylight,Y,,,6.0,Pedalcyclist Strikes Moving Vehicle,14025,0,N,POINT (1269673.955120936 228217.4585897475),3808.0,0.0,Clear or Partly Cloudy,2019-05-22,16:05:00,16.0,2,1,1.0,Clear or Partly Cloudy
210137,317866,319366,3750880,Matched,Block,,1ST AVE BETWEEN UNION ST AND PIKE ST,,,2,Injury Collision,Cycles,2,0,1,1,1,0,0,2019-04-20T00:00:00.000Z,4/20/2019 9:39:00 PM,Mid-Block (not related to intersection),18,"MOTOR VEHICLE STRUCK PEDALCYCLIST, FRONT END AT ANGLE",Y,N,Clear or Partly Cloudy,Dry,Dark - Street Lights On,,,,5.0,Vehicle Strikes Pedalcyclist,0,0,N,POINT (1268890.208304137 225534.2326029986),16932.0,0.0,Clear or Partly Cloudy,2019-04-20,21:39:00,21.0,5,0,0.0,Clear or Partly Cloudy
210139,319764,321264,3810515,Matched,Intersection,25464.0,LEARY WAY NW AND NW 46TH ST,,,2,Injury Collision,Cycles,2,0,1,1,1,0,0,2019-05-30T00:00:00.000Z,5/30/2019 9:15:00 PM,At Intersection (intersection related),18,"MOTOR VEHICLE STRUCK PEDALCYCLIST, FRONT END AT ANGLE",,N,Clear or Partly Cloudy,Dry,Dusk,Y,,,5.0,Vehicle Strikes Pedalcyclist,0,0,N,POINT (1262301.018409386 245318.484655261),804.0,0.0,Clear or Partly Cloudy,2019-05-30,21:15:00,21.0,3,1,0.0,Clear or Partly Cloudy
210141,320218,321718,E930347,Matched,Intersection,35851.0,15TH AVE NE AND NE 145TH ST,,,2,Injury Collision,Cycles,2,0,1,1,1,0,0,2019-06-09T00:00:00.000Z,6/9/2019 2:44:00 PM,At Intersection (intersection related),18,"MOTOR VEHICLE STRUCK PEDALCYCLIST, FRONT END AT ANGLE",,N,Clear or Partly Cloudy,Dry,Daylight,,,,5.0,Vehicle Strikes Pedalcyclist,0,0,N,POINT (1276383.423799813 271221.9934177846),16518.0,0.0,Clear or Partly Cloudy,2019-06-09,14:44:00,14.0,6,0,0.0,Clear or Partly Cloudy
210180,317868,319368,3750906,Matched,Block,,PINE ST BETWEEN TERRY AVE AND BOREN AVE,,,2,Injury Collision,Cycles,3,0,1,1,1,0,0,2019-04-16T00:00:00.000Z,4/16/2019 5:38:00 PM,Mid-Block (not related to intersection),18,"MOTOR VEHICLE STRUCK PEDALCYCLIST, FRONT END AT ANGLE",,N,Raining,Wet,Daylight,,,,6.0,Pedalcyclist Strikes Moving Vehicle,0,0,N,POINT (1271196.708146498 227641.8041891605),896.0,1.3694657147413284e-05,Raining,2019-04-16,17:38:00,17.0,1,1,1.0,Raining