OBJECTID,INCKEY,COLDETKEY,REPORTNO,STATUS,ADDRTYPE,INTKEY,LOCATION,EXCEPTRSNC,EXCEPTRSND,SEVERITYCO,SEVERITYDE,COLLISIONT,PERSONCOUN,PEDCOUNT,PEDCYLCOUN,VEHCOUNT,INJURIES,SERIOUSINJ,FATALITIES,INCDATE,INCDTTM,JUNCTIONTY,SDOT_COLCO,SDOT_COLDE,INATTENTIO,UNDERINFL,WEATHER,ROADCOND,LIGHTCOND,PEDROWNOTG,SDOTCOLNUM,SPEEDING,ST_COLCODE,ST_COLDESC,SEGLANEKEY,CROSSWALKK,HITPARKEDC,geometry,near_str_index,min_length,weather_group,date,time,hour,dayofweek,weekday,rushhour,weather_group2
208751,319510,321010,E925384,Matched,Intersection,29783.0,12TH AVE AND E MARION ST,,,2,Injury Collision,Cycles,2,0,1,1,1,0,0,2019-05-07T00:00:00.000Z,5/7/2019 6:14:00 PM,At Intersection (intersection related),18,"MOTOR VEHICLE STRUCK PEDALCYCLIST, FRONT END AT ANGLE",Y,N,Clear or Partly Cloudy,Dry,Daylight,,,,5.0,Vehicle Strikes Pedalcyclist,0,0,N,POINT (1274522.996277913 226180.1760276705),8407.0,0.0,Clear or Partly Cloudy,2019-05-07,18:14:00,18.0,1,1,1.0,Clear or Partly Cloudy
208814,318827,320327,3752564,Matched,Intersection,32938.0,18TH AVE SW AND SW DAWSON ST,,,2,Injury Collision,Cycles,2,0,1,1,1,0,0,2019-05-08T00:00:00.000Z,5/8/2019 1:55:00 PM,At Intersection (intersection related),18,"MOTOR VEHICLE STRUCK PEDALCYCLIST, FRONT END AT ANGLE",,N,Clear or Partly Cloudy,Dry,Daylight,,,,6.0,Pedalcyclist Strikes Moving Vehicle,0,0,N,POINT (1264196.842283338 206447.536263451),2472.0,0.0,Clear or Partly Cloudy,2019-05-08,13:55:00,13.0,2,1,0.0,Clear or Partly Cloudy
208836,318144,319644,3733709,Matched,Block,,SW THISTLE ST BETWEEN 25TH AVE SW AND 26TH AVE SW,,,2b,Serious Injury Collision,Cycles,2,0,1,1,1,1,0,2019-04-29T00:00:00.000Z,4/29/2019 1:25:00 PM,Mid-Block (not related to intersection),24,MOTOR VEHCILE STRUCK PEDESTRIAN,,Y,Clear or Partly Cloudy,Dry,Daylight,,,,5.0,Vehicle Strikes Pedalcyclist,0,0,N,POINT (1261990.251305073 196467.6111332327),2057.0,9.770641539892542e-06,Clear or Partly Cloudy,2019-04-29,13:25:00,13.0,0,1,0.0,Clear or Partly Cloudy
208864,319024,320524,3754450,Matched,Block,,35TH AVE NE BETWEEN NE 70TH ST AND NE 73RD ST,,,2,Injury Collision,Cycles,2,0,1,1,1,0,0,2019-05-16T00:00:00.000Z,5/16/2019 11:34:00 PM,Mid-Block (not related to intersection),21,"MOTOR VEHICLE STRUCK PEDALCYCLIST, REAR END",,Y,Raining,Wet,Dark - Street Lights On,,,,5.0,Vehicle Strikes Pedalcyclist,0,0,N,POINT (1281511.161533058 251558.9398296475),338.0,7.451964892596396e-09,Raining,2019-05-16,23:34:00,23.0,3,1,0.0,Raining
208881,319018,320518,E921462,Matched,Intersection,25409.0,8TH AVE NW AND NW 57TH ST,,,2b,Serious Injury Collision,Cycles,2,0,1,1,1,1,0,2019-05-09T00:00:00.000Z,5/9/2019 8:48:00 AM,At Intersection (intersection related),18,"MOTOR VEHICLE STRUCK PEDALCYCLIST, FRONT END AT ANGLE",Y,N,Clear or Partly Cloudy,Dry,Daylight,,,,6.0,Pedalcyclist Strikes Moving Vehicle,0,0,N,POINT (1262775.431721881 248214.9021942317),10265.0,0.0,Clear or Partly Cloudy,2019-05-09,08:48:00,8.0,3,1,1.0,Clear or Partly Cloudy
208882,319670,321170,E925730,Matched,Intersection,28725.0,HIGHLAND DR AND WESTLAKE AVE N,,,2,Injury Collision,Cycles,2,0,1,1,1,0,0,2019-05-30T00:00:00.000Z,5/30/2019 12:50:00 PM,At Intersection (intersection related),18,"MOTOR VEHICLE STRUCK PEDALCYCLIST, FRONT END AT ANGLE",,N,Clear or Partly Cloudy,Dry,Daylight,,,,5.0,Vehicle Strikes Pedalcyclist,0,0,N,POINT (1268685.901615933 233340.9993309975),2204.0,0.0,Clear or Partly Cloudy,2019-05-30,12:50:00,12.0,3,1,0.0,Clear or Partly Cloudy
208912,319972,321472,3813026,Matched,Block,,1ST AVE S BETWEEN RAILROAD S WAY S AND S ROYAL BROUGHAM WAY,,,2b,Serious Injury Collision,Cycles,2,0,1,1,1,1,0,2019-05-26T00:00:00.000Z,5/26/2019 8:25:00 AM,Mid-Block (not related to intersection),21,"MOTOR VEHICLE STRUCK PEDALCYCLIST, REAR END",Y,N,Overcast,Dry,Daylight,,,,5.0,Vehicle Strikes Pedalcyclist,0,0,N,POINT (1270112.277553394 220298.7504856437),18587.0,0.0,Overcast,2019-05-26,08:25:00,8.0,6,0,1.0,Clear or Partly Cloudy
208946,318148,319648,3805705,Matched,Block,,RAINIER AVE S BETWEEN S PLUM ST AND 23RD AVE S,,,2,Injury Collision,Cycles,2,0,1,1,1,0,0,2019-04-17T00:00:00.000Z,4/17/2019 6:58:00 PM,Mid-Block (not related to intersection),51,PEDALCYCLIST STRUCK MOTOR VEHICLE FRONT END AT ANGLE,Y,N,Clear or Partly Cloudy,Dry,Daylight,,,,6.0,Pedalcyclist Strikes Moving Vehicle,0,0,N,POINT (1277681.069625139 216861.842578128),910.0,3.5842436545963184e-09,Clear or Partly Cloudy,2019-04-17,18:58:00,18.0,2,1,1.0,Clear or Partly Cloudy
208977,319192,320692,E922668,Matched,Intersection,29878.0,BOREN AVE AND PIKE ST,,,2,Injury Collision,Cycles,2,0,1,1,1,0,0,2019-05-01T00:00:00.000Z,5/1/2019 7:20:00 PM,At Intersection (intersection related),18,"MOTOR VEHICLE STRUCK PEDALCYCLIST, FRONT END AT ANGLE",,N,Clear or Partly Cloudy,Dry,Daylight,Y,,,5.0,Vehicle Strikes Pedalcyclist,0,0,N,POINT (1271552.335410863 227358.0148768723),6588.0,0.0,Clear or Partly Cloudy,2019-05-01,19:20:00,19.0,2,1,1.0,Clear or Partly Cloudy
208997,318832,320332,3793204,Matched,Block,,1ST AVE S BETWEEN S HUDSON ST AND S DAWSON ST,,,2,Injury Collision,Cycles,2,0,1,1,1,0,0,2019-05-07T00:00:00.000Z,5/7/2019 1:20:00 PM,Driveway Junction,18,"MOTOR VEHICLE STRUCK PEDALCYCLIST, FRONT END AT ANGLE",Y,N,Clear or Partly Cloudy,Dry,Daylight,,,,6.0,Pedalcyclist Strikes Moving Vehicle,0,0,N,POINT (1269840.128881112 206622.5468236357),4975.0,8.682776596522296e-06,Clear or Partly Cloudy,2019-05-07,13:20:00,13.0,1,1,0.0,Clear or Partly Cloudy
212104,320661,322161,3795279,Matched,Block,,17TH AVE BETWEEN E PIKE ST AND E PINE ST,,,2,Injury Collision,Cycles,2,0,1,1,1,0,0,2019-06-27T00:00:00.000Z,6/27/2019 3:32:00 AM,Mid-Block (not related to intersection),56,PEDALCYCLIST STRUCK MOTOR VEHICLE LEFT SIDE SIDESWIPE,,Y,Clear or Partly Cloudy,Dry,Dark - Street Lights On,,,,8.0,Pedalcyclist All Other Involvements ONE UNIT - PEDALCYCLIST ONLY or PEDALCYCLIST STR,0,0,N,POINT (1276186.288503617 227714.732701242),22135.0,2.1724059460425425e-05,Clear or Partly Cloudy,2019-06-27,03:32:00,3.0,3,1,0.0,Clear or Partly Cloudy
212136,321190,322690,E939470,Matched,Block,,2ND AVE BETWEEN UNION ST AND PIKE ST,,,2,Injury Collision,Cycles,2,0,1,1,1,0,0,2019-07-11T00:00:00.000Z,7/11/2019 5:14:00 PM,Mid-Block (not related to intersection),18,"MOTOR VEHICLE STRUCK PEDALCYCLIST, FRONT END AT ANGLE",,N,Overcast,Dry,Daylight,Y,,,6.0,Pedalcyclist Strikes Moving Vehicle,0,0,N,POINT (1269167.241392419 225698.1291791648),135.0,1.0206619767903732e-08,Overcast,2019-07-11,17:14:00,17.0,3,1,1.0,Clear or Partly Cloudy
212290,320521,322021,E932366,Matched,Intersection,29966.0,4TH AVE AND COLUMBIA ST,,,2,Injury Collision,Cycles,2,0,1,1,1,0,0,2019-06-17T00:00:00.000Z,6/17/2019 12:14:00 PM,At Intersection (intersection related),18,"MOTOR VEHICLE STRUCK PEDALCYCLIST, FRONT END AT ANGLE",,Y,Clear or Partly Cloudy,Dry,Daylight,,,,6.0,Pedalcyclist Strikes Moving Vehicle,0,0,N,POINT (1270826.14917013 224160.0462335944),11803.0,0.0,Clear or Partly Cloudy,2019-06-17,12:14:00,12.0,0,1,0.0,Clear or Partly Cloudy
212463,321405,322905,E940161,Matched,Intersection,30912.0,56TH AVE SW AND ALKI AVE SW,,,2,Injury Collision,Cycles,3,0,1,1,1,0,0,2019-07-07T00:00:00.000Z,7/7/2019 9:55:00 AM,At Intersection (intersection related),51,PEDALCYCLIST STRUCK MOTOR VEHICLE FRONT END AT ANGLE,,N,Clear or Partly Cloudy,Dry,Daylight,,,,5.0,Vehicle Strikes Pedalcyclist,0,0,N,POINT (1252809.038879678 216183.4418094307),3181.0,0.0,Clear or Partly Cloudy,2019-07-07,09:55:00,9.0,6,0,1.0,Clear or Partly Cloudy
212528,321408,322908,E940063,Matched,Intersection,37769.0,20TH AVE NE AND LAKE CITY WAY NE,,,2,Injury Collision,Cycles,2,0,1,1,1,0,0,2019-07-10T00:00:00.000Z,7/10/2019 1:21:00 PM,At Intersection (intersection related),18,"MOTOR VEHICLE STRUCK PEDALCYCLIST, FRONT END AT ANGLE",,N,Overcast,Wet,Daylight,,,,5.0,Vehicle Strikes Pedalcyclist,0,630778,N,POINT (1277536.72709699 255615.787193805),785.0,0.0,Overcast,2019-07-10,13:21:00,13.0,2,1,0.0,Clear or Partly Cloudy
212578,322548,324048,E942748,Matched,Block,,WESTLAKE AVE BETWEEN 6TH AVE AND VIRGINIA ST,,,2,Injury Collision,Cycles,2,0,1,1,1,0,0,2019-07-17T00:00:00.000Z,7/17/2019 8:50:00 AM,Mid-Block (not related to intersection),24,MOTOR VEHCILE STRUCK PEDESTRIAN,,N,Clear or Partly Cloudy,Dry,Daylight,,,,45.0,Vehicle - Pedalcyclist,0,0,N,POINT (1269403.39966467 227736.8653092533),16041.0,2.217021401446734e-05,Clear or Partly Cloudy,2019-07-17,08:50:00,8.0,2,1,1.0,Clear or Partly Cloudy
212583,320842,322342,3547728,Matched,Block,,W MERCER ST BETWEEN QUEEN ANNE AVE N AND 1ST AVE W,,,2,Injury Collision,Cycles,2,0,1,1,1,0,0,2019-07-07T00:00:00.000Z,7/7/2019 9:32:00 PM,Driveway Junction,18,"MOTOR VEHICLE STRUCK PEDALCYCLIST, FRONT END AT ANGLE",,N,Overcast,Wet,Dark - Street Lights On,Y,,,5.0,Vehicle Strikes Pedalcyclist,0,0,N,POINT (1264617.414187759 231550.8598731607),20378.0,2.07341760293358e-06,Overcast,2019-07-07,21:32:00,21.0,6,0,0.0,Clear or Partly Cloudy
212646,321218,322718,E940524,Matched,Block,,7TH AVE BETWEEN PINE ST AND OLIVE WAY,,,2,Injury Collision,Cycles,2,0,1,1,1,0,0,2019-07-01T00:00:00.000Z,7/1/2019 2:48:00 PM,Mid-Block (not related to intersection),18,"MOTOR VEHICLE STRUCK PEDALCYCLIST, FRONT END AT ANGLE",,N,Clear or Partly Cloudy,Dry,Daylight,,,,6.0,Pedalcyclist Strikes Moving Vehicle,0,0,N,POINT (1270118.312113404 227251.7421087623),20535.0,6.411543392454722e-09,Clear or Partly Cloudy,2019-07-01,14:48:00,14.0,0,1,0.0,Clear or Partly Cloudy
212717,322557,324057,E943742,Matched,Intersection,24506.0,15TH AVE NE AND NE 65TH ST,,,2,Injury Collision,Cycles,2,0,1,1,1,0,0,2019-05-15T00:00:00.000Z,5/15/2019 9:13:00 AM,At Intersection (intersection related),18,"MOTOR VEHICLE STRUCK PEDALCYCLIST, FRONT END AT ANGLE",,N,Clear or Partly Cloudy,Dry,Daylight,,,,6.0,Pedalcyclist Strikes Moving Vehicle,0,0,N,POINT (1276177.254199609 250004.1983240545),2391.0,0.0,Clear or Partly Cloudy,2019-05-15,09:13:00,9.0,2,1,1.0,Clear or Partly Cloudy
212857,320555,322055,3547996,Matched,Intersection,30793.0,HIAWATHA PL S AND S CHARLES ST,,,1,Property Damage Only Collision,Cycles,2,0,1,1,0,0,0,2019-06-24T00:00:00.000Z,6/24/2019 5:37:00 PM,At Intersection (intersection related),18,"MOTOR VEHICLE STRUCK PEDALCYCLIST, FRONT END AT ANGLE",,N,Clear or Partly Cloudy,Dry,Daylight,,,,5.0,Vehicle Strikes Pedalcyclist,0,0,N,POINT (1276300.119095728 220322.2322136611),763.0,0.0,Clear or Partly Cloudy,2019-06-24,17:37:00,17.0,0,1,1.0,Clear or Partly Cloudy
212957,320704,322204,3805859,Matched,Intersection,29168.0,DENNY WAY AND STEWART ST,,,2b,Serious Injury Collision,Cycles,2,0,1,1,1,1,0,2019-06-28T00:00:00.000Z,6/28/2019 7:28:00 PM,At Intersection (intersection related),51,PEDALCYCLIST STRUCK MOTOR VEHICLE FRONT END AT ANGLE,Y,N,Clear or Partly Cloudy,Dry,Daylight,,,,5.0,Vehicle Strikes Pedalcyclist,0,0,N,POINT (1271141.683762446 229199.6351027489),14776.0,0.0,Clear or Partly Cloudy,2019-06-28,19:28:00,19.0,4,1,1.0,Clear or Partly Cloudy
211023,320593,322093,3795860,Matched,Block,,S JACKSON ST BETWEEN 12TH AVE S AND 14TH AVE S,,,2b,Serious Injury Collision,Cycles,3,0,1,1,1,1,0,2019-06-21T00:00:00.000Z,6/21/2019 6:05:00 PM,Mid-Block (not related to intersection),18,"MOTOR VEHICLE STRUCK PEDALCYCLIST, FRONT END AT ANGLE",,N,Clear or Partly Cloudy,Dry,Daylight,,,,6.0,Pedalcyclist Strikes Moving Vehicle,0,0,N,POINT (1274714.950966105 222091.9929194748),12155.0,2.01258740024902e-05,Clear or Partly Cloudy,2019-06-21,18:05:00,18.0,4,1,1.0,Clear or Partly Cloudy
211028,320596,322096,3810309,Matched,Intersection,24501.0,12TH AVE NE AND NE 65TH ST,,,2,Injury Collision,Cycles,2,0,1,1,1,0,0,2019-06-25T00:00:00.000Z,6/25/2019 7:40:00 AM,At Intersection (intersection related),18,"MOTOR VEHICLE STRUCK PEDALCYCLIST, FRONT END AT ANGLE",,N,Clear or Partly Cloudy,Dry,Daylight,Y,,,5.0,Vehicle Strikes Pedalcyclist,0,0,N,POINT (1275259.148086667 250033.3503240943),14426.0,0.0,Clear or Partly Cloudy,2019-06-25,07:40:00,7.0,1,1,1.0,Clear or Partly Cloudy
211053,321131,322631,E939324,Matched,Block,,DEXTER AVE N BETWEEN HAYES ST AND HOWE ST,,,2,Injury Collision,Cycles,2,0,1,1,1,0,0,2019-07-01T00:00:00.000Z,7/1/2019 8:44:00 AM,Driveway Junction,18,"MOTOR VEHICLE STRUCK PEDALCYCLIST, FRONT END AT ANGLE",Y,N,Clear or Partly Cloudy,Dry,Daylight,,,,5.0,Vehicle Strikes Pedalcyclist,0,0,N,POINT (1268408.639919654 235271.560932979),15565.0,6.7242681277130444e-06,Clear or Partly Cloudy,2019-07-01,08:44:00,8.0,0,1,1.0,Clear or Partly Cloudy
211148,322055,323555,E926420,Matched,Block,,BROADWAY BETWEEN E PINE ST AND XW E OLIVE ST,,,2,Injury Collision,Cycles,2,1,1,0,1,0,0,2019-05-29T00:00:00.000Z,5/29/2019 6:00:00 AM,Mid-Block (not related to intersection),64,PEDALCYCLIST STRUCK PEDESTRIAN,Y,N,Clear or Partly Cloudy,Dry,Daylight,,,,7.0,Pedalcyclist Strikes Pedalcyclist or Pedestrian,6850,0,N,POINT (1273567.713908926 228177.0842537135),8754.0,2.069417312261321e-05,Clear or Partly Cloudy,2019-05-29,06:00:00,6.0,2,1,0.0,Clear or Partly Cloudy
211370,320932,322432,E926429,Matched,Block,,S JACKSON ST BETWEEN 14TH AVE S AND 16TH AVE S,,,2,Injury Collision,Cycles,2,0,1,1,1,0,0,2019-04-25T00:00:00.000Z,4/25/2019 9:40:00 AM,Mid-Block (not related to intersection),18,"MOTOR VEHICLE STRUCK PEDALCYCLIST, FRONT END AT ANGLE",Y,N,Clear or Partly Cloudy,Dry,Daylight,,,,5.0,Vehicle Strikes Pedalcyclist,0,0,N,POINT (1275411.86482282 222085.1415274739),1804.0,2.9791262764691712e-05,Clear or Partly Cloudy,2019-04-25,09:40:00,9.0,3,1,1.0,Clear or Partly Cloudy
211403,321142,322642,3752763,Matched,Block,,EAST MARGINAL WAY S BETWEEN 1ST AVE S AND 1ST AV S BR SB,,,1,Property Damage Only Collision,Cycles,2,0,1,1,0,0,0,2019-07-01T00:00:00.000Z,7/1/2019 4:49:00 PM,Mid-Block (not related to intersection),18,"MOTOR VEHICLE STRUCK PEDALCYCLIST, FRONT END AT ANGLE",,N,Clear or Partly Cloudy,Dry,Daylight,Y,,,5.0,Vehicle Strikes Pedalcyclist,0,0,N,POINT (1269774.182897046 203559.4329005033),1122.0,5.453839044500702e-06,Clear or Partly Cloudy,2019-07-01,16:49:00,16.0,0,1,1.0,Clear or Partly Cloudy
211469,322473,323973,E936401,Matched,Block,,ALASKAN WAY BETWEEN CLAY ST AND BROAD ST,,,2,Injury Collision,Cycles,2,0,1,1,1,0,0,2019-04-26T00:00:00.000Z,4/26/2019 11:44:00 AM,Mid-Block (not related to intersection),18,"MOTOR VEHICLE STRUCK PEDALCYCLIST, FRONT END AT ANGLE",Y,N,Clear or Partly Cloudy,Dry,Daylight,,,,5.0,Vehicle Strikes Pedalcyclist,0,0,N,POINT (1265252.220780417 227935.6119334549),6111.0,2.6849740543234957e-06,Clear or Partly Cloudy,2019-04-26,11:44:00,11.0,4,1,0.0,Clear or Partly Cloudy
211503,320474,321974,E932852,Matched,Intersection,29283.0,24TH AVE E AND E MADISON ST,,,2,Injury Collision,Cycles,2,0,1,1,1,0,0,2019-06-17T00:00:00.000Z,6/17/2019 5:32:00 PM,At Intersection (intersection related),18,"MOTOR VEHICLE STRUCK PEDALCYCLIST, FRONT END AT ANGLE",,N,Clear or Partly Cloudy,Dry,Daylight,,,,5.0,Vehicle Strikes Pedalcyclist,0,0,N,POINT (1278453.456441939 229669.4145592302),195.0,0.0,Clear or Partly Cloudy,2019-06-17,17:32:00,17.0,0,1,1.0,Clear or Partly Cloudy
211516,320469,321969,E932847,Matched,Block,,BROADWAY BETWEEN E PINE ST AND XW E OLIVE ST,,,1,Property Damage Only Collision,Cycles,2,0,1,1,0,0,0,2019-06-11T00:00:00.000Z,6/11/2019 1:30:00 PM,Mid-Block (not related to intersection),11,"MOTOR VEHICLE STRUCK MOTOR VEHICLE, FRONT END AT ANGLE",Y,N,Clear or Partly Cloudy,Dry,Daylight,,,,8.0,Pedalcyclist All Other Involvements ONE UNIT - PEDALCYCLIST ONLY or PEDALCYCLIST STR,0,0,Y,POINT (1273567.713908926 228177.0842537135),8754.0,2.069417312261321e-05,Clear or Partly Cloudy,2019-06-11,13:30:00,13.0,1,1,0.0,Clear or Partly Cloudy
211558,320775,322275,3479310,Matched,Block,,UNIVERSITY WAY NE BETWEEN NE 41ST ST AND NE 42ND ST,,,2,Injury Collision,Cycles,2,0,1,1,1,0,0,2019-05-06T00:00:00.000Z,5/6/2019 12:10:00 PM,Mid-Block (not related to intersection),54,PEDALCYCLIST STRUCK MOTOR VEHICLE REAR END,,N,Clear or Partly Cloudy,Dry,Daylight,,,,6.0,Pedalcyclist Strikes Moving Vehicle,0,0,N,POINT (1275730.08427915 243369.0820932686),6723.0,1.076717241162441e-05,Clear or Partly Cloudy,2019-05-06,12:10:00,12.0,0,1,0.0,Clear or Partly Cloudy
211628,322654,324154,E952161,Matched,Block,,1ST AVE BETWEEN VIRGINIA ST AND LENORA ST,,,2b,Serious Injury Collision,Cycles,4,0,1,1,1,1,0,2019-08-09T00:00:00.000Z,8/9/2019 4:14:00 PM,Mid-Block (not related to intersection),14,"MOTOR VEHICLE STRUCK MOTOR VEHICLE, REAR END",,N,Clear or Partly Cloudy,Dry,Daylight,,,,6.0,Pedalcyclist Strikes Moving Vehicle,0,0,N,POINT (1267999.347247228 226692.9688601941),2268.0,0.0,Clear or Partly Cloudy,2019-08-09,16:14:00,16.0,4,1,1.0,Clear or Partly Cloudy
211683,321159,322659,3795512,Matched,Block,,RAINIER AVE S BETWEEN M L KING JR WAY S AND S MOUNT BAKER WB BV,,,1,Property Damage Only Collision,Cycles,2,0,1,1,0,0,0,2019-07-13T00:00:00.000Z,7/13/2019 8:32:00 AM,Mid-Block (not related to intersection),18,"MOTOR VEHICLE STRUCK PEDALCYCLIST, FRONT END AT ANGLE",,N,Clear or Partly Cloudy,Dry,Daylight,,,,6.0,Pedalcyclist Strikes Moving Vehicle,0,0,N,POINT (1279288.539002791 213607.8791187853),3720.0,1.104816980712308e-05,Clear or Partly Cloudy,2019-07-13,08:32:00,8.0,5,0,1.0,Clear or Partly Cloudy
211692,320946,322446,3751192,Matched,Block,,NE 42ND ST BETWEEN UNIVERSITY WAY NE AND 15TH AVE NE,,,2,Injury Collision,Cycles,2,0,1,1,1,0,0,2019-07-08T00:00:00.000Z,7/8/2019 8:01:00 PM,Mid-Block (not related to intersection),11,"MOTOR VEHICLE STRUCK MOTOR VEHICLE, FRONT END AT ANGLE",,N,Clear or Partly Cloudy,Dry,Daylight,,,,5.0,Vehicle Strikes Pedalcyclist,0,0,N,POINT (1275879.975095302 243634.3479495347),9126.0,2.731537300898389e-10,Clear or Partly Cloudy,2019-07-08,20:01:00,20.0,0,1,0.0,Clear or Partly Cloudy
211730,322096,323596,E926970,Matched,Block,,FAIRVIEW AVE N BETWEEN REPUBLICAN ST AND MERCER S SR ST,,,1,Property Damage Only Collision,Cycles,2,0,1,1,0,0,0,2019-05-23T00:00:00.000Z,5/23/2019 3:59:00 PM,Mid-Block (not related to intersection),21,"MOTOR VEHICLE STRUCK PEDALCYCLIST, REAR END",,N,Clear or Partly Cloudy,Dry,Daylight,,,,5.0,Vehicle Strikes Pedalcyclist,0,0,N,POINT (1270301.19556959 231120.7223367244),16451.0,2.819184053326116e-05,Clear or Partly Cloudy,2019-05-23,15:59:00,15.0,3,1,1.0,Clear or Partly Cloudy
211743,322298,323798,E928663,Matched,Intersection,30363.0,ALASKAN WAY S AND S MAIN ST,,,2,Injury Collision,Cycles,2,0,1,1,1,0,0,2019-06-08T00:00:00.000Z,6/8/2019 4:51:00 PM,At Intersection (intersection related),18,"MOTOR VEHICLE STRUCK PEDALCYCLIST, FRONT END AT ANGLE",,N,Clear or Partly Cloudy,Dry,Daylight,,,,6.0,Pedalcyclist Strikes Moving Vehicle,0,0,N,POINT (1269731.106609002 222497.5246318877),8725.0,0.0,Clear or Partly Cloudy,2019-06-08,16:51:00,16.0,5,0,1.0,Clear or Partly Cloudy
211832,321169,322669,3795291,Matched,Intersection,27299.0,MONTLAKE BLVD NE AND NE PACIFIC ST,,,2,Injury Collision,Cycles,2,0,1,1,1,0,0,2019-07-11T00:00:00.000Z,7/11/2019 5:16:00 PM,At Intersection (intersection related),18,"MOTOR VEHICLE STRUCK PEDALCYCLIST, FRONT END AT ANGLE",,N,Clear or Partly Cloudy,Dry,Daylight,Y,,,6.0,Pedalcyclist Strikes Moving Vehicle,0,0,N,POINT (1277798.016569257 240200.7080100179),12233.0,0.0,Clear or Partly Cloudy,2019-07-11,17:16:00,17.0,3,1,1.0,Clear or Partly Cloudy
211865,321353,322853,3795280,Matched,Block,,DEXTER AVE N BETWEEN ALOHA ST AND WARD ST,,,2,Injury Collision,Cycles,2,0,1,1,1,0,0,2019-07-01T00:00:00.000Z,7/1/2019 4:25:00 PM,Mid-Block (not related to intersection),56,PEDALCYCLIST STRUCK MOTOR VEHICLE LEFT SIDE SIDESWIPE,Y,N,Clear or Partly Cloudy,Dry,Daylight,,,,8.0,Pedalcyclist All Other Involvements ONE UNIT - PEDALCYCLIST ONLY or PEDALCYCLIST STR,43007,0,N,POINT (1268346.33867158 232567.0792662054),8358.0,1.5963086344222312e-05,Clear or Partly Cloudy,2019-07-01,16:25:00,16.0,0,1,1.0,Clear or Partly Cloudy
211887,321521,323021,3812142,Matched,Intersection,28746.0,BOREN AVE N AND VALLEY ST,,,2,Injury Collision,Cycles,2,0,1,1,1,0,0,2019-07-12T00:00:00.000Z,7/12/2019 6:54:00 PM,At Intersection (intersection related),18,"MOTOR VEHICLE STRUCK PEDALCYCLIST, FRONT END AT ANGLE",,N,Clear or Partly Cloudy,Dry,Daylight,Y,,,5.0,Vehicle Strikes Pedalcyclist,0,523374,N,POINT (1269937.512753218 231883.842721507),642.0,0.0,Clear or Partly Cloudy,2019-07-12,18:54:00,18.0,4,1,1.0,Clear or Partly Cloudy
213092,321055,322555,E939040,Matched,Block,,7TH AVE BETWEEN BLANCHARD ST AND BELL ST,,,2,Injury Collision,Cycles,3,0,1,1,1,0,0,2019-07-10T00:00:00.000Z,7/10/2019 10:21:00 AM,Mid-Block (not related to intersection),18,"MOTOR VEHICLE STRUCK PEDALCYCLIST, FRONT END AT ANGLE",,N,Raining,Wet,Daylight,,,,6.0,Pedalcyclist Strikes Moving Vehicle,0,0,N,POINT (1268669.620527908 228695.9162542373),6027.0,3.326320477277453e-05,Raining,2019-07-10,10:21:00,10.0,2,1,0.0,Raining
213127,321635,323135,E943605,Matched,Block,,24TH AVE NW BETWEEN NW 61ST ST AND NW 62ND ST,,,2,Injury Collision,Cycles,2,0,1,1,1,0,0,2019-07-13T00:00:00.000Z,7/13/2019 4:36:00 PM,Mid-Block (not related to intersection),18,"MOTOR VEHICLE STRUCK PEDALCYCLIST, FRONT END AT ANGLE",,N,Clear or Partly Cloudy,Dry,Daylight,Y,,,6.0,Pedalcyclist Strikes Moving Vehicle,0,0,N,POINT (1257525.368100509 249526.6866435707),8499.0,7.4489224040720376e-09,Clear or Partly Cloudy,2019-07-13,16:36:00,16.0,5,0,1.0,Clear or Partly Cloudy
213231,320574,322074,E933944,Matched,Intersection,35826.0,LINDEN AVE N AND N 130TH ST,,,2,Injury Collision,Cycles,2,0,1,1,1,0,0,2019-06-01T00:00:00.000Z,6/1/2019 7:56:00 PM,At Intersection (intersection related),11,"MOTOR VEHICLE STRUCK MOTOR VEHICLE, FRONT END AT ANGLE",,N,Clear or Partly Cloudy,Dry,Daylight,,,,5.0,Vehicle Strikes Pedalcyclist,0,0,N,POINT (1267585.258030802 267477.2663739473),6997.0,0.0,Clear or Partly Cloudy,2019-06-01,19:56:00,19.0,5,0,1.0,Clear or Partly Cloudy
213236,320725,322225,3694382,Matched,Intersection,25661.0,PHINNEY AVE N AND N 50TH E ST,,,2,Injury Collision,Cycles,4,0,1,1,1,0,0,2019-06-29T00:00:00.000Z,6/29/2019 5:21:00 PM,At Intersection (intersection related),18,"MOTOR VEHICLE STRUCK PEDALCYCLIST, FRONT END AT ANGLE",,N,Clear or Partly Cloudy,Dry,Daylight,Y,,,6.0,Pedalcyclist Strikes Moving Vehicle,0,0,N,POINT (1265747.218988925 246280.3613922447),20389.0,0.0,Clear or Partly Cloudy,2019-06-29,17:21:00,17.0,5,0,1.0,Clear or Partly Cloudy
213244,320888,322388,E921701,Matched,Block,,LAKE CITY WAY NE BETWEEN NE 125TH ST AND NE 127TH ST,,,2,Injury Collision,Cycles,2,0,1,1,1,0,0,2019-04-26T00:00:00.000Z,4/26/2019 4:42:00 PM,Mid-Block (not related to intersection),18,"MOTOR VEHICLE STRUCK PEDALCYCLIST, FRONT END AT ANGLE",,N,Clear or Partly Cloudy,Dry,Daylight,Y,,,5.0,Vehicle Strikes Pedalcyclist,0,0,N,POINT (1280729.433404267 266116.4105005562),23290.0,2.9417775550482812e-05,Clear or Partly Cloudy,2019-04-26,16:42:00,16.0,4,1,1.0,Clear or Partly Cloudy